Semana,ABDON BATISTA,ABELARDO LUZ,AGROLÂNDIA,AGRONÔMICA,ALFREDO WAGNER,ALTO BELA VISTA,ANCHIETA,ANGELINA,ANITA GARIBALDI,ANITÁPOLIS,ANTÔNIO CARLOS,APIÚNA,ARABUTÃ,ARAQUARI,ARARANGUÁ,ARMAZÉM,ARROIO TRINTA,ARVOREDO,ASCURRA,ATALANTA,AURORA,BALNEÁRIO ARROIO DO SILVA,BALNEÁRIO BARRA DO SUL,BALNEÁRIO CAMBORIÚ,BALNEÁRIO GAIVOTA,BALNEÁRIO PIÇARRAS,BALNEÁRIO RINCÃO,BANDEIRANTE,BARRA BONITA,BARRA VELHA,BELA VISTA DO TOLDO,BELMONTE,BENEDITO NOVO,BIGUAÇU,BLUMENAU,BOCAINA DO SUL,BOM JESUS,BOM JESUS DO OESTE,BOM RETIRO,BOMBINHAS,BOTUVERÁ,BRAÇO DO NORTE,BRAÇO DO TROMBUDO,BRUNÓPOLIS,BRUSQUE,CAIBI,CAMBORIÚ,CAMPO ALEGRE,CAMPO ERÊ,CAMPOS NOVOS,CANELINHA,CANOINHAS,CAPINZAL,CAPIVARI DE BAIXO,CAPÃO ALTO,CATANDUVAS,CAXAMBU DO SUL,CAÇADOR,CELSO RAMOS,CHAPECÓ,COCAL DO SUL,CONCÓRDIA,CORDILHEIRA ALTA,CORONEL FREITAS,CORONEL MARTINS,CORREIA PINTO,CORUPÁ,CRICIÚMA,CUNHA PORÃ,CUNHATAÍ,CURITIBANOS,DESCANSO,DIONÍSIO CERQUEIRA,DONA EMMA,DOUTOR PEDRINHO,ENTRE RIOS,ERMO,ERVAL VELHO,FAXINAL DOS GUEDES,FLOR DO SERTÃO,FLORIANÓPOLIS,FORMOSA DO SUL,FORQUILHINHA,FRAIBURGO,GALVÃO,GAROPABA,GARUVA,GASPAR,GOVERNADOR CELSO RAMOS,GRAVATAL,GRÃO-PARÁ,GUABIRUBA,GUARACIABA,GUARAMIRIM,GUARUJÁ DO SUL,GUATAMBÚ,HERVAL D'OESTE,IBIAM,IBICARÉ,IBIRAMA,ILHOTA,IMARUÍ,IMBITUBA,IMBUIA,INDAIAL,IOMERÊ,IPIRA,IPORÃ DO OESTE,IPUAÇU,IPUMIRIM,IRACEMINHA,IRANI,IRATI,IRINEÓPOLIS,ITAIÓPOLIS,ITAJAÍ,ITAPEMA,ITAPIRANGA,ITAPOÁ,ITUPORANGA,ITÁ,IÇARA,JABORÁ,JACINTO MACHADO,JAGUARUNA,JARAGUÁ DO SUL,JARDINÓPOLIS,JOAÇABA,JOINVILLE,JOSÉ BOITEUX,JUPIÁ,LACERDÓPOLIS,LAGES,LAGUNA,LAJEADO GRANDE,LAURENTINO,LAURO MÜLLER,LEBON RÉGIS,LINDÓIA DO SUL,LONTRAS,LUIZ ALVES,LUZERNA,MACIEIRA,MAFRA,MAJOR GERCINO,MAJOR VIEIRA,MARACAJÁ,MARAVILHA,MAREMA,MASSARANDUBA,MATOS COSTA,MELEIRO,MIRIM DOCE,MODELO,MONDAÍ,MONTE CARLO,MONTE CASTELO,MORRO DA FUMAÇA,MORRO GRANDE,NAVEGANTES,NOVA ERECHIM,NOVA ITABERABA,NOVA TRENTO,NOVA VENEZA,NOVO HORIZONTE,ORLEANS,OTACÍLIO COSTA,OURO,OURO VERDE,PAIAL,PAINEL,PALHOÇA,PALMA SOLA,PALMITOS,PAPANDUVA,PARAÍSO,PASSO DE TORRES,PASSOS MAIA,PAULO LOPES,PEDRAS GRANDES,PENHA,PERITIBA,PESCARIA BRAVA,PETROLÂNDIA,PINHALZINHO,PINHEIRO PRETO,PIRATUBA,PLANALTO ALEGRE,POMERODE,PONTE ALTA DO NORTE,PONTE SERRADA,PORTO BELO,PORTO UNIÃO,POUSO REDONDO,PRAIA GRANDE,PRESIDENTE CASTELLO BRANCO,PRESIDENTE GETÚLIO,PRESIDENTE NEREU,PRINCESA,QUILOMBO,RIO DAS ANTAS,RIO DO CAMPO,RIO DO OESTE,RIO DO SUL,RIO DOS CEDROS,RIO FORTUNA,RIO NEGRINHO,RIQUEZA,RODEIO,ROMELÂNDIA,SALETE,SALTINHO,SALTO VELOSO,SANGÃO,SANTA CECÍLIA,SANTA HELENA,SANTA ROSA DO SUL,SANTA TEREZINHA,SANTA TEREZINHA DO PROGRESSO,SANTIAGO DO SUL,SANTO AMARO DA IMPERATRIZ,SAUDADES,SCHROEDER,SEARA,SERRA ALTA,SIDERÓPOLIS,SOMBRIO,SUL BRASIL,SÃO BENTO DO SUL,SÃO BERNARDINO,SÃO BONIFÁCIO,SÃO CARLOS,SÃO CRISTÓVÃO DO SUL,SÃO DOMINGOS,SÃO FRANCISCO DO SUL,SÃO JOSÉ,SÃO JOSÉ DO CEDRO,SÃO JOSÉ DO CERRITO,SÃO JOÃO BATISTA,SÃO JOÃO DO ITAPERIÚ,SÃO JOÃO DO OESTE,SÃO JOÃO DO SUL,SÃO LOURENÇO DO OESTE,SÃO LUDGERO,SÃO MARTINHO,SÃO MIGUEL DA BOA VISTA,SÃO MIGUEL DO OESTE,SÃO PEDRO DE ALCÂNTARA,TAIÓ,TANGARÁ,TIGRINHOS,TIJUCAS,TIMBÓ,TIMBÓ GRANDE,TREVISO,TREZE DE MAIO,TREZE TÍLIAS,TROMBUDO CENTRAL,TRÊS BARRAS,TUBARÃO,TUNÁPOLIS,TURVO,UNIÃO DO OESTE,URUSSANGA,VARGEM,VARGEM BONITA,VARGEÃO,VIDAL RAMOS,VIDEIRA,WITMARSUM,XANXERÊ,XAVANTINA,XAXIM,ZORTÉA,ÁGUA DOCE,ÁGUAS DE CHAPECÓ,ÁGUAS FRIAS,ÁGUAS MORNAS,SÃO CRISTOVÃO DO SUL,GRÃO PARÁ,SANTA ROSA DE LIMA,VITOR MEIRELES,HERVAL D`OESTE,LAURO MULLER,PRESIDENTE CASTELO BRANCO
2012-01-01,0,0,0,0,0,0,0,0,0,0,0,0,0,0,0,0,0,0,0,0,0,0,0,0,0,0,0,0,0,1,0,0,0,0,0,0,0,0,0,0,0,0,0,0,0,0,0,0,0,0,0,0,0,0,0,0,0,0,0,0,0,0,0,0,0,0,0,0,0,0,0,0,0,0,0,0,0,0,0,0,0,0,0,0,0,0,0,0,0,0,0,0,0,0,0,0,0,0,0,0,0,0,0,0,0,0,0,0,0,0,0,0,0,0,0,0,0,0,0,0,0,0,0,0,0,0,0,0,0,0,0,0,0,0,0,0,0,0,0,0,0,0,0,0,0,0,0,0,0,0,0,0,0,0,0,0,0,0,0,0,0,0,0,0,0,0,0,0,0,0,0,0,0,0,0,0,0,0,0,0,0,0,0,0,0,0,0,0,0,0,0,0,0,0,0,0,0,0,0,0,0,0,0,0,0,0,0,0,0,0,0,0,0,0,0,0,0,0,0,0,0,0,0,0,0,0,0,0,0,0,0,0,0,0,0,0,0,0,0,0,0,0,0,0,0,0,2,0,0,0,0,1,0,0,0,0,0,0,0,0,0,0,0,0,0,0,0,0,0,0,0,0,0,0,0,0,0,0,0,0,0,0,0,0,0
2012-01-08,0,0,0,0,0,0,0,0,0,0,0,0,0,0,0,0,0,0,0,0,0,0,0,0,0,0,0,0,0,1,0,0,0,0,0,0,0,0,0,1,0,0,0,0,0,0,0,0,0,0,0,1,0,0,0,0,0,0,0,3,0,0,0,0,0,0,0,0,0,0,0,0,0,0,0,0,0,0,0,0,2,0,0,0,0,0,0,0,0,0,0,0,0,0,0,0,0,0,0,0,0,0,0,0,0,0,0,0,0,0,0,0,0,0,0,0,0,0,0,0,0,0,0,0,0,0,0,0,4,0,0,0,1,0,0,0,0,0,0,0,0,0,0,0,0,0,0,0,0,0,0,0,0,0,0,0,0,0,0,0,0,0,0,0,0,0,0,0,0,0,0,0,0,0,0,0,0,0,0,0,0,0,0,0,0,0,0,0,0,0,0,0,0,0,0,0,0,0,0,0,0,0,0,0,0,0,0,0,0,0,0,0,0,0,0,0,0,0,0,0,0,0,0,0,0,0,0,0,0,0,0,0,0,0,0,0,0,0,0,0,0,0,0,0,0,0,1,0,0,0,0,0,0,0,0,0,0,0,0,0,0,0,0,0,0,0,0,0,0,0,0,0,0,0,0,0,0,0,0,0,0,0,0,0,0
2012-01-15,0,0,0,0,0,0,0,0,0,0,0,0,0,2,0,0,0,0,0,0,0,0,0,0,0,0,0,0,0,0,0,0,0,0,0,0,0,0,0,0,0,0,0,0,1,0,0,0,0,0,0,0,0,0,0,0,0,0,0,6,0,0,0,0,0,0,0,0,0,0,0,0,0,0,0,0,0,0,0,0,0,0,0,0,0,0,0,0,0,0,0,0,0,1,0,0,0,0,0,0,0,0,0,0,0,0,0,0,0,0,0,0,0,0,0,0,0,0,0,0,0,0,0,0,0,0,0,0,3,0,0,0,0,0,0,0,0,0,0,0,0,0,0,0,0,0,0,0,0,0,0,0,0,0,0,0,0,0,0,0,0,0,0,0,0,0,0,0,0,0,0,0,0,0,0,0,0,0,0,0,0,0,0,0,0,0,0,0,0,0,0,0,0,0,0,0,0,0,0,0,0,0,0,0,0,0,0,0,0,0,0,0,0,0,0,0,0,0,0,0,0,0,0,0,0,0,0,0,0,0,0,0,0,0,0,0,0,0,0,0,0,0,0,0,0,0,3,0,0,0,0,0,0,0,0,0,0,0,0,0,0,0,0,0,0,0,0,0,0,0,0,0,0,0,0,0,0,0,0,0,0,0,0,0,0
2012-01-22,0,0,0,0,0,0,0,0,0,0,0,0,0,0,0,0,0,0,0,0,0,0,0,0,0,0,0,0,0,0,0,0,0,0,4,0,0,0,0,2,0,0,0,0,0,0,0,0,0,0,0,0,0,0,0,0,0,0,0,0,0,0,0,0,0,0,0,0,0,0,0,0,1,0,0,0,0,0,0,0,0,0,0,0,0,0,0,0,0,0,0,0,0,0,0,0,0,0,0,0,0,0,0,0,0,0,0,0,0,0,0,0,0,0,0,0,0,0,0,0,0,0,0,0,0,0,0,0,12,0,0,0,0,0,0,0,0,0,0,0,0,0,0,0,0,0,0,0,0,0,0,0,0,0,0,0,0,0,0,0,0,0,0,0,0,0,0,0,0,0,0,0,0,0,0,0,0,0,0,0,0,0,0,0,0,0,0,0,0,0,0,0,0,0,0,0,0,0,0,0,0,0,0,0,0,0,0,0,0,0,0,0,0,0,0,0,0,0,0,0,0,0,0,0,0,0,0,0,0,0,0,0,0,0,0,0,0,0,0,0,0,0,0,0,0,0,5,0,0,0,0,0,0,0,0,0,0,0,0,0,0,0,0,0,0,0,0,0,0,0,0,0,0,0,0,0,0,0,0,0,0,0,0,0,0
2012-01-29,0,0,0,0,0,0,0,0,0,0,0,0,0,0,0,0,0,0,0,0,0,0,0,0,0,0,0,0,0,0,0,0,0,0,1,0,0,0,0,2,0,0,0,0,0,0,0,0,0,0,0,0,0,0,0,0,0,0,0,4,0,0,0,0,0,0,0,1,0,0,0,0,0,0,0,0,0,0,0,0,0,0,0,0,0,0,0,0,0,0,0,0,0,0,0,0,0,0,0,0,0,0,0,0,0,0,0,0,0,0,0,0,0,0,0,0,0,0,0,0,0,0,0,0,0,1,0,0,1,0,0,0,0,0,0,0,0,0,0,0,0,0,0,0,0,0,0,0,0,0,0,0,0,0,0,0,0,0,0,0,0,0,0,0,0,0,0,0,0,0,0,0,0,0,0,0,0,0,0,0,0,0,0,0,0,0,0,0,0,0,0,0,0,0,0,0,0,0,0,0,0,0,0,0,0,0,0,0,0,0,0,0,0,0,0,0,0,0,0,0,0,0,0,0,0,0,0,0,0,0,0,0,0,0,0,1,0,0,0,0,0,0,0,0,0,0,2,0,0,0,0,0,0,0,0,0,0,0,0,0,0,0,0,0,0,0,0,0,0,0,0,0,0,0,0,0,0,0,0,0,0,0,0,0,0
2012-02-05,0,0,0,0,0,0,0,0,0,0,0,0,0,1,0,0,0,0,0,0,0,0,0,0,0,0,0,0,0,0,0,0,0,0,1,0,0,0,0,2,0,0,0,0,0,0,0,0,0,0,0,0,0,0,0,0,0,0,0,31,0,0,0,0,0,0,0,2,0,0,0,0,0,0,0,0,0,0,0,0,1,0,0,0,0,0,0,0,0,0,0,0,0,0,0,0,0,0,0,0,0,0,0,0,0,0,0,0,0,0,0,0,0,0,0,0,0,0,0,0,0,0,0,0,0,1,0,0,4,0,0,0,0,0,0,0,0,0,0,0,0,0,0,0,0,0,0,0,0,0,0,0,0,0,0,0,0,0,0,0,0,0,0,0,0,0,0,0,0,0,0,2,0,0,0,0,0,0,0,0,0,0,0,0,0,0,0,0,0,0,0,0,0,0,0,0,0,0,0,0,0,0,0,0,0,0,0,0,0,0,0,0,0,0,0,0,0,0,0,0,0,0,0,0,0,0,0,0,0,0,0,0,0,0,0,0,1,0,0,0,0,0,0,0,0,0,5,0,0,0,0,0,0,0,0,0,0,0,0,0,0,0,0,0,0,0,0,0,0,0,0,0,0,0,0,0,0,0,0,0,0,0,0,0,0
2012-02-12,0,0,0,0,0,0,0,0,0,0,0,0,0,1,0,0,0,0,0,0,0,0,0,0,0,0,0,0,0,0,0,0,0,1,0,0,0,0,0,2,0,0,0,0,0,0,0,0,0,0,0,0,0,0,0,0,0,0,0,28,0,0,0,0,0,0,0,0,0,0,0,0,0,0,0,0,0,0,0,0,0,0,0,0,0,0,0,0,0,0,0,0,0,1,0,0,0,0,0,0,0,0,0,0,0,0,0,0,0,0,0,0,0,0,0,0,0,0,0,0,0,0,0,0,2,2,0,0,3,0,0,0,0,0,0,0,0,0,0,0,0,0,0,0,0,0,0,0,0,0,0,0,0,0,0,0,0,0,0,0,0,0,0,0,0,0,0,0,0,0,0,0,0,0,0,0,0,0,0,0,0,0,0,0,0,0,0,0,0,0,0,0,0,0,0,0,0,0,0,0,0,0,0,0,0,0,0,0,0,0,0,0,0,0,0,0,0,0,0,0,0,0,0,0,0,0,0,0,0,0,0,0,0,0,0,2,3,0,0,0,0,0,0,0,0,0,8,0,0,0,0,0,0,0,0,0,0,0,0,0,0,0,0,0,0,0,0,0,0,0,0,0,0,0,0,0,0,0,0,0,0,0,0,0,0
2012-02-19,0,0,0,0,0,0,0,0,0,0,0,0,0,1,0,0,0,0,0,0,0,0,0,0,0,0,0,0,0,0,0,0,0,0,2,0,0,0,0,0,0,0,0,0,0,0,0,0,0,0,0,0,0,0,0,0,0,0,0,22,0,0,0,0,0,0,0,0,0,0,0,0,0,0,0,0,0,0,0,0,0,0,0,0,0,0,0,0,0,0,0,0,0,1,0,0,0,0,0,0,0,0,0,0,0,0,0,0,0,0,0,0,0,0,0,0,0,0,1,0,0,0,0,0,0,0,0,0,4,0,0,0,0,0,0,0,0,0,0,0,0,0,0,0,0,0,0,0,0,0,0,0,0,0,0,0,0,0,0,0,0,0,0,0,0,0,0,0,0,0,0,0,0,0,0,0,0,0,0,0,0,0,0,0,0,0,0,0,0,0,0,0,0,0,0,0,0,0,0,0,0,0,0,0,0,0,0,0,0,0,0,0,0,0,0,0,0,0,0,0,0,0,0,0,0,0,0,0,0,0,0,0,0,0,0,0,0,0,0,0,0,0,0,0,0,0,3,0,0,0,0,0,0,0,0,0,0,0,0,0,0,0,0,0,0,0,0,0,0,0,0,0,0,0,0,0,0,0,0,0,0,0,0,0,0
2012-02-26,0,0,0,0,0,0,0,0,0,0,0,0,0,0,0,0,0,0,0,0,0,0,0,4,0,0,0,0,0,1,0,0,0,1,0,0,0,0,0,2,0,0,0,0,0,0,0,0,0,0,0,0,0,0,0,0,0,0,0,18,0,0,0,0,0,0,0,0,0,0,0,0,2,0,0,0,0,0,0,0,1,0,0,0,0,0,0,0,0,0,0,0,0,0,0,0,0,0,0,0,0,0,0,0,0,0,0,0,0,0,0,0,0,0,0,0,0,0,1,0,0,0,0,0,0,0,0,0,5,0,0,0,0,0,0,0,0,0,0,0,0,0,0,0,0,0,0,0,0,1,0,0,0,0,0,0,0,0,0,0,0,0,0,0,0,0,0,0,0,0,0,0,0,1,0,0,0,0,0,0,0,0,0,0,0,0,0,0,0,0,0,0,0,0,0,0,0,0,0,0,0,0,0,0,0,0,0,0,0,0,0,0,0,0,0,0,0,0,0,0,0,0,0,0,0,0,0,0,0,0,0,0,0,0,0,0,0,0,0,0,0,0,0,0,0,0,2,0,0,0,0,0,0,0,0,0,0,0,0,0,0,0,0,0,0,0,0,0,0,0,0,0,0,0,0,0,0,0,0,0,0,0,0,0,0
2012-03-04,0,0,0,0,0,0,0,0,0,0,0,0,0,0,0,0,0,0,0,0,0,0,0,3,0,0,0,0,0,0,0,0,0,0,0,0,0,0,0,1,0,0,0,0,0,0,0,0,0,0,0,0,0,0,0,0,0,0,0,24,0,1,0,0,0,0,0,0,0,0,0,0,0,0,0,0,0,0,0,0,0,0,0,0,0,0,0,0,0,0,0,0,0,0,0,0,0,0,0,0,0,0,0,0,0,0,0,0,0,0,0,0,0,0,0,0,0,0,0,0,0,0,0,0,0,0,0,0,6,0,0,0,0,0,0,1,0,0,0,0,0,0,0,0,0,0,0,0,0,0,0,0,0,0,0,0,0,0,0,0,0,0,0,0,0,0,0,0,0,0,0,0,0,0,0,0,0,0,0,0,0,0,0,0,0,0,0,0,0,0,0,0,0,0,0,0,0,0,0,0,0,0,0,0,0,0,0,0,0,0,0,0,0,0,0,0,0,0,0,0,0,0,0,0,0,0,0,0,0,0,0,0,0,0,0,2,0,0,0,0,0,0,0,0,0,0,1,0,0,0,0,0,0,0,0,0,0,0,0,0,0,0,0,0,0,0,0,0,0,0,0,0,0,0,0,0,0,0,0,0,0,0,0,0,0
2012-03-11,0,0,0,0,0,0,0,0,0,0,0,0,0,0,0,0,0,0,0,0,0,0,0,0,0,0,0,0,0,1,0,0,1,0,1,0,0,0,0,1,0,0,0,0,0,0,0,0,0,0,0,0,0,2,0,0,0,0,0,33,0,5,0,0,0,0,0,0,0,0,0,0,0,0,0,0,0,0,0,0,2,0,0,0,0,0,0,0,0,0,0,0,0,0,0,0,0,0,0,0,0,0,0,0,0,0,0,0,0,0,0,0,0,0,0,0,0,0,0,0,0,0,0,0,0,0,0,0,4,0,0,0,0,0,0,0,0,0,0,0,0,0,0,0,0,0,0,0,0,0,0,0,0,0,0,0,0,0,0,0,0,0,0,0,0,0,0,0,0,0,0,0,0,0,0,0,0,0,0,0,0,0,0,0,0,0,0,0,0,0,0,0,1,0,0,0,0,0,0,0,0,0,0,1,0,0,0,0,0,0,0,0,0,0,0,0,0,0,0,0,0,1,0,0,0,1,1,0,0,0,0,0,0,0,0,5,0,0,0,0,0,0,0,0,0,0,10,0,0,0,0,0,0,0,0,0,0,0,0,0,0,0,0,0,0,0,0,0,0,0,0,0,0,0,0,0,0,0,0,0,0,0,0,0,0
2012-03-18,0,0,0,0,0,0,0,0,0,0,0,0,0,0,0,0,0,0,0,0,0,0,0,0,0,0,0,0,0,1,0,0,0,0,2,0,0,0,0,0,0,0,0,0,0,0,0,0,0,0,0,0,0,0,0,0,0,0,0,51,0,1,0,0,0,0,0,0,0,0,0,0,0,0,0,0,0,0,0,0,1,0,0,0,0,0,0,0,0,0,0,0,0,0,0,0,0,0,0,0,0,0,0,0,0,0,0,0,0,0,0,0,0,0,0,0,0,0,0,0,0,0,0,0,0,0,0,0,2,0,0,0,0,0,0,1,0,0,0,0,0,0,0,0,0,0,0,0,0,1,0,0,0,0,0,0,0,0,0,0,0,0,0,0,0,0,0,0,0,0,0,0,0,0,0,0,0,0,0,0,0,0,0,0,0,0,0,0,0,0,0,0,0,0,0,0,0,0,0,0,0,0,0,1,0,0,0,0,0,0,0,0,0,0,0,0,0,0,0,0,0,0,0,0,0,0,0,0,0,0,0,0,0,0,0,2,1,0,0,0,0,0,0,0,0,0,6,0,0,0,0,0,0,0,0,0,0,0,0,0,0,0,0,0,0,0,0,0,0,0,0,0,0,0,0,0,0,0,0,0,0,0,0,0,0
2012-03-25,0,0,0,0,0,0,0,0,0,0,0,1,0,0,0,0,0,0,0,0,0,0,0,0,0,0,0,0,0,0,0,0,0,1,1,0,0,0,0,0,0,0,0,0,0,0,0,0,0,0,0,1,0,0,0,0,0,0,0,33,0,0,0,0,0,0,0,0,0,0,0,0,0,0,0,0,0,0,0,0,5,0,0,0,0,0,0,0,0,0,0,0,0,0,0,0,0,0,0,0,0,0,0,0,0,0,0,0,0,0,0,0,0,0,0,0,0,0,0,0,0,0,0,0,0,3,0,0,5,0,0,0,0,0,0,0,0,0,0,0,0,0,0,0,0,0,0,0,0,0,0,0,0,0,0,0,0,0,0,0,0,0,0,0,0,0,0,0,0,0,0,0,0,0,0,0,0,0,0,0,0,0,0,0,0,0,0,0,0,0,0,0,1,0,0,0,0,0,0,0,0,0,0,0,0,0,0,0,0,0,0,0,0,0,0,0,0,0,0,0,0,0,0,0,0,0,0,0,0,0,0,0,0,0,2,0,0,0,0,0,0,0,0,0,0,0,5,0,0,0,0,2,0,0,0,0,0,0,0,1,0,0,0,0,0,0,0,0,0,0,1,0,0,0,0,0,0,0,0,0,0,0,0,0,0
2012-04-01,0,0,0,0,0,0,0,0,0,0,0,0,0,0,0,0,0,0,0,0,0,0,0,0,0,0,0,0,0,0,0,0,0,1,1,0,0,0,0,1,0,0,0,0,0,0,0,0,0,0,0,0,0,0,0,0,0,0,0,9,0,0,0,0,0,0,0,1,0,0,0,0,0,0,0,0,0,0,0,0,6,0,0,0,0,1,0,0,0,0,0,0,0,1,0,0,0,0,0,0,0,0,0,0,0,0,0,0,0,0,0,0,0,0,0,0,0,0,0,0,0,0,0,0,0,1,0,0,3,0,0,0,0,0,0,0,0,0,0,0,0,0,0,0,0,0,0,0,0,0,0,0,0,0,0,0,0,0,0,1,0,0,0,0,0,0,0,0,0,0,0,0,0,0,0,0,0,0,0,0,0,0,0,0,0,0,0,0,0,0,0,0,0,0,0,0,0,0,0,0,0,0,0,0,0,0,0,0,0,0,0,0,0,0,0,0,0,0,0,0,0,1,0,0,0,0,0,0,0,0,0,0,0,0,0,1,0,0,0,0,0,0,0,0,0,0,2,0,0,0,0,0,0,0,0,0,0,0,0,0,0,0,0,0,0,0,0,0,0,0,0,0,0,0,0,0,0,0,0,0,0,0,0,0,0
2012-04-08,0,0,0,0,0,0,0,0,0,0,0,0,0,0,0,0,0,0,0,0,0,0,0,0,0,0,0,0,0,0,0,0,0,1,0,0,0,0,0,1,0,0,0,0,1,1,0,0,0,0,0,0,0,0,0,0,0,0,0,14,0,2,0,0,0,0,0,1,0,0,0,0,0,0,0,0,0,0,0,0,44,0,0,0,0,0,0,0,0,0,0,0,0,0,0,0,0,0,0,0,0,0,0,0,0,0,0,0,0,0,0,0,0,0,0,0,0,0,0,0,0,0,0,0,0,1,0,0,3,0,0,0,0,0,0,0,0,0,0,0,0,0,0,0,0,0,0,0,0,0,0,0,0,0,0,0,0,0,0,0,0,0,0,0,0,0,0,0,0,0,0,1,0,0,0,0,0,0,0,0,0,0,0,0,0,0,0,0,0,0,0,0,1,0,0,0,0,0,0,0,0,0,0,0,0,0,0,0,0,0,0,0,0,0,0,0,0,0,0,0,0,1,0,0,0,0,0,0,0,0,0,0,0,0,0,1,0,0,0,0,0,0,0,0,0,0,10,0,0,0,0,0,0,0,0,0,0,0,0,0,0,0,0,0,0,0,0,0,0,0,0,0,0,0,0,0,0,0,0,0,0,0,0,0,0
2012-04-15,0,0,0,0,0,0,0,0,0,0,0,0,0,0,0,0,0,0,0,0,0,0,0,0,0,0,0,0,0,0,0,0,0,0,4,0,0,0,0,0,0,0,0,0,1,0,0,0,0,0,0,1,0,0,0,0,0,0,0,29,0,0,0,0,0,0,0,0,0,0,0,0,0,0,0,0,0,0,0,0,11,0,0,0,0,0,0,0,0,0,0,0,0,0,0,0,0,0,0,0,0,0,0,0,0,0,0,0,0,0,0,0,0,0,0,0,0,0,0,0,0,0,0,0,0,0,0,0,12,0,0,0,0,0,0,0,0,0,0,0,0,0,0,0,0,0,0,0,0,0,0,0,0,0,0,0,0,0,0,0,0,0,0,0,0,0,0,0,0,0,0,0,0,0,0,0,0,0,0,0,0,0,0,0,3,0,1,0,0,0,0,0,0,0,0,0,0,0,0,0,0,0,0,0,0,0,0,0,0,0,0,0,0,0,0,0,0,0,0,0,0,0,0,0,0,0,0,0,0,0,0,0,0,0,0,0,5,0,0,0,0,0,0,0,0,0,6,0,0,0,0,0,0,0,0,0,0,0,0,0,0,0,0,0,0,0,0,0,0,0,0,0,0,0,0,0,0,0,0,0,0,0,0,0,0
2012-04-22,0,0,0,0,0,0,0,0,0,0,0,0,0,0,0,0,0,0,0,0,0,0,0,0,0,0,0,0,0,0,0,0,0,0,1,0,0,0,0,0,0,0,0,0,1,0,0,0,0,0,0,0,0,0,0,0,0,0,0,3,0,1,0,0,0,0,0,0,0,0,0,0,0,0,0,0,0,0,0,0,6,0,0,0,0,0,1,0,0,0,0,0,0,0,0,0,0,0,0,0,0,0,0,0,0,0,0,0,0,0,0,0,0,0,0,0,0,0,0,0,0,0,0,0,0,0,0,0,5,0,0,0,0,0,0,0,0,0,0,0,0,0,0,0,0,0,0,0,0,0,0,0,0,0,0,0,0,0,0,0,0,0,0,0,0,0,0,0,0,0,0,0,0,0,0,0,0,0,0,0,0,0,0,0,4,0,1,0,1,0,0,0,1,0,0,0,0,0,0,0,0,0,0,0,0,0,0,0,0,0,0,0,0,0,0,0,0,0,0,0,0,0,0,0,0,0,0,0,0,0,0,0,0,0,0,0,3,0,0,0,0,0,0,0,0,0,3,0,0,0,0,0,0,0,0,0,0,0,0,0,0,0,0,0,0,0,0,0,0,0,0,0,0,0,0,0,0,0,0,0,0,0,0,0,0
2012-04-29,0,0,0,0,0,0,0,0,0,0,0,0,0,0,0,0,0,0,0,0,0,0,0,0,0,0,0,0,0,0,0,0,0,0,2,0,0,0,0,0,0,0,0,0,1,0,0,0,0,0,0,0,0,0,0,0,0,0,0,1,0,0,0,0,0,0,0,0,0,0,0,0,0,0,0,0,0,0,0,0,3,0,0,0,0,0,0,0,0,0,0,0,0,0,0,0,0,0,0,0,0,0,0,0,0,0,0,0,0,0,0,0,0,0,0,0,0,0,0,0,0,0,0,0,0,0,0,0,1,0,0,0,0,0,0,0,0,0,0,0,0,0,0,0,0,0,0,0,0,0,0,0,0,0,0,0,0,0,0,0,0,0,0,0,0,0,0,0,0,0,0,1,0,0,0,0,0,0,0,0,0,0,0,0,16,0,0,0,0,0,0,0,0,0,0,0,0,0,0,0,0,0,0,0,0,0,0,0,0,0,0,0,0,0,0,0,0,0,0,0,0,0,0,0,0,0,0,0,0,0,0,0,0,0,0,1,0,0,0,0,0,0,0,0,0,0,0,0,0,0,0,0,0,0,0,0,0,0,0,0,0,0,0,0,0,0,0,0,0,0,0,0,0,0,0,0,0,0,0,0,0,0,0,0,0
2012-05-06,0,0,0,0,0,0,0,0,0,0,0,0,0,0,0,0,0,0,0,0,0,0,0,0,0,0,0,0,0,0,0,0,0,0,1,0,0,0,0,2,0,0,0,0,0,0,0,0,0,0,0,0,0,0,0,0,0,0,0,27,0,9,0,0,0,0,0,0,0,0,0,0,0,0,0,0,0,0,0,0,3,0,0,0,0,1,1,0,0,0,0,0,0,0,0,0,0,0,0,0,0,0,0,0,0,0,0,0,0,0,0,0,0,0,0,0,0,0,0,0,0,0,0,0,0,0,0,0,0,0,0,0,0,0,0,0,0,0,0,0,0,0,0,0,0,0,0,1,0,0,0,0,0,0,0,0,0,0,0,1,0,0,0,0,0,0,0,0,0,0,0,0,0,0,0,0,0,0,0,0,0,0,0,0,8,0,0,0,0,0,0,0,0,0,0,0,0,0,0,0,0,0,0,0,0,0,0,0,0,0,0,0,0,0,0,0,0,0,0,0,0,0,0,0,0,0,0,0,0,0,0,0,0,0,0,0,1,0,0,0,0,0,0,0,0,0,0,0,0,0,0,1,0,0,0,0,0,0,0,0,0,0,0,0,0,0,0,0,0,0,0,0,0,0,0,0,0,0,0,0,0,0,0,0,0
2012-05-13,0,0,0,0,0,0,0,0,0,0,0,0,0,0,0,0,0,0,0,0,0,0,0,0,0,0,0,0,0,0,0,0,0,0,0,0,0,0,0,0,0,0,0,0,0,0,0,0,0,0,0,0,0,0,0,0,0,0,0,0,0,1,0,0,0,0,0,0,0,0,0,0,0,0,0,0,0,0,0,0,6,0,0,0,0,3,0,0,0,0,0,0,0,1,0,0,0,0,0,0,0,0,0,0,0,0,0,0,0,0,0,0,0,0,0,0,0,0,0,0,0,0,0,0,0,0,0,0,1,0,0,0,0,0,0,0,0,0,0,0,0,0,0,0,0,0,0,0,0,0,0,0,0,0,0,0,0,0,0,0,0,0,0,0,0,0,0,0,0,0,0,0,0,0,0,0,0,0,0,0,0,0,0,0,1,0,0,0,0,0,0,0,0,0,0,0,0,0,0,0,0,0,0,0,0,0,0,0,0,0,0,0,0,0,0,0,0,0,0,0,0,0,0,0,0,0,0,0,0,0,0,0,0,0,0,1,1,0,0,0,0,0,0,0,0,0,0,0,0,0,0,0,0,0,0,0,0,0,0,0,0,0,0,0,0,0,0,0,0,0,0,0,0,0,0,0,0,0,0,0,0,0,0,0,0
2012-05-20,0,0,0,0,0,0,0,0,0,0,0,0,0,0,0,0,0,0,0,0,0,0,0,0,0,0,0,0,0,0,0,0,0,0,4,0,0,0,0,0,0,0,0,0,0,0,0,0,0,0,0,0,0,0,0,0,0,0,0,5,0,2,0,0,0,0,0,0,0,0,0,0,0,0,0,0,0,0,0,0,8,0,0,0,0,3,0,0,0,0,0,0,0,0,0,0,0,0,0,0,0,0,0,0,0,0,0,0,0,0,0,0,0,0,0,0,0,0,0,0,0,0,0,0,0,0,0,0,2,0,0,0,0,0,0,0,0,0,0,0,0,0,0,0,0,0,0,0,0,0,0,0,0,0,0,0,0,0,0,0,0,0,0,0,0,0,0,0,0,0,0,0,0,0,0,0,0,0,0,0,0,0,0,0,0,0,0,0,0,0,0,1,0,0,0,0,0,0,0,0,0,0,0,0,0,0,0,0,0,0,0,0,0,0,0,0,0,0,0,0,0,0,0,0,0,0,0,0,1,0,0,0,0,0,0,0,0,0,0,0,0,0,0,0,0,0,3,0,0,0,0,0,0,0,0,0,0,0,0,0,0,0,0,0,0,0,0,0,0,0,0,0,0,0,0,0,0,0,0,0,0,0,0,0,0
2012-05-27,0,0,0,0,0,0,0,0,0,0,0,0,0,0,0,0,0,0,0,0,0,0,0,0,0,0,0,0,0,0,0,0,0,0,1,0,0,0,0,1,0,0,0,0,0,0,0,0,0,0,0,0,0,0,0,0,0,0,0,11,0,0,0,0,0,0,0,0,0,0,0,0,0,0,0,0,0,0,0,0,1,0,0,0,0,0,0,1,0,0,0,0,0,0,0,0,0,0,0,0,0,0,0,0,0,0,0,0,0,0,0,0,0,0,0,0,0,0,0,0,0,0,0,0,0,0,0,0,0,0,0,0,0,0,0,0,0,0,0,0,0,0,0,0,0,0,0,0,0,0,0,0,0,0,0,0,0,0,0,0,0,0,0,0,0,0,0,0,0,0,0,0,0,0,0,0,0,0,0,0,0,0,0,0,0,0,0,0,0,0,0,0,0,0,0,0,0,0,0,0,0,0,0,0,0,0,0,0,0,0,0,0,0,0,0,0,0,0,0,0,0,0,0,0,0,0,0,0,0,0,0,0,0,0,0,0,0,0,0,0,0,0,0,0,0,0,0,0,0,0,0,3,0,0,0,0,0,0,0,0,0,0,0,0,0,0,0,0,0,0,2,0,0,0,0,0,0,0,0,0,0,0,0,0,0
2012-06-03,0,0,0,0,0,0,0,0,0,0,0,0,0,0,0,0,0,0,0,0,0,0,0,0,0,0,0,0,0,0,0,0,0,0,2,0,0,0,0,0,0,0,0,0,0,0,0,0,0,0,0,0,0,0,0,0,0,0,0,1,0,0,0,0,0,0,0,0,0,0,0,0,0,0,0,0,0,0,0,0,0,0,0,0,0,0,0,0,0,0,0,0,0,0,0,0,0,0,0,0,0,0,0,0,0,0,0,0,0,0,0,0,0,0,0,0,0,0,0,0,0,0,0,0,1,0,0,0,0,0,0,0,0,0,0,0,0,0,0,0,0,0,0,0,0,0,0,0,0,0,0,0,0,0,0,0,0,0,0,0,0,0,0,0,0,0,0,0,0,0,0,0,0,0,0,0,0,0,0,0,0,0,0,0,0,0,0,0,0,0,0,0,0,0,0,0,0,0,0,0,0,0,0,0,0,0,0,0,0,0,0,0,0,0,0,0,0,0,0,0,0,0,0,0,0,0,0,0,0,0,0,0,0,0,0,0,0,0,0,0,0,0,0,0,0,0,1,0,0,0,0,4,0,0,0,0,0,0,0,0,0,0,0,0,0,0,0,0,0,0,0,0,1,0,0,0,0,0,0,0,0,0,0,0,0
2012-06-10,0,0,0,0,0,0,0,0,0,0,0,0,0,0,0,0,0,0,0,0,0,0,0,0,0,0,0,0,0,0,0,0,0,0,0,0,0,0,0,0,0,0,0,0,0,0,0,0,0,0,0,0,0,0,0,0,0,0,0,0,0,0,0,0,0,0,0,0,0,0,0,0,0,0,0,0,0,0,0,0,0,0,0,0,0,0,0,0,0,0,0,0,0,0,0,0,0,0,0,0,0,0,0,0,0,0,0,0,0,0,0,0,0,0,0,0,0,1,0,0,0,0,0,0,0,2,0,0,1,0,0,0,0,0,0,0,0,0,0,0,0,0,0,0,0,0,0,0,0,0,0,0,0,0,0,0,0,0,0,0,0,0,0,0,0,0,0,0,0,0,0,0,0,0,0,0,0,0,0,0,0,0,0,0,1,0,0,0,0,0,0,0,0,0,0,0,0,0,0,0,0,0,0,0,0,0,0,0,0,0,0,0,0,0,0,0,0,0,0,0,0,0,0,0,0,0,0,0,0,0,0,0,0,0,0,0,0,0,0,0,0,0,0,0,0,0,0,0,0,0,0,1,0,0,0,0,0,0,0,0,0,0,0,0,0,0,0,0,0,0,0,0,0,0,0,0,0,0,0,0,0,0,0,0,0
2012-06-17,0,0,0,0,0,0,0,0,0,0,0,0,0,0,0,0,0,0,0,0,0,0,0,0,0,0,0,0,0,0,0,0,0,0,1,0,0,0,0,2,0,0,0,0,0,0,0,0,0,0,0,0,0,0,0,0,0,0,0,1,0,0,0,0,0,0,0,0,0,0,0,0,0,0,0,0,0,0,0,0,0,0,0,0,0,0,0,0,0,0,0,0,0,0,0,0,0,0,0,0,0,0,0,0,0,0,0,0,0,0,0,0,0,0,0,0,0,0,0,0,0,0,0,0,0,0,0,0,0,0,0,0,0,0,0,0,0,0,0,0,0,0,0,0,0,0,0,0,0,0,0,0,0,0,0,0,0,0,0,0,0,0,0,0,0,0,0,0,0,0,0,0,0,0,0,0,0,0,0,0,0,0,0,0,0,0,0,0,0,0,0,0,0,0,0,0,0,0,0,0,0,0,0,0,0,0,0,0,0,0,0,0,0,0,0,0,0,0,0,0,0,0,0,0,0,0,0,0,0,0,0,0,0,0,0,0,0,0,0,0,0,0,0,0,0,0,1,0,0,0,0,0,0,0,0,0,0,0,0,0,0,0,0,0,0,0,0,0,0,0,1,0,0,0,0,0,0,0,0,0,0,0,0,0,0
2012-06-24,0,0,0,0,0,0,0,0,0,0,0,0,0,0,0,0,0,0,0,0,0,0,0,0,0,0,0,0,0,0,0,0,0,1,1,0,0,0,0,0,0,0,0,0,0,0,0,0,0,0,0,0,0,0,0,0,0,0,0,3,0,0,0,0,0,0,0,0,0,0,0,0,0,0,0,0,0,0,0,0,0,0,0,0,0,0,0,0,0,0,0,0,0,0,0,0,0,0,0,0,0,0,0,0,0,0,0,0,0,0,0,0,0,0,0,0,0,0,0,0,0,0,0,0,0,0,0,0,0,0,0,0,0,0,0,0,0,0,0,0,0,0,0,0,0,0,0,0,0,0,0,0,0,0,0,0,0,0,0,0,0,0,0,0,0,0,0,0,0,0,0,0,0,0,0,0,0,0,0,0,0,0,0,0,0,0,0,0,0,0,0,0,0,0,0,0,0,0,0,0,0,0,0,0,0,0,0,0,0,0,0,0,0,0,0,0,0,0,0,0,0,0,0,0,0,0,0,0,0,0,0,0,0,0,0,0,0,0,0,0,0,0,0,0,0,0,0,0,0,0,0,0,0,0,0,0,0,0,0,0,0,0,0,0,0,0,0,0,0,0,0,0,0,0,0,0,0,0,0,0,0,0,0,0,0
2012-07-01,0,0,0,0,0,0,0,0,0,0,0,0,0,0,1,0,0,0,0,0,0,0,0,0,0,0,0,0,0,0,0,0,0,0,0,0,0,0,0,0,0,0,0,0,0,0,0,0,0,0,0,0,0,0,0,0,0,0,0,3,0,0,0,0,0,0,0,0,0,0,0,0,0,0,0,0,0,0,0,0,0,0,0,0,0,0,0,0,0,0,0,0,0,2,0,0,0,0,0,0,0,0,0,0,0,0,0,0,0,0,0,0,0,0,0,0,0,0,0,0,0,0,0,0,0,0,0,0,6,0,0,0,0,0,0,0,0,0,0,0,0,0,0,0,0,0,0,0,0,0,0,0,0,0,0,0,0,0,0,0,0,0,0,0,0,0,0,0,0,0,0,0,0,0,0,0,0,0,1,0,0,0,0,0,0,0,0,0,0,0,0,0,0,0,0,0,0,0,0,0,0,0,0,0,0,0,0,0,0,0,0,0,0,0,0,0,0,0,0,0,0,0,0,0,0,0,0,0,0,0,0,0,0,0,0,0,0,0,0,0,1,0,0,0,0,0,1,0,0,0,0,0,0,0,0,0,0,0,0,0,0,0,0,0,0,0,0,0,0,0,0,0,0,0,0,0,0,0,0,0,0,0,0,0,0
2012-07-08,0,0,0,0,0,0,0,0,0,0,0,0,0,0,0,0,0,0,0,0,0,0,0,0,0,0,0,0,0,0,0,0,0,0,0,0,0,0,0,0,0,0,0,0,0,0,0,0,0,0,0,0,0,0,0,0,0,0,0,2,0,0,0,0,0,0,0,0,0,0,0,0,0,0,0,0,0,0,0,0,0,0,0,0,0,0,0,0,0,0,0,0,0,0,0,0,0,0,0,0,0,0,0,0,1,0,0,0,0,0,0,0,0,0,0,0,0,0,0,0,0,0,0,0,0,1,0,0,2,0,0,0,0,0,0,0,0,0,0,0,0,0,0,0,0,0,0,0,0,0,0,0,0,0,0,0,0,0,0,0,0,0,0,0,0,0,0,0,0,0,0,0,0,0,0,0,0,0,0,0,0,0,0,0,0,0,0,0,0,0,0,0,0,0,0,0,0,0,0,0,0,0,0,0,0,0,0,0,0,0,0,0,0,0,0,0,0,0,0,0,0,0,0,0,0,0,0,0,0,0,0,0,0,0,0,0,0,0,0,0,0,0,0,0,0,0,0,0,0,0,0,0,0,0,0,0,0,0,0,0,0,0,0,0,0,0,0,0,0,0,0,0,0,0,0,0,0,0,0,0,0,0,0,0,0
2012-07-15,0,0,0,0,0,0,0,0,0,0,0,0,0,0,0,0,0,0,0,0,0,0,0,0,0,0,0,0,0,0,0,0,0,0,0,0,0,0,0,0,0,0,0,0,0,0,0,0,0,0,0,0,0,0,0,0,0,0,0,0,0,0,0,0,0,0,0,0,0,0,0,0,0,0,0,0,0,0,0,0,0,0,0,0,0,0,0,0,0,0,0,0,0,0,0,0,0,0,0,0,0,0,0,0,0,0,0,0,0,0,0,0,0,0,0,0,0,0,0,0,0,0,0,0,0,0,0,0,0,0,0,0,0,0,0,0,0,0,0,0,0,0,0,0,0,0,0,0,0,0,0,0,0,0,0,0,0,0,0,0,0,0,0,0,0,0,0,0,0,0,0,0,0,0,0,0,0,0,0,0,0,0,0,0,0,0,0,0,0,0,0,0,0,0,0,0,0,0,0,0,0,0,0,0,0,0,0,0,0,0,0,0,0,0,0,0,0,0,0,0,0,0,0,0,0,0,0,0,0,0,0,0,0,0,0,0,0,0,0,0,0,0,1,0,0,0,0,0,0,0,0,0,0,0,0,0,0,0,0,0,0,0,0,0,0,0,0,0,0,0,0,0,0,0,0,0,0,0,0,0,0,0,0,0,0
2012-07-22,0,0,0,0,0,0,0,0,0,0,0,0,0,0,0,0,0,0,0,0,0,0,0,0,0,0,0,0,0,0,0,0,0,0,0,0,0,0,0,0,0,0,0,0,0,0,0,0,0,0,0,0,0,0,0,0,0,0,0,0,0,0,0,0,0,0,0,0,0,0,0,0,0,0,0,0,0,0,0,0,0,0,0,0,0,0,0,0,0,0,0,0,0,0,0,0,0,0,0,0,0,0,0,0,0,0,0,0,0,0,0,0,0,0,0,0,0,0,0,0,0,0,0,0,0,1,0,0,0,0,0,0,0,0,0,0,0,0,0,0,0,0,0,0,0,0,0,0,0,0,0,0,0,0,0,0,0,0,0,0,0,0,0,0,0,0,0,0,0,0,0,0,0,0,0,0,0,0,0,0,0,0,0,0,0,0,0,0,0,0,0,0,0,0,0,0,0,0,0,0,0,0,0,0,0,0,0,0,0,0,0,0,0,0,0,0,0,0,0,0,0,0,0,0,0,0,0,0,0,0,0,0,0,0,0,0,0,0,0,0,0,0,0,0,0,0,0,0,0,0,0,0,0,0,0,0,0,0,0,0,0,0,0,0,0,0,0,0,0,0,0,0,0,0,0,0,0,0,0,0,0,0,0,0,0
2012-08-05,0,0,0,0,0,0,0,0,0,0,0,0,0,0,0,0,0,0,0,0,0,0,0,0,0,0,0,0,0,0,0,0,0,0,0,0,0,0,0,1,0,0,0,0,0,0,0,0,0,0,0,0,0,0,0,0,0,0,0,1,0,0,0,0,0,0,0,0,0,0,0,0,0,0,0,0,0,0,0,0,1,0,0,0,0,0,0,0,0,0,0,0,0,0,0,0,0,0,0,0,0,0,0,0,0,0,0,0,0,0,0,0,0,0,0,0,0,0,0,0,0,0,0,0,0,3,0,0,1,0,0,0,0,0,0,0,0,0,0,0,0,0,0,0,0,0,0,0,0,0,0,0,0,0,0,0,0,0,0,0,0,0,0,0,0,0,0,0,0,0,0,0,0,0,0,0,0,0,0,0,0,0,0,0,0,0,0,0,0,0,0,0,0,0,0,0,0,0,0,0,0,0,0,0,0,0,0,0,0,0,0,0,0,0,0,0,0,0,0,0,0,0,0,0,0,0,0,0,0,0,0,0,0,0,0,0,0,0,0,0,0,0,0,0,0,0,0,0,0,0,0,0,0,0,0,0,0,0,0,0,0,0,0,0,0,0,0,0,0,0,0,0,0,0,0,0,0,0,0,0,0,0,0,0,0
2012-08-12,0,0,0,0,0,0,0,0,0,0,0,0,0,0,0,0,0,0,0,0,0,0,0,0,0,0,0,0,0,0,0,0,0,0,0,0,0,0,0,0,0,0,0,0,0,0,0,1,0,0,0,0,0,0,0,0,0,0,0,0,0,0,0,0,0,0,0,0,0,0,0,0,0,0,0,0,0,0,0,0,0,0,0,0,0,0,0,0,0,0,0,0,0,0,0,0,0,0,0,0,0,0,0,0,0,0,0,0,0,0,0,0,0,0,0,0,0,0,0,0,0,0,0,0,0,0,0,0,1,0,0,0,0,0,0,0,0,0,0,0,0,0,0,0,0,0,0,0,0,0,0,0,0,0,0,0,0,0,0,0,0,0,0,0,0,0,0,0,0,0,0,0,0,0,0,0,0,0,0,0,0,0,0,0,0,0,0,0,0,0,0,0,0,0,0,0,0,0,0,0,0,0,0,0,0,0,0,0,0,0,0,0,0,0,0,0,0,0,0,0,0,0,0,0,0,0,0,0,0,0,0,0,0,0,0,0,0,0,0,0,0,0,0,0,0,0,0,0,0,0,0,0,0,0,0,0,0,0,0,0,0,0,0,0,0,0,0,0,0,0,0,0,0,0,0,0,0,0,0,0,0,0,0,0,0
2012-08-19,0,0,0,0,0,0,0,0,0,0,0,0,0,0,0,0,0,0,0,0,0,0,0,0,0,0,0,0,0,0,0,0,0,0,0,0,0,0,0,0,0,0,0,0,0,0,0,0,0,0,0,0,0,0,0,0,0,0,0,8,0,1,0,0,0,0,0,0,0,0,0,0,0,0,0,0,0,0,0,0,0,0,0,0,0,0,0,0,0,0,0,0,0,0,0,0,0,0,0,0,0,0,0,0,0,0,0,0,0,0,0,0,0,0,0,0,0,0,0,0,0,0,0,0,0,0,0,0,0,0,0,0,0,0,0,0,0,0,0,0,0,0,0,0,0,0,0,0,0,1,0,0,0,0,0,0,0,0,0,0,0,0,0,0,0,0,0,0,0,0,0,0,0,0,0,0,0,0,0,0,0,0,0,0,0,0,0,0,0,0,0,0,0,0,0,0,0,0,0,0,0,0,0,0,0,0,0,0,0,0,0,0,0,0,0,0,0,0,0,0,0,0,0,0,0,0,0,0,0,0,0,0,0,0,0,0,0,0,0,0,0,0,0,0,0,0,0,0,0,0,0,0,0,0,0,0,0,0,0,0,0,0,0,0,0,0,0,0,0,0,0,0,0,0,0,0,0,0,0,0,0,0,0,0,0
2012-08-26,0,0,0,0,0,0,0,0,0,0,0,0,0,0,0,0,0,0,0,0,0,0,0,0,0,0,0,0,0,0,0,0,0,0,0,0,0,0,0,0,0,0,0,0,0,0,0,0,0,0,0,0,0,0,0,0,0,0,0,3,0,0,0,0,0,0,0,0,0,0,0,0,0,0,0,0,0,0,0,0,0,0,0,0,0,0,0,0,0,0,0,0,0,0,0,0,0,0,0,0,0,0,0,0,0,0,0,0,0,0,0,0,0,0,0,0,0,0,0,0,0,0,0,0,0,0,0,0,0,0,0,0,0,0,0,0,0,0,0,0,0,0,0,0,0,0,0,0,0,0,0,0,0,0,0,0,0,0,0,0,0,0,0,0,0,0,0,0,0,0,0,0,0,0,0,0,0,0,0,0,0,0,0,0,0,0,0,0,0,0,0,0,0,0,0,0,0,0,0,0,0,0,0,0,0,0,0,0,0,0,0,0,0,0,0,0,0,0,0,0,0,0,0,0,0,0,0,0,0,0,0,0,0,0,0,0,0,0,0,0,0,0,0,0,0,0,0,0,0,0,0,0,0,0,0,0,0,0,0,0,0,0,0,0,0,0,0,0,0,0,0,0,0,0,0,0,0,0,0,0,0,0,0,0,0
2012-09-02,0,0,0,0,0,0,0,0,0,0,0,0,0,0,0,0,0,0,0,0,0,0,0,0,0,0,0,0,0,0,0,0,0,0,0,0,0,0,0,0,0,0,0,0,0,0,0,0,0,0,0,0,0,0,0,0,0,0,0,1,0,0,0,0,0,0,0,0,0,0,0,0,0,0,0,0,0,0,0,0,0,0,0,0,0,0,0,0,0,0,0,0,0,0,0,0,0,0,0,0,0,0,0,0,0,0,0,0,0,0,0,0,0,0,0,0,0,0,0,0,0,0,0,0,0,0,0,0,1,0,0,0,0,0,0,0,0,0,0,0,0,0,0,0,0,0,0,0,0,0,0,0,0,0,0,0,0,0,0,0,0,0,0,0,0,0,0,0,0,0,0,0,0,0,0,0,0,0,0,0,0,0,0,0,0,0,0,0,0,0,0,0,0,0,0,0,0,0,0,0,0,0,0,0,0,0,0,0,0,0,0,0,0,0,0,0,0,0,0,0,0,0,0,0,0,0,0,0,0,0,0,0,0,0,0,0,0,0,0,0,0,0,0,0,0,0,0,0,0,0,0,0,0,0,0,0,0,0,0,0,0,0,0,0,0,0,0,0,0,0,0,0,0,0,0,0,0,0,0,0,0,0,0,0,0
2012-09-09,0,0,0,0,0,0,0,0,0,0,0,0,0,0,0,0,0,0,0,0,0,0,0,0,0,0,0,0,0,0,0,0,0,0,0,0,0,0,0,0,0,0,0,0,0,0,0,0,0,0,0,0,0,0,0,0,0,0,0,4,0,0,0,0,0,0,0,0,0,0,0,0,0,0,0,0,0,0,0,0,0,0,0,0,0,0,0,0,0,0,0,0,0,0,0,0,0,0,0,0,0,0,0,0,0,0,0,0,0,0,0,0,0,0,0,0,0,0,0,0,0,0,0,0,0,0,0,0,1,0,0,0,0,0,0,0,0,0,0,0,0,0,0,0,0,0,0,0,0,0,0,0,0,0,0,0,0,0,0,0,0,0,0,0,0,0,0,0,0,0,0,0,0,0,0,0,0,0,0,0,0,0,0,0,0,0,0,0,0,0,0,0,0,0,0,0,0,0,0,0,0,0,0,0,0,0,0,0,0,0,0,0,0,0,0,0,0,0,0,0,0,0,0,0,0,0,0,0,0,0,0,0,0,0,0,0,0,0,0,0,0,0,0,0,0,0,0,0,0,0,0,0,0,0,0,0,0,0,0,0,0,0,0,0,0,0,0,0,0,0,0,0,0,0,0,0,0,0,0,0,0,0,0,0,0
2012-09-16,0,0,0,0,0,0,0,0,0,0,0,0,0,0,0,0,0,0,0,0,0,0,0,0,0,0,0,0,0,0,0,0,0,0,3,0,0,0,0,0,0,1,0,0,0,0,0,0,0,0,0,0,0,0,0,0,0,0,0,5,0,0,0,0,0,0,0,0,0,0,0,0,0,0,0,0,0,0,0,0,0,0,0,0,0,0,0,0,0,0,0,0,0,0,0,0,0,0,0,0,0,0,0,0,0,0,0,0,0,0,0,0,0,0,0,0,0,0,0,0,0,0,0,0,0,0,0,0,0,0,0,0,0,0,0,0,0,0,0,0,0,0,0,0,0,0,0,0,0,0,0,0,0,0,0,0,0,0,0,0,0,0,0,0,0,0,0,0,0,0,0,0,0,0,0,0,0,0,0,0,0,0,0,0,0,0,0,0,0,0,0,0,0,0,0,0,0,0,0,0,0,0,0,0,0,0,0,0,0,0,0,0,0,0,0,0,0,0,0,0,0,0,0,0,0,0,0,0,0,0,0,0,0,0,0,0,0,0,0,0,0,0,0,0,0,0,2,0,0,0,0,0,0,0,0,0,0,0,0,0,0,0,0,0,0,0,0,0,0,0,0,0,0,0,0,0,0,0,0,0,0,0,0,0,0
2012-09-23,0,0,0,0,0,0,0,0,0,0,0,0,0,0,0,0,0,0,0,0,0,0,0,0,0,0,0,0,0,0,0,0,0,0,2,0,0,0,0,0,0,0,0,0,0,0,0,0,0,0,0,0,0,0,0,0,0,0,0,5,0,0,0,0,0,0,0,0,0,0,0,0,0,0,0,0,0,0,0,0,1,0,0,0,0,0,0,0,0,0,0,0,0,0,0,0,0,0,0,0,0,0,0,0,0,0,0,0,0,0,0,0,0,0,0,0,0,0,0,0,0,0,0,0,0,0,0,0,0,0,0,0,0,0,0,0,0,0,0,0,0,0,0,0,0,0,0,0,0,0,0,0,0,0,0,0,0,0,0,0,0,0,0,0,0,0,0,0,0,0,0,0,0,0,0,0,0,0,0,0,0,0,0,0,0,0,0,0,0,0,0,0,0,0,0,0,0,0,0,0,0,0,0,0,0,0,0,0,0,0,0,0,0,0,0,0,0,0,0,0,0,0,0,0,0,0,0,0,0,0,0,0,0,0,0,0,0,0,0,0,0,0,0,0,0,0,0,0,0,0,0,0,0,0,0,0,0,0,0,0,0,0,0,0,0,0,0,0,0,0,0,0,0,0,0,0,0,0,0,0,0,0,0,0,0
2012-09-30,0,0,0,0,0,0,0,0,0,0,0,0,0,0,0,0,0,0,0,0,0,0,0,0,0,0,0,0,0,0,0,0,0,0,0,0,0,0,0,0,0,0,0,0,0,0,0,0,0,0,0,0,0,0,0,0,0,0,0,0,0,0,0,0,0,0,0,0,0,0,0,0,0,0,0,0,0,0,0,0,0,0,0,0,0,0,0,0,0,0,0,0,0,0,0,0,0,0,0,0,0,0,0,0,0,0,0,0,0,0,0,0,0,0,0,0,0,0,0,0,0,0,0,0,0,0,0,0,1,0,0,0,0,0,0,0,0,0,0,0,0,0,0,0,0,0,0,0,0,0,0,0,0,0,0,0,0,0,0,0,0,0,0,0,0,0,0,0,0,0,0,0,0,0,0,0,0,0,0,0,0,0,0,0,0,0,0,0,0,0,0,0,0,0,0,0,0,0,0,0,0,0,0,0,0,0,0,0,0,0,0,0,0,0,0,0,0,0,0,0,0,0,0,0,0,0,0,0,0,0,0,0,0,0,0,0,0,0,0,0,0,0,0,0,0,0,0,0,0,0,0,0,0,0,0,0,0,0,0,0,0,0,0,0,0,0,0,0,0,0,0,0,0,0,0,0,0,0,0,0,0,0,0,0,0
2012-10-07,0,0,0,0,0,0,0,0,0,0,0,0,0,0,0,0,0,0,0,0,0,0,0,0,0,0,0,0,0,0,0,0,0,0,0,0,0,0,0,0,0,0,0,0,0,0,0,0,0,0,0,0,0,0,0,0,0,0,0,2,0,0,0,0,0,0,0,0,0,0,0,0,0,0,0,0,0,0,0,0,1,0,0,0,0,0,0,0,0,0,0,0,0,0,0,0,0,0,0,0,0,0,0,0,0,0,0,0,0,0,0,0,0,0,0,0,0,0,0,0,0,0,0,0,0,0,0,0,0,0,0,0,0,0,0,0,0,0,0,0,0,0,0,0,0,0,0,0,0,0,0,0,0,0,0,0,0,0,0,0,0,0,0,0,0,0,0,0,0,0,0,0,0,0,0,0,0,0,0,0,0,0,0,0,0,0,0,0,0,0,0,0,0,0,0,0,0,0,0,0,0,0,0,0,0,0,0,0,0,0,0,0,0,0,0,0,0,0,0,0,0,0,0,0,0,0,0,0,0,0,0,0,0,0,0,0,0,0,0,0,0,0,0,0,0,0,0,0,0,0,0,0,0,0,0,0,0,0,0,0,0,0,0,0,0,0,0,0,0,0,0,0,0,0,0,0,0,0,0,0,0,0,0,0,0
2012-10-14,0,0,0,0,0,0,0,0,0,0,0,0,0,0,0,0,0,0,0,0,0,0,0,0,0,0,0,0,0,0,0,0,0,0,0,0,0,0,0,0,0,0,0,0,0,0,0,0,0,0,0,0,0,0,0,0,0,0,0,12,0,0,0,0,0,0,0,0,0,0,0,0,0,0,0,0,0,0,0,0,0,0,0,0,0,0,0,0,0,0,0,0,0,0,0,0,0,0,0,0,0,0,0,0,0,0,0,0,0,0,0,0,0,0,0,0,0,0,0,0,0,0,0,0,0,0,0,0,1,0,0,0,0,0,0,0,0,0,0,0,0,0,0,0,0,0,0,0,0,0,0,0,0,0,0,0,0,0,0,0,0,0,0,0,0,0,0,0,0,0,0,0,0,0,0,0,0,0,0,0,0,0,0,0,0,0,0,0,0,0,0,0,0,0,0,0,0,0,0,0,0,0,0,0,0,0,0,0,0,0,0,0,0,0,0,0,0,0,0,0,0,0,0,0,0,0,0,0,0,0,0,0,0,0,0,0,0,0,0,0,0,0,0,0,0,0,0,0,0,0,0,0,0,0,0,0,0,0,0,0,0,0,0,0,0,0,0,0,0,0,0,0,0,0,0,0,0,0,0,0,0,0,0,0,0
2012-10-21,0,0,0,0,0,0,0,0,0,0,0,0,0,0,0,0,0,0,0,0,0,0,0,0,0,0,0,0,0,0,0,0,0,0,0,0,0,0,0,0,0,0,0,0,0,0,0,0,0,0,0,0,0,0,0,0,0,0,0,4,0,0,0,0,0,0,0,0,0,0,0,0,0,0,0,0,0,0,0,0,0,0,0,0,0,0,0,0,0,0,0,0,0,0,0,0,0,0,0,0,0,0,0,0,0,0,0,0,0,0,0,0,0,0,0,0,0,0,0,0,0,0,0,0,0,0,0,0,0,0,0,0,0,0,0,0,0,0,0,0,0,0,0,0,0,0,0,0,0,0,0,0,0,0,0,0,0,0,0,0,0,0,0,0,0,0,0,0,0,0,0,0,0,0,0,0,0,0,0,0,0,0,0,0,0,0,0,0,0,0,0,0,0,0,0,0,0,0,0,0,0,0,0,0,0,0,0,0,0,0,0,0,0,0,0,0,0,0,0,0,0,0,0,0,0,0,0,0,0,0,0,0,0,0,0,0,0,0,0,0,0,0,0,0,0,0,0,0,0,0,0,0,0,0,0,0,0,0,0,0,0,0,0,0,0,0,0,0,0,0,0,0,0,0,0,0,0,0,0,0,0,0,0,0,0
2012-10-28,0,0,0,0,0,0,0,0,0,0,0,0,0,0,0,0,0,0,0,0,0,0,0,0,0,0,0,0,0,0,0,0,0,0,2,0,0,0,0,0,0,0,0,0,0,0,0,0,0,0,0,0,0,0,0,0,0,0,0,13,0,0,0,0,0,0,0,0,0,0,0,0,0,0,0,0,0,0,0,0,0,0,0,0,0,0,0,0,0,0,0,0,0,0,0,0,0,0,0,0,0,0,0,0,0,0,0,0,0,0,0,0,0,0,0,0,0,0,0,0,0,0,0,0,0,0,0,0,0,0,0,0,0,0,0,0,0,0,0,0,0,0,0,0,0,0,0,0,0,0,0,0,0,0,0,0,0,0,0,0,0,0,0,0,0,0,0,0,0,0,0,0,0,0,0,0,0,0,0,0,0,0,0,0,0,0,0,0,0,0,0,0,0,0,0,0,0,0,0,0,0,0,0,0,0,0,0,0,0,0,0,0,0,0,0,0,0,0,0,0,0,0,0,0,0,0,0,0,0,0,0,0,0,0,0,0,0,0,0,0,0,0,0,0,0,0,1,0,0,0,0,0,0,0,0,0,0,0,0,0,0,0,0,0,0,0,0,0,0,0,0,0,0,0,0,0,0,0,0,0,0,0,0,0,0
2012-11-04,0,0,0,0,0,0,0,0,0,0,0,0,0,0,1,0,0,0,0,0,0,0,0,1,0,0,0,0,0,0,0,0,0,0,1,0,0,0,0,0,0,0,0,0,0,0,0,0,0,0,0,0,0,0,0,0,0,0,0,10,0,0,0,0,0,0,0,0,0,0,0,0,0,0,0,0,0,0,0,0,0,0,0,0,0,0,0,0,0,0,0,0,0,0,0,0,0,0,0,0,0,0,0,0,0,0,0,0,0,0,0,0,0,0,0,0,0,0,0,0,0,0,0,0,0,0,0,0,0,0,0,0,0,0,0,0,0,0,0,0,0,0,0,0,0,0,0,0,0,0,0,0,0,0,0,0,0,0,0,1,0,0,0,0,0,0,0,0,0,0,0,0,0,0,0,0,0,0,0,0,0,0,0,0,0,0,0,0,0,0,0,0,0,0,0,0,0,0,0,0,0,0,0,0,0,0,0,0,0,0,0,0,0,0,0,0,0,0,0,0,0,0,0,0,0,0,0,0,0,0,0,0,0,0,0,0,0,0,0,0,1,0,0,0,0,0,1,0,0,0,0,0,0,0,0,0,0,0,0,0,0,0,0,0,0,0,0,0,0,0,0,0,0,0,0,0,0,0,0,0,0,0,0,0,0
2012-11-11,0,0,0,0,0,0,0,0,0,0,0,0,0,0,1,0,0,0,0,0,0,0,0,0,0,0,0,0,0,0,0,0,0,0,0,0,0,0,0,0,0,0,0,0,1,0,0,0,0,0,0,0,0,0,0,0,0,0,0,23,0,0,0,0,0,0,0,1,0,0,0,0,0,0,0,0,0,0,0,0,0,0,0,0,0,0,0,0,0,0,0,0,0,0,0,0,0,0,0,0,0,0,0,0,0,0,0,0,0,0,0,0,0,0,0,0,1,0,0,0,0,0,0,0,0,1,0,0,0,0,0,0,0,0,0,0,0,0,0,0,0,0,0,0,0,0,0,0,0,0,0,0,0,0,0,0,0,0,0,0,0,0,0,0,0,0,0,0,0,0,0,0,0,0,0,0,0,0,0,0,0,0,0,0,0,0,0,0,0,0,0,0,0,0,0,0,0,0,0,0,0,0,0,0,0,0,0,0,0,0,0,0,0,0,0,0,0,0,0,0,0,0,0,0,0,0,0,0,0,0,0,0,0,0,0,0,0,0,0,0,0,0,0,0,0,0,1,0,0,0,0,0,0,0,0,0,0,0,0,0,0,0,0,0,0,0,0,0,0,0,0,0,0,0,0,0,0,0,0,0,0,0,0,0,0
2012-11-18,0,0,0,0,0,0,0,0,0,0,0,0,0,1,0,0,0,0,0,0,0,0,0,0,0,0,0,0,0,0,0,0,0,0,0,0,0,0,0,0,0,0,0,0,0,0,0,0,0,0,0,0,0,0,0,0,0,0,0,16,1,0,0,0,0,0,0,0,0,0,0,0,0,0,0,0,0,0,0,0,0,0,0,0,0,0,0,0,0,0,0,0,0,0,0,0,0,0,0,0,0,0,1,0,0,0,0,0,0,0,0,0,0,0,0,0,0,0,0,0,0,0,0,0,0,0,0,0,5,0,0,0,0,0,0,0,0,0,0,0,0,0,0,0,0,0,0,0,0,0,0,0,0,0,0,0,0,0,0,0,0,0,0,0,0,0,0,0,0,0,0,0,0,0,0,0,0,0,0,0,0,0,0,0,0,0,0,0,0,0,0,0,0,0,0,0,0,0,0,0,0,0,0,0,0,0,0,0,0,0,0,0,0,0,0,0,0,0,0,0,0,0,0,0,0,0,0,0,0,0,0,0,0,0,0,0,0,0,0,0,0,0,0,0,0,0,0,0,0,0,0,0,0,0,0,0,0,0,0,0,0,0,0,0,0,0,0,0,0,0,0,0,0,0,0,0,0,0,0,0,0,0,0,0,0
2012-11-25,0,0,0,0,0,0,0,0,0,0,0,0,0,0,0,0,0,0,0,0,0,0,0,1,0,0,0,0,0,0,0,0,0,0,1,0,0,0,0,1,0,0,0,0,0,0,0,0,0,0,0,0,0,0,0,0,0,0,0,35,1,1,0,0,0,0,0,0,0,0,0,0,0,0,0,0,0,0,0,0,0,0,0,0,0,0,0,0,0,0,0,0,0,0,0,0,0,0,0,0,0,0,0,0,0,0,0,0,0,0,0,0,0,0,0,0,0,0,0,0,0,0,0,0,0,0,0,0,2,0,0,0,0,0,0,0,0,0,0,0,0,0,0,0,0,0,0,0,0,0,0,0,0,0,0,0,0,0,0,0,0,0,0,0,0,0,0,0,0,0,0,0,0,0,0,0,0,0,0,0,0,0,0,0,1,0,0,0,0,0,0,0,0,0,0,0,0,0,0,0,0,0,0,0,0,0,0,0,0,0,0,0,0,0,0,0,0,0,0,0,0,0,0,0,0,0,0,0,0,0,0,0,0,0,0,0,0,0,0,0,0,0,0,0,0,0,3,0,0,0,0,0,0,0,0,0,0,0,0,0,0,0,0,0,0,0,0,0,0,0,0,0,0,0,0,0,0,0,0,0,0,0,0,0,0
2012-12-02,0,0,0,0,0,0,0,0,0,0,0,0,0,0,0,0,0,0,0,0,0,0,0,2,0,0,0,0,0,0,0,0,0,0,0,0,0,0,0,0,0,0,0,0,0,0,0,0,0,0,0,0,0,0,0,0,0,0,0,35,2,1,0,0,0,0,0,0,0,0,0,0,0,0,0,0,0,0,0,0,0,0,0,0,0,0,1,0,0,0,0,0,0,0,0,0,0,0,0,0,0,0,0,0,0,0,0,0,0,0,0,0,0,0,0,0,0,0,0,0,0,0,0,0,0,0,0,0,1,0,0,0,0,0,0,0,0,0,0,0,0,0,0,0,0,0,0,0,0,0,0,0,0,0,0,0,0,0,0,0,0,0,0,0,0,0,0,0,0,0,0,0,0,0,0,0,0,0,0,0,0,0,0,0,0,0,0,0,0,0,0,0,0,0,0,0,0,0,0,0,0,0,0,0,0,0,0,0,0,0,0,0,0,0,0,0,0,0,0,0,0,0,0,0,0,0,0,0,0,0,0,0,0,0,0,0,0,0,0,0,0,0,0,0,0,0,0,0,0,0,0,1,0,0,0,0,0,0,0,1,0,0,0,0,0,0,0,0,0,0,0,0,0,0,0,0,0,0,0,0,0,0,0,0,0
2012-12-09,0,0,0,0,0,0,0,0,0,0,0,0,0,0,0,0,0,0,0,0,0,0,0,1,0,0,0,0,0,0,0,0,0,0,3,0,0,0,0,0,0,0,0,0,0,0,0,0,0,0,0,0,0,0,0,0,0,0,0,38,0,0,0,0,0,0,0,1,0,0,0,0,0,0,0,0,0,0,0,0,0,0,0,0,0,0,0,0,0,0,0,0,0,0,0,0,0,0,0,0,0,0,0,0,0,0,0,0,0,0,0,0,0,0,0,0,1,0,0,0,0,0,0,0,0,0,0,0,4,0,0,0,0,0,0,0,0,0,0,0,0,0,0,0,0,0,0,0,0,0,0,0,0,0,0,0,0,0,0,0,0,0,0,0,0,0,0,0,0,0,0,0,0,0,0,0,0,0,0,0,0,0,0,0,3,0,0,0,2,0,0,0,0,0,0,0,0,0,0,0,0,0,0,0,0,0,0,0,0,0,0,0,0,0,0,0,0,0,0,0,0,0,0,0,0,0,0,0,0,0,0,0,0,0,0,0,0,0,0,0,0,0,0,0,0,0,0,0,0,0,0,1,0,0,0,0,0,0,0,0,0,0,0,0,0,0,0,0,0,0,0,0,0,0,0,0,0,0,0,0,0,0,0,0,0
2012-12-16,0,0,0,0,0,0,0,0,0,0,0,0,0,0,0,0,0,0,0,0,0,0,0,1,0,0,0,0,0,0,0,0,0,0,0,0,0,0,0,0,0,0,0,0,0,0,0,0,0,0,0,0,0,0,0,0,0,0,0,44,0,0,0,0,0,0,0,1,0,0,0,0,0,0,0,0,0,0,0,0,0,0,0,0,0,0,0,0,0,0,0,0,0,0,0,0,0,0,0,0,0,0,0,0,0,0,0,0,0,0,0,0,0,0,0,0,0,0,0,0,0,0,0,0,0,0,0,0,2,0,0,0,0,0,0,0,0,0,0,0,0,0,0,0,0,0,0,1,0,1,0,0,0,0,0,0,0,0,0,0,0,0,0,0,0,0,0,0,0,0,0,0,0,0,0,0,0,0,0,0,0,0,0,0,1,0,0,0,0,0,0,1,0,0,0,0,0,0,0,0,0,0,0,0,0,0,0,0,0,0,0,0,0,0,0,0,0,0,0,0,0,0,0,0,0,0,0,0,0,0,0,0,0,0,0,1,0,0,0,0,0,0,0,0,0,0,0,0,0,0,0,1,0,0,0,0,0,0,0,0,0,0,0,0,0,0,0,0,0,0,0,0,1,0,0,0,0,0,0,0,0,0,0,0,0
2012-12-23,0,0,0,0,0,0,0,0,0,0,0,0,0,0,0,0,0,0,0,0,0,0,0,3,0,0,0,0,0,0,0,0,0,0,1,0,0,0,0,0,0,0,0,0,0,0,0,0,0,0,0,0,0,0,0,0,0,0,0,0,0,1,0,0,0,0,0,0,0,0,0,0,0,0,0,0,0,0,0,0,0,0,0,0,0,0,0,0,0,0,0,0,0,0,0,0,0,0,0,0,0,0,0,0,0,0,0,0,0,0,0,0,0,0,0,0,0,0,0,0,0,0,0,0,0,1,0,0,3,0,0,0,0,0,0,0,0,0,0,0,0,0,0,0,0,0,0,0,0,0,0,0,0,0,0,0,0,0,0,0,0,0,0,0,0,0,0,0,0,0,0,0,0,0,0,0,0,0,0,0,0,0,0,0,0,0,0,0,0,0,0,0,0,0,0,0,0,0,0,0,0,0,0,0,0,0,0,0,0,0,0,0,0,0,0,0,0,0,0,0,0,0,0,0,0,0,0,0,0,0,0,0,0,1,0,0,0,0,0,0,0,0,0,0,0,0,0,0,0,0,0,0,0,0,0,0,0,0,0,0,0,0,0,0,0,0,0,0,0,0,0,0,3,0,0,0,0,0,0,0,0,0,0,0,0
2012-12-30,0,0,0,0,0,0,0,0,0,0,0,1,0,0,0,0,0,0,0,0,0,0,0,1,0,0,0,0,0,0,0,0,0,0,1,0,0,0,0,0,0,0,0,0,0,0,0,0,0,0,0,0,0,0,0,0,0,0,0,3,0,0,0,0,0,0,0,0,0,0,0,0,0,0,0,0,0,0,0,0,0,0,0,0,0,0,0,0,0,0,0,0,0,0,0,0,0,0,0,0,0,0,0,0,0,0,0,0,0,0,0,0,0,0,0,0,0,0,0,0,0,0,0,0,0,0,0,0,3,0,0,0,0,0,0,0,0,0,0,0,0,0,0,0,0,0,0,0,0,0,0,0,0,0,0,0,0,0,0,0,0,0,0,0,0,0,0,0,0,0,0,1,0,0,0,0,0,0,0,0,0,0,0,0,1,0,0,0,0,0,0,0,0,0,0,0,0,0,0,0,0,0,0,0,0,0,0,0,0,0,0,0,0,0,0,0,0,0,0,0,0,0,0,0,0,0,0,0,0,0,0,0,0,0,0,0,0,0,0,0,0,0,0,0,0,0,2,0,0,0,0,0,0,0,0,0,0,0,0,0,0,0,0,0,0,0,0,0,0,0,0,0,2,0,0,0,0,0,0,0,0,0,0,0,0
2013-01-06,0,0,0,0,0,0,0,0,0,0,0,0,0,0,0,0,0,0,0,0,0,0,0,2,0,0,0,0,0,0,0,0,0,0,0,0,0,0,0,0,0,0,0,0,0,0,0,0,0,0,0,0,0,0,0,0,0,0,0,8,0,0,0,0,0,0,0,0,0,0,0,1,0,0,0,0,0,0,0,0,1,0,0,0,0,0,0,0,0,0,0,0,0,0,0,0,0,0,0,0,0,0,0,0,0,0,0,0,0,0,0,0,0,0,0,0,2,0,0,0,0,0,0,0,0,0,0,0,2,0,0,0,0,0,0,0,0,0,0,0,0,0,0,0,0,0,0,0,0,0,0,0,0,0,0,0,0,0,0,0,0,0,0,0,0,0,0,0,0,0,0,1,0,0,0,0,0,0,0,0,0,0,0,0,2,0,0,0,0,0,0,1,0,0,0,0,0,0,0,0,0,0,0,0,0,0,0,0,0,0,0,0,0,0,0,0,0,0,0,0,0,0,0,0,0,0,0,0,0,0,0,0,0,0,0,0,0,0,2,0,0,0,0,0,0,0,5,0,0,0,0,0,0,0,0,0,0,0,0,0,0,0,0,0,0,0,0,0,0,0,11,0,8,0,0,0,0,0,0,0,0,0,0,0,0
2013-01-13,0,0,0,0,0,0,0,0,0,0,0,0,0,0,0,0,0,0,0,0,0,0,0,0,0,0,0,0,0,0,0,0,0,0,0,0,0,0,0,0,0,0,0,0,0,0,0,0,0,0,0,0,0,0,0,0,0,0,0,35,0,0,0,0,0,0,0,0,0,0,0,0,0,0,0,0,0,0,0,0,0,0,0,0,0,0,0,0,0,0,0,0,0,0,0,0,0,0,0,0,0,0,0,0,0,0,0,0,0,0,0,0,0,0,0,0,0,0,0,0,0,0,0,0,0,0,0,0,1,0,0,0,0,0,0,0,0,0,0,0,0,0,0,0,0,0,0,0,0,0,0,0,0,0,0,0,0,0,0,0,0,0,0,0,0,0,0,0,0,0,0,0,0,0,0,0,0,0,0,0,0,0,0,0,0,0,0,0,0,0,0,0,0,0,0,0,0,0,0,0,0,0,0,0,0,0,0,0,0,0,0,0,0,0,0,0,0,0,0,0,0,0,0,0,0,0,0,0,0,0,0,0,0,0,0,1,0,0,0,0,0,0,0,0,0,0,3,0,0,0,0,0,0,0,0,0,0,0,0,0,0,0,0,0,0,0,0,0,0,0,1,0,10,0,0,0,0,0,0,0,0,0,0,0,0
2013-01-20,0,0,0,0,0,0,0,0,0,0,0,2,0,0,10,0,0,0,0,0,0,0,0,0,0,13,0,0,0,1,0,0,0,1,2,0,0,0,0,0,0,0,0,0,0,0,0,0,0,0,0,0,0,0,0,0,0,0,0,110,0,2,0,3,0,0,0,0,0,0,0,0,0,0,0,0,0,0,0,0,3,0,0,0,0,1,0,0,0,0,0,0,0,0,0,0,0,0,0,0,0,0,0,0,0,0,0,0,0,0,0,0,0,0,0,0,3,0,0,0,0,0,0,0,0,0,0,0,9,0,0,0,0,1,0,0,0,0,0,0,0,0,0,0,0,0,0,0,0,0,0,0,0,0,0,0,0,0,0,0,0,0,0,0,0,0,0,0,0,0,0,3,0,0,0,0,0,0,0,0,0,0,0,0,4,0,0,0,1,0,0,0,0,0,0,0,0,0,0,0,0,0,0,0,0,0,0,0,0,0,0,0,0,0,0,0,0,0,0,0,0,0,0,0,0,0,0,0,0,0,0,0,0,0,0,0,0,0,0,0,0,0,0,0,0,0,4,0,0,0,0,0,0,0,0,0,0,0,0,1,0,0,0,0,0,0,0,0,0,0,1,0,8,0,0,0,0,0,0,0,0,0,0,0,0
2013-01-27,0,0,0,0,0,0,0,0,0,0,0,0,0,0,2,0,0,0,0,0,0,0,0,2,0,0,0,0,0,0,0,0,0,2,3,0,0,0,0,0,0,0,0,0,0,0,0,0,0,0,0,0,0,0,0,0,0,0,0,38,0,0,1,0,0,0,0,2,0,0,0,0,0,0,0,0,0,0,0,0,2,0,0,0,0,0,0,0,0,0,0,0,0,0,0,0,0,0,0,0,0,0,0,0,1,0,0,0,0,0,0,0,0,0,0,1,0,0,0,0,0,0,0,0,0,1,0,0,4,0,0,0,0,0,0,0,0,0,0,0,0,0,0,0,0,0,0,0,0,0,0,0,0,0,0,0,0,0,0,1,0,0,0,0,0,0,0,0,0,0,0,2,0,0,0,0,0,0,0,0,0,0,0,0,2,0,0,0,2,0,0,0,0,0,0,0,0,0,0,0,0,0,0,0,0,0,0,0,0,0,0,0,0,0,0,0,0,0,0,0,0,0,0,0,0,0,0,0,1,0,0,0,0,0,0,0,1,0,0,0,0,0,0,0,0,0,9,0,0,0,0,0,0,0,0,0,0,0,0,2,0,0,0,0,0,0,0,0,0,0,0,0,5,0,0,0,0,0,0,0,0,0,0,0,0
2013-02-03,0,0,0,0,0,0,0,0,0,0,0,0,0,0,0,0,0,0,0,0,0,0,0,0,0,0,0,0,0,0,0,0,0,2,5,0,0,0,0,0,0,0,0,0,0,0,0,0,0,0,0,0,0,0,0,0,0,0,0,35,1,0,0,2,0,0,0,3,0,0,0,0,4,0,0,0,0,0,0,0,1,1,0,0,0,0,0,1,0,0,0,0,0,0,0,0,0,0,0,0,0,0,0,0,0,0,0,0,0,0,0,1,0,0,0,0,1,0,0,0,0,0,0,0,0,0,0,0,5,0,0,0,0,0,0,0,0,0,0,0,0,0,0,0,0,0,0,0,0,0,0,0,0,0,0,0,0,0,0,0,0,0,0,0,0,0,0,0,0,0,0,0,0,0,0,0,0,0,0,0,0,0,0,0,2,0,0,0,2,0,0,0,0,0,0,0,0,0,0,0,0,0,0,0,0,0,1,0,0,0,0,0,0,0,0,0,0,0,0,0,0,0,0,0,0,0,0,0,0,0,0,0,0,0,0,0,1,0,0,0,0,0,1,0,0,0,12,0,0,0,0,0,0,0,0,0,0,0,0,0,0,0,0,0,0,0,0,0,1,0,0,0,5,0,0,0,0,0,0,0,0,0,0,0,0
2013-02-10,0,0,0,0,0,0,0,0,0,0,0,0,0,0,0,0,0,0,0,0,0,0,0,1,0,1,0,0,0,0,0,0,0,6,3,0,0,0,0,0,0,0,0,0,0,0,1,0,0,0,0,0,0,0,0,0,0,0,0,45,0,1,0,0,0,0,0,0,0,0,0,0,0,0,0,0,0,0,0,0,0,0,0,0,0,0,0,0,0,0,0,0,0,0,0,0,0,0,0,0,0,0,0,0,1,0,0,0,0,0,0,0,0,0,0,1,7,0,0,0,0,0,0,0,0,2,0,0,8,0,0,0,0,0,0,0,0,0,0,0,0,0,0,0,0,0,0,0,0,0,0,0,0,0,0,0,0,0,0,0,0,0,0,0,0,0,0,0,0,0,0,2,0,0,0,0,0,0,0,0,0,0,0,0,1,0,0,0,0,0,0,0,0,0,0,0,0,0,0,0,0,0,0,0,0,0,0,0,0,0,0,0,0,0,0,0,0,0,0,0,0,0,0,0,0,0,0,0,0,0,0,0,0,0,2,0,0,0,0,0,0,0,0,0,0,0,9,0,0,0,0,1,0,0,0,0,0,0,0,0,0,0,0,0,0,0,0,0,0,0,1,0,1,0,0,0,0,0,0,0,0,0,0,0,0
2013-02-17,0,0,0,0,0,0,0,0,0,0,0,0,0,1,0,0,0,0,0,0,0,0,0,5,0,0,0,0,0,0,0,0,0,4,1,0,0,0,0,1,0,0,0,0,0,0,0,0,0,0,0,0,0,0,0,0,0,0,0,55,0,1,0,0,0,0,0,0,0,0,0,0,0,0,0,0,0,0,0,0,3,0,0,0,0,0,0,0,0,0,0,0,0,1,0,0,0,0,0,0,0,0,0,0,0,0,0,0,0,0,0,0,0,0,0,0,5,0,0,0,0,0,0,0,0,1,0,0,6,0,0,0,2,0,0,0,0,0,0,0,0,0,0,0,0,0,0,1,0,0,0,0,0,0,0,0,0,0,0,0,0,0,0,0,0,0,0,0,0,0,0,1,0,0,0,0,0,0,0,0,0,0,0,0,1,0,0,0,2,0,0,0,0,0,0,0,0,0,0,0,0,0,0,0,0,0,0,0,0,0,0,0,0,0,0,0,0,0,0,0,0,0,0,0,0,0,0,0,1,0,0,0,0,0,0,0,1,0,0,0,0,0,0,0,0,0,31,0,0,0,0,0,0,0,0,0,0,0,0,0,0,0,0,0,0,0,0,0,0,0,0,0,4,0,0,0,0,0,0,0,0,0,0,0,0
2013-02-24,0,0,0,0,0,0,0,0,0,0,0,0,0,0,0,0,0,0,0,0,0,0,0,2,0,0,0,0,0,0,0,0,0,0,2,0,0,0,0,0,0,0,0,0,0,0,0,0,0,0,0,0,0,0,0,0,0,0,0,57,0,1,0,0,0,0,0,2,0,0,0,0,0,0,0,0,0,0,0,0,2,0,0,0,0,0,0,1,0,0,0,0,0,0,0,11,0,0,0,0,0,0,0,0,0,0,0,0,0,0,0,0,0,0,0,1,0,0,0,0,0,0,0,0,0,1,0,0,9,0,0,0,2,0,0,0,0,0,0,0,0,0,0,0,0,0,0,0,0,0,0,0,0,0,0,0,0,0,0,0,0,0,0,0,0,0,0,0,0,0,0,0,0,0,0,0,0,0,0,0,0,0,0,0,3,0,0,0,0,0,0,0,0,0,0,0,0,0,1,0,0,0,0,0,0,0,0,0,0,0,0,0,0,0,0,0,2,0,0,0,0,0,0,0,0,0,0,0,0,0,0,0,0,0,0,0,0,0,0,0,0,0,0,0,0,0,29,0,0,0,0,0,0,0,0,0,0,0,0,1,0,0,0,0,0,0,0,0,0,0,0,0,2,0,0,0,0,0,0,0,0,0,0,0,0
2013-03-03,0,0,0,0,0,0,0,0,0,0,0,0,0,0,0,0,0,0,0,0,0,0,0,1,0,0,0,0,0,1,0,0,0,0,5,0,0,0,0,0,0,0,0,0,0,0,0,0,0,0,0,0,0,0,0,0,0,0,0,74,1,1,0,0,0,0,0,0,0,0,0,0,0,0,0,0,0,0,0,0,5,0,0,0,0,1,0,0,0,0,0,0,0,0,0,4,0,0,0,0,0,0,0,0,0,0,0,0,0,0,0,0,0,0,0,0,0,0,0,0,0,0,0,0,0,0,0,1,6,0,0,0,0,0,0,0,0,0,0,0,0,0,0,0,0,0,0,0,0,0,0,0,0,0,0,0,0,0,0,0,0,0,0,0,0,0,0,0,0,0,0,0,0,1,0,0,0,0,0,0,0,0,0,0,4,0,0,0,2,0,0,0,0,0,0,0,0,0,0,0,0,0,0,0,0,0,0,0,0,0,0,0,0,0,0,0,0,0,0,0,0,0,0,0,0,0,0,0,2,0,0,0,0,0,0,1,0,0,0,0,0,0,0,0,0,0,23,0,0,0,0,0,0,0,0,0,0,0,0,3,0,0,0,0,0,0,0,0,0,0,1,0,1,0,0,0,0,0,0,0,0,0,0,0,0
2013-03-10,0,0,0,0,0,0,0,0,0,0,0,0,0,0,0,0,0,0,0,0,0,0,0,2,0,0,0,0,0,1,0,0,0,0,2,0,0,0,0,0,0,0,0,0,0,0,0,0,0,0,0,0,0,0,0,0,0,0,0,67,6,1,0,0,0,0,1,0,0,0,0,0,5,0,0,0,0,0,0,0,4,0,0,0,0,0,0,0,0,0,0,0,0,0,0,2,0,0,0,0,0,0,0,0,0,0,0,0,0,0,0,0,0,0,0,0,2,0,0,0,0,0,0,0,0,3,0,0,5,0,0,0,1,0,0,0,0,0,0,0,0,0,0,0,0,0,0,0,0,0,0,0,0,0,0,0,0,0,0,0,0,0,0,0,0,0,0,0,0,0,0,0,0,0,0,0,0,0,0,0,0,0,0,0,0,0,0,0,1,0,0,0,0,0,0,0,0,0,0,0,0,0,0,0,0,0,0,0,0,0,0,0,0,0,0,0,0,0,0,0,0,0,0,0,0,0,0,0,0,0,0,0,0,0,1,2,0,0,0,0,0,0,0,0,0,0,42,0,0,0,0,1,0,0,0,0,0,0,0,0,0,0,0,0,0,0,0,0,0,0,0,0,6,0,0,0,0,0,0,0,0,0,0,0,0
2013-03-17,0,0,0,0,0,0,0,0,0,0,0,0,0,0,0,0,0,0,0,0,0,0,0,0,0,0,0,0,0,0,0,0,0,3,2,0,0,0,0,0,0,0,0,0,0,0,0,0,0,0,0,0,0,0,0,0,0,0,0,33,0,0,1,1,0,0,0,1,0,0,0,0,0,0,0,0,0,0,0,0,1,0,0,0,0,0,0,0,0,0,0,0,0,0,0,3,0,0,0,0,0,0,0,0,0,0,0,0,0,0,0,0,0,0,0,0,2,0,0,1,0,0,0,0,0,2,0,0,2,0,0,0,0,0,0,0,0,0,0,0,0,0,0,0,0,0,0,0,0,0,0,0,0,0,0,0,0,0,0,0,0,0,0,0,0,0,0,0,0,0,0,1,0,0,0,0,0,0,0,0,0,0,0,0,3,0,0,0,0,0,0,0,0,0,0,0,0,0,0,0,0,0,0,0,0,0,0,0,0,0,0,0,0,0,0,0,0,0,0,0,3,0,0,0,0,0,0,0,0,0,0,0,0,0,0,0,0,0,0,0,0,0,0,0,0,0,18,0,0,0,0,7,0,0,0,0,0,0,0,0,0,0,0,0,0,0,0,0,0,0,1,0,8,0,0,0,0,0,0,0,0,0,0,0,0
2013-03-24,0,0,0,0,0,0,0,0,0,0,0,1,0,0,0,0,0,0,0,0,0,0,0,1,0,0,0,0,0,1,0,0,0,1,2,0,0,0,0,0,0,0,0,0,0,0,0,0,0,0,0,0,0,0,0,0,0,0,0,58,1,2,0,0,0,0,0,0,0,0,0,0,1,0,0,0,0,0,0,0,1,0,0,0,0,0,0,0,0,0,0,0,0,0,0,2,0,0,0,0,0,0,0,0,0,0,0,0,0,0,0,0,0,0,0,0,1,0,0,0,0,0,0,0,0,1,0,0,1,0,0,0,0,0,0,0,0,0,0,0,0,0,0,0,0,0,0,0,0,0,0,0,0,0,0,0,0,0,0,0,0,0,0,0,0,0,0,0,0,0,0,2,0,2,0,0,0,0,0,0,0,0,0,0,1,0,0,0,0,0,0,0,0,0,0,0,0,0,0,0,0,0,0,0,0,0,0,0,0,0,0,0,0,0,0,0,0,0,0,0,4,0,0,0,0,0,0,0,0,0,0,0,0,0,1,0,0,0,0,0,0,0,0,0,0,0,29,0,0,0,0,2,0,0,0,0,0,0,0,0,0,0,0,0,0,0,0,0,0,0,1,0,2,0,0,0,0,0,0,0,0,0,0,0,0
2013-03-31,0,0,0,0,0,0,0,0,0,0,0,0,0,0,0,0,0,0,0,0,0,0,0,0,0,0,0,0,0,0,0,0,0,4,2,0,0,0,0,0,0,0,0,0,1,0,0,0,0,0,0,0,0,0,0,0,0,0,0,82,0,2,0,0,0,0,0,0,0,0,0,0,1,0,0,0,0,0,0,0,4,0,0,0,0,0,0,0,0,0,0,0,0,0,0,6,0,0,0,0,0,0,0,0,0,0,0,0,0,0,0,0,0,0,0,0,2,1,0,0,0,0,0,0,0,2,0,0,8,0,0,0,0,0,0,0,0,0,0,0,0,0,0,0,0,0,0,0,0,0,0,0,0,0,0,0,0,0,0,0,0,0,0,0,0,0,0,0,0,0,0,0,0,0,0,0,0,0,0,0,0,0,0,0,3,0,0,0,0,0,0,0,0,0,0,0,0,0,0,0,0,0,0,0,0,0,0,0,0,0,0,0,0,0,0,0,0,0,0,0,0,0,0,0,0,0,0,0,0,0,0,0,0,0,0,0,4,0,0,0,0,0,0,0,0,0,23,0,0,0,0,3,0,0,0,0,0,0,0,0,0,0,0,0,0,0,0,0,0,0,3,0,5,0,0,0,0,0,0,0,0,0,0,0,0
2013-04-07,0,0,0,0,0,0,0,0,0,0,0,0,0,0,0,0,0,0,0,0,0,0,0,0,0,2,0,0,0,0,0,0,0,0,5,0,0,0,0,0,0,0,0,0,0,0,0,0,0,0,0,1,0,0,1,0,0,0,0,82,0,0,0,0,0,0,0,0,0,0,0,0,5,0,0,0,0,0,0,0,3,0,0,0,0,0,0,0,0,0,0,0,0,0,0,3,0,0,0,0,0,0,0,0,0,0,0,0,0,0,0,0,0,0,0,0,2,0,0,0,0,0,0,0,0,3,0,0,4,0,0,0,0,0,0,0,0,0,0,0,0,0,0,1,0,0,0,0,0,0,0,0,0,0,0,0,0,0,0,0,0,0,0,0,0,0,0,0,0,0,0,1,0,0,0,0,0,0,0,0,0,0,0,0,3,0,0,0,1,0,0,0,0,0,0,0,0,0,0,0,0,0,0,0,0,0,0,1,0,0,0,0,0,0,0,0,0,0,0,0,0,0,0,0,0,0,0,0,0,0,0,0,0,0,0,4,4,0,0,0,0,0,2,0,0,0,24,0,0,0,0,0,0,0,0,0,0,0,0,1,0,0,0,0,0,0,0,0,0,0,0,0,2,0,0,0,0,0,0,0,0,0,0,0,0
2013-04-14,0,0,0,0,0,0,0,0,0,0,0,0,0,0,1,0,0,0,0,0,0,0,0,1,0,0,0,0,0,0,0,0,0,3,1,0,0,0,0,0,0,0,0,0,0,0,0,0,0,0,0,1,0,0,0,0,0,0,0,64,2,1,0,1,0,0,0,0,0,0,0,0,0,0,0,0,0,0,0,0,2,0,0,0,0,0,0,0,0,0,0,0,0,0,0,0,0,0,0,0,0,1,0,0,2,0,0,0,0,0,0,0,0,0,0,0,2,0,0,0,0,0,0,0,0,1,0,0,6,0,0,0,0,0,0,0,0,0,0,0,0,0,0,0,0,0,0,2,0,0,0,0,0,0,1,0,0,0,0,0,1,0,0,0,0,0,0,0,0,0,0,4,0,0,0,0,0,0,0,0,0,0,0,0,6,0,0,0,0,0,0,0,1,0,0,0,0,0,0,0,0,0,0,0,0,0,0,0,0,0,0,0,0,0,0,0,0,0,0,0,0,0,0,0,0,0,0,0,1,0,0,0,0,0,0,0,1,0,0,0,0,0,0,0,0,0,21,0,0,0,0,0,0,0,0,0,0,0,0,0,0,0,0,0,0,0,0,0,0,0,0,0,8,0,0,0,0,0,0,0,0,0,0,0,0
2013-04-21,0,0,0,0,0,0,0,0,0,0,0,0,0,0,4,0,0,0,0,0,0,0,0,0,0,0,0,0,0,0,0,0,0,0,2,0,0,0,0,0,0,0,0,0,0,0,0,0,0,0,0,0,0,0,0,0,0,0,0,22,0,2,0,1,0,0,0,0,0,0,0,0,0,0,0,0,0,0,0,0,0,0,0,0,0,0,0,0,0,0,0,0,0,1,0,0,0,0,0,0,0,0,0,0,1,0,0,0,0,0,0,0,0,0,0,0,6,0,0,0,0,0,0,0,0,0,0,0,0,0,0,0,0,0,0,0,0,0,0,0,0,0,0,0,0,0,0,1,0,0,0,0,0,0,0,0,0,0,0,0,3,0,0,0,0,0,0,0,0,0,0,0,0,1,0,0,0,0,0,0,0,0,0,0,4,0,0,0,0,0,0,0,0,0,0,0,0,0,0,0,0,0,0,0,0,0,0,0,0,0,0,0,0,0,0,0,0,0,0,0,0,0,0,0,0,0,1,0,1,0,0,0,0,0,0,0,0,0,0,0,0,0,0,0,0,0,19,0,0,0,0,0,0,0,0,0,0,0,0,0,0,0,0,0,0,0,0,0,0,0,3,0,2,0,0,0,0,0,0,0,0,0,0,0,0
2013-04-28,0,0,0,0,0,0,0,0,0,0,0,0,0,0,0,0,0,0,0,0,0,0,0,3,0,0,0,0,0,0,0,0,0,0,5,0,0,0,0,0,0,0,0,0,0,0,0,0,0,0,0,0,0,0,0,0,0,1,0,0,0,1,0,1,0,0,0,0,0,0,0,0,0,0,0,0,0,0,0,0,0,0,0,0,0,0,0,0,0,0,0,0,0,0,0,1,0,0,0,0,0,0,0,0,0,0,0,0,0,0,0,0,0,0,0,0,2,0,0,0,0,0,0,0,0,0,0,0,0,0,0,0,0,0,0,0,0,0,0,0,0,0,0,0,0,0,0,0,0,0,0,0,0,0,0,0,0,0,0,0,0,0,0,0,0,0,0,0,0,0,0,0,0,0,0,0,0,0,0,0,0,0,0,0,4,0,0,0,0,0,0,0,0,0,0,0,0,0,0,0,0,0,0,0,0,0,0,0,0,0,0,0,0,0,0,0,0,0,0,0,0,0,0,0,0,0,0,0,0,0,0,0,0,0,0,0,0,0,0,0,0,0,0,0,0,0,21,0,0,0,0,0,0,0,0,0,0,0,0,1,0,0,0,0,0,0,0,0,0,0,4,0,2,0,0,0,0,0,0,0,0,0,0,0,0
2013-05-05,0,0,0,0,0,0,0,0,0,0,0,1,0,0,0,0,0,0,0,0,0,0,0,0,0,0,0,0,0,0,0,0,0,2,2,0,0,0,0,1,0,0,0,0,0,0,0,0,0,0,0,0,0,0,0,0,0,0,0,59,1,1,0,0,0,0,0,0,0,0,0,0,0,0,0,0,0,0,0,0,1,0,0,0,0,0,0,0,0,0,0,0,2,0,0,0,0,0,0,0,0,0,0,0,0,0,0,0,0,0,0,0,0,0,0,0,2,0,0,0,0,0,0,0,0,1,0,0,2,0,0,0,0,0,0,0,0,0,0,0,0,0,0,0,0,0,0,0,0,0,0,0,0,0,0,0,0,0,0,0,0,0,0,0,0,0,0,0,0,0,0,2,0,0,0,0,0,0,0,0,0,0,0,0,3,0,1,0,0,0,0,0,0,0,0,0,0,0,0,0,0,0,0,0,0,0,0,0,0,0,0,0,0,0,0,0,0,0,0,0,0,0,0,0,0,0,0,0,0,0,0,0,0,0,0,0,0,0,0,0,0,0,0,0,0,0,14,0,0,0,0,0,0,0,0,0,0,0,0,1,0,0,0,0,0,0,0,0,0,0,6,0,5,0,0,0,0,0,0,0,0,0,0,0,0
2013-05-12,0,0,0,0,0,0,0,0,0,0,0,0,0,0,0,0,0,0,0,0,0,0,0,1,0,0,0,0,0,0,0,0,0,0,2,0,0,0,0,0,0,0,0,0,0,0,0,0,0,0,0,0,0,0,0,0,0,0,0,11,0,0,0,0,0,0,0,1,0,0,0,0,0,0,0,0,0,0,0,0,1,0,0,0,0,0,0,0,0,0,0,0,0,0,0,1,0,0,0,0,0,0,1,0,0,0,0,0,0,0,0,0,0,0,0,0,3,0,1,0,0,0,0,0,0,1,0,0,3,0,0,0,0,0,0,0,0,0,0,0,0,0,0,0,0,0,0,0,0,0,0,0,0,0,0,0,0,0,0,1,0,0,0,0,0,0,0,0,0,0,0,0,0,0,0,0,0,0,0,0,0,0,0,0,0,0,0,0,0,0,0,0,0,0,0,0,0,0,0,0,0,0,0,1,0,0,0,0,0,0,0,0,0,0,0,0,0,0,0,0,0,0,0,0,0,0,0,0,0,0,0,0,0,0,0,2,0,0,0,0,0,0,0,0,0,0,4,0,0,0,0,0,0,0,0,0,0,0,0,0,0,0,0,0,0,0,0,0,0,0,0,0,0,0,0,0,0,0,0,0,0,0,0,0,0
2013-05-19,0,0,0,0,0,0,0,0,0,0,1,0,0,0,0,0,0,0,0,0,0,0,0,1,0,0,0,0,0,0,0,0,0,0,0,0,0,0,0,0,0,0,0,0,0,0,0,0,0,0,0,0,0,0,0,0,0,0,0,10,0,0,0,0,0,0,0,0,0,0,0,0,0,0,0,0,0,0,0,0,0,0,0,0,0,0,0,0,0,0,0,0,0,0,0,0,0,0,0,0,0,0,0,0,0,0,0,0,0,0,0,0,0,0,0,0,0,0,0,0,0,0,0,0,0,1,0,0,0,0,0,0,0,0,0,0,0,0,0,0,0,0,0,0,0,0,0,0,0,0,0,0,0,0,0,0,0,0,0,0,0,0,0,0,0,0,0,0,0,0,0,0,0,0,0,0,0,0,0,0,0,0,0,0,4,0,0,0,0,0,0,0,0,0,0,0,0,0,0,0,0,0,0,0,0,0,0,0,0,0,0,0,0,0,0,0,0,0,0,0,0,0,0,0,0,0,0,0,0,0,0,0,0,0,0,0,0,0,0,0,0,0,0,0,0,0,3,0,0,0,0,0,0,0,0,0,0,0,0,0,0,0,0,0,0,0,0,0,0,0,0,0,14,0,0,0,0,0,0,0,0,0,0,0,0
2013-05-26,0,0,0,0,0,0,0,0,0,0,0,0,0,0,0,0,0,0,0,0,0,0,0,1,0,0,0,0,0,0,0,2,0,1,0,0,0,0,0,0,0,0,0,0,0,0,0,0,0,0,0,0,0,0,0,0,0,0,0,5,0,0,1,0,0,0,0,0,0,0,0,0,0,0,0,0,0,0,0,0,1,0,0,0,0,0,0,0,0,0,0,0,0,0,0,0,0,0,0,0,0,0,1,0,0,0,0,0,0,0,0,0,0,0,0,0,1,0,0,0,0,0,0,0,0,0,0,0,1,0,0,0,0,0,0,0,0,0,0,0,0,0,0,0,0,0,0,0,0,0,0,0,0,0,0,0,0,0,0,0,0,0,0,0,0,0,0,0,0,0,0,0,0,0,0,0,0,0,0,0,0,0,0,0,1,0,0,0,0,0,0,0,0,0,0,0,0,0,0,1,0,0,0,0,0,0,0,0,0,0,0,0,0,0,0,0,0,0,0,0,0,0,0,0,0,0,0,0,0,0,0,0,0,0,0,0,0,0,0,0,0,0,0,0,0,0,0,0,0,0,0,0,0,0,0,0,0,0,0,0,0,0,0,0,0,0,0,0,0,0,0,0,8,0,0,0,0,0,0,0,0,0,0,0,0
2013-06-02,0,0,0,0,0,0,0,0,0,0,0,0,0,0,0,0,0,0,0,0,0,0,0,1,0,0,0,0,0,0,0,1,0,0,2,0,0,0,0,1,0,0,0,0,0,0,0,0,0,0,0,0,0,0,0,0,0,0,0,16,0,0,2,0,0,0,0,0,0,0,0,0,0,0,0,0,0,0,0,0,0,0,0,0,0,0,0,0,0,0,0,0,0,0,0,0,0,0,0,0,0,0,0,0,0,0,0,0,0,0,0,0,0,0,0,0,2,0,0,0,0,0,0,0,0,1,0,0,2,0,0,0,0,0,0,0,0,0,0,0,0,0,0,0,0,0,0,0,0,0,0,0,0,0,0,0,0,0,0,0,0,0,0,0,0,0,0,0,0,0,0,0,0,0,0,0,0,0,0,0,0,0,0,0,0,0,0,0,0,0,0,0,0,0,0,0,0,0,0,0,0,0,0,0,0,0,0,0,0,0,0,0,0,0,0,0,0,0,0,0,0,0,0,0,0,0,0,0,1,0,0,0,0,0,0,0,0,0,0,0,0,0,0,1,0,0,0,0,0,0,0,1,0,0,0,0,0,0,0,0,0,0,0,0,0,0,0,0,0,0,1,0,5,0,0,1,0,0,0,0,0,0,0,0,0
2013-06-09,0,0,0,0,0,0,0,0,0,0,0,0,0,0,0,0,0,0,0,0,0,0,0,1,0,0,0,0,0,0,0,0,0,0,1,0,0,0,0,0,0,0,0,0,0,0,0,0,0,0,0,0,0,0,0,0,0,0,0,5,0,2,0,0,0,0,0,0,0,0,0,0,0,0,0,0,0,0,0,0,0,0,0,0,0,0,0,0,0,0,0,0,0,0,0,0,0,0,0,1,0,0,0,0,0,0,0,0,0,0,0,0,0,0,0,0,1,0,0,0,1,0,0,0,0,1,0,0,0,0,0,0,0,0,0,0,0,0,0,0,0,0,0,0,0,0,0,0,0,0,0,0,0,0,0,0,0,0,0,0,0,0,0,0,0,0,0,0,0,0,0,0,0,0,0,0,0,0,0,0,0,0,0,0,1,0,0,0,0,0,0,0,0,0,0,0,0,0,0,0,0,0,0,0,0,0,0,0,0,0,0,0,0,0,0,0,0,0,0,0,0,0,0,0,0,0,0,0,0,0,0,0,0,0,0,0,0,0,0,0,0,0,2,0,0,0,0,0,0,0,0,0,0,0,0,0,0,0,0,0,0,0,0,0,0,0,0,0,0,0,1,0,6,0,0,0,0,0,0,0,0,0,0,0,0
2013-06-16,0,0,0,0,0,0,0,0,0,0,0,0,0,0,0,0,0,0,0,0,0,0,0,0,0,0,0,0,0,0,0,0,0,0,0,0,0,0,0,0,0,0,0,0,1,0,0,0,0,0,0,0,0,0,0,0,0,0,0,8,0,0,0,0,0,0,0,0,0,0,0,0,0,0,0,0,0,0,0,0,2,0,0,0,0,0,0,0,0,0,0,0,0,0,0,0,0,0,0,0,0,0,0,0,0,0,0,0,0,0,0,0,0,0,0,0,1,0,0,0,0,0,0,0,0,0,0,0,0,0,0,0,0,0,0,0,0,0,0,0,0,0,0,0,0,0,0,0,0,0,0,0,0,0,0,0,0,0,0,0,0,0,0,0,0,0,0,0,0,0,0,1,0,0,0,0,0,0,0,0,0,0,0,0,1,0,0,0,0,0,0,0,0,0,0,0,0,0,0,0,0,0,0,0,0,0,0,0,0,0,0,0,0,0,0,0,0,0,0,0,0,0,0,0,0,0,0,0,0,0,0,0,0,0,0,0,0,0,1,0,0,0,0,0,0,0,1,0,0,0,0,1,0,0,0,0,0,0,0,0,0,0,0,0,0,0,0,0,0,0,0,0,0,0,0,0,0,0,0,0,0,0,0,0,0
2013-06-23,0,0,0,0,0,0,0,0,0,0,0,0,0,0,0,0,0,0,0,0,0,0,0,0,0,0,0,0,0,0,0,0,0,0,1,0,0,0,0,0,0,0,0,0,0,0,0,0,0,0,0,0,0,0,0,0,0,0,0,7,0,0,0,0,0,0,0,1,0,0,0,0,0,0,0,0,0,0,0,0,1,0,0,0,0,0,0,0,0,0,0,0,0,0,0,0,0,0,0,0,0,0,0,0,0,0,0,0,0,0,0,0,0,0,0,0,0,0,0,0,0,0,0,0,0,0,0,0,0,0,0,0,0,0,0,0,0,0,0,0,0,0,0,0,0,0,0,0,0,0,0,0,0,0,0,0,0,0,0,0,0,0,0,0,0,0,0,0,0,0,0,0,0,0,0,0,0,0,0,0,0,0,0,0,3,0,0,0,0,0,0,0,0,0,0,0,0,0,0,0,0,0,0,0,0,0,0,0,0,0,0,0,0,0,0,0,0,0,0,0,0,0,0,0,0,0,0,0,0,0,0,0,0,0,0,1,0,0,0,0,0,0,0,0,0,0,1,0,0,0,0,0,0,0,0,0,0,0,0,0,0,0,0,0,0,0,0,0,0,0,0,0,0,0,0,0,0,0,0,0,0,0,0,0,0
2013-06-30,0,0,0,0,0,0,0,0,0,0,0,0,0,0,0,0,0,0,0,0,0,0,0,0,0,0,0,0,0,0,0,0,0,0,0,0,0,0,0,0,0,0,0,0,0,0,0,0,0,0,0,0,0,0,0,0,0,0,0,5,0,1,0,0,0,0,0,0,0,0,0,0,0,0,0,0,0,0,0,0,0,0,0,0,0,0,0,0,0,0,0,0,0,0,0,0,0,0,0,0,0,0,0,0,0,0,0,0,0,0,0,0,0,0,0,0,2,0,0,0,0,0,0,0,0,0,0,0,0,0,0,0,0,0,0,0,0,0,0,0,0,0,0,0,0,0,0,0,0,0,0,0,0,0,0,0,0,0,0,0,0,0,0,0,0,0,0,0,0,0,0,0,0,0,0,0,0,0,0,0,0,0,0,0,1,0,0,0,0,0,0,0,0,0,0,0,0,0,0,0,0,0,0,0,0,0,0,0,0,0,0,0,0,0,0,0,0,0,0,0,0,0,0,0,0,0,0,0,0,0,0,0,0,0,0,0,0,0,0,0,0,0,0,0,0,0,0,0,0,0,0,0,0,0,0,0,0,0,0,0,0,0,0,0,0,0,0,0,0,0,1,0,0,0,0,0,0,0,0,0,0,0,0,0,0
2013-07-07,0,0,0,0,0,0,0,0,0,0,0,0,0,0,0,0,0,0,0,0,0,0,0,0,0,0,0,0,0,0,0,0,0,0,0,0,0,0,0,0,0,0,0,0,0,0,0,0,0,0,0,0,0,0,0,0,0,0,0,3,0,0,0,0,0,0,0,0,0,0,0,0,0,0,0,0,0,0,0,0,0,0,0,0,0,0,0,0,0,0,0,0,0,0,0,3,0,0,0,0,0,0,0,0,0,0,0,0,0,0,0,0,0,0,0,0,1,0,0,0,0,0,0,0,0,0,0,0,1,0,0,0,0,0,0,0,0,0,0,0,0,0,0,0,0,0,0,0,0,0,0,0,0,0,0,0,0,0,0,0,0,0,0,0,0,0,0,0,0,0,0,0,0,0,0,0,0,0,0,0,0,0,0,0,0,0,0,0,0,0,0,0,0,0,0,0,0,0,0,0,0,0,0,0,0,0,0,0,0,0,0,0,0,0,0,0,0,0,0,0,0,0,0,0,0,0,0,0,0,0,0,0,0,0,0,0,0,0,0,0,0,0,0,0,0,0,0,0,0,0,0,0,0,0,0,0,0,0,0,0,0,0,0,0,0,0,0,0,0,0,0,0,1,0,0,0,0,0,0,0,0,0,0,0,0
2013-07-14,0,0,0,0,0,0,0,0,0,0,0,0,0,0,0,0,0,0,0,0,0,0,0,0,0,0,0,0,0,0,0,0,0,0,0,0,0,0,0,0,0,0,0,0,0,0,0,0,0,0,0,0,0,0,0,0,0,0,0,1,0,1,0,0,0,0,0,0,0,0,0,0,0,0,0,0,0,0,0,0,0,0,0,0,0,0,0,0,0,0,0,0,0,0,0,0,0,0,0,0,0,0,0,0,0,0,0,0,0,0,0,0,0,0,0,0,0,0,0,0,0,0,0,0,0,0,0,0,0,0,0,0,0,0,0,0,0,0,0,0,0,0,0,0,0,0,0,0,0,0,0,0,0,0,0,0,0,0,0,0,0,0,0,0,0,0,0,0,0,0,0,0,0,0,0,0,0,0,0,0,0,0,0,0,0,0,0,0,0,0,0,0,0,0,0,0,0,0,0,0,0,0,0,0,0,0,0,0,0,0,0,0,0,0,0,0,0,0,0,0,0,0,0,0,0,0,0,0,0,0,0,0,0,0,0,0,0,0,0,0,0,0,0,0,0,0,0,0,0,0,0,0,0,0,0,0,0,0,0,0,0,0,0,0,0,0,0,0,0,0,0,0,0,0,0,0,0,0,0,0,0,0,0,0,0
2013-07-21,0,0,0,0,0,0,0,0,0,0,0,0,0,0,0,0,0,0,0,0,0,0,0,0,0,0,0,0,0,0,0,0,0,0,0,0,0,0,0,0,0,0,0,0,0,0,0,0,0,0,0,0,0,0,0,0,0,0,0,0,0,0,0,0,0,0,0,0,0,0,0,0,0,0,0,0,0,0,0,0,0,0,0,0,0,0,0,0,0,0,0,0,0,0,0,0,0,0,0,0,0,0,0,0,0,0,0,0,0,0,0,0,0,0,0,0,0,0,0,0,0,0,0,0,0,0,0,0,0,0,0,0,0,0,0,0,0,0,0,0,0,0,0,0,0,0,0,0,0,0,0,0,0,0,0,0,0,0,0,0,0,0,0,0,0,0,0,0,0,0,0,0,0,0,0,0,0,0,0,0,0,0,0,0,0,0,0,0,0,0,0,0,0,0,0,0,0,0,0,0,0,0,0,0,0,0,0,0,0,0,0,0,0,0,0,0,0,0,0,0,0,0,0,0,0,0,0,0,0,0,0,0,0,0,0,0,0,0,0,0,0,0,0,0,0,0,0,0,0,0,0,0,0,0,0,0,0,0,0,0,0,0,0,0,0,0,0,0,1,0,0,0,0,0,0,0,0,0,0,0,0,0,0,0,0
2013-08-11,0,0,0,0,0,0,0,0,0,0,0,0,0,0,0,0,0,0,0,0,0,0,0,0,0,0,0,0,0,0,0,0,0,0,0,0,0,0,0,0,0,0,0,0,0,0,0,0,0,0,0,0,0,0,0,0,0,0,0,0,0,0,0,0,0,0,0,0,0,0,0,0,0,0,0,0,0,0,0,0,0,0,0,0,0,0,0,0,0,0,0,0,0,0,0,0,0,0,0,0,0,0,0,0,0,0,0,0,0,0,0,0,0,0,0,0,1,0,0,0,0,0,0,0,0,0,0,0,0,0,0,0,0,0,0,0,0,0,0,0,0,0,0,0,0,0,0,0,0,0,0,0,0,0,0,0,0,0,0,0,0,0,0,0,0,0,0,0,0,0,0,0,0,0,0,0,0,0,0,0,0,0,0,0,0,0,0,0,0,0,0,0,0,0,0,0,0,0,0,0,0,0,0,0,0,0,0,0,0,0,0,0,0,0,0,0,0,0,0,0,0,0,0,0,0,0,0,0,0,0,0,0,0,0,0,1,0,0,0,0,0,0,0,0,0,0,0,0,0,0,0,0,0,0,0,0,0,0,0,0,0,0,0,0,0,0,0,0,0,0,0,0,0,0,0,0,0,0,0,0,0,0,0,0,0
2013-08-18,0,0,0,0,0,0,0,0,0,0,0,0,0,0,0,0,0,0,0,0,0,0,0,0,0,0,0,0,0,0,0,0,0,0,0,0,0,0,0,0,0,0,0,0,0,0,0,0,0,0,0,0,0,0,0,0,0,0,0,0,0,0,0,0,0,0,0,0,0,0,0,0,0,0,0,0,0,0,0,0,0,0,0,0,0,0,0,0,0,0,0,0,0,0,0,0,0,0,0,0,0,0,0,0,0,0,0,0,0,0,0,0,0,0,0,0,0,0,0,0,0,0,0,0,0,0,0,0,0,0,0,0,0,0,0,0,0,0,0,0,0,0,0,0,0,0,0,0,0,0,0,0,0,0,0,0,0,0,0,0,0,0,0,0,0,0,0,0,0,0,0,0,0,0,0,0,0,0,0,0,0,0,0,0,0,0,0,0,0,0,0,0,0,0,0,0,0,0,0,0,0,0,0,0,0,0,0,0,0,0,0,0,0,0,0,0,0,0,0,0,0,0,0,0,0,0,0,0,0,0,0,0,0,0,0,1,0,0,0,0,0,0,0,0,0,0,0,0,0,0,0,0,0,0,0,0,0,0,0,0,0,0,0,0,0,0,0,0,0,0,0,0,0,0,0,0,0,0,0,0,0,0,0,0,0
2013-09-01,0,0,0,0,0,0,0,0,0,0,0,0,0,0,0,0,0,0,0,0,0,0,0,0,0,0,0,0,0,0,0,0,0,0,0,0,0,0,0,0,0,0,0,0,0,0,0,0,0,0,0,0,0,0,0,0,0,0,0,0,0,0,0,0,0,0,0,0,0,0,0,0,0,0,0,0,0,0,0,0,0,0,0,0,0,0,0,0,0,0,0,0,0,0,0,0,0,0,0,0,0,0,0,0,0,0,0,0,0,0,0,0,0,0,0,0,1,0,0,0,0,0,0,0,0,0,0,0,0,0,0,0,0,0,0,0,0,0,0,0,0,0,0,0,0,0,0,0,0,0,0,0,0,0,0,0,0,0,0,0,0,0,0,0,0,0,0,0,0,0,0,0,0,0,0,0,0,0,0,0,0,0,0,0,0,0,0,0,0,0,0,0,0,0,0,0,0,0,0,0,0,0,0,0,0,0,0,0,0,0,0,0,0,0,0,0,0,0,0,0,0,0,0,0,0,0,0,0,0,0,0,0,0,0,0,0,0,0,0,0,0,0,0,0,0,0,0,0,0,0,0,0,0,0,0,0,0,0,0,0,0,0,0,0,0,0,0,0,0,0,0,0,0,0,0,0,0,0,0,0,0,0,0,0,0
2013-09-08,0,0,0,0,0,0,0,0,0,0,0,0,0,0,0,0,0,0,0,0,0,0,0,0,0,0,0,0,0,0,0,0,0,0,2,0,0,0,0,0,0,0,0,0,0,0,0,0,0,0,0,0,0,0,0,0,0,0,0,0,0,0,0,0,0,0,0,0,0,0,0,0,0,0,0,0,0,0,0,0,0,0,0,0,0,0,0,0,0,0,0,0,0,0,0,0,0,0,0,0,0,0,1,0,0,0,0,0,0,0,0,0,0,0,0,0,0,0,0,0,0,0,0,0,0,0,0,0,3,0,0,0,0,0,0,0,0,0,0,0,0,0,0,0,0,0,0,0,0,0,0,0,0,0,0,0,0,0,0,0,0,0,0,0,0,0,0,0,0,0,0,0,0,0,0,0,0,0,0,0,0,0,0,0,0,0,0,0,0,0,0,0,0,0,0,0,0,0,0,0,0,0,0,0,0,0,0,0,0,0,0,0,0,0,0,0,0,0,0,0,0,0,0,0,0,0,0,0,0,0,0,0,0,0,0,0,0,0,0,0,0,0,0,0,0,0,0,0,0,0,0,0,0,0,0,0,0,0,0,0,0,0,0,0,0,0,0,0,0,0,0,0,0,0,0,0,0,0,0,0,0,0,0,0,0
2013-09-15,0,0,0,0,0,0,0,0,0,0,0,0,0,0,0,0,0,0,0,0,0,0,0,0,0,0,0,0,0,0,0,0,0,0,1,0,0,0,0,0,0,0,0,0,0,0,0,0,0,0,0,0,0,0,0,0,0,0,0,1,0,0,0,0,0,0,0,0,0,0,0,0,0,0,0,0,0,0,0,0,0,0,0,0,0,0,0,0,0,0,0,0,0,0,0,1,0,0,0,0,0,0,0,0,0,0,0,0,0,0,0,0,0,0,0,0,0,0,0,0,0,0,0,0,0,0,0,0,0,0,0,0,0,0,0,0,0,0,0,0,0,0,0,0,0,0,0,0,0,0,0,0,0,0,0,0,0,0,0,0,0,0,0,0,0,0,0,0,0,0,0,0,0,0,0,0,0,0,0,0,0,0,0,0,0,0,0,0,0,0,0,0,0,0,0,0,0,0,0,0,0,0,0,0,0,0,0,0,0,0,0,0,0,0,0,0,0,0,0,0,0,0,0,0,0,0,0,0,0,0,0,0,0,0,0,0,0,0,0,0,0,0,0,0,0,0,1,0,0,0,0,0,0,0,0,0,0,0,0,0,0,0,0,0,0,0,0,0,0,0,0,0,1,0,0,0,0,0,0,0,0,0,0,0,0
2013-09-22,0,0,0,0,0,0,0,0,0,0,0,0,0,0,0,0,0,0,0,0,0,0,0,0,0,0,0,0,0,0,0,0,0,0,0,0,0,0,0,0,0,0,0,0,0,0,0,0,0,0,0,0,0,0,0,0,0,0,0,0,0,0,0,0,0,0,0,0,0,0,0,0,0,0,0,0,0,0,0,0,1,0,0,0,0,0,0,0,0,0,0,0,0,0,0,0,0,0,0,0,0,0,0,0,0,0,0,0,0,0,0,0,0,0,0,0,0,0,0,0,0,0,0,0,0,1,0,0,0,0,0,0,0,0,0,0,0,0,0,0,0,0,0,0,0,0,0,0,0,0,0,0,0,0,0,0,0,0,0,0,0,0,0,0,0,0,0,0,0,0,0,0,0,0,0,0,0,0,0,0,0,0,0,0,0,0,0,0,0,0,0,0,0,0,0,0,0,0,0,0,0,0,0,0,0,0,0,0,0,0,0,0,0,0,0,0,0,0,0,0,0,0,0,0,0,0,0,0,0,0,0,0,0,0,0,0,0,0,0,0,0,0,0,0,0,0,0,0,0,0,0,0,0,0,0,0,0,0,0,0,0,0,0,0,0,0,0,0,0,0,0,0,1,0,0,0,0,0,0,0,0,0,0,0,0
2013-09-29,0,0,0,0,0,0,0,0,0,0,0,0,0,0,0,0,0,0,0,0,0,0,0,0,0,0,0,0,0,0,0,0,0,0,1,0,0,0,0,0,0,0,0,0,0,0,0,0,0,0,0,0,0,0,0,0,0,0,0,0,0,0,0,0,0,0,0,0,0,0,0,0,0,0,0,0,0,0,0,0,0,0,0,0,0,0,0,0,0,0,0,0,0,0,0,0,0,0,0,0,0,0,0,0,0,0,0,0,0,0,0,0,0,0,0,0,0,0,0,0,0,0,0,0,0,0,0,0,0,0,0,0,0,0,0,0,0,0,0,0,0,0,0,0,0,0,0,1,0,0,0,0,0,0,0,0,0,0,0,0,0,0,0,0,0,0,0,0,0,0,0,0,0,0,0,0,0,0,0,0,0,0,0,0,0,0,0,0,0,0,0,0,0,0,0,0,0,0,0,0,0,0,0,0,0,0,0,1,0,0,0,0,0,0,0,0,0,0,0,0,0,0,0,0,0,0,0,0,0,0,0,0,0,0,0,0,0,0,0,0,0,0,0,0,0,0,0,0,0,0,0,0,0,0,0,0,0,0,0,0,0,0,0,0,0,0,0,0,0,0,0,0,0,0,0,0,0,0,0,0,0,0,0,0,0
2013-10-06,0,0,0,0,0,0,0,0,0,0,0,0,0,0,0,0,0,0,0,0,0,0,0,0,0,0,0,0,0,0,0,0,0,0,0,0,0,0,0,0,0,0,0,0,0,0,0,0,0,0,0,0,0,0,0,0,0,0,0,0,0,0,0,0,0,0,0,0,0,0,0,0,0,0,0,0,0,0,0,0,0,0,0,0,0,0,0,0,0,0,0,0,0,0,0,0,0,0,0,0,0,0,0,0,0,0,0,0,0,0,0,0,0,0,0,0,0,0,0,0,0,0,0,0,0,0,0,0,0,0,0,0,1,0,0,0,0,0,0,0,0,0,0,0,0,0,0,0,0,0,0,0,0,0,0,0,0,0,0,0,0,0,0,0,0,0,0,0,0,0,0,0,0,0,0,0,0,0,0,0,0,0,0,0,1,0,0,0,0,0,0,0,0,0,0,0,0,0,0,0,0,0,0,0,0,0,0,0,0,0,0,0,0,0,0,0,0,0,0,0,0,0,0,0,0,0,0,0,0,0,0,0,0,0,0,1,0,0,0,0,0,0,0,0,0,0,0,0,0,0,0,0,0,0,0,0,0,0,0,0,0,0,0,0,0,0,0,0,0,0,0,0,0,0,0,0,0,0,0,0,0,0,0,0,0
2013-10-13,0,0,0,0,0,0,0,0,0,0,0,0,0,0,0,0,0,0,0,0,0,0,0,0,0,0,0,0,0,0,0,0,0,0,0,0,0,0,0,0,0,0,0,0,0,0,0,0,0,0,0,0,0,0,0,0,0,0,0,1,0,0,0,0,0,0,0,0,0,0,0,0,0,0,0,0,0,0,0,0,0,0,0,0,0,0,0,1,0,0,0,0,0,0,0,0,0,0,0,0,0,0,0,0,0,0,0,0,0,0,0,0,0,0,0,0,0,0,0,0,0,0,0,0,0,0,0,0,0,0,0,0,0,0,0,0,0,0,0,0,0,0,0,0,0,0,0,1,0,0,0,0,0,0,0,0,0,0,0,0,0,0,0,0,0,0,0,0,0,0,0,0,0,1,0,0,0,0,0,0,0,0,0,0,0,0,0,0,0,0,0,0,0,0,0,0,0,0,0,0,0,0,0,0,0,0,0,0,0,0,0,0,0,0,0,0,0,0,0,0,0,0,0,0,0,0,0,0,0,0,0,0,0,0,0,0,0,0,0,0,0,0,0,0,0,0,0,0,0,0,0,0,0,0,0,0,0,0,0,0,0,0,0,0,0,0,0,0,0,0,0,0,0,0,0,0,0,0,0,0,0,0,0,0,0
2013-10-20,0,0,0,0,0,0,0,0,0,0,0,0,0,0,0,0,0,0,0,0,0,0,0,1,0,0,0,0,0,0,0,0,0,1,0,0,0,0,0,0,0,0,0,0,0,0,0,0,0,0,0,0,0,0,0,0,0,0,0,5,0,0,0,0,0,0,0,0,0,0,0,0,0,0,0,0,0,0,0,0,0,0,0,0,0,0,0,0,0,0,0,0,0,0,0,0,0,0,0,0,0,0,0,0,0,0,0,0,0,0,0,0,0,0,0,0,0,0,0,0,0,0,0,0,0,0,0,0,0,0,0,0,0,0,0,0,0,0,0,0,0,0,0,0,0,0,0,0,0,0,0,0,0,0,0,0,0,0,0,0,0,0,0,0,0,0,0,0,0,0,0,0,0,0,0,0,0,0,0,0,0,0,0,0,0,0,0,0,0,0,0,0,0,0,0,0,0,0,0,0,0,0,0,0,0,0,0,0,0,0,0,0,0,0,0,0,0,0,0,0,0,0,0,0,0,0,0,0,0,0,0,0,0,0,0,0,0,0,0,0,0,0,0,0,0,0,1,0,0,0,0,0,0,0,0,0,0,0,0,0,0,0,0,0,0,0,0,0,0,0,0,0,0,0,0,0,0,0,0,0,0,0,0,0,0
2013-10-27,0,0,0,0,0,0,0,0,0,0,0,0,0,1,0,0,0,0,0,0,0,0,0,1,0,0,0,0,0,0,0,0,0,0,0,0,0,0,0,0,0,0,0,0,0,0,0,0,0,0,0,0,0,0,0,0,0,0,0,2,0,0,0,0,0,0,0,0,0,0,0,0,0,0,0,0,0,0,0,0,0,0,0,0,0,0,0,0,0,0,0,0,0,0,0,0,0,0,0,0,0,0,0,0,0,0,0,0,0,0,0,0,0,0,0,0,0,0,0,0,0,0,0,0,0,0,0,0,0,0,0,0,0,0,0,0,0,0,0,0,0,0,0,0,0,0,0,0,0,0,0,0,0,0,0,0,0,0,0,0,0,0,0,0,0,0,0,0,0,0,0,0,0,0,0,0,0,0,0,0,0,0,0,0,0,0,0,0,0,0,0,0,0,0,0,0,0,0,0,0,0,0,0,0,0,0,0,0,0,0,0,0,0,0,0,0,0,0,0,0,1,0,0,0,0,0,0,0,0,0,0,0,0,0,0,0,0,0,0,0,0,0,0,0,0,0,0,0,0,0,0,0,0,0,0,0,0,0,0,0,0,0,0,0,0,0,0,0,0,0,0,0,0,0,0,0,0,0,0,0,0,0,0,0,0
2013-11-03,0,0,0,0,0,0,0,0,0,0,0,0,0,0,0,0,0,0,0,0,0,0,0,0,0,0,0,0,0,0,0,0,0,0,0,0,0,0,0,0,0,0,0,0,0,0,0,0,0,0,0,0,0,0,0,0,0,0,0,0,0,0,0,0,0,0,0,0,0,0,0,0,0,0,0,0,0,0,0,0,0,0,0,0,0,0,0,0,0,0,0,0,0,0,0,0,0,0,0,0,0,0,0,0,0,0,0,0,0,0,0,0,0,0,0,0,0,0,0,0,0,0,0,0,0,0,0,0,0,0,0,0,0,0,0,0,0,0,0,0,0,0,0,0,0,0,0,0,0,0,0,0,0,0,0,0,0,0,0,0,0,0,0,0,0,0,0,0,0,0,0,0,0,0,0,0,0,0,0,0,0,0,0,0,0,0,0,0,0,0,0,0,0,0,0,0,0,0,0,0,0,0,0,0,0,0,0,0,0,0,0,0,0,0,0,0,0,0,0,0,0,0,0,0,0,0,0,0,0,0,0,0,0,0,0,0,0,0,0,0,0,0,0,0,0,0,5,0,0,0,0,0,0,0,0,0,0,0,0,0,0,0,0,0,0,0,0,0,0,0,0,0,0,0,0,0,0,0,0,0,0,0,0,0,0
2013-11-10,0,0,0,0,0,0,0,0,0,0,0,0,0,0,0,0,0,0,0,0,0,0,0,1,0,0,0,0,0,0,0,0,0,0,0,0,0,0,0,0,0,0,0,0,1,0,0,0,0,0,0,0,0,0,0,0,0,0,0,6,0,0,0,0,0,0,0,0,0,0,0,0,0,0,0,0,0,0,0,0,0,0,0,0,0,0,0,0,0,0,0,0,0,0,0,0,0,0,0,0,0,0,0,0,0,0,0,0,0,0,0,0,0,0,0,0,0,0,0,0,0,0,0,0,0,0,0,0,0,0,0,0,0,0,0,0,0,0,0,0,0,0,0,0,0,0,0,0,0,0,0,0,0,0,0,0,0,0,0,0,0,0,0,0,0,0,0,0,0,0,0,0,0,0,0,0,0,0,0,0,0,0,0,0,1,0,0,0,0,0,0,0,0,0,0,0,0,0,0,0,0,0,0,0,0,0,0,0,0,0,0,0,0,0,0,0,0,0,0,0,0,0,0,0,0,0,0,0,0,0,0,0,0,0,0,0,0,0,0,0,0,0,0,0,0,0,2,0,0,0,0,0,0,0,0,0,0,0,0,0,0,0,0,0,0,0,0,0,0,0,0,0,0,0,0,0,0,0,0,0,0,0,0,0,0
2013-11-17,0,0,0,0,0,0,0,0,0,0,0,0,0,0,0,0,0,0,0,0,0,0,0,0,0,0,0,0,0,0,0,0,0,0,0,0,0,0,0,0,0,0,0,0,0,0,0,0,0,0,0,0,0,0,0,0,0,0,0,10,0,0,0,0,0,0,0,0,0,0,0,0,0,0,0,0,0,0,0,0,0,0,0,0,0,0,0,0,0,0,0,0,0,0,0,0,0,0,0,0,0,0,0,0,1,0,0,0,0,0,0,0,0,0,0,0,0,0,0,0,0,0,0,0,0,0,0,0,0,0,0,0,0,0,0,0,0,0,0,0,0,0,0,0,0,0,0,0,0,0,0,0,0,0,0,0,0,0,0,0,0,0,0,0,0,0,0,0,0,0,0,0,0,0,0,0,0,0,0,0,0,0,0,0,1,0,0,0,0,0,0,0,0,0,0,0,0,0,0,0,0,0,0,0,0,0,0,0,0,0,0,0,0,0,0,0,0,0,0,0,0,0,0,0,0,0,0,0,0,0,0,0,0,0,0,0,0,0,0,0,0,0,0,0,0,0,2,0,0,0,0,0,0,0,0,0,0,0,0,0,0,0,0,0,0,0,0,0,0,0,0,0,0,0,0,0,0,0,0,0,0,0,0,0,0
2013-11-24,0,0,0,0,0,0,0,0,0,0,0,0,0,0,0,0,0,0,0,0,0,0,0,0,0,0,0,0,0,0,0,0,0,0,0,0,0,0,0,0,0,0,0,0,0,0,0,0,0,0,0,0,0,0,0,0,0,0,0,11,0,0,0,0,0,0,0,0,0,0,0,0,0,0,0,0,0,0,0,0,0,0,0,0,0,0,0,0,0,0,0,0,0,0,0,0,0,0,0,0,0,0,0,0,0,0,0,0,0,0,0,0,0,0,0,0,0,0,0,0,0,0,0,0,0,0,0,0,1,0,0,0,0,0,0,0,0,0,0,0,0,0,0,0,0,0,0,0,0,0,0,0,0,0,0,0,0,0,0,0,0,0,0,0,0,1,0,0,0,0,0,0,0,0,0,0,0,0,0,0,0,0,0,0,1,0,0,0,0,0,0,0,0,0,0,0,0,0,0,0,0,0,0,0,0,0,0,0,0,0,0,0,0,0,0,0,0,0,0,0,0,0,0,0,0,0,0,0,0,0,0,0,0,0,0,0,0,0,0,0,0,0,0,0,0,0,0,0,0,0,0,0,0,0,0,0,0,0,0,0,0,0,0,0,0,0,0,0,0,0,0,0,4,0,0,0,0,0,0,0,0,0,0,0,0
2013-12-01,0,0,0,0,0,0,0,0,0,0,0,0,0,0,0,0,0,0,0,0,0,0,0,0,0,0,0,0,0,0,0,0,0,0,0,0,0,0,0,0,0,0,0,0,0,0,0,0,0,0,0,0,0,0,0,0,0,0,0,18,0,0,0,0,0,0,0,0,0,0,0,0,0,0,0,0,0,0,0,0,0,0,0,0,0,0,0,0,0,0,0,0,0,0,0,0,0,0,0,0,0,0,0,0,0,0,0,0,0,0,0,0,0,0,0,0,1,0,0,0,0,0,0,0,0,0,0,0,0,0,0,0,0,0,0,0,0,0,0,0,0,0,0,0,0,0,0,0,0,0,0,0,0,0,0,0,0,0,0,0,0,0,0,0,0,0,0,0,0,0,0,0,0,0,0,0,0,0,0,0,0,0,0,0,1,0,0,0,0,0,0,0,0,0,0,0,0,0,0,0,0,0,0,0,0,0,0,0,0,0,0,0,0,0,0,0,0,0,0,0,0,0,0,0,0,0,0,0,0,0,0,0,0,0,0,0,0,0,0,0,0,0,0,0,0,0,1,0,0,0,0,0,0,0,0,0,0,0,0,0,0,0,0,0,0,0,0,0,0,0,0,0,0,0,0,0,0,0,0,0,0,0,0,0,0
2013-12-08,0,0,0,0,0,0,0,0,0,0,0,0,0,0,0,0,0,0,0,0,0,0,0,0,0,0,0,0,0,0,0,0,0,0,0,0,0,0,0,0,0,0,0,0,0,0,0,0,0,0,0,0,0,0,0,0,0,0,0,23,1,0,0,0,0,0,0,0,0,0,0,0,0,0,0,0,0,0,0,0,1,0,0,0,0,0,0,0,0,0,0,0,0,0,0,0,0,0,0,0,0,0,1,0,0,0,0,0,0,0,0,0,0,0,0,0,0,0,0,0,0,0,0,0,0,0,0,0,1,0,0,0,0,0,0,0,0,0,0,0,0,0,0,0,0,0,0,0,0,0,0,0,0,0,0,0,0,0,0,0,0,0,0,0,0,0,0,0,0,0,0,0,0,0,0,1,0,0,0,0,0,0,0,0,1,0,0,0,0,0,0,0,0,0,0,0,0,0,0,0,0,0,0,0,0,0,0,0,0,0,0,0,0,0,0,0,0,0,0,0,0,0,0,0,0,0,0,0,0,0,0,0,0,0,0,0,0,0,0,0,0,0,0,0,0,0,1,0,0,0,0,0,0,0,0,0,0,0,0,0,0,0,0,0,0,0,0,0,0,0,0,0,2,0,0,0,0,0,0,0,0,0,0,0,0
2013-12-15,0,0,0,0,0,0,0,0,0,0,0,0,0,0,0,0,0,0,0,0,0,0,0,0,0,0,0,0,0,1,0,0,0,0,0,0,0,0,0,0,0,0,0,0,0,0,0,0,0,0,0,0,0,0,0,0,0,0,0,14,0,0,0,0,0,0,0,0,0,0,0,0,0,0,0,0,0,0,0,0,2,0,0,0,0,0,0,0,0,0,0,0,0,0,0,0,0,0,0,0,0,0,0,0,0,0,0,0,0,0,0,0,0,0,0,0,0,0,0,0,0,0,0,0,0,0,0,0,2,0,0,0,0,0,0,0,0,0,0,0,0,0,0,0,0,0,0,0,0,0,0,0,0,0,0,0,0,0,0,0,0,0,0,0,0,0,0,0,0,0,0,0,0,0,0,1,0,0,0,0,0,0,0,0,0,0,0,0,0,0,0,0,0,0,0,0,0,0,0,0,0,0,0,0,0,0,0,0,0,0,0,0,0,0,0,0,0,0,0,0,0,0,0,0,0,0,0,0,0,0,0,0,0,0,0,0,0,0,0,0,0,0,0,0,0,0,8,0,0,0,0,0,0,0,0,0,0,0,0,0,0,0,0,0,0,0,0,0,0,0,0,0,1,0,0,0,0,0,0,0,0,0,0,0,0
2013-12-22,0,0,0,0,0,0,0,0,0,0,0,0,0,0,0,0,0,0,0,0,0,0,0,1,0,0,0,0,0,0,0,0,0,0,0,0,0,0,0,0,0,0,0,0,0,0,0,0,0,0,0,0,0,0,0,0,0,0,0,0,0,0,0,0,0,0,0,0,0,0,0,0,0,0,0,0,0,0,0,0,0,0,0,0,0,0,0,0,0,0,0,0,0,0,0,0,0,0,0,0,0,0,0,0,0,0,0,0,0,0,0,0,0,0,0,0,0,0,0,0,0,0,0,0,0,0,0,0,0,0,0,0,0,0,0,0,0,0,0,0,0,0,0,0,0,0,0,0,0,0,0,0,0,0,0,0,0,0,0,0,0,0,0,0,0,0,0,0,0,0,0,0,0,0,0,0,0,0,0,0,0,0,0,0,0,0,0,0,0,0,0,0,0,0,0,0,0,0,0,0,0,0,0,0,0,0,0,0,0,0,0,0,0,0,0,0,0,0,0,0,0,0,0,0,0,0,0,0,0,0,0,0,0,0,0,0,0,0,0,0,0,0,0,0,0,0,11,0,0,0,0,0,0,0,0,0,0,0,0,0,0,0,0,0,0,0,0,0,0,0,0,0,0,0,0,0,0,0,0,0,0,0,0,0,0
2013-12-29,0,0,0,0,0,0,0,0,0,0,0,0,0,0,1,0,0,0,0,0,0,0,0,3,0,0,0,0,0,0,0,0,0,0,1,0,0,0,0,0,0,0,0,0,0,0,0,0,0,0,0,0,0,0,0,0,0,0,0,0,0,0,0,0,0,0,0,0,0,0,0,0,0,0,0,0,0,0,0,0,1,0,0,0,0,0,0,0,0,0,0,0,0,0,0,0,0,0,0,0,0,0,0,0,0,0,0,0,0,0,0,0,0,0,0,0,1,0,0,0,0,0,0,0,0,0,0,0,0,0,0,0,0,0,0,0,0,0,0,0,0,0,0,0,0,0,0,0,0,1,0,0,0,0,0,0,0,0,0,0,0,0,0,0,0,0,0,0,0,0,0,0,0,0,0,0,0,0,0,0,0,0,0,0,1,0,0,0,0,0,0,0,0,0,0,0,0,0,0,0,0,0,1,0,0,0,0,0,0,0,0,0,0,0,0,0,0,0,0,0,0,0,0,0,0,0,0,0,0,0,0,0,0,0,0,0,0,0,0,0,0,0,0,0,0,0,21,0,0,0,0,0,0,0,0,0,0,0,0,0,0,0,0,0,0,0,0,0,0,0,0,0,0,0,0,0,0,0,0,0,0,0,0,0,0
2014-01-05,0,0,0,0,0,0,0,0,0,0,0,0,0,0,1,0,0,0,0,0,0,0,0,3,0,0,0,0,0,1,0,0,0,0,2,0,0,0,0,0,0,0,0,0,0,0,0,0,0,0,0,0,0,0,0,0,0,0,0,10,0,1,0,1,0,0,1,0,0,0,0,0,1,0,0,0,0,0,0,0,0,0,0,0,0,0,0,0,0,0,0,0,0,0,0,0,0,0,0,0,0,0,0,0,0,0,0,0,0,0,0,0,0,0,0,0,3,0,0,0,0,0,0,0,0,0,0,0,14,0,0,0,0,0,0,0,0,0,0,0,0,0,0,0,0,0,0,0,0,0,0,0,0,0,0,0,0,0,0,0,0,0,0,0,0,0,0,0,0,0,0,0,0,0,0,0,0,0,0,0,0,0,0,0,10,0,0,0,0,0,0,0,0,0,0,0,0,0,0,0,0,0,1,0,0,0,0,0,0,0,0,0,0,0,0,0,0,0,0,0,0,0,0,0,0,0,0,0,0,0,0,0,0,0,0,0,0,0,0,0,0,0,0,0,0,0,5,0,0,0,0,0,0,0,0,0,0,0,0,0,0,0,0,0,0,0,0,0,0,0,0,0,3,0,0,0,0,0,0,0,0,0,0,0,0
2014-01-12,0,0,0,0,0,0,0,0,0,0,0,0,0,0,1,0,0,0,0,0,0,0,0,1,0,0,0,0,0,0,0,0,0,0,3,0,0,0,0,0,0,0,0,0,0,0,2,0,0,0,0,0,0,1,0,0,0,0,0,123,0,0,0,1,0,0,0,0,0,0,0,0,0,0,0,0,0,0,0,0,1,0,0,0,0,0,0,0,0,1,0,0,0,1,0,1,0,0,0,0,0,0,0,0,0,0,0,0,0,0,0,0,0,0,0,1,3,0,0,0,0,0,0,0,0,0,0,0,9,0,0,0,0,0,0,0,0,0,0,0,0,0,0,0,0,0,0,0,0,0,0,0,0,0,0,0,0,0,0,0,0,0,0,0,0,0,0,0,0,0,0,0,0,0,0,0,0,0,0,0,0,0,0,0,0,0,0,0,0,0,0,0,0,0,0,0,0,0,0,0,0,0,0,0,0,0,0,0,0,0,0,0,0,0,0,0,0,0,0,0,0,0,0,0,0,0,0,0,1,0,0,0,0,0,0,0,3,0,0,0,0,0,0,0,0,0,31,0,0,0,0,1,0,0,0,0,0,0,0,1,0,0,0,0,0,0,0,0,0,0,7,0,4,0,0,1,0,0,0,0,0,0,0,0,0
2014-01-19,0,0,0,0,0,0,0,0,0,0,0,0,0,0,1,0,0,0,0,0,0,0,0,0,0,0,0,0,0,0,0,0,0,0,0,0,0,0,0,0,0,0,0,0,0,0,0,0,0,0,0,0,0,0,0,0,0,0,0,107,0,0,0,0,0,0,0,0,0,0,0,0,0,0,0,0,0,0,0,0,1,0,0,0,0,0,0,0,0,0,0,0,0,2,0,0,0,0,0,0,0,0,0,0,0,0,0,0,0,0,0,0,0,0,0,0,3,0,0,0,0,5,0,0,0,0,0,0,1,0,0,0,1,0,0,0,0,0,0,0,0,0,0,0,0,0,0,0,0,0,0,0,0,0,0,0,0,0,0,0,0,0,0,0,0,0,0,0,0,0,0,0,0,0,0,0,0,0,0,0,0,0,0,0,2,0,0,0,0,0,0,0,0,0,0,0,0,0,0,0,0,0,0,0,0,0,0,0,0,0,0,0,0,0,0,0,0,0,0,0,0,0,0,0,0,0,0,0,1,0,0,0,0,0,0,0,1,0,0,0,0,0,0,0,0,0,11,0,0,0,0,1,0,0,0,0,0,0,0,1,0,0,0,0,0,0,0,0,0,0,0,0,2,0,0,0,0,0,0,0,0,0,0,0,0
2014-01-26,0,0,0,0,0,0,0,0,0,0,0,0,0,0,0,0,0,0,0,0,0,0,0,0,0,0,0,0,0,1,0,0,0,0,2,0,0,0,0,0,0,0,0,0,0,0,0,0,0,0,0,0,0,0,0,0,0,0,0,132,0,2,0,0,0,0,0,1,0,0,0,0,1,0,0,0,0,0,0,0,3,0,0,0,0,0,0,0,0,0,0,0,1,1,0,0,0,0,0,0,0,0,0,0,1,0,0,0,0,0,0,0,0,0,0,1,4,0,0,0,0,1,0,0,0,1,0,0,6,0,0,0,0,0,0,0,0,0,0,0,0,0,0,0,0,0,0,0,0,0,0,0,0,0,0,0,0,0,0,0,0,0,0,0,0,0,0,0,0,0,0,0,0,0,0,0,0,0,0,0,0,0,0,0,6,0,0,0,0,0,0,0,0,0,0,0,0,0,0,0,0,0,0,0,0,0,0,0,0,0,0,0,0,0,0,0,0,0,0,0,0,0,0,0,0,0,0,0,2,0,0,0,0,0,0,0,0,0,0,0,0,0,0,0,0,0,15,0,0,0,0,4,0,0,0,0,0,0,0,0,0,0,0,0,0,0,0,0,0,0,8,0,0,0,0,0,0,0,0,0,0,0,0,0,0
2014-02-02,0,0,0,0,0,0,0,0,0,0,0,0,0,0,0,0,0,0,0,0,0,0,0,0,0,0,0,0,0,0,0,0,0,0,1,0,0,0,0,0,0,0,0,0,2,0,0,0,0,0,0,0,0,0,0,0,0,0,0,142,0,6,0,0,0,0,0,0,0,0,0,0,0,0,0,0,0,0,0,0,2,0,0,0,0,0,1,0,0,0,0,0,0,1,1,0,0,0,0,0,0,0,0,0,0,0,0,0,0,0,0,0,0,0,0,0,5,0,0,0,0,0,0,0,0,1,0,2,6,0,0,0,0,0,0,0,0,0,0,0,0,0,0,0,0,0,0,0,0,0,0,0,0,0,0,0,0,0,0,0,0,0,0,0,0,0,0,0,0,0,0,0,0,0,0,0,0,0,0,0,0,0,0,0,13,0,0,0,0,0,0,0,0,0,0,0,0,0,0,0,0,0,0,0,0,0,0,0,0,0,0,0,0,0,0,0,0,0,0,0,0,0,0,0,0,0,0,0,2,0,0,0,0,0,0,0,0,0,0,0,0,0,0,0,0,0,37,0,0,0,0,0,0,0,0,0,0,0,0,0,0,0,0,0,0,0,0,0,0,0,2,0,4,0,0,0,0,0,0,0,0,0,0,0,0
2014-02-09,0,0,0,0,0,0,0,0,0,0,0,0,0,0,0,0,0,0,0,0,0,0,0,2,0,1,0,0,0,0,0,0,0,2,1,0,0,0,0,0,0,0,0,0,0,0,0,0,0,0,0,0,0,0,0,0,0,0,0,139,0,0,0,0,0,0,0,1,0,0,0,0,2,0,0,0,0,0,0,0,6,0,0,0,0,0,0,0,0,0,0,0,2,0,0,0,0,0,0,0,0,0,0,0,0,0,0,0,0,0,0,0,0,0,0,0,2,0,0,0,0,0,0,0,0,0,0,0,1,0,0,0,0,0,0,0,0,0,0,0,0,0,0,0,0,0,0,0,0,0,0,0,0,0,0,0,0,0,0,0,0,0,0,0,0,0,0,0,0,0,0,0,0,1,0,0,0,0,0,0,0,0,0,0,6,0,0,0,0,0,0,0,1,0,0,0,0,0,0,0,0,0,0,0,0,0,0,0,0,0,0,0,0,0,0,0,0,0,0,0,0,0,0,0,0,0,0,0,1,0,0,0,0,0,0,0,0,0,0,0,0,0,0,0,0,0,33,0,0,0,0,0,0,0,0,0,0,0,0,2,0,0,0,0,0,0,0,0,0,0,2,0,2,0,0,0,0,0,0,0,0,0,0,0,0
2014-02-16,0,0,0,0,0,0,0,0,0,0,0,0,0,0,0,0,0,0,0,0,0,0,0,2,0,0,0,0,0,0,0,0,0,0,2,0,0,0,0,0,0,0,0,0,0,0,0,0,0,0,0,0,0,0,0,0,0,0,0,129,0,0,0,0,0,0,0,0,0,0,0,0,1,0,0,0,0,0,0,0,5,0,0,0,0,0,0,0,1,0,0,0,0,0,0,0,0,0,0,0,0,0,1,0,0,0,0,0,0,0,0,0,0,0,0,0,3,0,0,0,0,1,0,0,0,0,0,0,1,0,0,0,0,0,0,0,0,0,0,0,0,0,0,0,0,0,0,0,0,1,0,0,0,0,0,0,0,0,0,0,0,0,0,0,0,0,0,0,0,0,0,0,0,2,0,0,1,0,0,0,0,0,0,0,7,0,0,0,0,0,0,0,0,0,0,0,0,0,0,0,0,0,0,0,0,0,0,0,0,0,0,0,0,0,0,0,0,0,0,0,0,0,0,0,0,0,0,0,0,0,0,0,0,0,0,1,0,0,0,0,0,0,0,0,0,0,25,0,0,0,0,0,1,0,0,0,0,0,0,1,0,0,0,0,0,0,0,0,0,0,1,0,4,0,0,1,0,0,0,0,0,0,0,0,0
2014-02-23,0,0,0,0,0,0,0,0,0,0,0,1,0,0,1,0,0,0,0,0,0,0,0,3,0,0,0,0,0,0,0,0,0,1,2,0,0,0,0,0,0,0,0,0,0,0,0,0,0,0,0,0,0,0,0,0,0,0,0,110,0,1,0,0,0,0,0,0,0,0,0,0,0,0,0,0,0,0,0,0,3,0,0,0,0,0,0,0,0,0,0,0,0,1,1,0,0,0,0,0,0,0,4,0,0,0,0,0,0,0,0,0,0,0,0,0,0,0,0,0,0,0,0,0,0,0,0,0,0,0,0,0,0,0,0,0,0,0,0,0,0,0,0,0,0,0,0,2,0,0,0,0,0,0,0,0,0,0,0,0,0,0,0,0,0,0,0,0,0,0,0,0,0,0,0,0,1,0,0,0,0,0,0,0,9,0,0,0,0,0,0,0,0,0,0,0,0,0,0,0,0,0,0,0,0,0,0,0,0,0,0,0,0,0,0,0,0,0,0,0,0,0,0,0,0,0,0,0,0,0,0,0,0,0,0,0,0,0,0,0,0,0,0,0,0,0,52,0,0,0,0,1,0,0,0,0,0,0,0,0,0,0,0,0,0,0,0,0,0,0,1,0,0,0,0,0,0,0,0,0,0,0,0,0,0
2014-03-02,0,0,0,0,0,0,0,0,0,0,0,0,0,0,0,0,0,0,0,0,0,0,0,3,0,0,0,0,0,1,0,0,0,2,0,0,0,0,0,0,0,0,0,0,0,0,0,0,0,0,0,0,0,0,0,0,0,0,0,31,0,0,0,0,0,0,0,0,0,0,0,0,0,0,0,0,0,0,0,0,2,0,0,0,0,0,0,0,0,0,0,0,0,2,0,0,0,0,0,0,0,0,1,0,0,0,0,0,0,0,0,0,0,0,0,0,3,0,0,0,0,1,0,0,0,1,0,0,7,0,0,0,0,0,0,0,0,0,0,0,0,0,0,0,0,0,0,0,0,0,0,0,0,0,0,0,0,0,0,0,0,0,0,0,0,0,0,0,0,0,0,0,0,0,0,1,0,0,0,0,0,0,0,0,1,0,0,0,0,0,0,0,0,0,0,0,0,0,0,0,0,0,0,0,0,0,0,0,0,0,0,0,0,0,0,0,0,0,0,0,0,0,0,0,0,0,0,0,0,0,0,0,0,0,0,0,0,0,0,0,0,0,0,0,0,0,19,0,0,0,0,0,0,0,0,0,0,0,0,0,0,0,0,0,0,1,0,0,0,0,0,0,2,0,0,0,0,0,0,0,0,0,0,0,0
2014-03-09,0,0,0,0,0,0,0,0,0,0,0,0,0,0,0,0,0,0,0,0,0,0,0,8,0,0,0,0,0,0,0,0,0,2,1,0,0,0,0,0,0,0,0,0,0,0,0,0,0,0,0,0,0,0,0,0,0,0,0,51,0,0,0,4,0,0,0,1,0,0,0,1,0,0,0,0,0,0,0,0,6,0,0,0,0,0,0,0,0,0,0,0,0,1,0,0,0,0,0,0,0,0,0,0,0,0,0,0,0,0,0,0,0,0,0,0,7,0,0,0,0,0,0,0,0,0,0,0,11,0,0,0,0,0,0,0,0,0,0,0,0,0,0,0,0,0,0,0,0,0,0,0,0,0,0,0,0,0,0,0,0,0,0,0,0,0,0,0,0,0,0,0,0,1,0,0,1,0,0,0,0,0,0,0,1,0,0,0,0,0,0,0,0,0,0,0,0,0,0,0,0,0,0,0,0,0,0,0,0,0,0,0,0,0,0,0,0,0,0,0,0,0,0,0,0,0,0,0,1,0,0,0,0,0,0,5,0,0,0,0,0,0,0,0,0,0,15,0,0,0,0,0,0,0,0,0,0,0,0,0,0,0,0,0,0,0,0,0,0,0,2,0,5,0,0,0,0,0,0,0,0,0,0,0,0
2014-03-16,0,0,0,0,0,0,0,0,0,0,0,0,0,0,0,0,0,0,0,0,0,0,0,16,0,0,0,0,0,1,0,0,0,0,2,0,0,0,0,0,0,0,0,0,1,0,0,0,0,0,0,0,0,0,0,0,0,0,0,304,0,0,0,0,0,0,0,1,0,0,0,0,0,0,0,0,0,0,0,0,4,0,0,0,0,0,0,0,0,0,0,0,0,0,0,0,0,0,0,0,0,0,0,0,1,0,0,0,0,0,0,0,0,0,0,1,2,0,0,0,0,0,0,0,0,1,0,0,6,0,0,0,0,0,0,0,0,0,0,0,0,0,0,0,0,0,0,0,0,1,0,0,0,0,0,0,0,0,0,1,0,0,0,0,0,0,0,0,0,0,0,0,0,0,0,0,2,0,0,0,0,0,0,0,5,0,0,0,0,0,0,0,0,0,0,0,0,0,0,0,0,0,0,0,0,0,0,0,0,0,0,0,0,0,0,0,0,0,0,0,0,0,0,0,0,0,1,0,0,0,0,0,0,0,0,15,0,0,0,0,0,0,0,0,0,0,20,0,0,0,0,0,0,0,0,0,0,0,0,0,0,0,0,0,0,0,0,0,0,0,6,0,8,0,0,0,0,0,0,0,0,0,0,0,0
2014-03-23,0,0,0,0,0,0,0,0,0,0,0,1,0,0,0,0,0,0,0,0,0,0,0,17,0,0,0,0,0,0,0,0,0,0,1,0,0,0,0,0,0,0,0,0,2,0,0,0,0,0,0,0,0,0,0,1,0,1,0,119,0,2,1,4,0,0,0,3,0,0,0,0,0,0,0,0,0,0,0,0,2,0,0,0,0,0,0,0,0,0,0,0,5,1,0,0,0,0,0,0,0,0,0,0,0,0,0,0,0,0,0,0,0,0,0,0,9,0,0,0,0,0,0,0,0,2,0,0,10,0,0,0,0,1,0,0,0,0,0,0,0,0,0,0,0,0,0,1,0,0,0,0,0,0,0,0,0,0,0,0,0,0,0,0,0,0,0,0,0,0,0,0,0,0,0,0,3,0,0,0,0,0,0,0,0,0,0,0,0,0,0,0,0,0,0,0,0,0,0,0,0,0,0,0,0,0,0,0,0,0,0,0,0,0,0,0,0,0,0,0,0,0,0,0,0,0,0,0,0,0,0,0,0,0,0,15,0,0,0,0,0,0,0,0,0,0,13,0,0,0,0,0,0,0,0,0,1,0,0,0,0,0,0,0,0,0,0,0,0,0,31,0,15,0,0,0,0,0,0,0,0,0,0,0,0
2014-03-30,0,0,0,0,0,0,0,0,0,0,0,0,0,0,0,0,0,0,0,0,0,0,0,8,0,0,0,0,0,2,0,0,0,2,0,0,0,0,0,0,0,0,0,0,0,0,1,0,0,0,0,0,0,0,0,6,0,0,0,128,0,1,0,0,0,0,0,0,0,0,0,0,0,0,0,0,0,0,0,0,4,0,0,0,0,0,0,0,0,0,0,0,0,0,1,0,0,0,0,0,0,0,0,0,0,0,0,0,0,0,0,0,0,0,0,1,10,0,0,0,0,0,0,0,0,0,0,0,18,0,0,0,0,0,0,0,0,0,0,0,0,0,0,0,0,0,0,0,0,0,0,0,0,0,0,0,0,0,0,0,0,0,0,0,0,0,0,0,0,0,0,1,0,2,0,0,0,0,0,0,0,0,0,0,2,0,0,0,0,0,0,1,0,0,0,0,0,0,0,0,0,0,0,0,0,0,0,0,0,0,0,0,0,0,0,0,0,0,0,0,0,0,0,0,0,0,0,0,0,0,0,0,0,0,0,6,0,0,0,0,0,0,0,1,0,0,44,0,0,0,0,1,0,0,0,0,0,0,0,0,0,0,0,0,0,0,0,0,0,0,25,0,9,0,0,0,0,0,0,0,0,0,0,0,0
2014-04-06,0,0,0,0,0,0,0,0,0,0,0,0,0,0,0,0,0,0,0,0,0,0,0,21,0,0,0,0,0,0,0,0,0,0,1,0,0,0,0,0,0,0,0,0,0,0,0,0,0,0,0,0,0,0,0,1,0,0,0,101,0,2,0,0,0,0,0,0,0,0,0,0,0,0,0,0,0,0,0,0,0,0,0,0,0,0,0,0,0,0,0,0,0,1,0,0,0,0,0,0,0,0,0,0,0,0,0,0,0,0,0,0,0,0,0,0,11,0,0,0,0,2,0,0,0,0,0,0,6,0,0,0,0,0,0,0,0,0,0,0,0,0,0,0,0,0,0,0,0,0,0,0,0,0,0,0,0,0,0,0,0,0,0,0,0,0,0,0,0,0,0,2,0,1,0,0,0,0,0,0,0,0,0,0,3,0,0,0,0,0,0,0,0,0,0,0,0,0,0,1,0,0,0,0,0,0,0,0,0,0,0,0,0,0,0,0,0,0,0,0,0,0,0,0,0,0,0,0,0,0,0,0,0,0,0,11,0,0,0,0,0,0,0,1,0,0,20,0,0,0,0,6,0,0,0,0,1,0,0,0,0,0,0,0,0,0,0,0,0,0,8,0,8,0,0,1,0,0,0,0,0,0,0,0,0
2014-04-13,0,0,0,0,0,0,0,0,0,0,0,0,0,0,0,0,0,0,0,0,0,0,0,17,0,0,0,0,0,0,0,0,0,1,1,0,0,0,0,0,0,0,0,0,0,0,0,0,0,0,0,0,0,0,0,0,0,0,0,76,0,1,0,1,0,0,0,0,0,0,0,0,0,0,0,0,0,0,0,0,1,0,0,0,0,0,0,0,0,0,0,0,0,1,2,2,0,0,0,0,0,0,0,0,0,0,0,0,0,0,0,0,0,0,0,0,5,0,0,0,0,0,0,0,0,0,0,0,11,0,0,0,0,0,0,0,0,0,0,0,0,0,0,0,0,0,0,0,0,0,0,0,0,0,0,0,0,0,0,0,0,0,1,0,0,0,0,0,0,0,0,2,0,0,0,0,1,0,0,0,0,0,0,0,6,0,0,0,0,0,0,0,0,0,0,0,0,0,0,0,0,0,0,0,0,0,0,0,0,0,0,0,0,0,0,0,0,0,0,0,0,0,0,0,1,0,0,0,1,0,0,1,0,0,0,8,0,0,0,0,0,0,0,0,0,0,9,0,0,0,0,2,0,0,0,0,0,0,0,2,0,0,0,0,0,0,0,0,0,0,5,0,4,0,0,1,0,0,0,0,0,0,0,0,0
2014-04-20,0,0,0,0,0,0,0,0,0,0,0,0,0,0,0,0,0,0,0,0,0,0,0,16,0,0,0,0,0,0,0,0,0,1,0,0,0,0,0,0,0,0,0,0,0,0,0,0,1,0,0,0,0,0,0,0,0,0,0,74,0,5,0,0,0,0,0,0,0,0,0,0,0,0,0,1,0,0,0,0,0,0,0,0,0,0,0,0,0,0,0,0,0,0,6,0,0,0,0,0,0,0,0,0,0,0,0,0,0,0,0,0,0,0,0,6,12,0,0,0,0,1,0,0,0,1,0,0,6,0,0,0,0,0,0,0,0,0,0,0,0,0,0,0,0,0,0,1,0,0,0,0,0,0,0,0,0,0,0,0,0,0,0,0,0,0,0,0,0,0,0,0,0,3,0,0,0,0,0,0,0,0,0,0,4,0,0,0,0,0,0,0,0,0,0,0,0,0,0,0,0,0,0,2,0,0,0,0,0,0,0,0,0,0,0,0,0,0,0,0,0,0,1,0,0,0,0,0,1,0,0,0,0,0,0,1,0,0,0,0,0,0,0,0,0,0,24,0,0,0,0,5,0,0,0,0,0,0,0,0,0,0,0,0,0,0,0,0,0,0,10,0,2,0,0,0,0,0,0,0,0,0,0,0,0
2014-04-27,0,0,0,0,0,0,0,0,0,0,0,0,0,0,0,0,0,0,0,0,0,0,0,8,0,0,0,0,0,0,0,0,0,0,0,0,0,0,0,0,0,0,0,0,0,0,0,0,0,0,0,0,0,0,0,0,0,0,0,29,0,0,0,0,0,0,0,1,0,0,0,0,0,0,0,2,0,0,0,0,0,0,0,0,0,0,0,0,0,0,0,0,0,1,3,0,0,0,0,0,0,0,0,0,0,0,0,0,0,0,0,0,0,0,0,16,9,0,0,0,0,0,0,0,0,0,0,0,2,0,0,0,0,0,0,0,0,0,0,0,0,0,0,0,0,0,0,0,0,0,0,0,0,0,0,0,0,0,0,0,0,0,0,0,0,0,0,0,0,0,0,0,0,1,0,0,2,0,0,0,0,0,0,0,3,0,0,0,0,0,0,0,0,0,0,0,0,0,0,0,0,0,0,0,0,0,0,0,0,0,0,0,0,0,0,0,0,0,0,0,0,0,1,0,0,0,0,0,0,0,0,0,0,0,0,2,0,0,0,0,0,0,3,0,0,0,8,0,0,0,0,0,0,0,0,0,0,0,0,0,0,0,0,0,0,0,0,0,0,0,5,0,5,0,0,0,0,0,0,0,0,0,0,0,0
2014-05-04,0,0,0,0,0,0,0,0,0,0,0,0,0,0,0,0,0,0,0,0,0,0,0,19,0,0,0,0,0,0,0,0,0,0,0,0,0,0,0,0,0,0,0,0,0,0,0,0,0,0,0,0,0,0,0,0,0,0,0,49,0,0,0,0,0,0,0,0,1,0,0,0,0,0,0,0,0,0,0,0,0,0,0,0,0,0,0,0,0,0,0,0,0,0,10,0,0,0,0,0,0,0,0,0,0,0,0,0,3,0,0,0,0,0,0,4,8,0,2,0,0,0,0,0,0,0,0,0,4,0,0,0,0,0,0,0,0,0,0,0,0,0,0,0,0,0,0,0,0,0,0,0,0,0,0,0,0,0,0,0,0,0,0,0,0,0,0,0,0,0,0,1,0,2,0,0,1,0,0,0,1,0,0,0,0,0,0,0,0,0,0,0,0,0,0,0,0,0,0,0,0,0,0,0,0,0,0,0,0,0,0,0,0,0,0,0,0,0,0,0,0,0,0,0,0,0,0,0,0,0,0,0,0,0,0,0,2,0,0,0,0,0,0,0,0,0,6,0,0,0,0,0,0,0,0,0,0,0,0,1,0,0,0,0,0,0,0,0,0,0,23,0,14,0,0,0,0,0,0,0,0,0,0,0,0
2014-05-11,0,0,0,0,0,0,0,0,0,0,0,0,0,0,0,0,0,0,0,0,0,0,0,12,0,0,0,0,0,0,0,0,0,0,0,0,0,0,0,0,0,0,0,0,1,0,0,0,0,0,0,0,0,0,0,0,0,0,0,223,0,1,0,9,0,0,0,0,0,0,0,0,0,0,0,0,0,0,0,0,0,0,0,0,0,0,0,0,0,0,0,0,0,0,2,0,0,0,0,0,0,0,0,0,0,0,0,0,0,0,0,0,0,0,0,2,11,0,0,0,0,0,0,0,0,0,0,0,12,0,0,0,0,0,0,0,0,0,0,0,0,0,0,0,0,0,0,0,0,0,0,0,0,0,0,0,0,0,0,0,0,0,0,0,0,0,0,0,0,0,0,0,0,0,0,0,1,0,0,0,0,0,0,0,1,0,0,0,0,0,0,0,0,0,0,0,0,0,0,0,0,0,0,1,0,0,0,0,0,0,0,0,0,0,0,0,0,0,0,0,0,0,0,0,0,0,0,0,0,0,0,0,0,0,0,1,1,0,0,0,0,0,0,0,0,0,8,0,0,0,0,0,0,0,0,0,0,0,1,0,0,0,0,0,0,0,0,0,0,0,17,0,25,0,0,1,0,0,0,0,0,0,0,0,0
2014-05-18,0,0,0,0,0,0,0,0,0,0,0,0,0,0,0,0,0,0,0,0,0,0,0,9,0,0,0,0,0,0,0,0,0,0,1,0,0,0,0,0,0,0,0,0,0,0,0,0,0,0,0,0,0,0,0,0,0,0,0,55,0,0,0,0,0,0,0,0,0,0,0,0,0,0,0,0,0,0,0,0,3,0,0,0,0,0,0,0,0,0,0,0,0,0,0,1,0,0,0,0,0,0,1,0,0,0,0,0,0,0,0,0,0,0,0,8,15,0,0,0,0,0,0,0,0,0,0,0,3,0,0,0,0,0,0,0,0,0,0,0,0,0,0,0,0,0,0,0,0,0,0,0,0,0,0,0,0,0,0,0,0,0,0,0,0,0,0,0,0,0,0,0,0,0,0,0,0,0,0,0,0,0,0,0,1,0,0,0,0,0,0,0,0,0,0,0,0,0,0,0,0,0,0,0,0,0,0,0,0,0,0,0,0,0,0,0,0,0,0,0,0,0,0,0,0,0,0,0,0,0,0,0,0,0,0,3,0,0,0,0,0,0,0,0,0,0,14,0,0,0,0,1,0,0,0,0,0,0,0,2,0,0,0,0,0,0,0,0,0,0,5,0,18,0,0,0,0,1,0,0,0,0,0,0,0
2014-05-25,0,0,0,0,0,0,0,0,0,0,0,0,0,0,0,0,0,0,0,0,0,0,0,11,0,0,0,0,0,0,0,0,0,0,0,0,0,0,0,0,0,0,0,0,0,0,0,0,0,0,0,0,0,0,0,0,0,0,0,9,0,0,0,0,0,0,0,0,0,0,0,0,0,0,0,0,0,0,0,0,1,0,0,0,0,0,0,0,0,0,0,0,0,0,0,0,0,0,0,0,0,0,0,0,0,0,0,0,0,0,0,0,0,0,0,0,8,0,0,0,0,0,0,0,0,0,0,0,3,0,0,0,0,0,0,0,0,0,0,0,0,0,0,0,0,0,0,0,0,0,0,0,0,0,0,0,0,0,0,0,0,0,0,0,0,0,0,0,0,0,0,0,0,0,0,0,1,0,0,0,0,0,0,0,0,0,0,0,0,0,0,1,0,0,0,0,0,0,0,0,0,0,0,0,0,0,0,0,0,0,0,0,0,0,0,0,0,0,0,0,0,0,0,0,0,0,0,0,2,0,0,0,0,0,0,2,0,0,0,0,0,0,1,0,0,0,0,0,0,0,0,1,0,0,0,0,0,0,0,0,0,0,3,0,0,0,0,0,0,0,3,0,10,0,0,0,0,1,0,0,0,0,0,0,0
2014-06-01,0,0,0,0,0,0,0,0,0,0,0,0,0,0,0,0,0,0,0,0,0,0,0,9,0,0,0,0,0,0,0,0,0,0,1,0,0,0,0,0,0,0,0,0,0,0,0,0,0,0,0,0,0,0,0,0,0,0,0,2,0,0,0,0,0,0,0,1,0,0,0,0,0,0,0,0,0,0,0,0,0,0,0,0,0,0,0,0,0,0,0,0,0,0,0,0,0,0,0,0,0,0,0,0,0,0,0,0,0,0,0,0,0,0,0,11,1,0,0,0,0,0,0,0,0,0,0,0,2,0,0,0,0,0,0,0,0,0,0,0,0,0,0,0,0,0,0,0,0,0,0,0,0,0,0,0,0,0,0,0,0,0,0,0,0,0,0,0,0,0,0,0,0,2,0,0,0,0,0,0,0,0,0,0,3,0,0,0,0,0,0,0,0,0,0,0,0,0,0,0,0,0,0,0,0,0,0,0,0,0,0,1,0,0,0,0,0,0,0,0,0,0,0,0,0,0,0,0,0,0,0,0,0,1,0,0,0,0,0,0,0,0,0,0,0,0,0,0,0,0,0,0,0,0,0,0,0,0,0,0,0,0,0,0,0,0,0,0,0,0,2,0,14,0,0,0,0,0,0,0,0,0,0,0,0
2014-06-08,0,0,0,0,0,0,0,0,0,0,0,0,0,0,0,0,0,0,0,0,0,0,0,7,0,0,0,0,0,0,0,0,0,0,0,0,0,0,0,0,0,0,0,0,0,0,0,0,0,0,0,0,0,0,0,0,0,0,0,10,0,0,0,0,0,0,0,1,0,0,0,0,0,0,0,0,0,0,0,0,5,0,0,0,0,0,0,0,0,0,0,0,0,0,0,0,0,0,0,0,0,0,0,0,0,0,0,0,0,0,0,0,0,0,0,3,1,0,0,0,0,0,0,0,0,0,0,0,1,0,0,0,0,0,0,0,0,0,0,0,0,0,0,0,0,0,0,0,0,0,0,0,0,0,0,0,0,0,0,0,0,0,0,0,0,0,0,0,0,0,0,1,0,0,0,0,0,0,0,0,0,0,0,0,0,0,0,0,0,0,0,0,0,0,0,0,0,0,0,0,0,0,0,0,0,0,0,0,0,0,0,0,0,0,0,0,0,0,0,0,0,0,0,0,0,0,0,0,0,0,0,0,0,1,0,2,0,0,0,0,0,0,0,0,0,0,0,0,0,0,0,0,0,0,0,0,0,0,0,0,0,0,3,0,0,0,0,0,0,0,5,0,0,0,0,0,0,0,0,0,0,0,0,0,0
2014-06-15,0,0,0,0,0,0,0,0,0,0,0,0,0,0,0,0,0,0,0,0,0,0,0,1,0,0,0,0,0,1,0,0,0,0,1,0,0,0,0,0,0,0,0,0,1,0,0,0,0,0,0,0,0,0,0,0,0,0,0,10,0,0,0,0,0,0,0,0,1,0,0,0,0,0,0,0,0,0,0,0,2,0,0,0,0,0,0,0,0,0,0,0,0,0,1,0,0,0,0,0,0,0,0,0,1,0,0,0,0,0,0,0,0,0,0,4,8,0,0,0,0,0,0,0,0,0,0,0,3,0,0,0,0,0,0,0,0,0,0,0,0,0,0,0,0,0,0,0,0,0,0,0,0,0,0,0,0,0,0,0,0,0,0,0,0,0,0,0,0,0,0,0,0,0,0,0,0,0,0,0,0,0,0,0,0,0,0,0,0,0,0,0,0,0,0,0,0,0,0,0,0,0,0,0,0,0,0,0,0,0,0,0,0,0,0,0,0,0,0,0,0,0,0,0,0,0,0,0,0,0,0,0,0,0,0,3,0,0,0,0,0,0,0,0,0,0,0,0,0,0,0,0,0,0,0,0,0,0,0,0,0,0,2,0,0,0,0,0,0,0,6,0,1,0,0,0,0,0,0,0,0,0,0,0,0
2014-06-22,0,0,0,0,0,0,0,0,0,0,0,0,0,0,0,0,0,0,0,0,0,0,0,2,0,0,0,0,0,0,0,0,0,0,1,0,0,0,0,0,0,0,0,0,0,0,0,0,0,0,0,0,0,0,0,0,0,0,0,1,1,0,0,0,0,0,0,0,0,0,0,0,0,0,0,0,0,0,0,0,0,0,0,0,0,0,0,0,0,0,0,0,0,0,1,0,0,0,0,0,0,0,0,0,0,0,0,0,0,0,0,0,0,0,0,10,2,0,0,0,0,0,0,0,0,0,0,0,3,0,0,0,0,0,0,0,0,0,0,0,0,0,0,0,0,0,0,0,0,0,0,0,0,0,0,0,0,0,0,0,0,0,0,0,0,0,0,0,0,0,0,1,0,0,0,0,0,0,0,0,0,0,0,0,0,0,0,0,0,0,0,1,0,0,0,0,0,0,0,0,0,0,0,0,0,0,0,0,0,0,0,0,0,0,0,0,0,0,0,0,0,0,0,0,0,0,0,0,0,0,0,0,0,0,0,1,0,0,0,0,0,0,1,0,0,0,1,0,0,0,0,1,0,0,0,0,0,0,0,0,0,0,0,0,0,0,0,0,0,0,2,0,0,0,0,0,0,0,0,0,0,0,0,0,0
2014-06-29,0,0,0,0,0,0,0,0,0,0,0,0,0,0,0,0,0,0,0,0,0,0,0,0,0,0,0,0,0,0,0,0,0,0,0,0,0,0,0,0,0,0,0,0,0,0,0,0,0,0,0,0,0,0,0,0,0,0,0,4,0,0,0,0,0,0,0,0,0,0,0,0,0,0,0,0,0,0,0,0,0,0,0,0,0,0,0,0,0,0,0,0,0,0,0,0,0,0,0,0,0,0,0,0,0,0,0,0,0,0,0,0,0,0,0,11,7,0,0,0,0,0,0,0,0,0,0,0,6,0,0,0,0,0,0,0,0,0,0,0,0,0,0,0,0,0,0,0,0,0,0,0,0,0,0,0,0,0,0,0,0,0,0,0,0,0,0,0,0,0,0,0,0,0,0,0,0,0,0,0,0,0,0,0,0,0,0,0,0,0,0,0,0,0,0,0,0,0,0,0,0,0,0,0,0,0,0,0,0,0,0,0,0,0,0,0,0,0,0,0,1,0,0,0,0,0,0,0,1,0,0,0,0,0,0,0,0,0,0,0,0,0,0,0,0,0,2,0,0,0,0,0,0,0,0,0,0,0,0,0,0,0,0,0,0,0,0,0,0,0,0,0,0,0,0,0,0,0,0,0,0,0,0,0,0
2014-07-06,0,0,0,0,0,0,0,0,0,0,0,0,0,0,0,0,0,0,0,0,0,0,0,3,0,0,0,0,0,0,0,0,0,0,0,0,0,0,0,0,0,0,0,0,0,0,0,0,0,0,0,0,0,0,0,0,0,0,0,4,0,1,0,0,0,0,0,0,0,0,0,0,0,0,0,0,0,0,0,0,0,0,0,0,0,0,0,0,0,0,0,0,0,0,0,0,0,0,0,0,0,0,0,0,0,0,0,0,0,0,0,0,0,0,0,11,8,0,0,0,0,0,0,0,0,0,0,0,3,0,0,0,0,0,0,0,0,0,0,0,0,0,0,0,0,0,0,0,0,0,0,0,0,0,0,0,0,0,0,0,0,0,0,0,0,0,0,0,0,0,0,1,0,0,0,0,0,0,0,0,0,0,0,0,0,0,0,0,0,0,0,0,0,0,0,0,0,0,0,0,0,0,0,0,0,0,0,0,0,0,0,0,0,0,0,0,0,0,0,0,0,0,0,0,0,0,0,0,0,0,0,0,0,0,0,0,0,0,0,0,0,0,1,0,0,0,8,0,0,0,0,0,0,0,0,0,0,0,0,0,0,0,0,0,0,0,0,0,0,0,0,0,0,0,0,0,0,0,0,0,0,0,0,0,0
2014-07-13,0,0,0,0,0,0,0,0,0,0,0,0,0,0,0,0,0,0,0,0,0,0,0,7,0,0,0,0,0,0,0,0,0,0,1,0,0,0,0,0,0,0,0,0,0,0,0,0,0,0,0,0,0,0,0,0,0,0,0,2,0,0,0,0,0,0,0,0,0,0,0,0,0,0,0,0,0,0,0,0,3,0,0,0,0,0,0,0,0,0,0,0,0,0,0,0,0,0,0,0,0,0,0,0,0,0,0,0,0,0,0,0,0,0,0,1,1,0,0,0,0,0,0,0,0,0,0,0,2,0,0,0,0,0,0,0,0,0,0,0,0,0,0,0,0,0,0,0,0,0,0,0,0,0,0,0,0,0,0,0,0,0,0,0,0,0,0,0,0,0,0,0,0,0,0,0,0,0,0,0,0,0,0,0,0,0,0,0,0,0,0,0,0,0,0,0,0,0,0,0,0,0,0,0,0,0,0,0,0,0,0,0,0,0,0,0,0,0,0,0,0,0,0,0,0,0,0,0,0,0,0,0,0,0,0,1,0,0,0,0,0,0,0,0,0,0,2,0,0,0,0,0,0,0,0,0,0,0,0,0,0,0,0,0,0,0,0,0,0,0,0,0,1,0,0,0,0,0,0,0,0,0,0,0,0
2014-07-20,0,0,0,0,0,0,0,0,0,0,0,0,0,0,0,0,0,0,0,0,0,0,0,1,0,0,0,0,0,0,0,0,0,0,0,0,0,0,0,0,0,0,0,0,0,0,0,0,0,0,0,0,0,0,0,0,0,0,0,1,0,0,0,0,0,0,0,0,0,0,0,0,0,0,0,0,0,0,0,0,0,0,0,0,0,0,0,0,0,0,0,0,0,0,0,0,0,0,0,0,0,0,0,0,0,0,0,0,0,0,0,0,0,0,0,3,2,0,0,0,0,0,0,0,0,2,0,0,1,0,0,0,0,0,0,0,0,0,0,0,0,0,0,0,0,0,0,0,0,0,0,0,0,0,0,0,0,0,0,0,0,0,0,0,0,0,0,0,0,0,0,0,0,0,0,0,0,0,0,0,0,0,0,0,0,0,0,0,0,0,0,0,0,0,0,0,0,0,0,0,0,0,0,0,0,0,0,0,0,0,0,0,0,0,0,0,0,0,0,0,0,0,0,0,0,0,0,0,0,0,0,0,0,0,0,1,0,0,0,0,0,0,0,0,0,0,2,0,0,0,0,0,0,0,0,0,0,0,0,0,0,0,0,0,0,0,0,0,0,0,0,0,0,0,0,0,0,0,0,0,0,0,0,0,0
2014-07-27,0,0,0,0,0,0,0,0,0,0,0,0,0,0,0,0,0,0,0,0,0,0,0,1,0,0,0,0,0,0,0,0,0,0,0,0,0,0,0,0,0,0,0,0,0,0,0,0,0,0,0,0,0,0,0,0,0,0,0,0,0,0,0,0,0,0,0,0,0,0,0,0,0,0,0,0,0,0,0,0,0,0,0,0,0,0,0,0,0,0,0,0,0,0,0,0,0,0,0,0,0,0,0,0,0,0,0,0,1,0,0,0,0,0,0,12,2,0,0,0,0,0,0,0,0,0,0,0,2,0,0,0,0,0,0,0,0,0,0,0,0,0,0,0,0,0,0,0,0,0,0,0,0,0,0,0,0,0,0,0,0,0,0,0,0,0,0,0,0,0,0,0,0,0,0,0,0,0,0,0,0,0,0,0,0,0,0,0,0,0,0,0,0,0,0,0,0,0,0,0,0,0,0,0,0,0,0,0,0,0,0,0,0,0,0,0,0,0,0,0,0,0,0,0,0,0,0,0,0,0,0,0,0,0,0,0,0,0,0,0,0,0,0,0,0,0,0,0,0,0,0,1,0,0,0,0,0,0,0,0,0,0,0,0,0,0,0,0,0,0,0,0,0,0,0,0,0,0,0,0,0,0,0,0,0
2014-08-03,0,0,0,0,0,0,0,0,0,0,0,0,0,0,0,0,0,0,0,0,0,0,0,3,0,0,0,0,0,0,0,0,0,0,0,0,0,0,0,0,0,0,0,0,0,0,0,0,0,0,0,0,0,0,0,0,0,0,0,0,0,0,0,0,0,0,0,0,0,0,0,0,1,0,0,0,0,0,0,0,0,0,0,0,0,0,0,0,0,0,0,0,0,0,0,1,0,0,0,0,0,0,0,0,0,0,0,0,0,0,0,0,0,0,0,4,3,0,0,0,0,0,0,0,0,0,0,0,0,0,0,0,0,0,0,0,0,0,0,0,0,0,0,0,0,0,0,0,0,0,0,0,0,0,0,0,0,0,0,0,0,0,0,0,0,0,0,0,0,0,0,0,0,0,0,0,0,0,0,0,0,0,0,0,0,0,0,0,0,0,0,0,0,0,0,0,0,0,0,0,0,0,0,0,0,0,0,0,0,0,0,0,0,0,0,0,0,0,0,0,0,0,0,0,0,0,0,0,1,0,0,0,0,0,0,0,0,0,0,0,0,0,0,0,0,0,0,0,0,0,0,0,0,0,0,0,0,0,0,0,0,0,0,0,0,0,0,0,0,0,0,0,1,0,0,0,0,0,0,0,0,0,0,0,0
2014-08-10,0,0,0,0,0,0,0,0,0,0,0,0,0,0,0,0,0,0,0,0,0,0,0,0,0,0,0,0,0,0,0,0,0,0,0,0,0,0,0,0,0,0,0,0,0,0,0,0,0,0,0,0,0,0,0,0,0,0,0,3,0,1,0,0,0,0,0,0,0,0,0,0,0,0,0,0,0,0,0,0,0,0,0,0,0,0,0,0,0,0,0,0,0,0,0,0,0,0,0,0,0,0,0,0,0,0,0,0,0,0,0,0,0,0,0,2,0,0,0,0,0,0,0,0,0,0,0,0,1,0,0,0,0,0,0,0,0,0,0,0,0,0,0,0,0,0,0,0,0,0,0,0,0,0,0,0,0,0,0,0,0,0,0,0,0,0,0,0,0,0,0,0,0,0,0,0,0,0,0,0,0,0,0,0,0,0,0,0,0,0,0,0,0,0,0,0,0,0,0,0,0,0,0,0,0,0,0,0,0,0,0,0,0,0,0,0,0,0,0,0,0,0,0,0,0,0,0,0,0,0,0,0,0,0,0,0,0,0,0,0,0,0,0,0,0,0,0,0,0,0,0,0,0,0,0,0,0,0,0,0,0,0,0,0,0,0,0,0,0,0,0,0,0,0,0,0,0,0,0,0,0,0,0,0,0
2014-08-17,0,0,0,0,0,0,0,0,0,0,0,0,0,0,0,0,0,0,0,0,0,0,0,2,0,0,0,0,0,0,0,0,0,0,0,0,0,0,0,0,0,0,0,0,0,0,0,0,0,0,0,0,0,0,0,0,0,0,0,1,0,0,0,0,0,0,0,0,0,0,0,0,0,0,0,0,0,0,0,0,1,0,0,0,0,0,0,0,0,0,0,0,0,0,0,0,0,0,0,0,0,0,0,0,0,0,0,0,0,0,0,0,0,0,0,8,2,0,0,0,0,1,0,0,0,0,0,0,1,0,0,0,0,0,0,0,0,0,0,0,0,0,0,0,0,0,0,0,0,0,0,0,0,0,0,0,0,0,0,0,0,0,0,0,0,0,0,0,0,0,0,0,0,0,0,0,0,0,0,0,0,0,0,0,0,0,0,0,0,0,0,1,0,0,0,0,0,0,0,0,0,0,0,0,0,0,0,0,0,0,0,0,0,0,0,0,0,0,0,0,0,0,0,0,0,0,0,0,0,0,0,0,0,0,0,0,0,0,0,0,0,0,0,0,0,0,0,0,0,0,0,0,0,0,0,0,0,0,0,0,0,0,0,0,0,0,0,0,0,0,0,0,0,0,0,0,0,0,0,0,0,0,0,0,0
2014-08-24,0,0,0,0,0,0,0,0,0,0,0,0,0,0,0,0,0,0,0,0,0,0,0,0,0,0,0,0,0,0,0,0,0,1,0,0,0,0,0,0,0,0,0,0,0,0,0,0,0,0,0,0,0,0,0,0,0,0,0,2,0,0,0,0,0,0,0,0,0,0,0,0,0,0,0,0,0,0,0,0,0,0,0,0,0,0,0,0,0,0,0,0,0,0,0,0,0,0,0,0,0,0,0,0,0,0,0,0,0,0,0,0,0,0,0,10,1,0,0,0,0,1,0,0,0,0,0,0,1,0,0,0,0,0,0,0,0,0,0,0,0,0,0,0,0,0,0,0,0,0,0,0,0,0,0,0,0,0,0,0,0,0,0,0,0,0,0,0,0,0,0,0,0,0,0,0,0,0,0,0,0,0,0,0,0,0,0,0,0,0,0,0,0,0,0,0,0,0,0,0,0,0,0,0,0,0,0,0,0,0,0,0,0,0,0,0,0,0,0,0,0,0,0,0,0,0,0,0,1,0,0,0,0,0,0,0,0,0,0,0,0,0,0,0,0,0,0,0,0,0,0,0,1,0,0,0,0,0,0,0,0,0,0,0,0,0,0,0,0,0,0,0,0,0,0,0,0,0,0,0,0,0,0,0,0
2014-08-31,0,0,0,0,0,0,0,0,0,0,0,0,0,0,0,0,0,0,0,0,0,0,0,1,0,0,0,0,0,0,0,0,0,0,0,0,0,0,0,0,0,0,0,0,0,0,0,0,0,0,0,0,0,0,0,0,0,0,0,1,0,0,0,1,0,0,0,0,0,0,0,0,0,0,0,0,0,0,0,0,0,0,0,0,0,0,0,0,0,0,0,0,0,0,0,0,0,0,0,0,0,0,0,0,0,0,0,0,0,0,0,0,0,0,0,0,1,0,0,0,0,0,0,0,0,0,0,0,0,0,0,0,0,0,0,0,0,0,0,0,0,0,0,0,0,0,0,0,0,0,0,0,0,0,0,0,0,0,0,0,0,0,0,0,0,0,0,0,0,0,0,0,0,0,0,0,0,0,0,0,0,0,0,0,0,0,0,0,0,0,0,1,0,0,0,0,0,0,0,0,0,0,0,0,0,0,0,0,0,0,0,0,0,0,0,0,0,0,0,0,0,0,0,0,0,0,0,0,0,0,0,0,0,0,0,0,0,0,0,0,0,0,0,0,0,0,2,0,0,0,0,0,0,0,0,0,0,0,0,0,0,0,0,0,0,0,0,0,0,0,0,0,0,0,0,0,0,0,0,0,0,0,0,0,0
2014-09-07,0,0,0,0,0,0,0,0,0,0,0,0,0,0,0,0,0,0,0,0,0,0,0,0,0,0,0,0,0,0,0,0,0,0,0,0,0,0,0,0,0,0,0,0,0,0,1,0,0,0,0,0,0,0,0,0,0,0,0,6,0,0,1,0,0,0,0,0,0,0,0,0,0,0,0,0,0,0,0,0,0,0,0,0,0,0,0,0,0,0,0,0,0,0,0,0,0,0,0,0,0,0,0,0,0,0,0,0,0,0,0,0,0,0,0,14,1,0,0,0,0,0,0,0,0,0,0,0,0,0,0,0,0,0,0,0,0,0,0,0,0,0,0,0,0,0,0,0,0,0,0,0,0,0,0,0,0,0,0,0,0,0,0,0,0,0,0,0,0,0,0,0,0,0,0,0,0,0,0,0,0,0,0,0,0,0,0,0,0,0,0,0,0,0,0,0,0,0,0,0,0,0,0,0,0,0,0,0,0,0,0,0,0,0,0,0,0,0,0,0,0,0,0,0,0,0,0,0,0,0,0,0,0,0,0,0,0,0,0,0,0,0,2,0,0,0,0,0,0,0,0,0,0,0,0,0,0,0,0,0,0,0,0,0,0,0,0,0,0,0,0,0,1,0,0,0,0,0,0,0,0,0,0,0,0
2014-09-14,0,0,0,0,0,0,0,0,0,0,0,0,0,0,0,0,0,0,0,0,0,0,0,0,0,0,0,0,0,0,0,0,0,0,0,0,0,0,0,0,0,0,0,0,0,0,0,0,0,0,0,0,0,0,0,0,0,0,0,9,0,0,0,0,0,0,0,0,0,0,0,0,0,0,0,0,0,0,0,0,1,0,0,0,0,0,0,1,0,0,0,0,0,0,0,1,0,0,0,0,0,0,0,0,0,0,0,0,0,0,0,0,0,0,0,8,2,0,0,0,0,0,0,0,0,0,0,0,0,0,0,0,0,0,0,0,0,0,0,0,0,0,0,0,0,0,0,0,0,0,0,0,0,0,0,0,0,0,0,0,0,0,0,0,0,0,0,0,0,0,0,1,0,1,0,0,1,0,0,0,0,0,0,0,0,0,0,0,0,0,0,0,0,0,0,0,0,0,0,0,0,0,0,0,0,0,0,0,0,0,0,0,0,0,0,0,0,0,0,0,0,0,0,0,0,0,0,0,0,0,0,0,0,0,0,0,0,0,0,0,0,0,0,0,0,0,0,0,0,0,0,1,1,0,0,0,0,0,0,0,0,0,0,0,0,0,0,0,0,0,0,0,1,0,0,0,0,0,0,0,0,0,0,0,0
2014-09-21,0,0,0,0,0,0,0,0,0,0,0,0,0,0,0,0,0,0,0,0,0,0,0,2,0,0,0,0,0,0,0,0,0,0,0,0,0,0,0,0,0,0,0,0,0,0,0,0,0,0,0,0,0,0,0,1,0,0,0,4,0,0,0,0,0,0,0,0,0,0,0,0,0,0,0,0,0,0,0,0,1,0,0,0,0,0,0,0,0,0,0,0,0,0,0,0,0,0,0,0,0,0,0,0,0,0,0,0,0,0,0,0,0,0,0,12,3,0,0,0,0,0,0,0,0,0,0,0,3,0,0,0,0,0,0,0,0,0,0,0,0,0,0,0,0,0,0,0,0,0,0,0,0,0,0,0,0,0,0,0,0,0,0,0,0,0,0,0,0,0,0,0,0,0,0,0,0,0,0,0,0,0,0,0,0,0,0,0,0,0,0,0,0,0,0,0,0,0,0,0,0,0,0,0,0,0,0,0,0,0,0,0,0,0,0,0,0,0,0,0,0,0,0,0,0,0,0,0,0,0,0,0,0,0,0,0,0,0,0,0,0,0,0,0,0,0,2,0,0,0,0,0,0,0,0,0,0,0,0,0,0,0,0,0,0,0,0,0,0,0,0,0,0,0,0,0,0,0,0,0,0,0,0,0,0
2014-09-28,0,0,0,0,0,0,0,0,0,0,0,0,0,0,0,0,0,0,0,0,0,0,0,0,0,0,0,0,0,0,0,0,0,0,0,0,0,0,0,0,0,0,0,0,0,0,0,0,0,0,0,0,0,0,0,0,0,0,0,7,0,1,0,0,0,0,0,0,0,0,0,0,0,0,0,0,0,0,0,0,0,0,0,0,0,0,0,0,0,0,0,0,0,0,0,0,0,0,0,0,0,0,0,0,0,0,0,0,0,0,0,0,0,0,0,16,0,0,0,0,0,0,0,0,0,0,0,0,0,0,0,0,0,0,0,0,0,0,0,0,0,0,0,0,0,0,0,0,0,0,0,0,0,0,0,0,0,0,0,1,0,0,0,0,0,0,0,0,0,0,0,0,0,0,0,0,0,0,0,0,0,0,0,0,0,0,0,0,0,0,0,0,0,0,0,0,0,0,0,0,0,0,0,0,0,0,0,0,0,0,0,0,0,0,0,0,0,0,0,0,0,0,0,0,0,0,0,0,0,0,0,0,0,0,0,0,0,0,0,0,0,0,0,0,0,0,1,0,0,0,0,0,0,0,0,0,0,0,0,0,0,0,0,0,0,0,0,0,0,0,1,0,1,0,0,0,0,0,0,0,0,0,0,0,0
2014-10-05,0,0,0,0,0,0,0,0,0,0,0,0,0,0,0,0,0,0,0,0,0,0,0,2,0,0,0,0,0,0,0,0,0,0,1,0,0,0,0,0,0,0,0,0,0,0,0,0,0,0,0,0,0,0,0,0,0,0,0,6,0,0,0,0,0,0,0,0,0,0,0,0,0,0,0,0,0,0,0,0,0,0,0,0,0,0,0,0,0,0,0,0,0,0,0,0,0,0,0,0,0,0,0,0,0,0,0,0,0,0,0,0,0,0,0,2,0,0,0,0,0,0,0,0,0,0,0,0,0,0,0,0,0,0,0,0,0,0,0,0,0,0,0,0,0,0,0,0,0,0,0,0,0,0,0,0,0,0,0,0,0,0,0,0,0,0,0,0,0,0,0,0,0,0,0,0,0,0,0,0,0,0,0,0,0,0,0,0,0,0,0,0,0,0,0,0,0,0,0,0,0,0,0,0,0,0,0,0,0,0,0,0,0,0,0,0,0,0,0,0,0,0,0,0,0,0,0,0,0,0,0,0,0,0,0,0,0,0,0,0,0,0,0,0,0,0,2,0,0,0,0,0,0,0,0,0,0,0,0,0,0,0,0,0,0,0,0,0,0,0,0,0,0,0,0,0,0,0,0,0,0,0,0,0,0
2014-10-12,0,0,0,0,0,0,0,0,0,0,0,0,0,0,0,0,0,0,0,0,0,0,0,3,0,0,0,0,0,0,0,0,0,0,0,0,0,0,0,0,0,0,0,0,0,0,0,0,0,0,0,0,0,0,0,0,0,0,0,8,0,0,0,0,0,0,0,0,0,0,0,0,0,0,0,0,0,0,0,0,0,0,0,0,0,0,0,0,0,0,0,0,0,0,0,0,0,0,0,0,0,0,0,0,0,0,0,0,0,0,0,0,0,0,0,9,2,0,0,0,0,0,0,0,0,0,0,0,0,0,0,0,0,0,0,0,0,0,0,0,0,0,0,0,0,0,0,0,0,0,0,0,0,0,0,0,0,0,0,0,0,0,0,0,0,0,0,0,0,0,0,0,0,0,0,0,0,0,0,0,0,0,0,0,0,0,0,0,0,0,0,0,0,0,0,0,0,0,0,0,0,0,0,0,0,0,0,0,0,0,0,0,0,0,0,0,0,0,0,0,0,0,0,0,0,0,0,0,0,0,0,0,0,0,0,0,0,0,0,0,0,0,0,0,0,0,0,0,0,0,0,0,0,0,0,0,0,0,0,0,0,0,0,0,0,0,0,0,0,0,1,0,0,0,0,0,0,0,0,0,0,0,0,0,0
2014-10-19,0,0,0,0,0,0,0,0,0,0,0,0,0,0,0,0,0,0,0,0,0,0,0,1,0,0,0,0,0,0,0,0,0,1,0,0,0,0,0,0,0,0,0,0,0,0,0,0,0,0,0,0,0,0,0,0,0,0,0,36,0,0,0,0,0,0,0,0,0,0,0,0,0,0,0,0,0,0,0,0,0,0,0,0,0,0,0,0,0,0,0,0,1,0,0,0,0,0,0,0,0,0,0,0,0,0,0,0,0,0,0,0,0,0,0,9,0,0,0,0,0,0,0,0,0,0,0,0,6,0,0,0,0,0,0,0,0,0,0,0,0,0,0,0,0,0,0,0,0,0,0,0,0,0,0,0,0,0,0,0,0,0,0,0,0,0,0,0,0,0,0,0,0,0,0,0,0,0,0,0,0,0,0,0,0,0,0,0,0,0,0,0,0,0,0,0,0,0,0,0,0,0,0,0,0,0,0,0,0,0,0,0,0,0,0,0,0,0,0,0,0,0,0,0,0,0,0,0,0,0,0,0,0,0,0,0,0,0,0,1,0,0,0,0,0,0,0,0,0,0,0,0,0,0,0,0,0,0,0,0,0,0,0,0,0,0,0,0,0,0,0,0,1,0,0,0,0,0,0,0,0,0,0,0,0
2014-10-26,0,0,0,0,0,0,0,0,0,0,0,0,0,0,0,0,0,0,0,0,0,0,0,0,0,0,0,0,0,0,0,0,0,0,1,0,0,0,0,0,0,0,0,0,0,0,0,0,0,0,0,0,0,0,0,0,0,0,0,30,0,0,1,0,0,0,0,0,0,0,0,0,0,0,0,0,0,0,0,0,1,0,0,0,0,0,0,0,0,0,0,0,0,0,0,0,0,0,0,0,0,0,0,0,0,0,0,0,0,0,0,0,0,0,0,0,2,0,0,0,0,0,0,0,0,0,0,0,2,0,0,0,0,0,0,0,0,0,0,0,0,0,0,0,0,0,0,0,0,0,0,0,0,0,0,0,0,0,0,0,0,0,0,0,0,0,0,0,0,0,0,0,0,0,0,0,0,0,0,0,0,0,0,0,0,0,0,0,0,0,0,0,0,0,0,0,0,0,0,0,0,0,0,0,0,0,0,0,0,0,0,0,0,0,0,0,0,0,0,0,0,0,0,0,0,0,0,0,0,0,0,0,0,0,0,0,0,0,0,0,0,0,0,0,0,0,0,0,0,0,0,0,0,0,0,0,0,0,0,0,0,0,0,0,0,0,0,0,0,0,0,0,0,0,0,0,0,0,0,0,0,0,0,0,0
2014-11-02,0,0,0,0,0,0,0,0,0,0,0,0,0,0,0,0,0,0,0,0,0,0,0,6,0,0,0,0,0,0,0,0,0,0,0,0,0,0,0,0,0,0,0,0,1,0,0,0,0,0,0,0,0,0,0,0,0,0,0,34,0,0,0,4,0,0,0,0,0,0,0,0,0,0,0,0,0,0,0,0,4,0,0,0,0,0,0,0,0,0,0,0,0,0,0,0,0,0,0,0,0,0,0,0,0,0,0,0,0,0,0,0,0,0,0,3,2,0,0,0,0,0,0,0,0,0,0,0,2,0,0,0,0,0,0,0,0,0,0,0,0,0,0,0,0,0,0,0,0,0,0,0,0,0,0,0,0,0,0,0,0,0,0,0,0,0,0,0,0,0,0,0,0,0,0,0,0,0,0,0,0,0,0,0,0,0,0,0,0,0,0,0,0,0,0,0,0,0,0,0,0,0,0,0,0,0,0,0,0,0,0,0,0,0,0,0,0,0,0,0,0,0,0,0,0,0,0,0,0,0,0,0,0,0,3,0,0,0,0,0,0,0,0,0,0,0,9,0,0,0,0,1,0,0,0,0,0,0,0,0,0,0,0,0,0,0,0,0,0,0,0,0,0,0,0,0,0,0,0,0,0,0,0,0,0
2014-11-09,0,0,0,0,0,0,0,0,0,0,0,0,0,0,0,0,0,0,0,0,0,0,0,8,0,0,0,0,0,0,0,0,0,0,0,0,2,0,0,0,0,0,0,0,3,0,1,0,0,0,0,0,0,0,0,0,0,0,0,43,0,0,0,0,0,0,0,0,0,0,0,0,0,0,0,0,0,0,0,0,0,0,0,0,0,0,0,0,0,0,0,0,0,0,2,0,0,0,0,0,0,0,0,0,0,0,0,0,0,0,0,0,0,0,0,3,1,0,0,0,0,0,0,0,0,0,0,0,6,0,0,0,0,0,0,0,0,0,0,0,0,0,0,0,0,0,0,0,0,0,0,0,0,0,0,0,0,0,0,0,0,0,0,0,0,0,0,0,0,0,0,1,0,1,0,0,0,0,0,0,0,0,0,0,0,0,0,0,0,0,0,0,0,0,0,0,0,0,0,0,0,0,0,0,0,0,0,0,0,0,0,0,0,0,0,0,0,0,0,0,0,0,0,0,0,0,0,0,1,0,0,0,0,0,0,4,0,0,0,0,0,0,1,0,0,0,1,0,0,0,0,0,0,0,0,0,0,0,0,0,0,0,0,0,0,0,0,0,0,0,0,0,0,0,0,0,0,0,0,0,0,0,0,0,0
2014-11-16,0,0,0,0,0,0,0,0,0,0,0,0,0,0,0,0,0,0,0,0,0,0,0,4,0,0,0,0,0,0,0,0,0,0,0,0,0,0,0,0,0,0,0,0,1,0,2,0,0,0,0,0,0,0,0,0,0,0,0,30,0,0,0,0,0,0,0,0,0,0,0,0,0,0,0,0,0,0,0,0,2,0,0,0,0,0,0,0,0,0,0,0,0,0,0,2,0,0,0,0,0,0,0,0,0,0,0,0,0,0,0,0,0,0,0,7,1,0,0,0,0,0,0,0,0,0,0,0,2,0,0,0,0,0,0,0,0,0,0,0,0,0,0,0,0,0,0,0,0,0,0,0,0,0,0,0,0,0,0,1,0,0,0,0,0,0,0,0,0,0,0,0,0,0,0,0,0,0,0,0,0,0,0,0,0,0,0,0,0,0,0,0,2,0,0,0,0,0,0,0,0,0,0,0,0,0,0,0,0,0,0,0,0,0,0,0,0,0,0,0,0,0,0,0,0,0,0,0,0,0,0,0,0,0,0,0,2,0,0,0,0,0,0,0,0,0,3,0,0,0,0,0,0,0,0,0,0,0,0,0,0,0,0,0,0,0,0,0,0,0,0,0,0,0,0,0,0,0,0,0,0,0,0,0,0
2014-11-23,0,0,0,0,0,0,0,0,0,0,0,0,0,0,0,0,0,0,0,0,0,0,0,3,0,0,0,0,0,0,0,0,0,0,0,0,0,0,0,0,0,0,0,0,0,0,0,0,0,0,0,0,0,0,0,0,1,0,0,59,0,0,0,0,0,0,0,0,8,0,0,0,5,0,0,0,0,0,0,0,0,0,0,0,0,0,0,0,0,0,0,0,0,0,0,0,0,0,0,0,0,0,0,0,0,0,0,0,0,0,0,0,3,0,0,14,2,0,0,0,0,0,0,0,0,0,0,0,0,0,0,0,0,0,0,0,0,0,0,0,0,0,0,0,0,0,0,4,0,0,0,0,0,0,0,0,0,0,0,0,0,0,0,0,0,0,0,0,0,0,0,0,0,21,0,0,0,0,0,0,0,0,0,0,0,0,0,0,0,0,0,0,0,0,0,0,0,0,0,7,0,0,0,0,0,0,0,0,0,0,0,0,0,0,0,0,0,0,0,0,0,0,0,0,0,0,0,0,0,0,0,0,0,0,0,0,0,0,0,0,0,0,0,0,0,0,13,0,0,0,0,0,0,0,0,0,0,0,0,0,0,0,0,0,0,1,0,0,0,0,0,0,0,0,0,2,0,0,0,0,0,0,0,0,0
2014-11-30,0,0,0,0,0,0,0,0,0,0,0,0,0,0,0,0,0,0,0,0,0,0,0,14,0,0,0,0,0,0,0,0,0,0,0,0,0,0,0,0,0,0,0,0,0,2,25,0,1,0,0,0,0,0,0,0,0,0,0,65,0,0,0,1,0,0,1,0,2,2,0,0,0,0,0,0,0,0,0,0,1,0,0,0,0,0,0,0,0,0,0,0,0,1,0,0,0,0,0,0,0,0,0,0,0,0,0,0,0,0,0,0,2,0,0,7,4,0,0,0,0,0,0,0,0,0,0,0,2,0,0,0,0,0,0,0,0,0,0,0,0,6,0,0,0,0,0,1,0,1,0,0,0,0,12,0,0,0,0,0,1,0,0,0,0,0,0,0,0,0,0,0,0,25,0,0,0,0,0,0,1,0,0,0,0,0,0,0,0,0,0,0,0,0,0,0,0,0,0,0,0,0,0,1,0,0,0,0,0,0,0,0,0,0,0,0,0,0,0,0,0,0,0,0,1,0,1,2,0,0,0,0,0,0,0,19,0,0,0,0,0,0,0,0,0,0,8,0,0,0,0,0,0,0,0,0,0,0,0,0,0,0,0,0,0,0,0,0,0,0,0,0,3,0,0,8,0,0,0,0,0,0,0,0,0
2014-12-07,0,0,0,0,0,0,0,0,0,0,0,0,0,2,0,0,0,1,0,0,0,0,0,10,0,0,0,0,0,0,0,1,0,0,0,0,0,0,0,0,0,0,0,0,0,0,28,0,0,0,0,0,2,0,0,0,1,0,0,69,18,0,0,5,0,0,8,1,0,0,0,0,0,0,0,0,0,0,0,0,1,1,3,0,0,0,0,0,0,0,0,4,0,15,0,0,0,0,1,0,0,7,0,0,53,0,0,0,0,0,0,0,2,0,0,23,22,0,1,0,0,26,0,0,0,12,0,1,1,0,0,0,0,0,0,0,0,0,0,0,0,7,0,0,0,0,0,0,0,0,0,0,0,0,0,0,0,0,0,0,0,0,0,0,0,5,0,5,0,0,0,0,0,20,0,0,0,0,0,0,27,0,0,0,0,0,0,1,0,0,0,0,0,0,0,0,0,0,0,0,0,0,0,0,0,0,0,0,0,0,0,0,0,0,0,0,0,0,0,0,0,7,5,0,0,0,0,0,1,0,0,6,0,0,0,0,0,0,0,1,0,0,0,0,0,0,11,0,0,0,0,0,0,0,5,0,0,0,0,0,0,0,0,0,0,0,0,0,0,0,4,0,2,0,0,3,0,0,0,0,0,0,0,0,0
2014-12-14,0,0,0,0,0,0,0,0,0,0,0,0,1,0,0,0,0,0,0,0,0,0,8,7,0,11,3,0,0,10,0,0,4,0,0,0,0,0,0,0,3,1,0,0,3,1,36,0,0,0,0,0,4,0,0,0,0,0,0,98,12,1,0,3,0,0,10,0,13,0,0,0,0,0,0,0,0,0,0,0,0,1,4,0,0,12,2,22,0,0,0,26,0,27,3,0,0,0,1,0,7,6,11,0,3,0,0,0,0,0,0,0,3,0,0,35,17,0,8,0,0,0,0,0,0,85,1,25,62,0,0,0,0,0,0,0,0,0,0,0,1,0,0,0,0,0,0,13,0,3,0,0,0,0,0,0,0,0,0,0,0,0,0,0,0,5,0,3,0,0,0,0,0,10,0,0,0,0,2,0,25,4,2,0,2,0,3,0,16,0,0,16,1,0,0,0,0,0,0,0,0,0,0,0,0,0,0,0,0,0,0,0,0,0,0,0,0,0,0,0,0,7,8,3,0,10,0,0,0,0,0,3,0,0,0,1,0,0,0,2,0,0,3,0,0,0,20,0,0,0,0,0,8,0,8,0,0,0,0,0,0,0,0,0,0,0,0,0,0,0,5,0,1,0,0,1,0,0,0,0,0,0,0,0,0
2014-12-21,0,0,0,0,0,0,0,0,0,0,0,0,0,0,0,0,0,0,0,0,0,0,0,17,0,2,2,0,0,4,0,0,0,0,0,0,0,0,0,0,0,0,0,0,0,0,18,0,0,0,0,0,4,0,0,0,0,0,0,0,0,6,2,2,0,0,6,0,0,0,0,0,0,0,0,0,0,0,0,0,0,1,1,0,0,2,0,0,0,0,0,9,0,22,0,1,10,1,0,0,0,10,4,0,0,0,0,0,0,0,0,0,3,0,0,33,13,0,12,0,1,0,0,0,0,78,0,4,2,0,0,0,1,0,0,0,0,0,0,0,0,8,0,0,0,0,0,18,0,3,0,0,0,0,0,0,0,0,0,0,0,0,0,0,0,0,0,3,0,0,0,0,0,0,0,0,0,0,0,0,68,0,0,0,0,0,4,0,0,0,0,7,0,0,0,0,0,0,0,0,0,0,0,0,0,0,0,0,0,0,0,0,0,0,0,0,0,0,0,0,0,9,0,0,0,0,0,0,0,0,0,0,0,0,0,2,0,0,0,0,0,0,0,0,0,0,2,0,0,1,0,0,0,0,6,0,0,0,0,0,0,0,0,0,0,0,0,0,0,0,0,0,0,0,0,2,0,0,0,0,0,0,0,0,0
2014-12-28,0,0,0,0,0,0,0,0,0,0,0,0,0,0,0,0,0,1,0,0,0,0,0,5,0,40,1,0,0,26,0,0,0,0,1,0,0,0,0,0,0,0,0,0,0,0,0,0,0,0,0,0,4,0,0,0,0,0,0,0,0,26,1,0,0,0,4,0,4,0,0,0,0,0,0,0,0,0,0,0,1,1,2,0,0,4,3,0,0,0,0,0,0,41,0,0,4,0,0,0,0,3,7,0,0,0,0,0,0,0,0,0,0,0,0,14,27,0,32,0,2,0,0,0,0,78,0,4,3,0,0,0,0,0,0,0,0,0,0,0,0,11,0,0,0,0,0,17,0,7,0,0,0,0,0,0,0,0,0,0,0,0,0,0,0,0,0,3,0,0,0,0,0,0,0,0,0,0,4,0,48,0,0,0,0,0,7,0,0,0,0,10,0,0,0,0,0,0,0,0,0,0,0,0,0,0,0,0,0,0,0,0,0,0,0,0,0,0,2,0,0,5,0,0,0,0,0,0,0,0,0,0,0,0,0,0,0,0,0,0,0,0,0,0,0,0,8,0,0,0,0,0,0,0,7,0,0,0,0,0,0,0,0,0,0,0,0,0,0,0,0,0,2,0,0,2,0,0,0,0,0,0,0,0,0
2015-01-04,0,0,0,0,0,0,0,0,0,0,0,0,0,0,0,0,0,0,0,0,0,0,0,19,0,0,0,0,0,0,0,0,0,0,1,0,0,0,0,0,0,0,0,0,0,0,0,0,0,0,0,0,0,0,0,0,0,0,0,27,1,0,1,0,0,0,0,0,0,0,0,0,0,0,0,0,0,0,0,0,2,0,0,0,0,0,0,0,0,0,0,0,3,0,0,0,0,0,0,0,0,0,0,0,0,0,0,0,0,0,0,0,0,1,0,12,2,0,0,0,0,0,0,0,0,0,0,0,12,0,0,0,0,0,0,0,0,0,0,0,0,0,0,0,0,0,0,2,0,1,0,0,0,0,0,0,0,0,0,0,0,0,0,0,0,0,0,0,0,0,0,1,0,0,0,0,0,0,0,0,0,0,0,0,1,0,0,0,0,0,0,0,0,0,0,0,0,0,0,0,0,0,0,0,0,0,0,0,0,0,0,0,0,0,0,0,0,0,0,0,0,0,0,0,0,0,0,0,1,0,0,0,0,0,0,0,0,0,0,0,0,0,2,0,0,0,14,0,0,0,0,0,0,0,0,0,0,0,0,0,0,0,0,0,0,0,0,0,0,0,16,0,26,0,0,0,0,0,0,0,0,0,0,0,0
2015-01-11,0,0,0,0,0,0,2,0,0,0,0,0,0,0,0,0,0,0,0,0,0,0,0,27,0,1,0,0,0,0,0,0,0,0,3,0,0,0,0,0,0,0,0,0,1,0,2,0,0,0,0,0,0,0,0,0,0,0,0,28,0,2,0,8,0,0,0,0,1,0,0,0,2,0,0,0,0,0,0,0,4,0,0,0,0,0,0,0,0,0,0,0,0,0,6,0,0,0,0,0,0,0,0,0,0,0,0,0,0,0,0,0,0,0,0,26,8,0,0,0,0,0,0,0,0,1,0,0,30,0,0,0,0,0,0,0,0,0,0,0,0,0,0,0,0,0,0,0,0,0,0,0,0,0,0,0,0,0,0,0,0,0,0,0,0,0,0,0,0,0,0,0,0,5,0,0,1,0,0,0,0,0,0,0,0,0,0,1,0,0,0,0,0,0,0,0,0,0,0,0,0,0,0,0,0,0,0,0,0,0,0,0,0,0,0,0,0,0,0,0,0,0,0,0,0,0,0,0,1,0,0,0,0,0,0,2,0,0,0,0,0,0,1,0,0,0,15,0,0,0,0,1,0,0,0,0,0,0,0,0,0,0,0,0,0,0,0,0,0,0,11,0,3,0,0,0,0,0,0,0,0,0,0,0,0
2015-01-18,0,0,0,0,0,0,5,0,0,0,0,0,0,0,0,0,0,0,0,0,0,0,0,30,0,0,0,0,0,3,0,0,0,1,4,0,0,0,0,0,0,0,0,0,0,0,0,0,0,1,0,0,0,0,0,0,0,0,0,259,0,4,1,1,0,0,0,1,0,0,0,0,0,0,0,0,0,0,0,0,9,0,0,0,0,0,0,0,0,0,0,0,0,0,3,0,0,0,0,0,0,0,0,0,0,0,0,0,0,0,0,0,0,0,0,18,8,0,0,0,0,0,0,0,0,0,0,0,35,0,0,0,0,0,0,0,0,0,0,0,0,0,0,0,0,0,0,0,0,0,0,0,0,0,0,0,0,0,0,0,0,6,0,0,0,0,0,0,0,0,0,6,0,6,0,0,1,0,0,0,0,0,0,0,11,0,0,4,0,0,0,0,2,0,0,0,0,0,0,0,0,0,0,0,0,0,0,0,0,0,0,0,0,0,0,0,0,0,0,0,0,0,0,0,1,0,0,0,2,0,0,0,0,0,0,1,1,0,0,0,0,0,3,0,0,0,17,0,0,0,0,0,0,0,0,0,0,0,0,2,0,0,0,0,0,0,0,0,0,0,6,0,23,0,0,0,0,0,0,0,0,0,0,0,0
2015-01-25,0,0,0,0,0,0,4,0,0,0,0,0,0,1,3,0,0,0,0,0,0,0,0,24,0,0,0,0,0,0,0,0,0,0,2,0,0,0,0,0,0,0,0,0,1,0,0,0,0,0,0,0,0,0,0,0,0,0,0,23,0,2,2,0,1,0,0,0,0,0,0,0,0,0,0,0,0,0,0,0,3,0,0,0,0,0,0,0,0,0,0,0,0,0,0,0,0,0,0,0,0,0,0,0,0,0,0,0,0,0,0,0,0,0,0,19,4,0,0,0,0,0,0,0,0,4,0,0,10,0,0,0,0,0,0,0,0,0,0,0,0,0,0,0,0,0,0,2,0,1,0,0,0,0,0,0,0,0,0,1,0,20,0,0,0,0,0,0,0,0,0,0,0,1,0,0,1,0,0,0,0,0,0,0,2,0,0,12,0,0,0,0,0,0,0,0,0,0,0,0,0,0,0,0,0,0,0,0,0,0,0,0,0,0,0,0,0,0,0,0,0,0,0,0,8,0,0,0,3,0,0,0,0,0,0,0,1,0,0,0,0,0,10,0,0,0,41,0,0,0,0,0,0,0,0,0,0,0,0,0,0,0,0,0,0,0,0,0,0,0,22,0,10,0,0,0,0,0,0,0,0,0,0,0,0
2015-02-01,0,0,0,0,0,0,8,0,0,0,0,0,0,0,0,0,0,0,0,0,0,0,0,31,0,1,0,0,0,0,0,0,0,2,1,0,2,0,0,0,0,0,0,0,5,0,0,0,0,0,0,0,0,0,0,0,0,0,0,15,3,1,0,1,3,0,0,0,0,0,0,0,0,0,0,0,0,0,0,0,4,0,0,0,0,0,0,0,0,0,0,0,2,1,3,2,0,0,0,0,0,0,0,0,0,0,0,0,0,0,0,0,0,0,0,37,7,0,0,0,0,0,0,0,0,0,0,0,20,0,0,0,0,0,0,0,0,0,0,0,0,0,0,0,0,0,0,0,0,2,0,0,0,0,0,0,0,0,0,1,0,12,0,0,0,0,0,0,0,0,0,0,0,1,0,0,2,0,1,0,0,0,0,0,7,0,0,1,0,0,0,2,0,0,0,0,0,0,0,0,0,0,0,0,0,0,0,0,0,0,0,0,0,0,0,0,0,0,0,0,0,0,0,0,6,1,0,0,0,0,0,0,0,1,0,0,0,0,0,0,0,0,5,0,0,0,49,0,0,0,0,0,0,0,0,0,0,0,0,0,0,0,0,0,0,0,0,0,0,0,20,0,12,0,0,0,0,0,0,0,0,0,0,0,0
2015-02-08,0,0,0,0,0,0,0,0,0,0,0,0,0,2,0,0,0,0,0,0,0,0,0,38,0,0,0,0,0,0,0,0,0,1,3,0,0,0,0,0,0,0,0,0,3,0,0,0,0,0,0,0,0,0,0,0,0,0,0,25,0,0,1,2,0,0,0,0,0,0,0,0,1,0,0,0,0,0,0,0,9,0,0,0,0,0,0,0,0,0,0,0,0,0,0,0,0,0,0,0,0,0,0,0,0,0,0,0,0,0,0,0,0,0,0,25,11,0,0,0,0,0,0,0,0,0,0,0,6,0,1,0,0,0,0,0,0,0,0,0,0,0,0,0,0,0,0,0,0,0,0,0,0,0,0,0,0,0,0,0,0,5,0,0,0,0,0,0,0,0,0,0,0,1,0,0,0,0,4,0,2,0,0,0,3,0,0,0,0,0,0,1,0,0,0,0,0,0,2,0,0,0,0,0,0,0,0,0,0,0,0,0,0,0,0,0,0,0,0,0,0,0,0,0,0,0,0,0,0,0,0,0,0,7,0,3,0,0,0,0,0,0,1,0,0,0,38,0,0,0,0,0,0,0,0,0,0,0,0,0,0,0,0,0,0,0,0,0,2,0,14,0,3,0,0,0,0,0,0,0,0,0,0,0,0
2015-02-15,0,0,0,0,0,0,6,0,0,0,0,0,0,0,2,0,0,0,0,0,0,0,0,41,0,1,0,0,0,0,0,0,0,0,3,0,0,0,0,0,0,2,0,0,2,0,1,0,0,0,0,0,0,0,0,0,0,0,0,23,0,1,2,0,0,0,0,0,0,0,0,0,0,0,0,0,0,0,0,0,7,0,0,0,0,0,0,0,0,0,0,0,1,2,0,0,0,0,0,0,0,0,1,0,0,0,0,0,2,0,0,0,0,0,0,37,4,0,0,0,0,0,0,0,0,0,0,0,14,0,0,0,0,0,0,0,0,0,0,0,0,0,0,0,0,0,0,0,0,0,0,0,0,0,1,0,0,0,0,0,0,5,0,0,0,0,0,0,0,0,0,1,0,3,0,0,4,0,0,0,0,0,0,0,2,0,0,4,0,0,0,4,0,0,0,0,0,0,20,0,0,0,0,0,0,0,0,0,0,0,0,0,0,0,0,0,0,0,0,0,0,0,0,0,2,0,3,0,1,0,0,0,0,1,0,1,1,0,0,0,0,0,8,0,0,0,22,0,0,0,0,0,0,0,0,0,0,0,0,0,0,0,1,0,0,0,0,0,0,0,9,1,14,0,0,0,0,0,0,0,0,0,0,0,0
2015-02-22,0,0,0,0,0,0,5,0,0,0,0,0,0,0,0,0,0,0,0,0,0,0,0,50,0,0,0,0,0,0,0,0,0,2,3,0,0,0,0,0,0,0,0,0,4,0,0,0,0,0,0,0,0,0,0,0,0,0,0,10,0,1,4,11,0,0,0,0,0,0,0,0,2,0,0,0,0,0,0,0,5,0,0,0,0,0,0,0,0,0,0,0,1,0,0,2,0,0,0,0,0,0,0,0,0,0,0,0,2,0,0,0,0,0,0,18,8,0,0,0,0,0,0,0,8,5,0,1,19,0,0,0,0,0,0,0,0,0,0,0,0,0,0,0,0,0,0,0,0,1,0,0,0,0,2,0,0,0,0,0,0,6,1,0,0,0,0,0,0,0,0,1,0,3,0,0,2,0,0,0,0,0,0,0,0,0,0,0,0,0,0,1,1,0,0,0,0,0,23,0,0,0,0,0,0,0,0,0,0,0,0,0,0,0,0,0,0,0,0,0,0,0,0,0,1,0,1,0,2,0,0,0,0,2,0,8,1,0,0,0,0,0,4,0,0,0,14,0,0,0,0,2,0,0,0,0,0,0,0,0,0,0,0,0,0,0,0,0,0,0,9,0,9,0,0,1,0,0,0,0,0,0,0,0,0
2015-03-01,0,1,0,0,0,0,11,0,0,0,0,0,0,0,1,0,0,0,0,0,0,0,0,42,0,1,0,0,0,0,0,0,0,1,3,0,0,0,0,1,0,0,0,0,1,0,1,0,0,0,0,0,0,0,0,0,0,1,0,14,0,1,1,1,0,0,0,4,0,0,0,0,3,0,0,0,0,0,0,0,12,0,0,0,0,0,0,0,0,0,0,0,1,0,3,0,0,0,0,0,0,0,0,0,0,0,0,0,1,0,0,0,0,0,0,24,21,0,0,0,0,0,0,0,0,0,0,0,6,0,0,0,0,0,0,0,0,0,0,0,0,0,0,0,0,0,0,0,0,0,0,0,0,0,1,0,0,0,0,0,0,1,0,0,0,0,0,0,0,0,0,2,1,4,0,0,2,0,0,0,0,0,0,0,1,0,0,1,0,0,0,3,0,0,0,0,0,0,2,0,0,0,0,0,0,0,0,0,0,0,0,0,0,0,0,0,0,0,0,0,0,1,0,0,0,0,0,0,1,0,0,0,0,1,0,1,1,0,0,0,0,0,1,0,1,0,43,0,0,0,0,1,0,0,0,0,0,0,0,0,0,0,3,0,0,0,0,0,0,0,9,0,16,0,0,0,0,0,0,0,0,0,0,0,0
2015-03-08,0,2,0,0,0,0,4,0,0,0,0,0,0,0,0,0,0,0,0,0,0,0,0,71,0,1,0,0,0,0,0,0,0,1,2,0,0,0,0,0,0,0,0,0,3,0,2,0,1,0,0,0,0,0,0,0,0,1,0,13,0,0,1,5,4,0,0,1,2,0,0,0,4,0,0,0,0,0,0,0,18,0,0,0,0,0,0,0,0,0,0,0,1,0,5,0,1,0,0,0,0,0,0,0,0,0,0,0,1,0,0,0,1,0,0,40,15,0,0,0,0,0,0,0,0,1,0,0,13,0,0,0,0,0,0,0,0,0,0,0,0,0,0,0,0,0,0,2,0,0,0,0,0,0,0,0,0,0,0,1,0,0,1,0,0,0,0,0,0,0,0,9,0,2,0,0,1,0,0,0,0,0,0,0,4,0,0,0,1,0,0,1,0,0,0,0,0,0,2,0,0,0,0,0,0,0,0,0,0,0,0,0,0,0,0,0,0,0,0,0,0,0,0,0,0,0,0,0,0,0,0,0,0,0,0,0,1,0,0,0,0,0,2,0,1,0,18,0,0,0,0,1,0,0,0,0,0,0,0,0,0,0,1,0,0,0,0,0,0,0,14,1,12,0,0,1,0,0,0,0,0,0,0,0,0
2015-03-15,0,1,0,0,0,0,2,0,0,0,0,0,0,0,0,0,0,0,0,0,0,0,0,65,0,0,0,0,0,0,0,0,0,2,0,0,0,0,0,0,0,0,0,0,4,0,1,0,0,0,0,0,0,0,0,0,0,3,0,11,0,4,1,2,0,0,0,0,0,0,0,0,2,0,0,0,0,0,0,0,13,0,0,0,0,0,0,0,0,0,0,0,2,0,0,0,0,0,0,0,0,0,0,0,0,0,0,0,1,0,0,0,0,0,0,24,14,0,0,0,0,0,0,0,0,2,0,2,4,0,0,0,0,1,0,0,0,0,0,0,0,0,0,0,0,0,0,6,0,0,0,0,0,0,0,0,0,0,0,6,1,7,0,0,0,0,0,0,0,0,0,1,3,0,0,0,8,0,0,0,1,0,0,0,7,0,0,0,0,0,0,8,0,0,0,0,0,0,3,0,0,0,0,0,0,0,0,0,0,0,0,0,0,0,0,0,0,0,0,0,0,0,0,0,1,0,0,0,0,1,0,0,0,0,0,0,0,0,0,0,0,0,9,0,0,0,12,0,0,0,0,0,0,0,0,0,0,0,0,0,0,0,2,0,0,0,0,0,0,0,43,0,16,0,0,0,0,0,0,0,0,0,0,0,0
2015-03-22,0,5,0,0,0,0,14,0,0,0,0,0,0,1,0,0,0,0,0,0,0,0,0,42,0,1,0,0,0,1,0,0,0,1,3,0,0,0,0,0,0,0,0,0,2,0,0,0,0,0,0,0,0,0,0,0,0,0,0,20,0,0,0,1,2,0,0,0,0,0,0,0,1,0,0,0,0,0,0,0,8,0,0,0,0,0,0,0,0,0,0,1,4,0,10,1,1,2,0,0,0,0,0,0,0,0,0,0,2,0,0,0,0,0,0,38,7,0,0,0,0,0,0,0,0,4,0,2,3,0,0,0,0,0,0,0,0,0,0,0,0,0,0,0,0,0,0,2,0,0,0,0,0,0,0,0,0,0,0,1,0,0,0,0,0,0,0,0,0,0,0,1,2,1,0,0,3,0,0,0,2,0,0,0,2,0,0,2,0,0,0,3,4,0,0,0,0,0,7,0,0,0,0,0,0,0,0,0,0,0,0,0,0,0,0,0,0,0,0,0,0,0,0,0,0,0,2,0,0,4,0,0,0,0,0,4,0,0,0,0,0,0,12,0,0,0,4,0,0,0,0,3,0,0,0,0,0,0,0,0,0,0,0,0,0,0,0,0,1,0,16,0,5,0,0,0,0,0,0,0,0,0,0,0,0
2015-03-29,0,0,0,0,0,0,13,0,0,0,0,0,0,0,0,0,0,0,0,0,0,0,0,42,0,0,0,0,0,0,0,0,0,0,2,0,0,0,0,1,0,0,0,0,0,0,0,0,0,0,0,0,0,0,0,0,0,1,0,10,0,2,0,4,0,0,0,1,0,0,0,0,1,0,0,0,0,0,0,0,8,0,0,0,0,0,0,1,0,0,0,1,4,1,0,0,0,0,0,0,0,0,0,0,0,0,0,0,1,0,0,0,0,0,0,24,13,0,0,0,0,0,0,0,0,0,0,0,3,0,0,0,0,0,0,0,0,0,0,1,0,0,0,0,0,0,0,5,0,0,0,0,0,0,3,0,0,0,0,1,2,0,0,0,0,0,0,0,0,0,0,0,2,7,0,0,6,0,0,0,1,0,0,0,2,0,0,0,1,0,0,3,0,0,0,0,0,0,1,0,0,0,0,0,0,0,0,0,0,0,0,0,0,0,0,0,0,0,0,0,0,0,0,0,0,0,0,0,0,3,0,0,0,0,0,7,2,0,0,0,0,0,11,0,0,0,3,0,0,0,0,0,0,0,0,0,0,0,0,1,0,0,0,0,0,0,0,0,1,0,30,0,13,0,0,0,0,0,0,0,0,0,0,0,0
2015-04-05,0,0,0,0,0,0,2,0,0,0,0,1,0,1,0,0,0,0,0,0,0,0,0,45,0,0,0,0,0,0,0,0,0,0,2,0,0,0,0,0,0,1,0,0,1,0,0,0,1,0,0,0,0,0,0,0,2,2,0,14,0,0,0,0,5,0,0,0,0,0,0,0,2,0,0,0,0,0,0,0,11,0,0,0,0,0,0,1,0,0,0,1,4,1,3,0,0,0,0,0,0,0,0,0,0,0,0,0,1,0,0,0,0,0,0,43,11,0,0,0,0,0,0,0,2,1,0,0,0,0,0,0,0,0,0,0,0,0,0,0,0,0,0,0,0,0,0,3,0,0,0,0,0,0,0,0,0,0,0,0,2,3,0,0,0,0,0,0,0,0,0,3,2,2,0,0,6,0,0,0,0,0,0,0,2,0,0,1,0,0,0,2,0,0,0,0,0,0,3,0,0,0,0,0,0,0,0,0,0,0,0,0,0,0,0,0,0,0,0,0,0,1,0,0,0,0,7,0,3,5,0,0,0,0,0,4,0,0,0,0,0,0,3,0,0,0,8,0,0,0,0,2,0,0,0,0,0,0,0,0,0,0,0,0,0,0,0,0,0,0,40,0,46,0,0,0,0,0,0,0,0,0,0,0,0
2015-04-12,0,0,0,0,0,0,5,0,0,0,0,0,0,1,0,0,0,0,0,0,0,0,0,15,0,0,0,0,0,0,0,0,0,0,3,0,0,2,0,0,0,0,0,0,0,0,2,0,0,0,0,0,0,0,0,0,2,0,0,26,0,1,4,5,0,0,1,1,0,0,0,0,0,0,0,0,0,0,0,0,11,0,0,0,0,0,0,1,0,0,0,0,8,0,14,2,0,0,0,0,0,0,0,0,0,0,0,0,2,0,0,0,0,0,0,67,8,0,0,0,0,1,0,0,0,1,0,0,0,0,0,0,0,0,0,0,0,0,0,0,0,0,0,0,0,0,0,2,0,1,0,0,0,0,0,0,0,0,0,0,1,2,0,0,2,0,0,0,0,0,0,0,2,5,0,0,2,0,0,0,0,0,0,0,0,0,0,0,0,0,0,5,0,0,0,0,0,0,0,0,0,0,0,0,0,0,0,0,0,0,0,0,0,0,0,0,0,0,0,0,0,0,0,0,0,0,1,0,3,2,0,0,0,0,1,5,0,0,0,0,0,0,13,0,0,0,27,0,0,0,0,4,0,0,0,0,0,0,0,1,0,0,0,0,0,0,0,0,0,0,35,0,7,0,0,1,0,0,0,0,0,0,0,0,0
2015-04-19,0,0,0,0,0,0,5,0,0,0,0,0,0,1,1,0,0,0,0,0,0,0,0,4,0,0,0,0,0,0,0,0,0,0,1,0,0,0,0,0,0,0,0,0,5,0,2,0,0,0,0,0,0,0,0,0,0,1,0,16,0,2,1,1,1,0,0,1,0,0,0,1,1,0,0,0,0,0,0,0,0,0,0,0,0,0,0,1,0,0,0,0,2,1,12,0,0,0,0,0,0,0,0,0,1,0,0,0,0,0,0,0,0,0,0,41,2,0,0,0,0,1,0,0,0,0,0,0,0,0,0,0,0,0,0,0,0,0,0,0,0,0,0,0,0,0,0,0,0,0,0,0,0,0,0,0,0,0,0,2,0,2,0,1,0,0,0,0,0,0,0,0,2,6,0,0,0,0,1,0,1,0,0,0,17,0,0,0,1,0,0,1,0,0,0,0,0,0,1,0,0,0,0,0,0,0,0,0,0,0,0,0,0,0,0,0,0,0,0,0,0,0,0,0,2,0,0,0,2,4,0,0,0,0,0,5,0,0,0,0,0,0,0,0,0,0,18,0,0,0,0,0,0,0,0,0,0,0,0,0,0,0,0,0,0,0,0,0,0,0,4,0,5,0,0,1,0,0,0,0,0,0,0,0,0
2015-04-26,0,0,0,0,0,0,3,0,0,0,0,0,0,0,0,0,0,0,0,0,0,0,0,14,0,0,0,0,0,0,0,0,0,0,0,0,0,0,0,0,0,0,0,0,1,0,2,0,0,0,0,0,0,0,0,0,0,0,0,15,0,1,1,1,0,0,0,1,0,0,0,0,1,0,0,0,0,0,0,0,0,0,0,0,2,0,0,0,0,0,0,0,3,1,17,0,0,0,0,0,0,0,0,0,1,0,0,0,0,0,0,0,0,0,0,53,19,0,0,0,0,2,0,0,0,0,0,0,2,0,0,0,0,0,0,0,0,0,0,0,0,0,0,0,0,0,0,4,0,0,0,0,0,0,0,0,0,0,0,3,0,11,0,0,0,0,0,0,0,0,0,0,1,3,0,0,2,0,0,0,0,0,0,0,0,0,0,1,0,0,0,2,1,0,0,0,0,0,8,0,0,0,0,0,0,0,0,0,0,0,0,0,0,0,0,0,0,0,0,0,0,0,0,0,0,0,1,0,2,0,0,0,0,0,0,9,1,0,0,0,0,0,1,0,1,0,15,0,0,0,0,0,0,0,0,0,0,0,0,0,0,0,4,0,0,0,0,0,0,0,9,0,7,0,0,0,0,0,0,0,0,0,0,0,0
2015-05-03,0,0,0,0,0,0,2,0,0,0,0,0,0,0,1,0,0,0,0,0,0,0,0,30,0,0,0,0,0,0,0,0,0,0,2,0,0,0,0,0,0,0,0,0,0,0,0,0,0,0,0,0,0,0,0,1,0,0,0,10,0,2,5,1,0,0,0,0,0,0,0,0,0,0,0,0,0,0,0,1,5,0,0,0,0,0,0,0,0,0,0,0,4,0,3,0,0,0,0,0,0,0,0,0,0,0,0,0,0,0,0,0,0,0,0,44,9,0,0,0,0,0,0,0,0,0,0,1,3,0,0,0,0,0,0,0,0,0,0,0,0,0,0,0,0,0,0,2,0,0,0,0,0,0,0,0,0,0,0,0,0,0,0,0,0,0,0,0,0,0,0,0,0,3,0,0,2,0,0,0,0,0,0,0,2,0,0,1,1,0,0,2,0,0,0,0,0,0,0,0,0,0,0,0,0,0,0,0,0,0,0,0,0,0,0,0,0,0,0,0,0,0,0,0,0,0,0,0,4,0,0,0,0,0,0,1,0,0,0,0,0,0,0,0,0,0,0,0,0,0,0,3,0,0,0,0,0,0,0,0,0,0,2,0,0,0,0,0,0,0,8,0,2,0,0,0,0,0,0,0,0,0,0,0,0
2015-05-10,0,0,0,0,0,0,0,0,0,0,0,0,0,0,0,0,0,0,0,0,0,0,0,20,0,0,0,0,0,0,0,0,0,0,1,0,0,0,0,0,0,0,0,0,1,0,1,0,2,0,0,0,0,0,0,0,0,0,0,10,0,0,0,0,2,0,0,0,1,0,0,0,0,0,0,0,0,0,0,1,0,0,0,0,0,0,0,0,0,0,0,0,6,0,0,0,0,0,0,0,0,0,0,0,0,0,0,0,0,0,0,0,0,0,0,40,9,0,0,0,0,0,0,0,0,1,0,0,0,0,0,0,0,0,0,0,0,0,0,0,0,0,0,0,0,0,0,5,0,0,0,0,0,0,0,0,0,0,0,3,0,0,0,0,0,0,0,0,0,0,0,0,0,5,0,0,7,0,0,0,0,0,0,0,2,0,0,1,0,0,0,3,0,0,0,0,0,0,0,0,0,0,0,0,0,0,0,0,0,0,0,0,0,0,0,0,0,0,0,0,0,0,0,0,0,0,0,0,3,1,0,0,0,0,0,0,0,0,0,0,0,0,1,0,0,0,5,1,0,0,0,1,0,0,0,0,0,0,0,0,0,0,3,0,0,0,0,0,0,0,6,0,0,0,0,0,0,0,0,0,0,0,0,0,0
2015-05-17,0,4,0,0,0,0,0,0,0,0,0,0,0,0,0,0,0,0,0,0,0,0,0,16,0,0,0,0,0,0,0,0,0,0,2,0,0,0,0,0,0,0,0,0,0,0,1,0,0,1,0,0,0,0,0,0,0,0,0,6,0,1,0,5,0,0,0,0,1,0,0,0,1,0,0,0,0,0,0,0,3,0,0,0,0,0,0,0,0,0,0,0,8,1,0,0,0,0,0,0,0,0,0,0,0,0,0,0,0,0,0,0,0,0,0,41,4,0,0,0,1,0,0,0,0,0,0,0,0,0,1,0,0,0,0,0,0,0,0,0,0,0,0,0,0,0,0,2,0,0,0,0,0,0,0,0,0,0,0,0,0,1,0,0,0,0,0,0,0,0,0,0,0,2,0,0,7,0,0,0,2,0,0,0,0,0,0,0,0,0,0,0,0,0,0,0,0,0,0,0,0,0,0,0,0,0,0,0,0,0,0,0,0,0,0,0,0,0,0,0,0,0,0,0,0,0,1,0,2,0,0,1,0,0,0,2,0,0,0,0,0,0,2,0,0,0,7,0,0,0,0,1,0,0,0,0,0,0,0,1,0,0,0,0,0,1,0,0,0,0,4,0,1,0,0,0,0,0,0,0,0,0,0,0,0
2015-05-24,0,0,0,0,0,0,0,0,0,0,0,0,0,0,0,0,0,0,0,0,0,0,0,18,0,0,0,0,0,0,0,0,0,0,1,0,0,0,0,0,0,0,0,0,0,0,1,0,0,0,0,0,0,0,0,0,0,0,0,0,0,0,0,0,0,0,0,0,1,0,0,0,2,0,0,0,0,0,0,0,1,0,0,0,0,0,0,0,0,0,0,0,2,3,0,0,0,0,0,0,0,0,0,0,0,0,0,0,1,0,0,0,0,0,0,21,6,0,0,0,0,0,0,0,0,1,0,1,4,0,0,0,0,0,0,0,0,0,0,0,0,0,0,0,0,0,0,5,0,0,0,0,0,0,0,0,0,0,0,0,0,0,0,0,0,0,0,0,0,0,0,0,1,3,0,0,5,0,0,0,1,0,0,0,3,0,0,1,0,0,0,2,0,0,0,0,0,0,2,0,0,0,0,0,0,0,0,0,0,0,0,0,0,0,0,0,0,0,0,0,1,0,0,0,2,0,0,0,2,0,0,0,0,0,3,9,0,0,0,0,0,0,0,1,0,0,11,0,0,0,0,0,0,0,0,0,0,0,0,0,0,0,0,0,0,0,0,0,0,0,3,0,4,0,0,0,0,0,0,0,0,0,0,0,0
2015-05-31,0,0,0,0,0,0,3,0,0,0,0,0,0,1,0,0,0,0,0,0,0,0,0,15,0,0,0,0,0,0,0,0,0,0,0,0,0,0,0,0,0,0,0,0,0,0,0,0,0,0,0,0,0,0,0,0,0,0,0,0,0,1,0,0,0,0,0,0,5,0,0,0,1,0,0,0,0,0,0,0,1,0,0,0,0,0,0,0,0,0,0,0,3,2,0,0,1,0,0,0,0,0,0,0,0,0,0,0,0,0,0,0,0,0,0,19,4,1,0,0,0,0,0,0,0,2,0,0,1,0,0,0,0,0,0,0,0,0,0,0,0,0,0,0,0,0,0,1,0,0,0,0,0,0,0,0,0,0,0,0,0,2,0,0,0,0,0,0,0,0,0,0,0,1,0,0,0,0,0,0,0,0,0,0,0,0,0,1,0,0,0,0,0,0,0,0,0,0,0,0,0,0,0,0,0,0,0,0,0,0,0,0,0,0,0,0,0,0,0,0,0,0,0,0,2,0,0,0,0,0,0,0,0,5,0,3,0,0,0,0,0,0,1,0,0,0,4,0,0,0,0,0,0,0,0,0,0,0,0,0,0,0,1,0,0,0,0,0,0,0,0,0,0,0,0,0,0,0,0,0,0,0,0,0,0
2015-06-07,0,0,0,0,0,0,0,0,0,0,0,0,0,0,0,0,0,0,0,0,0,0,0,7,0,0,0,0,0,0,0,0,0,0,0,0,3,0,0,0,0,0,0,0,2,0,0,0,0,0,0,0,0,0,0,0,0,1,0,1,0,0,0,2,2,0,0,0,4,0,0,0,0,0,0,0,0,0,0,0,3,0,0,0,0,1,0,0,0,0,0,0,2,0,0,0,0,0,0,0,0,0,0,0,0,0,0,0,0,0,0,0,0,0,0,19,3,0,0,0,0,0,0,0,1,0,0,0,3,0,0,0,0,0,0,0,0,0,0,0,0,0,0,0,0,0,0,4,0,0,0,0,0,0,0,0,0,0,0,0,0,1,0,0,0,0,0,0,0,0,0,1,0,4,0,0,0,0,0,0,0,0,0,0,0,0,0,0,0,0,0,0,0,0,0,0,0,0,0,0,0,0,0,0,0,0,0,0,0,0,0,0,0,0,0,0,0,0,0,0,2,0,0,0,0,0,0,0,0,0,0,0,0,0,2,0,0,0,0,0,0,0,0,0,0,0,6,0,0,0,0,0,0,0,0,0,0,0,0,0,0,0,0,0,0,0,0,0,0,0,2,0,6,0,0,0,0,0,0,0,0,0,0,0,0
2015-06-14,0,0,0,0,0,0,0,0,0,0,0,0,0,0,0,0,0,0,0,0,0,0,0,13,0,0,0,0,0,0,0,0,0,0,0,0,0,0,0,0,0,0,0,0,3,0,0,0,0,0,0,0,0,0,0,0,0,0,0,7,0,0,0,0,0,0,0,1,0,0,0,0,0,0,0,0,0,0,0,0,2,0,0,0,0,0,0,0,0,0,0,0,4,1,0,0,0,0,0,0,0,0,0,0,0,0,0,0,0,0,0,0,0,0,0,0,7,0,0,0,0,0,0,0,0,1,0,0,3,0,0,0,0,0,0,0,0,0,0,0,0,0,0,0,0,0,0,0,0,0,0,0,0,0,0,0,0,0,0,0,0,0,0,0,0,0,0,0,0,0,0,2,0,3,0,0,0,0,0,0,0,0,0,0,1,0,0,0,0,0,0,3,0,0,0,0,0,0,0,0,0,0,0,0,0,0,0,0,0,0,0,0,0,0,0,0,0,0,0,0,0,0,0,0,1,0,0,0,0,1,0,0,0,0,0,0,0,0,0,0,0,0,0,0,0,0,2,0,0,0,0,0,0,0,0,0,0,0,0,0,0,0,0,0,0,0,0,0,0,0,12,0,2,0,0,0,0,0,0,0,0,0,0,0,0
2015-06-21,0,0,0,0,0,0,0,0,0,0,0,0,0,0,0,0,0,0,0,0,0,0,0,8,0,0,0,0,0,0,0,0,0,0,0,0,0,0,0,0,0,0,0,0,1,0,1,0,0,0,0,2,0,0,0,0,0,0,0,13,0,0,1,0,0,0,0,0,2,0,0,0,0,0,0,0,0,0,0,0,2,0,0,0,0,0,0,0,0,0,0,0,1,0,2,0,0,0,0,0,0,0,0,0,0,0,0,0,0,0,0,0,0,0,0,16,5,0,0,0,0,0,0,0,0,0,0,0,0,0,0,0,0,0,0,0,0,0,0,0,0,0,0,0,0,0,0,0,0,0,0,0,0,0,0,0,0,0,0,0,0,1,0,0,1,0,0,0,0,0,0,0,0,1,0,0,0,0,0,0,0,0,0,0,1,0,0,0,0,0,0,1,0,0,0,0,0,0,2,0,0,0,0,0,0,0,0,0,0,0,0,0,0,0,0,0,0,0,0,0,0,0,0,0,0,0,0,0,0,2,0,0,0,0,0,1,0,0,0,0,0,0,5,0,0,0,0,0,0,0,0,1,0,0,0,0,0,0,0,0,0,0,0,0,0,0,0,0,0,0,0,0,0,0,0,0,0,0,0,0,0,0,0,0,0
2015-06-28,0,0,0,0,0,0,1,0,0,0,0,0,0,0,0,0,0,0,0,0,0,0,0,9,0,0,0,0,0,0,0,0,0,0,0,0,0,0,0,0,0,0,0,0,1,0,0,0,0,0,0,5,0,0,0,0,0,0,0,7,0,1,0,0,0,0,0,0,0,0,0,0,0,0,0,0,0,0,0,0,4,0,0,0,0,0,0,0,0,0,0,0,2,0,0,0,0,0,0,0,0,0,0,0,0,0,0,0,0,0,0,0,0,0,0,16,3,0,0,0,0,0,0,0,0,0,0,0,0,0,0,0,0,0,0,0,0,0,0,0,0,0,0,0,0,0,0,0,0,0,0,0,0,0,0,0,0,0,0,0,0,0,0,0,0,0,0,0,0,0,0,1,0,3,0,0,2,0,0,0,0,0,0,0,0,0,0,0,0,0,0,0,0,0,0,0,0,0,0,0,0,0,0,0,0,0,0,0,0,0,0,0,0,0,0,0,0,0,0,0,0,0,0,0,0,0,0,0,1,0,0,0,0,0,0,1,0,0,0,0,0,0,0,0,0,0,0,0,0,0,0,0,0,0,0,0,0,0,0,0,0,0,0,0,0,0,0,0,0,0,0,0,0,0,0,0,0,0,0,0,0,0,0,0,0
2015-07-05,0,0,0,0,0,0,0,0,0,0,0,0,0,0,0,0,0,0,0,0,0,0,0,4,0,0,0,0,0,0,0,0,0,0,0,0,0,0,0,0,0,0,0,0,0,0,0,0,0,0,0,0,0,0,0,0,0,0,0,0,0,0,0,0,0,0,0,0,0,0,0,0,0,0,0,0,0,0,0,0,3,0,0,0,0,0,0,0,0,0,0,0,1,0,0,0,0,0,0,0,0,0,0,0,0,0,0,0,0,0,0,0,0,0,0,0,5,0,0,0,0,0,0,0,0,0,0,0,0,0,0,0,0,0,0,0,0,0,0,0,0,0,0,0,0,0,0,0,0,0,0,0,0,0,0,0,0,0,0,0,0,0,0,0,0,0,0,0,0,0,0,0,0,0,0,0,2,0,0,0,0,0,0,0,0,0,0,0,0,0,0,1,0,0,0,0,0,0,0,0,0,0,0,0,0,0,0,0,0,0,0,0,0,0,0,0,0,0,0,0,0,0,0,0,0,0,2,0,0,0,0,0,0,0,0,2,0,0,0,0,0,0,0,0,0,0,1,0,0,0,0,0,0,0,0,0,0,0,0,0,0,0,0,0,0,0,0,0,0,0,0,0,0,0,0,0,0,0,0,0,0,0,0,0,0
2015-07-12,0,0,0,0,0,0,0,0,0,0,0,0,0,0,0,0,0,0,0,0,0,0,0,3,0,0,0,0,0,0,0,0,0,0,0,0,0,0,0,0,0,0,0,0,0,0,1,0,0,0,0,0,0,0,0,0,0,0,0,0,0,1,0,0,0,0,0,0,0,0,0,0,0,0,0,0,0,0,0,0,10,0,0,0,0,0,0,0,0,0,0,0,0,0,0,0,0,0,0,0,0,0,0,0,0,0,0,0,0,0,0,0,0,0,0,2,3,0,0,0,0,0,0,0,0,0,0,0,1,0,0,0,0,1,0,0,0,0,0,0,0,0,0,0,0,0,0,2,0,0,0,0,0,0,0,0,0,0,0,0,0,0,0,0,0,0,0,0,0,0,0,0,0,1,0,0,0,0,0,0,0,0,0,0,0,0,0,0,0,0,0,0,0,0,0,0,0,0,0,0,0,0,0,0,0,0,0,0,0,0,0,0,0,0,0,0,0,0,0,0,0,0,0,0,0,0,0,0,2,0,0,0,0,0,0,6,0,0,0,0,0,0,0,0,0,0,4,0,0,0,0,1,0,0,0,0,0,0,0,0,0,0,0,0,0,0,0,0,0,0,0,0,1,0,0,0,0,0,0,0,0,0,0,0,0
2015-07-19,0,0,0,0,0,0,0,0,0,0,0,0,0,0,0,0,0,0,0,0,0,0,0,9,0,0,0,0,0,0,0,0,0,0,0,0,0,0,0,0,0,0,0,0,1,0,2,0,1,0,0,0,0,0,0,0,0,0,0,0,0,0,1,0,0,0,0,0,0,0,0,0,0,0,0,0,0,0,0,0,5,0,0,0,0,0,0,0,0,0,0,0,0,0,0,0,0,0,0,0,0,0,0,0,0,0,0,0,0,0,0,0,0,0,0,3,5,0,0,0,0,0,0,0,0,1,0,0,0,0,0,0,0,0,0,0,0,0,0,0,0,0,0,0,0,0,0,1,0,0,0,0,0,0,0,0,0,0,0,0,0,2,0,0,0,0,0,0,0,0,0,1,0,0,0,0,0,0,0,0,0,0,0,0,0,0,0,0,0,0,0,0,0,0,0,0,0,0,0,0,0,0,0,0,0,0,0,0,0,0,0,0,0,0,0,0,0,0,0,0,0,0,0,0,0,0,1,0,1,0,0,0,0,0,0,2,0,0,0,0,0,0,0,0,0,0,0,0,0,0,0,0,0,0,0,0,0,0,0,0,0,0,0,0,0,0,0,0,0,0,0,0,3,0,0,0,0,0,0,0,0,0,0,0,0
2015-07-26,0,0,0,0,0,0,0,0,0,0,0,0,0,0,0,0,0,0,0,0,0,0,0,4,0,1,0,0,0,0,0,0,0,0,0,0,0,0,0,0,0,0,0,0,0,0,0,0,0,0,0,0,0,0,0,0,0,0,0,2,0,0,0,0,0,0,0,0,0,0,0,0,0,0,0,0,0,0,0,0,0,0,0,0,0,0,0,0,0,0,0,0,0,0,0,0,0,0,0,0,0,0,0,0,0,0,0,0,0,0,0,0,0,0,0,1,2,0,0,0,0,8,0,0,0,0,0,0,1,0,0,0,0,0,0,0,0,0,0,0,0,0,0,0,0,0,0,0,0,0,0,0,0,0,0,0,0,0,0,0,0,0,0,0,0,0,0,0,0,0,0,1,0,0,0,0,0,0,0,0,0,0,0,0,0,0,0,0,0,0,0,0,0,0,0,0,0,0,0,0,0,0,0,0,0,0,0,0,0,0,0,0,0,0,0,0,0,0,0,0,0,0,0,0,0,0,1,0,0,0,0,0,0,0,0,1,0,0,0,0,0,0,1,0,0,0,0,0,0,0,0,0,0,0,0,0,0,0,0,0,0,0,0,0,0,0,0,0,0,0,5,0,0,0,0,0,0,0,0,0,0,0,0,0,0
2015-08-02,0,0,0,0,0,0,0,0,0,0,0,0,0,1,1,0,0,0,0,0,0,0,0,3,0,0,0,0,0,0,0,0,0,1,0,0,0,0,0,0,0,0,0,0,0,0,0,0,0,0,0,0,0,0,0,0,0,0,0,2,0,0,0,0,0,0,0,0,0,0,0,0,0,0,0,0,0,0,0,0,7,0,0,0,0,0,0,0,0,0,0,0,2,0,0,0,0,0,0,0,0,0,0,0,0,0,0,0,0,0,0,0,0,0,0,2,2,0,0,0,0,0,0,0,0,0,0,0,0,0,0,0,0,0,0,0,0,0,0,0,0,0,0,0,0,0,0,0,0,0,0,0,0,0,0,0,0,0,0,0,0,0,0,0,0,0,0,0,0,0,0,0,0,0,0,0,0,0,0,0,0,0,0,0,0,0,0,0,0,0,0,0,0,0,0,0,0,0,1,0,0,0,0,0,0,0,0,0,0,0,0,0,0,0,0,0,0,0,0,0,0,0,0,0,0,0,0,0,0,0,0,0,0,0,0,0,0,0,0,0,0,0,0,0,0,0,3,0,0,0,0,1,0,0,0,0,0,0,0,0,0,0,0,0,0,0,0,0,0,0,0,0,2,0,0,0,0,0,0,0,0,0,0,0,0
2015-08-09,0,0,0,0,0,0,2,0,0,0,0,0,0,0,0,0,0,0,0,0,0,0,0,4,0,0,0,0,0,0,0,0,0,0,1,0,0,0,0,0,0,0,0,0,0,0,1,0,0,0,0,0,0,0,0,0,0,0,0,0,0,1,0,0,0,0,0,0,0,0,0,0,0,0,0,0,0,0,0,0,3,0,0,0,0,0,0,0,0,0,0,0,2,1,0,0,0,0,0,0,0,0,0,0,0,0,0,0,0,0,0,0,0,0,0,3,5,0,0,0,0,0,0,0,0,1,0,0,0,0,0,0,0,0,0,0,0,0,0,0,0,0,0,0,0,0,0,0,0,0,0,0,0,0,0,0,0,0,0,1,0,4,0,0,0,0,0,0,0,0,0,0,1,0,0,0,4,0,0,0,0,0,0,0,0,0,0,0,0,0,0,0,0,0,0,0,0,0,1,0,0,0,0,0,0,0,0,0,0,0,0,0,0,0,0,0,0,0,0,0,0,0,0,0,0,0,0,0,0,0,0,0,0,0,0,0,0,0,0,0,0,0,1,0,0,0,0,0,0,0,0,0,0,0,0,0,0,0,0,0,0,0,0,0,0,0,0,0,0,0,0,0,2,0,0,0,0,0,0,0,0,0,0,0,0
2015-08-16,0,0,0,0,0,0,0,0,0,0,0,0,0,0,1,0,0,0,0,0,0,0,0,9,0,0,0,0,0,0,0,0,0,0,1,0,0,0,0,0,0,0,0,0,0,0,1,0,0,0,0,0,0,0,0,0,0,0,0,0,0,0,0,0,0,0,0,0,0,0,0,0,0,0,0,0,0,0,0,0,4,0,0,0,0,0,0,0,0,0,0,0,3,0,0,0,0,0,0,0,0,0,0,0,0,0,0,0,0,0,0,0,0,0,0,6,5,0,0,0,0,0,0,0,0,0,0,0,3,0,0,0,0,0,0,0,0,0,0,0,0,0,0,0,0,0,0,0,0,0,0,0,0,0,0,0,0,0,0,1,0,3,0,0,0,0,0,0,0,0,0,0,2,0,0,0,0,0,0,0,0,0,0,0,0,0,0,0,0,0,0,0,2,0,0,0,0,0,2,0,0,0,0,0,0,0,0,0,0,0,0,0,0,0,0,0,0,0,0,0,0,0,0,0,0,0,1,0,0,0,0,0,0,0,0,1,1,0,0,0,0,0,0,0,0,0,7,0,0,0,0,0,0,0,0,0,0,0,0,2,0,0,1,0,0,0,0,0,0,0,2,0,2,0,0,1,0,0,0,0,0,0,0,0,0
2015-08-23,0,0,0,0,0,0,0,0,0,0,0,0,0,0,0,0,0,0,0,0,0,0,0,12,0,0,0,0,0,0,0,0,0,0,0,0,0,0,0,0,0,0,0,0,0,0,0,0,0,0,0,0,0,0,0,0,0,0,0,2,0,1,0,0,0,0,0,0,0,0,0,0,0,0,0,0,0,0,0,0,4,0,0,0,0,0,0,0,0,0,0,0,0,0,0,0,0,0,0,0,0,0,0,0,0,0,0,0,0,0,0,0,0,0,0,0,4,0,0,0,0,0,0,0,0,0,0,0,1,0,0,0,0,0,0,0,0,0,0,0,0,0,0,0,0,0,0,1,0,0,0,0,0,0,0,0,0,0,0,0,0,0,0,0,0,0,0,0,0,0,0,0,0,0,0,0,0,0,0,0,0,0,0,0,0,0,0,0,0,0,0,0,0,0,0,0,0,0,0,0,0,0,0,0,0,0,0,0,0,0,0,0,0,0,0,0,0,0,0,0,0,0,0,0,0,0,0,0,0,0,0,0,0,0,0,0,0,0,0,0,0,0,0,0,0,0,0,0,0,0,0,0,0,0,0,0,0,0,0,0,0,0,0,0,0,0,0,0,0,0,0,0,1,0,0,0,0,0,0,0,0,0,0,0,0
2015-08-30,0,0,0,0,0,0,0,0,0,0,0,0,0,0,0,0,0,0,0,0,0,0,0,14,0,0,0,0,0,0,0,0,0,0,1,0,0,0,0,0,0,0,0,0,0,0,0,0,0,0,0,0,0,0,0,0,0,0,0,2,0,1,0,0,0,0,0,0,0,0,0,0,0,0,0,0,0,0,0,0,9,0,0,0,0,0,0,0,0,0,0,0,0,1,0,0,0,0,0,0,0,0,0,0,0,0,0,0,0,0,0,0,0,0,0,0,2,0,0,0,0,0,0,0,0,0,0,0,0,0,0,0,0,0,0,0,0,0,0,0,0,0,0,0,0,0,0,0,0,0,0,0,0,0,0,0,0,0,0,0,0,1,0,0,0,0,0,0,0,0,0,0,0,5,0,0,0,0,0,0,0,0,0,0,0,0,0,0,0,0,0,0,0,0,0,0,0,0,0,0,0,0,0,0,0,0,0,0,0,0,0,0,0,0,0,0,0,0,0,0,1,0,0,0,0,0,0,0,0,0,0,0,0,0,0,0,0,0,0,0,0,0,0,0,0,0,2,0,0,0,0,0,0,0,0,0,0,0,0,0,0,0,0,0,0,0,0,0,0,0,3,0,0,0,0,0,0,0,0,0,0,0,0,0,0
2015-09-06,0,0,0,0,0,0,0,0,0,0,0,0,0,0,0,0,0,0,0,0,0,0,0,7,0,0,0,0,0,0,0,0,0,0,1,0,0,0,0,0,0,0,0,0,0,0,0,0,0,0,0,0,0,0,0,0,0,0,0,0,0,0,0,0,0,0,0,0,0,0,0,0,0,0,0,0,0,0,0,0,3,0,0,0,0,0,0,0,0,0,0,0,0,0,0,0,0,0,0,0,0,0,0,0,0,0,0,0,0,0,0,0,0,0,0,4,3,0,0,0,0,0,0,0,0,0,0,0,0,0,0,0,0,0,0,0,0,0,0,0,0,0,0,0,0,0,0,0,0,0,0,0,0,0,0,0,0,0,0,0,0,0,0,0,0,0,0,0,0,0,0,0,0,1,0,0,1,0,0,0,0,0,0,0,0,0,0,0,0,0,0,0,0,0,0,0,0,0,0,0,0,0,0,0,0,0,0,0,0,0,0,0,0,0,0,0,0,0,0,0,0,0,0,0,0,0,2,0,0,0,0,0,0,0,0,0,0,0,0,0,0,0,0,0,0,0,0,0,0,0,0,0,0,0,0,0,0,0,0,0,0,0,0,0,0,0,0,0,0,0,0,0,1,0,0,0,0,0,0,0,0,0,0,0,0
2015-09-13,0,0,0,0,0,0,0,0,0,0,0,0,0,1,0,0,0,0,0,0,0,0,0,8,0,0,0,0,0,0,0,0,0,0,2,0,0,0,0,0,0,0,0,0,1,0,0,0,0,0,0,0,0,0,0,0,0,0,0,7,0,0,0,0,0,0,0,0,0,0,0,0,0,0,0,0,0,0,0,0,6,0,0,0,0,0,0,0,0,0,0,0,0,0,2,0,0,0,0,0,0,0,0,0,0,0,0,0,0,0,0,0,0,0,0,4,0,0,0,0,0,0,0,0,0,0,0,0,2,0,0,0,0,0,0,0,0,0,0,0,0,0,0,0,0,0,0,0,0,0,0,0,0,0,0,0,0,0,0,0,0,0,0,0,0,0,0,0,0,0,0,0,0,0,0,0,0,0,0,0,0,0,0,0,0,0,0,0,0,0,0,0,0,0,0,0,0,0,0,0,0,0,0,0,0,0,0,0,0,0,0,0,0,0,0,0,0,0,0,0,0,0,0,0,0,0,0,0,0,0,0,0,0,0,0,0,0,0,0,0,0,0,0,0,0,0,0,0,0,0,0,0,0,0,0,0,0,0,0,0,0,0,0,0,0,0,0,0,0,0,0,0,0,0,0,0,0,0,0,0,0,0,0,0,0
2015-09-20,0,0,0,0,0,0,0,0,0,0,0,0,0,0,0,0,0,0,0,0,0,0,0,6,0,0,0,0,0,0,0,0,0,0,0,0,0,0,0,0,0,0,0,0,2,0,0,0,1,0,0,0,0,0,0,0,0,0,0,8,0,0,0,0,0,0,1,0,0,0,0,0,0,0,0,0,0,0,0,0,4,0,0,0,0,0,0,0,0,0,0,0,0,0,0,0,0,0,0,0,0,0,0,0,0,0,0,0,0,0,0,0,0,0,0,6,5,0,0,0,0,12,0,0,0,1,0,0,1,0,0,0,0,0,0,0,0,0,0,0,0,0,0,0,0,0,0,0,0,0,0,0,0,0,0,0,0,0,0,0,0,0,0,0,0,0,0,0,0,0,0,0,0,1,0,0,1,0,0,0,0,0,0,0,0,0,0,0,0,0,0,0,0,0,0,0,0,0,0,0,0,0,0,0,0,0,0,0,0,0,0,0,0,0,0,0,0,0,0,0,0,0,0,0,0,0,0,0,1,0,0,0,0,0,0,0,0,0,0,0,0,0,0,0,0,0,0,0,0,0,0,0,0,0,0,0,0,0,0,0,0,0,0,0,0,0,0,0,0,0,1,0,0,0,0,0,0,0,0,0,0,0,0,0,0
2015-09-27,0,0,0,0,0,0,0,0,0,0,0,0,0,0,0,0,0,0,0,0,0,0,0,17,0,0,0,0,0,0,0,0,0,0,3,0,0,0,0,0,0,0,0,0,0,0,1,0,0,0,0,0,0,0,0,0,0,0,0,0,0,0,0,0,0,0,0,0,0,0,0,0,0,0,0,0,0,0,0,0,5,0,0,0,0,0,0,0,0,0,0,0,1,0,0,0,0,0,0,0,0,0,0,0,0,0,0,0,0,0,0,0,0,0,0,10,1,0,0,0,0,2,0,0,0,0,0,0,2,0,0,0,0,0,0,0,0,0,0,0,0,0,0,0,0,0,0,0,0,0,0,0,0,0,0,0,0,0,0,0,0,0,0,0,0,0,0,0,0,0,0,0,0,2,0,0,0,0,0,0,0,0,0,0,1,0,0,0,0,0,0,0,0,0,0,0,0,0,0,0,0,0,0,0,0,0,1,0,0,0,0,0,0,0,0,0,0,0,0,0,0,0,0,0,0,0,0,0,0,0,0,0,0,0,0,0,0,0,0,0,0,0,0,0,0,0,0,0,0,0,0,0,0,0,0,0,0,0,0,0,0,0,0,0,0,0,0,0,0,0,0,0,0,0,0,0,0,0,0,0,0,0,0,0,0
2015-10-04,0,0,0,0,0,0,0,0,0,0,0,0,0,0,0,0,0,0,0,0,0,0,0,5,0,0,0,0,0,0,0,0,0,1,1,0,0,0,0,0,0,0,0,0,1,0,0,0,0,0,0,0,0,0,0,0,0,0,0,0,0,0,0,0,0,0,0,0,0,0,0,0,0,0,0,0,0,0,0,0,10,0,0,0,0,0,0,0,0,0,0,0,0,0,0,0,0,0,0,0,0,0,0,0,0,0,0,0,0,0,0,0,0,0,0,3,2,0,0,0,0,3,0,0,0,0,0,0,0,0,0,0,0,0,0,0,0,0,0,0,0,0,0,0,0,0,0,0,0,0,0,0,0,0,0,0,0,0,0,0,0,2,0,0,0,0,0,0,0,0,0,0,0,0,0,0,0,0,0,0,0,0,0,0,0,0,0,0,0,0,0,1,1,0,0,0,0,0,0,0,0,0,0,0,0,0,0,0,0,0,0,0,0,0,0,0,0,0,0,0,0,0,0,0,1,0,0,0,0,0,0,0,0,0,0,1,0,0,0,0,0,0,1,0,0,0,0,0,0,0,0,0,0,0,0,0,0,0,0,0,0,0,0,0,0,0,0,0,0,0,12,0,2,0,0,0,0,0,0,0,0,0,0,0,0
2015-10-11,0,0,0,0,0,0,0,0,0,0,0,0,0,0,0,0,0,0,0,0,0,0,0,12,0,0,0,0,0,0,0,0,0,0,0,0,1,0,0,0,0,0,0,0,0,0,1,0,0,0,0,0,0,0,0,0,0,0,0,3,0,0,0,0,0,0,0,0,0,0,0,0,0,0,0,0,0,0,0,0,4,0,0,0,0,0,0,0,0,0,0,0,1,0,0,0,0,0,0,0,0,0,0,0,0,0,0,0,0,0,0,0,0,0,0,1,0,0,0,0,0,0,0,0,0,1,0,0,0,0,0,0,0,0,0,0,0,0,0,0,0,0,0,0,0,0,0,1,0,0,0,0,0,0,0,0,0,0,0,0,0,0,0,0,3,0,0,0,0,0,0,0,0,0,0,0,1,0,0,0,0,0,0,0,4,0,0,0,0,0,0,0,0,0,0,0,0,0,1,1,0,0,0,0,0,0,0,0,0,0,0,0,0,0,0,0,0,0,0,0,0,0,0,0,0,0,0,0,0,0,0,0,0,0,0,1,0,0,0,0,0,0,0,0,0,0,1,0,0,0,0,1,0,0,0,0,0,0,0,0,0,0,0,0,0,0,0,0,0,0,13,0,2,0,0,0,0,0,0,0,0,0,0,0,0
2015-10-18,0,0,0,0,0,0,0,0,0,0,0,0,0,0,0,0,0,0,0,0,0,0,0,5,0,0,0,0,0,0,0,0,0,0,0,0,0,0,0,0,0,0,0,0,0,0,1,0,0,0,0,0,0,0,0,0,0,0,0,3,0,0,0,0,0,0,0,0,0,0,0,0,0,0,0,0,0,0,0,0,3,0,0,0,0,0,0,0,0,0,0,0,2,0,0,0,0,0,0,0,0,0,0,0,0,0,0,0,0,0,0,0,0,0,0,0,1,0,0,0,0,1,0,0,0,0,0,0,0,0,0,0,0,0,0,0,0,0,0,0,0,0,0,0,0,0,0,1,0,0,0,0,0,0,0,0,0,0,0,0,0,2,0,0,0,0,0,0,0,0,0,0,0,0,0,0,0,0,0,0,0,0,0,0,2,0,0,0,0,0,0,0,0,0,0,0,0,0,0,0,0,0,0,0,0,0,0,0,0,0,0,0,0,0,0,0,0,0,0,0,0,0,0,0,0,0,0,0,0,0,0,0,0,0,0,0,0,0,0,0,0,0,0,0,0,0,0,0,0,0,0,0,0,0,0,0,0,0,0,0,0,0,0,0,0,0,0,0,0,0,12,0,2,0,0,0,0,0,0,0,0,0,0,0,0
2015-10-25,0,0,0,0,0,0,0,0,0,0,0,0,0,0,0,0,0,0,0,0,0,0,0,5,0,0,0,0,0,0,0,0,0,0,0,0,0,0,0,0,0,0,0,0,0,0,1,0,0,0,0,0,0,0,0,0,0,0,0,81,0,0,0,0,0,0,0,0,0,0,0,0,0,0,0,0,0,0,0,0,0,0,0,0,0,0,0,0,0,0,0,0,2,0,0,0,1,0,0,0,0,0,0,0,0,0,0,0,0,0,0,0,0,0,0,2,3,0,0,0,0,8,0,0,0,0,0,0,0,0,0,0,0,0,0,0,0,0,0,0,0,0,0,0,0,0,0,2,0,0,0,0,0,0,0,0,0,0,0,0,0,4,0,0,0,0,0,0,0,0,0,0,0,0,0,0,0,0,0,0,0,0,0,0,0,0,0,1,0,0,0,0,0,0,0,0,0,0,0,0,0,0,0,0,0,0,0,0,0,0,0,0,0,0,0,0,0,0,0,0,0,0,0,0,0,0,0,0,0,0,0,0,0,0,0,0,0,0,0,0,0,0,3,0,0,0,1,0,0,0,0,0,0,0,0,0,0,0,0,0,0,0,0,0,0,0,0,0,0,0,7,1,2,0,0,0,0,0,0,0,0,0,0,0,0
2015-11-01,0,0,0,0,0,0,1,0,0,0,0,0,0,0,0,0,0,0,0,0,0,0,0,8,0,0,0,0,0,0,0,0,0,0,0,0,0,0,0,0,0,0,0,0,1,0,0,0,0,0,0,0,0,0,0,0,0,0,0,29,0,0,0,0,0,0,0,0,0,0,0,0,0,0,0,0,0,0,0,0,2,0,0,0,0,0,0,0,0,0,0,0,0,0,0,0,0,0,0,0,0,0,0,0,0,0,0,0,0,0,0,0,0,0,0,5,1,2,0,0,0,0,0,0,0,0,0,0,0,0,0,0,0,0,0,0,0,0,0,0,0,0,0,1,0,0,0,1,0,0,0,0,0,0,0,0,0,0,0,0,0,0,0,0,0,0,0,0,0,0,0,0,0,1,0,0,1,0,0,0,0,0,0,0,5,0,0,0,0,0,0,0,0,0,0,0,0,0,2,0,0,0,0,0,0,0,0,0,0,0,0,0,0,0,0,0,0,0,0,0,0,0,0,0,5,0,0,0,0,0,0,0,0,0,0,0,0,0,0,0,0,0,0,0,0,0,8,0,0,0,0,0,0,0,0,0,0,0,0,0,0,0,0,0,0,0,0,0,0,0,6,0,1,0,0,0,0,0,0,0,0,0,0,0,0
2015-11-08,0,0,0,0,0,0,0,0,0,0,0,0,0,0,0,0,0,0,0,0,0,0,0,6,0,0,0,0,0,0,0,0,0,0,0,0,0,0,0,0,0,0,0,0,0,0,0,0,1,0,0,0,0,0,0,0,0,0,0,17,0,0,0,1,0,0,0,0,1,0,0,0,1,0,0,0,0,0,0,0,2,0,0,0,0,0,0,0,0,0,0,0,0,0,0,0,0,0,0,0,0,0,0,0,0,0,0,0,0,0,0,0,0,0,0,9,5,0,0,0,0,9,0,0,0,0,0,0,3,0,0,0,0,0,0,0,0,0,0,0,0,0,0,0,0,0,0,4,0,0,0,0,0,0,0,0,0,0,0,0,0,0,0,0,0,0,0,0,0,0,0,0,0,0,0,0,1,0,0,0,0,0,0,0,3,0,0,1,0,0,0,0,0,0,0,0,0,0,0,0,0,0,0,0,0,0,0,0,0,0,0,0,0,0,0,0,0,0,0,0,0,1,0,0,5,0,0,0,0,0,0,0,0,0,0,0,1,0,0,0,0,0,0,0,0,0,11,0,0,0,0,0,0,0,0,0,0,0,0,0,0,0,0,0,0,0,0,0,0,0,8,0,10,0,0,0,0,0,0,0,0,0,0,0,0
2015-11-15,0,0,0,0,0,0,0,0,0,0,0,0,0,0,0,0,0,0,0,0,0,0,0,8,0,0,0,0,0,0,0,0,0,0,0,0,0,0,0,0,0,0,0,0,2,0,0,0,0,0,0,0,0,0,0,0,0,0,0,8,0,0,0,0,0,0,0,0,4,0,0,0,2,0,0,0,0,0,0,0,7,0,0,0,0,0,0,0,0,0,0,0,5,0,0,0,0,0,0,0,0,0,0,0,0,0,0,0,0,0,0,0,0,0,0,3,0,0,0,0,0,2,0,0,0,0,0,0,1,0,0,0,0,0,0,0,0,0,0,0,0,0,0,0,0,0,0,1,0,0,0,0,0,0,1,0,0,0,0,0,0,17,0,0,8,0,0,0,0,0,0,0,1,0,0,0,0,0,0,0,0,0,0,0,1,0,0,0,0,0,0,0,0,0,0,0,0,0,4,1,0,0,0,0,0,0,0,0,0,0,0,0,0,0,0,0,0,0,0,0,0,0,0,0,0,0,0,0,1,0,0,0,0,0,0,1,1,0,0,0,0,0,9,0,0,0,16,0,0,0,0,0,0,0,0,0,0,0,0,0,0,0,0,0,0,0,0,0,0,0,11,0,2,0,0,0,0,0,0,0,0,0,0,0,0
2015-11-22,0,3,0,0,0,0,0,0,0,0,0,0,0,0,0,0,0,0,0,0,0,0,0,6,0,0,0,0,0,0,0,0,0,0,0,0,0,0,0,0,0,0,0,0,0,0,0,0,0,0,0,0,0,0,0,0,0,0,0,23,0,0,0,0,0,0,0,1,0,0,0,0,0,0,0,0,0,0,0,0,5,0,0,0,0,0,0,0,0,0,0,0,8,0,0,3,0,0,0,0,0,0,1,0,0,0,0,0,0,0,0,0,0,0,0,28,4,1,0,0,0,0,0,0,0,0,0,1,1,0,0,0,0,0,0,0,0,0,0,0,0,0,0,0,0,0,0,4,0,0,0,0,0,0,3,0,0,0,0,2,0,4,0,0,0,0,0,0,0,0,0,0,0,0,0,0,0,0,0,0,0,0,0,0,17,0,0,0,0,0,0,0,0,0,0,0,0,0,6,0,0,0,0,0,0,0,0,0,0,0,0,0,0,0,0,0,0,0,0,0,0,1,0,0,2,0,0,0,0,0,0,0,0,0,0,0,1,0,0,0,0,0,1,0,0,0,1,0,0,0,0,0,0,0,0,0,0,0,0,0,0,0,3,0,0,0,0,0,0,0,9,0,6,0,0,0,0,0,0,0,0,0,0,0,0
2015-11-29,0,0,0,0,0,0,0,0,0,0,0,0,0,0,0,1,0,0,0,0,0,0,0,10,0,0,0,0,0,0,0,0,0,0,1,0,0,0,0,0,0,0,0,0,3,0,1,0,0,0,0,0,0,0,0,0,0,0,0,9,0,0,0,1,0,0,0,0,0,0,0,0,0,0,0,0,0,0,0,0,2,0,0,0,0,0,0,0,0,0,0,0,0,0,0,0,0,0,0,0,0,0,0,0,0,0,0,0,0,0,0,0,0,0,0,19,4,2,0,0,0,2,0,0,0,1,0,0,0,0,0,0,0,0,0,0,0,0,0,0,0,0,0,0,0,0,0,9,0,0,0,0,0,0,0,0,0,0,0,1,0,2,0,0,0,0,0,0,0,0,0,0,0,0,0,3,0,0,0,0,0,0,0,0,3,0,0,1,0,0,0,1,0,0,0,0,0,0,0,0,0,0,0,0,0,0,0,0,0,0,0,0,0,0,0,0,0,0,0,0,0,0,0,0,1,0,0,0,0,10,0,0,0,0,1,0,0,0,0,0,0,0,8,0,0,0,7,0,0,0,0,0,0,0,0,0,0,0,0,0,0,0,0,0,0,0,0,0,0,0,15,0,9,0,0,0,0,0,0,0,0,0,0,0,0
2015-12-06,0,0,0,0,0,0,0,0,0,0,0,0,0,0,0,0,0,0,0,0,0,0,0,16,0,0,0,0,0,0,0,0,0,0,2,0,0,0,0,0,0,0,0,0,2,0,1,0,0,0,0,0,0,0,0,0,0,0,0,28,0,1,0,0,0,0,0,1,0,0,0,0,1,0,0,0,0,0,0,0,4,0,0,0,0,0,0,0,0,0,0,0,3,0,0,0,0,0,0,0,0,0,0,0,0,0,0,0,1,0,0,0,0,0,0,10,7,0,0,0,0,2,0,0,0,0,0,0,4,0,0,0,0,0,0,0,0,0,0,0,0,0,0,0,0,0,0,17,0,0,0,0,0,0,0,0,0,0,0,0,1,3,0,0,0,0,0,0,0,0,0,0,0,0,0,0,0,0,0,0,0,0,0,0,1,0,0,0,0,0,0,2,0,0,0,0,0,0,3,0,0,0,0,0,0,0,0,0,0,0,0,0,0,0,0,0,0,0,0,0,0,0,0,0,1,0,0,0,0,0,0,0,0,0,0,0,6,0,0,0,0,0,6,1,0,0,16,0,0,0,0,0,0,0,0,0,0,0,0,0,0,0,0,0,0,0,0,0,0,0,10,0,2,0,0,0,0,0,0,0,0,0,0,0,0
2015-12-13,0,0,0,0,0,0,0,0,0,0,0,0,0,0,0,0,0,0,0,0,0,0,0,22,0,0,0,0,0,0,0,0,0,1,0,0,0,0,0,0,0,0,0,0,0,0,2,0,0,0,0,0,0,0,0,0,0,0,0,17,0,0,0,0,0,0,0,0,1,0,0,0,1,0,0,0,0,0,0,0,4,0,0,0,3,0,1,0,0,0,0,0,3,0,0,0,0,0,0,0,0,0,0,0,0,0,0,0,0,0,0,0,0,0,0,7,10,1,0,0,0,1,0,0,0,1,0,0,6,0,0,0,0,0,0,0,0,0,0,0,0,0,0,0,0,0,0,13,0,0,0,0,0,2,0,0,0,0,0,1,3,0,0,0,0,0,0,0,0,0,0,0,0,0,0,0,0,0,0,0,0,0,0,0,8,0,0,2,0,0,0,1,0,0,0,0,0,0,0,2,0,0,0,0,0,0,0,0,0,0,0,0,0,0,0,0,0,0,0,0,0,0,0,0,0,0,0,0,1,0,0,0,0,0,0,2,22,0,0,0,0,0,6,0,0,0,12,0,0,0,0,2,0,0,0,0,0,0,0,1,0,0,0,0,0,0,0,0,0,0,13,0,13,0,0,0,0,0,0,0,0,0,0,0,0
2015-12-20,0,0,0,0,0,0,0,0,0,0,0,1,0,0,0,0,0,0,0,0,0,0,0,17,0,0,0,0,0,0,0,0,0,1,0,0,0,0,0,0,0,0,0,0,0,0,0,0,0,0,0,0,0,0,0,0,0,0,0,0,0,0,0,0,0,0,0,0,0,0,0,0,0,0,0,0,0,0,0,0,3,0,0,0,0,0,0,0,0,0,0,0,0,0,0,0,0,0,0,0,0,0,0,0,0,0,0,0,0,0,0,0,0,0,0,1,11,2,0,4,0,1,0,0,0,0,0,0,2,0,0,0,0,0,0,0,0,0,0,0,0,0,0,0,0,0,0,7,0,0,0,0,0,0,1,0,0,0,0,2,0,0,2,0,0,0,0,0,0,0,0,2,0,0,0,0,0,0,0,0,1,0,0,0,3,0,0,0,0,0,0,0,0,0,0,0,0,0,0,0,0,0,0,0,0,0,0,0,0,0,0,0,0,0,0,0,0,0,0,0,0,0,0,0,3,0,0,0,0,0,0,0,0,0,0,5,0,0,0,0,0,0,7,0,0,0,6,0,0,0,0,0,0,0,0,0,0,0,0,2,0,0,0,0,0,0,0,0,0,0,37,0,9,0,0,0,0,0,0,0,0,0,0,0,0
2015-12-27,0,0,0,0,0,0,0,0,0,0,0,0,0,0,0,0,0,0,0,0,0,0,0,48,0,0,0,0,0,1,0,0,0,0,1,0,0,0,0,0,0,0,0,0,0,0,0,0,0,0,0,0,0,0,0,0,0,0,0,0,0,0,0,0,0,0,0,0,2,0,0,0,0,0,0,0,0,0,0,0,0,0,0,0,0,0,0,0,0,0,0,0,1,0,0,0,0,0,0,0,0,0,0,0,0,0,0,0,0,0,0,0,0,0,0,6,4,1,0,0,0,2,0,0,0,2,0,0,0,0,0,0,0,0,0,0,0,0,0,0,0,0,0,0,0,0,0,10,0,0,0,0,0,0,0,0,0,0,0,0,0,0,0,0,0,0,0,0,0,0,0,0,0,0,0,0,1,0,0,0,0,0,0,0,7,0,0,0,0,0,0,0,0,0,0,0,0,0,0,0,0,0,0,1,0,0,0,0,0,0,0,0,0,0,0,0,0,0,0,0,0,0,0,0,2,0,0,0,0,0,0,0,0,0,0,8,0,0,0,0,0,0,0,0,0,0,10,0,0,0,0,0,0,0,0,0,0,0,0,0,0,0,1,0,0,0,0,0,0,0,14,0,0,0,0,1,0,0,0,0,0,0,0,0,0
2016-01-03,0,0,0,0,0,0,0,0,0,0,0,0,0,0,0,0,0,0,0,0,0,0,0,37,0,0,0,0,0,1,0,0,0,0,2,0,0,2,0,0,0,0,0,0,0,0,3,0,0,0,0,0,0,0,0,0,0,0,0,33,0,1,0,0,0,0,0,0,2,0,0,0,0,0,0,0,0,0,0,0,2,0,0,0,0,0,0,0,0,0,0,0,6,0,1,2,0,0,0,0,0,0,0,0,0,0,0,0,0,0,0,0,0,0,0,8,10,5,0,0,0,13,0,0,0,0,0,0,2,0,0,0,0,0,0,0,0,0,0,0,0,0,0,0,0,0,0,8,0,0,0,0,0,0,1,0,0,0,0,1,0,0,0,0,0,0,0,0,0,0,0,0,0,5,0,0,1,0,0,0,0,0,0,0,2,0,0,0,0,0,0,2,4,0,0,0,0,0,0,2,0,0,0,0,0,0,0,0,0,0,0,0,0,0,0,0,0,0,0,0,2,0,0,1,0,0,1,0,0,0,0,0,0,1,0,2,0,0,0,0,0,0,2,0,0,0,41,0,0,0,0,0,0,0,0,0,0,0,0,0,0,0,1,0,0,0,0,0,0,0,40,0,9,0,0,0,0,0,0,0,0,0,0,0,0
2016-01-10,0,2,0,0,0,0,3,0,0,0,0,0,0,0,0,0,0,0,0,0,0,0,0,23,0,0,0,0,0,0,0,0,0,0,3,0,0,0,0,1,0,0,0,0,3,0,2,0,1,0,0,0,0,0,0,0,0,0,0,15,0,3,1,0,0,0,0,0,5,0,0,0,0,0,0,0,0,0,0,0,7,0,0,0,2,0,0,0,0,0,0,0,8,0,2,0,0,0,0,0,0,0,0,0,0,0,0,0,1,0,0,0,0,0,0,3,6,1,1,0,0,1,0,0,0,1,0,0,6,0,0,0,0,0,0,0,0,0,0,0,0,0,0,0,0,0,0,6,0,0,0,0,0,3,1,0,0,0,0,0,1,5,0,0,0,0,0,0,0,0,0,3,0,1,0,0,2,0,0,0,0,0,0,0,10,0,0,0,0,0,0,1,0,0,0,0,0,0,2,0,0,0,0,1,0,0,0,0,0,0,0,0,0,0,0,0,0,0,0,0,1,0,0,0,1,0,0,0,2,0,0,0,0,16,0,10,6,0,0,0,0,0,8,2,0,0,11,0,0,0,0,0,0,0,0,0,0,0,0,0,0,0,1,0,0,0,0,0,0,0,18,0,13,0,0,0,0,0,0,0,0,0,0,0,0
2016-01-17,0,7,0,0,0,0,4,0,0,0,0,0,0,0,0,0,0,0,0,0,0,0,0,26,0,0,0,0,0,0,0,0,0,1,3,0,0,0,0,0,0,0,0,0,1,0,0,0,0,0,0,0,0,0,0,0,0,0,0,10,0,0,0,0,0,0,0,2,1,0,0,0,1,0,0,0,0,0,0,0,13,0,0,0,0,0,0,0,0,0,0,0,5,2,6,0,0,0,0,0,0,0,0,0,0,0,0,0,1,0,0,0,0,0,0,9,9,0,0,0,0,3,0,0,0,1,0,0,4,0,0,0,0,0,0,0,0,0,0,0,0,0,0,0,0,0,0,5,0,0,0,0,0,1,2,0,0,0,0,0,3,0,0,0,0,0,0,0,0,0,0,2,0,5,0,1,1,0,0,0,0,0,0,0,5,0,0,0,1,0,0,0,0,0,0,0,0,0,0,1,0,0,0,0,1,0,0,0,0,0,0,0,0,0,0,0,0,0,0,0,4,0,0,1,0,0,1,0,0,0,0,0,0,14,2,7,1,0,0,0,1,0,1,1,0,0,12,0,0,0,0,2,0,0,0,0,0,0,0,0,0,0,1,0,0,0,0,0,0,0,24,0,9,0,0,1,0,0,0,0,0,0,0,0,0
2016-01-24,0,2,0,0,0,0,6,0,0,0,0,0,0,1,1,0,0,0,0,0,0,0,0,35,0,1,0,0,0,0,0,0,0,0,0,0,2,0,0,0,0,0,0,0,2,0,3,0,0,0,0,0,0,0,0,0,0,0,0,11,0,1,2,1,1,0,0,2,0,0,0,0,1,0,0,0,0,0,0,0,12,0,0,0,0,0,0,0,0,0,0,0,5,0,2,1,0,0,0,0,0,0,0,0,0,0,0,0,0,0,0,0,0,0,0,6,7,0,0,0,0,2,0,0,0,0,0,0,5,0,0,0,0,0,0,0,0,0,0,0,0,0,0,0,0,0,0,4,0,0,0,0,0,0,1,0,0,0,0,1,3,0,0,0,0,1,0,0,0,0,0,1,0,2,0,0,0,0,0,0,0,0,0,0,2,0,0,0,0,0,0,2,2,0,0,0,0,0,2,2,0,0,0,0,1,0,0,0,0,0,0,0,0,1,0,0,0,0,0,0,0,0,0,2,1,0,0,2,1,1,0,0,0,13,0,1,0,0,0,0,0,0,1,0,0,0,12,0,0,0,0,1,0,0,0,0,0,0,0,1,0,0,0,0,0,0,0,0,0,0,30,0,17,0,0,0,0,0,0,0,0,0,0,0,0
2016-01-31,0,0,0,0,0,0,12,0,0,0,0,0,0,1,1,0,0,0,0,0,0,0,0,46,0,0,0,0,0,0,0,2,0,0,2,0,0,0,0,0,0,0,0,0,4,0,1,0,0,0,0,0,0,1,0,0,0,0,0,3,0,2,1,0,2,0,0,1,0,0,0,0,0,0,0,0,0,0,0,0,23,0,0,0,2,0,0,2,0,0,0,0,13,1,3,2,0,0,0,0,0,0,1,0,0,0,0,0,4,0,0,0,0,0,0,16,12,0,1,0,0,3,0,0,0,1,0,0,5,0,0,0,2,0,0,0,0,0,0,0,0,0,0,0,0,0,0,10,0,0,0,0,0,1,2,0,0,0,0,3,0,1,0,0,0,0,0,0,0,0,0,0,0,4,0,0,0,0,1,0,0,0,0,0,8,0,0,0,0,0,0,1,0,0,0,0,0,0,4,2,0,0,0,0,0,0,0,0,0,0,0,0,0,0,0,0,0,0,0,0,0,2,0,2,3,0,0,8,0,0,0,0,0,0,0,1,6,0,0,0,0,0,6,0,0,0,24,0,0,0,0,1,0,0,0,0,0,0,0,0,0,0,1,0,0,0,0,0,0,0,44,0,29,0,0,0,0,0,0,0,0,0,0,0,0
2016-02-07,0,0,0,0,0,0,3,0,0,0,0,0,0,1,1,0,0,0,0,0,0,0,0,37,0,0,0,0,0,0,0,0,0,0,2,0,0,0,0,1,0,0,0,0,0,1,3,0,0,0,0,0,0,0,0,0,0,0,0,18,0,1,0,3,1,0,0,0,1,0,0,3,1,0,0,0,0,0,0,0,18,0,0,1,0,0,0,0,0,0,0,0,4,0,4,0,0,0,0,0,0,0,0,0,0,0,0,0,0,0,0,0,0,0,0,4,6,2,0,0,0,1,0,0,0,1,0,0,6,0,1,0,0,0,0,0,0,0,0,0,0,0,0,0,0,0,0,8,0,0,0,0,0,2,1,0,0,0,0,0,5,5,0,0,0,0,0,0,0,0,0,1,2,8,0,0,0,0,0,0,0,0,0,0,12,0,0,0,0,0,0,1,0,0,0,0,0,0,2,2,0,0,0,0,0,0,0,0,0,0,0,0,0,0,0,0,1,0,0,0,0,0,0,0,1,0,0,12,2,1,0,0,0,0,0,4,33,0,0,0,0,0,6,0,0,0,8,0,0,0,0,1,0,0,0,0,0,0,0,0,0,1,2,0,0,0,0,0,0,0,20,0,14,0,0,0,0,0,0,0,0,0,0,0,0
2016-02-14,0,1,0,0,0,0,3,0,0,0,0,0,0,0,0,0,0,0,0,0,0,0,0,34,0,0,0,0,0,0,0,1,0,0,3,0,0,0,0,0,0,0,0,0,2,2,1,0,0,0,0,0,0,0,0,3,0,0,0,66,0,1,1,6,0,0,0,0,2,0,0,9,3,0,0,0,0,0,0,0,24,0,0,0,2,0,0,1,0,0,0,0,8,0,5,0,0,0,0,0,0,0,1,0,0,0,0,0,5,0,1,0,0,0,0,8,8,0,0,0,0,1,0,0,0,0,0,0,2,0,2,0,0,0,0,0,0,0,0,0,0,0,0,0,0,0,0,13,0,0,0,0,0,13,2,0,0,0,0,3,5,4,0,0,0,0,0,0,1,0,0,0,0,12,0,0,1,0,0,0,0,0,0,0,1,0,0,1,0,0,0,3,2,0,0,0,0,0,2,2,0,0,0,0,0,0,0,0,0,0,0,2,0,0,0,0,0,0,0,0,0,2,0,1,1,0,0,8,1,0,0,0,0,0,0,2,23,0,0,0,0,0,4,0,0,0,16,0,0,0,0,0,0,0,0,0,0,0,0,1,0,0,0,0,0,0,0,0,0,0,46,1,5,0,0,0,0,0,0,0,0,0,0,0,0
2016-02-21,0,0,0,0,0,0,5,0,0,0,0,0,0,0,0,0,0,0,0,0,0,0,0,36,0,1,0,0,0,0,0,3,0,2,2,0,1,1,0,0,0,0,0,0,1,3,4,0,0,0,0,0,0,0,0,3,0,0,0,34,0,0,0,3,2,0,0,0,4,0,0,10,0,0,0,0,0,0,0,0,29,0,0,0,2,0,0,0,0,0,0,0,7,1,0,0,0,0,0,0,0,0,1,0,1,0,0,0,6,0,0,0,1,0,0,9,11,4,3,0,0,0,0,0,0,0,0,0,4,0,0,0,0,0,0,0,0,0,0,0,0,0,0,0,0,0,0,5,0,0,0,0,0,29,1,0,0,0,0,7,21,1,0,0,1,0,0,1,1,0,0,1,0,5,0,0,0,0,0,0,0,0,0,0,5,0,0,0,0,0,0,8,2,0,0,0,0,0,2,11,0,0,0,0,0,0,0,0,0,0,0,0,0,0,0,0,0,0,0,0,0,1,0,3,0,0,0,1,0,0,0,0,0,0,0,11,0,0,0,0,0,0,7,0,0,0,17,0,0,0,0,2,0,0,0,0,0,0,0,1,1,0,1,0,0,0,0,0,2,0,36,2,14,0,0,1,0,0,0,0,0,0,0,0,0
2016-02-28,0,0,0,0,0,0,4,0,0,0,0,0,1,0,0,0,0,0,0,0,0,0,0,47,0,1,0,0,0,0,0,0,0,0,0,0,2,1,0,0,0,0,0,0,4,0,6,0,2,0,0,0,0,0,0,0,0,3,0,21,0,2,0,8,2,0,0,0,4,0,0,4,1,0,0,0,0,0,0,0,11,0,0,0,1,0,0,0,0,0,0,0,7,1,0,3,0,0,0,0,0,0,0,0,0,0,0,0,0,1,0,0,2,0,0,11,15,0,3,0,0,3,0,0,0,0,0,0,2,0,0,0,0,0,0,0,0,0,0,0,0,0,0,0,0,0,0,6,0,0,0,0,0,3,2,0,0,0,0,0,3,2,0,0,4,0,0,0,0,0,0,0,1,5,0,1,1,1,0,0,0,0,0,0,7,0,0,0,0,0,0,2,0,0,0,0,0,0,5,4,0,0,0,0,0,0,0,0,0,0,0,5,0,0,0,0,0,0,0,0,0,0,0,1,0,0,0,0,7,0,0,1,0,0,0,6,0,0,0,0,0,0,19,1,0,0,25,0,0,0,0,3,0,0,0,0,1,0,0,0,0,0,2,0,0,0,0,0,1,0,33,0,24,0,0,0,0,0,0,0,0,0,0,0,0
2016-03-06,0,0,0,0,0,0,5,0,0,0,0,0,1,0,1,0,0,0,0,0,0,0,0,30,0,0,0,0,0,0,0,0,0,0,2,0,1,0,0,0,0,0,0,0,3,0,6,0,1,0,0,0,0,0,0,2,0,0,0,9,1,1,0,10,4,0,0,1,3,0,0,1,0,0,0,0,0,0,0,0,14,0,0,0,0,0,0,0,0,0,0,0,4,0,1,0,0,0,0,0,0,0,0,0,0,0,0,0,1,1,0,0,0,0,0,20,4,7,0,0,0,1,0,0,0,0,0,0,4,0,0,0,0,0,0,0,0,0,0,0,0,0,0,0,0,0,0,6,0,0,0,0,0,1,1,0,0,0,0,8,2,2,0,0,1,0,0,0,0,0,0,0,2,4,0,1,4,0,0,0,0,0,0,0,4,0,0,1,0,0,0,1,2,0,0,0,0,0,0,2,0,0,0,0,0,0,0,0,0,0,0,0,0,0,0,0,0,0,0,0,0,0,0,1,1,0,0,0,2,0,0,0,0,12,0,1,1,0,0,0,0,0,4,0,0,0,24,0,0,0,0,2,0,0,0,0,0,0,0,1,0,0,0,0,0,0,0,0,0,0,11,0,9,0,0,0,0,0,0,0,0,0,0,0,0
2016-03-13,0,0,0,0,0,0,1,0,0,0,0,0,0,0,1,0,0,0,0,0,0,0,0,53,0,1,0,1,0,0,0,1,0,2,4,0,1,1,0,0,0,0,0,0,4,1,11,0,1,0,0,0,0,0,0,4,0,0,0,33,0,0,0,6,1,3,0,0,3,0,0,2,0,0,0,0,0,0,0,0,8,0,0,0,0,0,0,0,0,0,0,0,7,0,7,0,0,0,0,0,0,0,0,0,0,0,0,0,1,0,0,0,0,0,0,14,8,5,2,0,0,4,0,0,0,0,0,3,7,0,0,0,0,0,0,0,0,0,0,0,0,0,0,0,0,0,0,10,0,0,0,0,0,6,1,0,0,0,0,4,3,2,0,0,0,0,0,0,0,0,0,0,3,1,0,0,2,0,0,0,0,0,0,0,5,0,0,0,0,0,0,1,13,0,0,0,0,0,2,0,0,0,0,0,0,0,0,0,0,0,0,1,0,0,0,0,0,0,0,0,1,1,0,1,1,0,1,1,0,1,0,2,0,15,1,14,0,0,0,0,0,0,8,0,0,2,14,0,0,0,0,0,1,0,0,0,0,0,0,0,0,0,3,0,0,0,0,0,0,0,44,2,24,0,0,0,0,0,0,0,0,0,0,0,0
2016-03-20,0,0,0,0,0,0,5,0,0,0,0,0,0,0,0,0,0,0,0,0,0,0,0,39,0,1,0,0,0,0,0,0,0,0,3,0,0,0,0,1,0,0,0,0,2,0,6,0,0,0,0,0,0,0,0,0,0,0,0,8,0,0,0,7,0,0,0,0,3,0,0,2,0,0,0,0,0,0,0,0,0,0,0,0,0,0,0,0,0,0,0,0,10,0,0,0,0,0,0,0,0,0,0,0,0,0,0,0,0,0,0,0,0,0,0,17,3,0,0,0,0,0,0,0,0,0,0,0,16,0,0,0,0,0,0,0,0,0,0,0,0,0,0,0,0,0,0,18,0,0,0,0,0,4,0,0,0,0,0,3,0,3,0,0,0,0,0,0,0,0,0,2,0,4,0,3,0,0,0,0,0,0,0,0,3,0,0,3,0,0,0,4,2,0,0,0,0,0,3,0,0,0,0,2,0,0,0,0,0,1,0,0,0,0,0,0,0,0,0,0,0,1,0,0,0,0,0,1,0,0,0,2,0,0,0,9,0,0,0,0,0,0,5,0,0,0,26,0,0,0,0,6,0,0,0,0,0,0,0,0,0,0,0,0,0,0,0,0,0,0,26,2,13,0,1,0,0,0,0,0,0,0,0,0,0
2016-03-27,0,1,0,0,0,0,6,0,0,0,0,0,0,0,1,0,0,0,0,0,0,0,0,31,0,0,0,1,0,0,0,0,0,2,5,0,0,1,0,0,0,0,0,0,5,0,5,0,0,0,0,0,0,0,0,0,1,1,0,26,0,0,0,6,0,0,0,0,1,0,0,3,0,0,0,0,0,0,0,0,8,0,0,0,0,0,0,1,0,0,0,0,3,1,4,0,0,0,0,0,0,0,0,0,0,0,0,0,0,0,0,0,0,0,0,14,9,0,2,0,0,1,0,0,0,2,0,1,6,0,3,0,0,0,0,0,0,0,0,0,0,0,0,0,0,0,0,12,0,0,0,0,0,8,4,0,0,0,0,3,0,2,0,0,0,0,0,0,0,0,0,3,2,0,0,8,4,0,0,0,1,0,0,0,8,0,0,1,0,0,0,0,30,0,0,0,0,0,1,0,0,0,0,0,0,0,0,0,0,2,0,1,0,0,0,0,0,0,0,0,0,8,0,1,1,0,0,0,0,0,0,0,0,5,0,7,0,0,0,0,0,0,7,0,0,0,14,0,0,0,0,2,0,0,0,0,0,0,0,0,0,0,2,0,0,0,0,0,0,0,22,1,27,0,0,0,0,0,0,0,0,0,0,0,0
2016-04-03,0,3,0,0,0,0,2,0,0,0,0,0,0,0,1,0,0,0,0,0,0,0,0,53,0,0,0,0,0,0,0,0,0,0,2,0,0,0,0,1,0,0,0,0,4,0,7,0,1,0,0,0,0,0,0,0,0,0,0,8,0,1,0,5,0,0,0,0,2,0,0,2,0,0,0,0,0,0,0,0,9,0,0,0,0,0,0,0,0,0,0,0,1,0,3,0,0,0,0,1,0,0,0,0,0,0,0,0,0,0,0,0,0,0,0,16,13,0,3,0,0,1,0,0,1,1,0,0,6,0,0,0,0,1,0,0,0,0,0,0,0,0,0,0,0,0,0,2,0,0,0,0,0,1,3,0,0,0,0,0,1,2,0,0,0,0,0,0,0,0,0,1,3,4,0,4,1,0,0,0,0,0,0,0,3,0,0,0,0,0,0,1,25,0,0,0,0,0,1,1,0,0,0,1,0,0,0,2,0,0,0,0,0,0,0,0,0,0,0,0,0,0,0,1,1,0,0,8,1,1,0,6,0,0,0,8,4,0,0,0,0,0,5,1,0,0,7,0,0,0,0,1,0,0,0,0,0,0,0,1,0,0,0,0,0,0,0,0,0,0,35,1,24,0,0,0,0,0,0,0,0,0,0,0,0
2016-04-10,0,0,0,0,0,0,5,0,0,0,0,0,0,1,1,0,0,0,1,0,0,0,0,29,0,0,0,1,0,0,0,0,0,0,3,0,0,0,0,1,0,0,0,0,5,0,3,0,1,0,0,0,0,0,0,0,0,7,0,4,0,1,0,5,1,0,0,0,4,0,1,1,0,0,0,0,0,0,0,0,31,0,0,0,0,0,0,0,0,0,0,0,10,0,5,0,0,0,0,0,0,0,0,0,0,0,0,0,7,0,0,0,0,0,0,34,12,6,9,0,0,1,0,0,0,0,0,4,4,0,2,0,0,0,0,0,0,0,0,0,0,0,0,0,0,0,0,6,0,0,0,0,0,1,0,0,0,0,0,6,2,4,0,0,0,0,0,0,1,0,0,0,0,6,0,0,1,0,0,0,0,0,0,0,2,0,0,0,0,0,0,0,4,0,0,0,0,0,0,0,0,0,0,1,0,0,0,0,0,0,0,0,0,0,0,0,0,0,0,0,0,0,0,0,2,0,0,2,3,2,0,0,0,1,0,5,7,0,0,0,0,0,5,0,0,0,3,0,0,0,0,1,0,0,0,0,0,0,0,0,0,0,15,0,0,0,0,0,0,0,26,0,24,0,1,1,0,0,0,0,0,0,0,0,0
2016-04-17,0,0,0,0,0,0,12,0,0,0,0,0,0,0,0,0,0,0,0,0,0,0,0,1,0,0,0,1,0,0,0,0,0,2,1,0,0,0,0,0,0,0,0,0,4,1,4,0,3,0,0,0,0,0,0,0,1,3,0,3,0,0,1,1,1,0,0,0,2,0,0,2,1,0,0,0,0,0,0,0,14,0,0,0,0,0,0,0,0,0,0,0,8,1,6,0,0,0,0,0,0,0,0,0,0,0,0,0,2,0,0,0,0,0,0,22,9,14,1,0,0,0,0,0,0,0,0,0,3,0,1,0,0,0,0,0,0,0,0,0,0,0,0,0,0,0,0,10,0,0,0,0,0,5,3,0,0,0,0,2,4,5,0,0,2,0,0,0,0,0,0,0,4,0,0,3,7,0,0,0,0,0,0,0,0,0,0,2,0,0,0,1,0,0,0,0,0,0,2,2,0,0,0,0,0,0,1,0,0,0,0,1,0,0,0,0,0,0,0,0,0,1,0,0,0,0,1,0,2,1,0,1,0,0,0,4,0,0,0,0,0,0,8,2,0,0,22,0,0,0,0,1,0,0,0,0,0,0,0,2,0,0,0,0,0,0,0,0,0,0,30,1,29,0,0,0,0,0,0,0,0,0,0,0,0
2016-04-24,0,0,0,0,0,0,0,0,0,0,0,0,0,0,0,0,0,0,0,0,0,0,0,55,0,1,0,2,0,0,0,0,0,0,1,0,0,1,0,0,0,0,0,0,3,0,6,0,0,0,0,0,0,0,0,1,0,4,0,4,0,1,0,1,0,0,0,0,3,0,0,1,0,0,0,0,0,0,0,0,14,0,0,0,0,0,0,0,0,0,0,0,0,1,1,0,0,0,0,0,0,0,0,0,0,0,0,0,2,0,0,0,0,0,0,39,0,1,1,0,0,6,0,0,0,0,1,1,7,0,0,0,0,0,0,0,0,0,0,0,0,0,0,0,0,0,0,4,0,0,0,0,0,0,2,0,0,0,0,5,3,3,0,0,0,0,0,0,0,0,0,0,0,0,0,0,1,0,0,0,2,0,0,0,3,0,0,2,0,0,0,1,17,0,0,0,0,0,0,0,0,0,0,0,0,0,0,0,0,0,0,0,0,0,0,0,0,0,0,0,0,1,0,1,2,0,1,0,0,0,0,0,0,0,0,12,0,0,0,0,0,0,4,3,0,0,37,0,0,0,0,0,0,0,0,0,0,0,0,4,1,0,2,0,0,0,0,0,0,0,24,0,14,0,0,0,0,0,0,0,0,0,0,0,0
2016-05-01,0,1,0,0,0,0,10,0,0,0,0,0,0,0,0,0,0,0,0,0,0,0,0,19,0,0,0,0,0,0,0,0,0,0,1,0,0,1,0,0,0,0,0,0,0,0,5,0,1,0,0,0,0,0,0,4,0,0,0,5,0,0,0,0,0,0,0,0,0,0,0,0,0,0,0,0,0,0,0,0,12,0,0,0,0,0,0,0,0,0,0,0,8,0,0,0,0,0,0,0,0,0,0,0,0,0,0,0,4,0,0,0,0,0,0,3,0,2,5,0,0,1,0,0,0,0,1,0,3,0,0,0,0,0,0,0,0,0,0,0,0,0,0,0,0,0,0,0,0,0,0,0,0,0,0,0,0,0,0,1,1,0,0,0,0,0,0,0,0,0,0,0,3,3,0,0,0,0,0,0,0,0,0,0,0,0,0,0,0,0,0,0,2,0,0,0,0,0,3,0,0,0,0,0,0,0,0,0,0,0,0,0,0,0,0,0,0,0,0,0,0,0,0,0,4,0,1,0,0,3,0,0,0,0,0,2,7,0,0,0,0,0,0,0,0,0,6,0,0,0,0,0,0,0,0,0,0,0,0,0,0,0,0,0,0,0,0,0,0,0,5,0,3,0,0,0,0,0,0,0,0,0,0,0,0
2016-05-08,0,1,0,0,0,0,0,0,0,0,0,0,0,0,0,0,0,0,0,0,0,0,0,20,0,0,0,0,0,0,0,0,0,0,1,0,0,0,0,0,0,0,0,0,1,0,1,0,0,0,0,0,0,0,0,1,0,0,0,166,0,0,1,1,0,0,0,0,4,0,0,2,0,0,0,0,0,0,0,0,15,0,0,0,0,0,0,0,0,0,0,0,3,0,3,0,0,0,0,0,0,0,0,0,0,0,0,0,0,0,0,0,0,0,0,104,5,11,0,0,0,1,0,0,0,0,0,0,12,0,0,0,0,0,0,0,0,0,0,0,0,0,0,0,0,0,0,8,0,0,0,0,0,0,4,0,0,0,0,0,0,1,0,0,0,0,0,0,0,0,0,0,0,4,0,0,0,0,0,0,0,0,0,0,0,0,0,0,0,0,0,0,4,0,0,0,0,0,0,0,0,0,0,1,0,0,0,0,0,0,0,0,0,0,0,0,0,0,0,0,0,0,0,0,0,0,0,3,1,0,0,0,0,0,0,3,6,0,0,0,0,0,0,0,0,0,2,0,0,0,0,1,0,0,0,0,0,0,0,0,0,0,0,0,0,0,0,0,0,0,28,1,2,0,0,0,0,0,0,0,0,0,0,0,0
2016-05-15,0,0,0,0,0,0,0,0,0,0,0,0,0,0,0,0,0,0,0,0,0,0,0,26,0,0,0,0,0,0,0,0,0,0,2,0,2,0,0,0,0,0,0,0,1,0,0,0,0,0,0,0,0,0,0,1,0,3,0,3,0,1,0,0,0,0,0,0,0,0,0,0,0,0,0,0,0,0,0,0,13,0,0,0,0,0,0,0,0,0,0,0,5,0,5,0,0,0,0,0,0,0,0,0,0,0,0,0,2,0,0,0,0,0,0,7,6,2,0,0,0,0,0,0,0,0,0,1,5,0,3,0,0,0,0,0,0,0,0,0,0,0,0,0,0,0,0,1,0,0,0,0,0,7,1,0,0,0,0,4,0,1,0,0,0,0,0,0,0,0,0,0,0,3,0,0,0,0,0,0,0,0,0,0,9,0,0,0,0,0,0,0,8,0,0,0,0,0,0,0,0,0,0,0,0,0,1,0,0,0,0,0,0,0,0,0,0,0,0,0,0,1,0,0,0,0,0,0,1,0,0,0,0,6,0,0,0,0,0,0,0,0,0,0,0,0,4,0,0,0,0,1,0,0,0,0,0,0,0,0,0,0,0,0,0,0,0,0,0,0,9,0,1,0,0,0,0,0,0,0,0,0,0,0,0
2016-05-22,0,0,0,0,0,0,0,0,0,0,0,0,0,0,0,0,0,0,0,0,0,0,0,12,0,0,0,0,0,0,0,0,0,0,0,0,0,0,0,0,0,0,0,0,0,0,3,0,0,0,0,0,0,0,0,0,0,0,0,0,0,0,0,0,0,0,0,0,0,0,0,0,2,0,0,0,0,0,0,0,1,0,0,0,0,1,0,0,0,0,0,0,1,0,0,0,0,0,0,0,0,0,0,0,0,0,0,0,0,0,0,0,0,0,0,8,2,1,0,0,0,0,0,0,0,0,0,0,1,0,0,0,0,0,0,0,0,0,0,0,0,0,0,0,0,0,0,1,0,0,0,0,0,0,0,0,0,0,0,0,0,0,0,0,0,0,0,0,0,0,0,0,0,2,0,0,0,0,0,0,1,0,0,0,0,0,0,0,0,0,0,0,3,0,0,0,0,0,0,0,0,0,0,0,0,0,0,0,0,0,0,0,0,0,0,0,0,0,0,0,0,0,0,0,0,0,0,0,0,0,0,0,0,0,1,0,0,0,0,0,0,0,0,0,0,0,0,0,0,0,0,0,0,0,0,0,1,0,0,0,0,0,0,0,0,0,0,0,0,0,4,0,0,0,0,0,0,0,0,0,0,0,0,0,0
2016-05-29,0,0,0,0,0,0,0,0,0,0,0,0,0,0,0,0,0,0,0,0,0,0,0,7,0,1,0,0,0,0,0,0,0,0,1,0,0,0,0,0,0,0,0,0,0,0,4,0,0,0,0,0,0,1,0,0,0,0,0,0,0,0,0,0,0,0,0,0,0,0,0,0,14,0,0,0,0,0,0,0,5,0,0,0,0,0,0,0,0,0,0,0,1,0,1,0,0,0,0,0,0,0,0,0,0,0,0,0,0,0,0,0,0,0,0,15,5,0,0,0,0,8,0,0,0,0,0,1,7,0,6,0,0,0,0,0,0,0,0,0,0,0,0,0,0,0,0,0,0,0,0,0,0,0,0,0,0,0,0,0,3,1,0,0,0,0,0,0,0,0,0,0,2,0,0,0,0,0,0,0,0,0,0,0,0,0,0,0,0,0,0,0,0,0,0,0,0,0,0,0,0,0,0,0,0,0,0,0,0,0,0,0,0,0,0,0,0,0,0,0,0,0,0,0,0,0,0,2,0,0,0,0,0,0,0,0,0,0,0,0,0,0,1,0,0,0,1,0,0,0,0,0,1,0,0,0,1,0,0,0,0,0,0,0,0,0,0,0,0,0,2,0,1,0,0,0,0,0,0,0,0,0,0,0,0
2016-06-05,0,0,0,0,0,0,0,0,0,0,0,0,0,0,0,0,0,0,0,0,0,0,0,6,0,0,0,0,0,0,0,0,0,0,0,0,0,0,0,0,0,0,0,0,1,0,0,0,0,0,0,0,0,0,0,0,0,0,0,0,0,0,0,0,0,0,0,0,0,0,0,0,0,0,0,0,0,0,0,0,2,0,0,0,0,0,0,0,0,0,0,0,5,0,0,0,0,0,0,0,0,0,0,0,0,0,0,0,0,0,0,0,0,0,0,5,2,0,0,0,0,0,0,0,0,1,0,0,7,0,0,0,0,0,0,0,0,0,0,0,0,0,0,0,0,0,0,0,0,0,0,0,0,0,0,0,0,0,0,1,0,0,0,0,0,0,0,0,0,0,0,0,0,0,0,0,0,0,0,0,0,0,0,0,0,0,0,0,0,0,0,0,1,0,0,0,0,0,0,0,0,0,0,0,0,0,0,0,0,0,0,0,0,0,0,0,0,0,0,0,0,0,0,0,0,0,0,0,0,0,0,0,0,0,0,1,0,0,0,0,0,0,0,0,0,0,1,0,0,0,0,0,0,0,0,0,0,0,0,0,0,0,0,0,0,0,0,0,0,0,0,0,0,0,0,0,0,0,0,0,0,0,0,0,0
2016-06-12,0,0,0,0,0,0,0,0,0,0,0,0,0,0,0,0,0,0,0,0,0,0,0,1,0,0,0,0,0,0,0,0,0,0,0,0,0,0,0,0,0,0,0,0,0,0,1,0,0,0,0,0,0,0,0,0,0,0,0,0,0,0,0,0,0,0,0,0,0,0,0,0,0,0,0,0,0,0,0,0,1,0,0,0,0,0,0,0,0,0,0,0,0,0,0,0,0,0,0,0,0,0,0,0,0,0,0,0,0,0,0,0,0,0,0,2,0,0,0,0,0,0,0,0,0,0,0,0,3,0,0,0,0,0,0,0,0,0,0,0,0,0,0,0,0,0,0,0,0,0,0,0,0,0,0,0,0,0,0,1,0,0,0,0,0,0,0,0,0,0,0,0,0,0,0,0,0,0,0,0,0,0,0,0,0,0,0,0,0,0,0,0,0,0,0,0,0,0,0,0,0,0,0,0,0,0,0,0,0,0,0,0,0,0,0,0,0,0,0,0,0,0,0,0,0,0,0,0,0,0,0,0,0,0,0,0,0,0,0,0,0,0,0,0,0,0,0,0,0,0,0,0,0,0,0,0,0,0,0,0,0,0,0,0,0,0,0,0,0,0,0,0,0,0,0,0,0,0,0,0,0,0,0,0,0
2016-06-19,0,0,0,0,0,0,0,0,0,0,0,0,0,0,0,0,0,0,0,0,0,0,0,0,0,0,0,0,0,0,0,0,0,0,0,0,0,0,0,0,0,0,0,0,0,0,2,0,0,0,0,0,0,0,0,0,0,0,0,0,0,0,0,0,0,0,0,0,0,0,0,0,0,0,0,0,0,0,0,0,1,0,0,0,0,0,0,0,0,0,0,0,0,0,0,0,0,0,0,0,0,0,0,0,0,0,0,0,0,0,0,0,0,0,0,1,0,0,0,0,0,0,0,0,0,1,0,0,0,0,0,0,0,0,0,0,0,0,0,0,0,0,0,0,0,0,0,0,0,0,0,0,0,0,0,0,0,0,0,1,0,0,0,0,0,0,0,0,0,0,0,0,0,0,0,0,0,0,0,0,0,0,0,0,0,0,0,0,0,0,0,0,0,0,0,0,0,0,0,0,0,0,0,0,0,0,0,0,0,0,0,0,0,0,0,0,0,0,0,0,0,0,0,0,0,0,0,0,0,0,0,0,0,1,0,0,0,0,0,0,0,0,0,0,0,0,0,0,0,0,0,0,0,0,0,0,0,0,0,0,0,0,0,0,0,0,0,0,0,0,4,0,0,0,0,0,0,0,0,0,0,0,0,0,0
2016-06-26,0,0,0,0,0,0,0,0,0,0,0,0,0,0,0,0,0,0,0,0,0,0,0,0,0,0,0,0,0,0,0,0,0,0,1,0,1,0,0,0,0,0,0,0,0,0,5,0,0,0,0,0,0,0,0,0,0,0,0,0,0,0,0,0,0,0,0,0,0,0,0,0,1,0,0,0,0,0,0,0,2,0,0,0,0,0,0,0,0,0,0,2,0,0,0,0,0,0,0,0,0,0,0,0,0,0,0,0,0,0,0,0,0,0,0,1,1,0,0,0,0,1,0,0,0,0,0,0,0,0,0,0,0,0,0,0,0,0,0,0,0,0,0,0,0,0,0,0,0,0,0,0,0,0,0,0,0,0,0,0,0,0,0,0,0,0,0,0,0,0,0,0,0,0,0,0,0,0,0,0,0,0,0,0,0,0,0,0,0,0,0,0,0,0,0,0,0,0,0,0,0,0,0,0,0,0,0,0,0,0,0,0,0,0,0,0,0,0,0,0,0,1,0,0,0,0,0,0,0,0,0,0,0,0,0,2,0,0,0,0,0,0,0,0,0,0,0,0,0,0,0,0,0,0,0,0,0,0,0,0,0,0,0,0,0,0,0,0,0,0,0,0,0,0,0,0,0,0,0,0,0,0,0,0,0
2016-07-03,0,0,0,0,0,0,0,0,0,0,0,0,0,0,0,0,0,0,0,0,0,0,0,1,0,0,0,0,0,0,0,0,0,0,0,0,0,0,0,0,0,0,0,0,0,0,3,0,0,0,0,0,0,0,0,0,0,2,0,0,0,0,0,0,0,0,0,0,0,0,0,0,0,0,0,0,0,0,0,0,2,0,0,0,0,0,1,0,0,0,0,0,0,0,0,0,0,0,0,0,0,0,0,0,0,0,0,0,0,0,0,0,0,0,0,1,1,2,0,0,0,0,0,0,0,1,0,0,0,0,0,0,0,0,0,0,0,0,0,0,0,0,0,0,0,0,0,0,0,0,0,0,0,0,0,0,0,0,0,2,0,0,0,0,0,0,0,0,0,0,0,0,0,0,0,0,0,0,0,0,0,0,0,0,0,0,0,0,0,0,0,0,0,0,0,0,0,0,0,0,0,0,0,0,0,0,0,0,0,0,0,0,0,0,0,0,0,0,0,0,0,0,0,0,0,0,0,0,0,1,0,0,0,4,0,0,0,0,0,0,0,0,0,0,0,0,0,0,0,0,0,0,0,0,0,0,0,0,0,0,0,0,0,0,0,0,0,0,0,0,4,0,0,0,0,0,0,0,0,0,0,0,0,0,0
2016-07-10,0,0,0,0,0,0,3,0,0,0,0,0,0,0,0,0,0,0,0,0,0,0,0,2,0,0,0,0,0,0,0,0,0,0,0,0,0,0,0,0,0,0,0,0,0,0,0,0,0,0,0,0,0,0,0,0,0,0,0,0,0,0,0,0,0,0,0,0,0,0,0,0,0,0,0,0,0,0,0,0,3,0,0,0,0,0,0,0,0,0,0,0,0,0,0,0,0,0,0,0,0,0,0,0,0,0,0,0,0,0,0,0,0,0,0,1,0,0,0,0,0,0,0,0,0,1,0,0,0,0,0,0,0,0,0,0,0,0,0,0,0,0,0,0,0,0,0,0,0,0,0,0,0,0,0,0,0,0,0,0,0,0,0,0,0,0,0,0,0,0,0,0,0,0,0,0,0,0,0,0,0,0,0,0,0,0,0,0,0,0,0,0,0,0,0,0,0,0,0,0,0,0,0,0,0,0,0,0,0,0,0,0,0,0,0,0,0,0,0,0,0,1,0,0,0,0,0,0,0,0,0,0,0,4,0,2,0,0,0,0,0,0,1,0,0,0,1,0,0,0,0,0,0,0,0,0,0,0,0,0,0,0,0,0,0,0,0,0,0,0,4,0,1,0,0,0,0,0,0,0,0,0,0,0,0
2016-07-17,0,0,0,0,0,0,0,0,0,0,0,0,0,0,0,0,0,0,0,0,0,0,0,2,0,0,0,0,0,0,0,0,0,0,0,0,0,0,0,0,0,0,0,0,0,0,2,0,0,0,0,0,0,0,0,0,0,0,0,0,0,0,0,0,0,0,0,0,0,0,0,0,0,0,0,0,0,0,0,0,2,0,0,0,0,0,0,0,0,0,0,0,0,0,0,0,0,0,0,0,0,0,0,0,0,0,0,0,1,0,0,0,0,0,0,0,0,2,0,0,0,0,0,0,0,0,0,0,0,0,0,0,0,0,0,0,0,0,0,0,0,0,0,0,0,0,0,1,0,0,0,0,0,0,0,0,0,0,0,0,1,0,0,0,0,0,0,0,0,0,0,0,0,0,0,0,0,0,0,0,0,0,0,0,0,0,0,1,0,0,0,0,0,0,0,0,0,0,0,0,0,0,0,0,0,0,0,0,0,0,0,0,0,0,0,0,0,0,0,0,0,0,0,0,0,0,0,0,0,0,0,0,0,2,0,1,0,0,0,0,0,0,0,0,0,0,0,0,0,0,0,0,0,0,0,0,0,0,0,0,0,0,0,0,0,0,0,0,0,0,4,0,0,0,0,0,0,0,0,0,0,0,0,0,0
2016-07-24,0,0,0,0,0,0,0,0,0,0,0,0,0,0,0,0,0,0,0,0,0,0,0,0,0,0,0,0,0,0,0,0,0,0,0,0,0,0,0,0,0,0,0,0,0,0,0,0,0,0,0,0,0,0,0,0,0,0,0,0,0,0,0,0,0,0,0,1,0,0,0,0,0,0,0,0,0,0,0,0,0,0,0,0,0,0,0,0,0,0,0,0,0,0,0,0,0,0,0,0,0,0,0,0,0,0,0,0,0,0,0,0,0,0,0,0,1,0,0,0,0,0,0,0,0,1,0,0,0,0,0,0,0,0,0,0,0,0,0,0,0,0,0,0,0,0,0,0,0,0,0,0,0,0,0,0,0,0,0,0,0,0,0,0,0,0,0,0,0,0,0,0,0,0,0,0,0,0,0,0,0,0,0,0,0,0,0,0,0,0,0,0,1,0,0,0,0,0,0,0,0,0,0,0,0,0,0,0,0,0,0,0,0,0,0,0,0,0,0,0,0,0,0,0,0,0,0,0,0,0,0,0,0,1,0,1,0,0,0,0,0,0,0,0,0,0,0,0,0,0,0,0,0,0,0,0,0,0,0,0,0,0,0,0,0,0,0,0,0,0,3,0,0,0,0,2,0,0,0,0,0,0,0,0,0
2016-07-31,0,0,0,0,0,0,0,0,0,0,0,0,0,0,0,0,0,0,0,0,0,0,0,0,0,0,0,0,0,0,0,0,0,0,0,0,0,0,0,0,0,0,0,0,0,0,0,0,0,0,0,0,0,0,0,0,0,0,0,0,0,1,0,0,0,0,0,1,0,0,0,0,0,0,0,0,0,0,0,0,1,0,0,0,0,0,0,0,0,0,0,0,0,0,0,0,0,0,0,0,0,0,0,0,0,0,0,0,0,0,0,0,0,0,0,0,1,0,0,0,0,0,0,0,0,0,0,0,0,0,0,0,0,0,0,0,0,0,0,0,0,0,0,0,0,0,0,0,0,0,0,0,0,0,0,0,0,0,0,0,0,0,0,0,0,0,0,0,0,0,0,0,0,0,0,0,0,0,0,0,0,0,0,0,0,0,0,1,0,0,0,0,0,0,0,0,0,0,0,0,0,0,0,0,0,0,0,0,0,0,0,0,0,0,0,0,0,0,0,0,0,0,0,0,0,0,0,0,0,0,0,0,0,0,0,3,0,0,0,0,0,0,0,0,0,0,0,0,0,0,0,0,0,0,0,0,0,0,0,0,0,0,0,0,0,0,0,0,0,0,2,0,0,0,0,0,0,0,0,0,0,0,0,0,0
2016-08-07,0,0,0,0,0,0,0,0,0,0,0,0,0,0,0,0,0,0,0,0,0,0,0,2,0,0,0,0,0,0,0,0,0,0,1,0,0,0,0,0,0,0,0,0,0,0,0,0,0,0,0,0,0,0,0,0,0,0,0,0,0,0,1,0,0,0,0,0,0,0,0,0,0,0,0,0,0,0,0,0,0,0,0,0,0,0,0,0,0,0,0,0,3,0,0,0,0,0,0,0,0,0,0,0,0,0,0,0,0,0,0,0,0,0,0,0,0,0,0,0,0,0,0,0,0,0,0,0,0,0,0,0,0,0,0,0,0,0,0,0,0,0,0,0,0,0,0,1,0,0,0,0,0,0,0,0,0,0,0,0,0,0,0,0,0,0,0,0,0,0,0,0,1,3,0,0,0,0,0,0,0,0,0,0,1,0,0,1,0,0,0,0,2,0,0,0,0,0,0,0,0,0,0,0,0,0,0,0,0,0,0,0,0,0,0,0,0,0,0,0,0,0,0,0,0,0,0,0,0,0,0,0,0,0,0,0,0,0,0,0,0,0,0,0,0,0,0,0,0,0,0,0,0,0,0,0,0,0,0,0,0,0,0,0,0,0,0,0,0,0,8,0,0,0,0,1,0,0,0,0,0,0,0,0,0
2016-08-14,0,0,0,0,0,0,0,0,0,0,0,0,0,0,0,0,0,0,0,0,0,0,0,0,0,0,0,0,0,0,0,0,0,0,0,0,1,0,0,0,0,0,0,0,0,0,0,0,0,0,0,0,0,0,0,0,0,0,0,0,0,0,0,0,0,0,0,0,0,0,0,0,0,0,0,0,0,0,0,0,0,0,0,0,0,0,0,0,0,0,0,0,0,0,0,0,0,0,0,0,0,0,0,0,0,0,0,0,0,0,0,0,0,0,0,2,0,0,0,0,0,0,0,0,0,0,0,0,0,0,0,0,0,0,0,0,0,0,0,0,0,0,0,0,0,0,0,1,0,0,0,0,0,0,0,0,0,0,0,0,0,0,0,0,0,0,0,0,0,0,0,0,0,0,0,0,0,0,0,0,0,0,0,0,1,0,0,0,0,0,0,0,0,0,0,0,0,0,0,0,0,0,0,0,0,0,0,0,0,0,0,0,0,0,0,0,0,0,0,0,0,0,0,0,0,0,0,0,0,0,0,0,0,1,0,0,0,0,0,0,0,0,0,0,0,0,0,0,0,0,0,0,0,0,0,0,0,0,0,0,0,0,0,0,0,0,0,0,0,0,7,0,0,0,0,0,0,0,0,0,0,0,0,0,0
2016-08-21,0,0,0,0,0,0,0,0,0,0,0,0,0,0,0,0,0,0,0,0,0,0,0,1,0,0,0,0,0,0,0,0,0,0,0,0,0,0,0,0,0,0,0,0,0,0,0,0,0,0,0,0,0,0,0,0,0,0,0,0,0,0,0,0,0,0,0,0,0,0,0,0,0,0,0,0,0,0,0,0,0,0,0,0,0,0,0,0,0,0,0,0,0,0,0,0,0,0,0,0,0,0,0,0,0,0,0,0,0,0,0,0,0,0,0,1,1,0,0,0,0,0,0,0,0,0,0,0,0,0,0,0,0,0,0,0,0,0,0,0,0,0,0,0,0,0,0,0,0,0,0,0,0,0,0,0,0,0,0,0,0,0,0,0,0,0,0,0,0,0,0,0,0,0,0,0,0,0,0,0,0,0,0,0,1,0,0,0,0,0,0,0,0,0,0,0,0,0,0,0,0,0,0,0,0,0,0,0,0,0,0,0,0,0,0,0,0,0,0,0,0,0,0,0,0,0,0,0,0,0,0,0,0,0,0,0,1,0,0,0,0,0,0,0,0,0,0,0,0,0,0,0,0,0,0,0,0,0,0,0,0,0,0,0,0,0,0,0,0,0,3,0,0,0,0,0,0,0,0,0,0,0,0,0,0
2016-08-28,0,0,0,0,0,0,0,0,0,0,0,0,0,0,0,0,0,0,0,0,0,0,0,0,0,0,0,0,0,0,0,0,0,0,0,0,0,0,0,0,0,0,0,0,0,0,1,0,0,0,0,0,0,0,0,0,0,0,0,0,0,0,0,1,0,0,0,0,0,0,0,0,0,0,0,0,0,0,0,0,5,0,0,0,0,0,0,0,0,0,0,0,0,0,0,0,0,0,0,0,0,0,0,0,0,0,0,0,0,0,0,0,0,0,0,3,1,0,0,0,0,0,0,0,0,0,0,0,0,0,0,0,0,0,0,0,0,0,0,0,0,0,0,0,0,0,0,1,0,0,0,0,0,0,0,0,0,0,0,0,0,1,0,0,0,0,0,0,0,0,0,0,0,1,0,0,0,0,0,0,0,0,0,0,0,0,0,0,0,0,0,0,0,0,0,0,0,0,0,0,0,0,0,0,0,0,0,0,0,0,0,0,0,0,0,0,0,0,0,0,0,0,0,0,0,0,0,1,0,0,0,0,0,1,0,0,0,0,0,0,0,0,0,0,0,0,0,0,0,0,0,0,0,0,0,0,0,0,0,0,0,0,0,0,0,0,0,0,0,0,4,0,1,0,0,0,0,0,0,0,0,0,0,0,0
2016-09-04,0,0,0,0,0,0,0,0,0,0,0,0,0,0,0,0,0,0,0,0,0,0,0,0,0,0,0,0,0,0,0,0,0,0,0,0,0,0,0,0,0,0,0,0,0,0,1,0,0,0,0,0,0,0,0,0,0,0,0,0,0,0,0,0,0,0,0,0,0,0,0,0,0,0,0,0,0,0,0,0,2,0,0,0,0,0,0,0,0,0,0,0,0,0,0,0,0,0,0,0,0,0,0,0,0,0,0,0,0,0,0,0,0,0,0,4,1,0,0,0,0,0,0,0,0,0,0,0,0,0,0,0,0,0,0,0,0,0,0,0,0,0,0,0,0,0,0,1,0,0,0,0,0,0,0,0,0,1,0,0,0,0,0,0,0,0,0,0,0,0,0,0,1,0,0,0,0,0,0,0,0,0,0,0,0,0,0,0,0,0,0,0,0,0,0,0,0,0,0,0,0,0,0,0,0,0,0,0,0,0,0,0,0,0,0,0,0,0,0,0,0,0,0,0,1,0,0,0,0,0,0,0,0,1,0,0,0,0,0,0,0,0,0,0,0,0,0,0,0,0,0,0,0,0,0,0,0,0,0,0,0,0,0,0,0,0,0,0,0,0,0,0,0,0,0,1,0,0,0,0,0,0,0,0,0
2016-09-11,0,0,0,0,0,0,0,0,0,0,0,0,0,0,0,0,0,0,0,0,0,0,0,1,0,0,0,0,0,0,0,0,0,0,1,0,0,0,0,0,0,0,0,0,0,0,1,0,0,0,0,0,0,0,0,0,0,0,0,0,0,0,0,0,0,0,0,0,0,0,0,0,0,0,0,0,0,0,0,0,2,0,0,0,0,0,0,0,0,0,0,0,0,0,0,0,0,0,0,0,0,0,0,0,0,0,0,0,0,0,0,0,0,0,0,2,0,0,0,0,0,1,0,0,0,0,0,0,0,0,0,0,0,0,0,0,0,0,0,0,0,0,0,0,0,0,0,0,0,0,0,0,0,0,0,0,0,0,0,0,0,0,0,0,0,0,0,0,0,0,0,0,1,1,0,0,0,0,0,0,0,0,0,0,0,0,0,0,0,0,0,1,1,0,0,0,0,0,0,0,0,0,0,0,0,0,0,0,0,0,0,0,0,0,0,0,0,0,0,0,0,0,0,0,0,0,0,0,0,0,0,0,0,0,0,1,0,0,0,0,0,0,0,0,0,0,0,0,0,0,0,0,0,0,0,0,0,0,0,0,0,0,1,0,0,0,0,0,0,0,0,0,2,0,0,0,0,0,0,0,0,0,0,0,0
2016-09-18,0,0,0,0,0,0,0,0,0,0,0,0,0,0,0,0,0,0,0,0,0,0,0,2,0,0,0,0,0,0,0,0,0,0,0,0,0,0,0,0,0,0,0,0,0,0,0,0,0,0,0,0,0,0,0,0,0,0,0,0,0,0,0,0,0,0,0,0,0,0,0,0,0,0,0,0,0,0,0,0,0,0,0,0,0,0,0,0,0,0,0,0,0,0,0,0,0,0,0,0,0,0,0,0,0,0,0,0,0,0,0,0,0,0,0,0,1,0,1,0,0,0,0,0,0,0,0,0,0,0,0,0,0,0,0,0,0,0,0,0,0,0,0,0,0,0,0,0,0,0,0,0,0,0,0,0,0,0,0,0,1,0,0,0,0,0,0,0,0,0,0,0,0,0,0,0,0,0,0,0,0,0,0,0,1,0,0,0,0,0,0,0,1,0,0,0,0,0,0,0,0,0,0,0,0,0,0,0,0,0,0,0,0,0,0,0,0,0,0,0,0,0,0,0,0,0,0,0,0,0,0,0,0,0,0,0,0,0,0,0,0,0,0,0,0,0,0,0,0,0,0,0,0,0,0,0,0,0,0,0,0,0,0,0,0,0,0,0,0,0,0,0,0,0,0,0,0,0,0,0,0,0,0,0,0
2016-09-25,0,0,0,0,0,0,0,0,0,0,0,0,0,0,0,0,0,0,0,0,0,0,0,0,0,0,0,0,0,0,0,0,0,0,0,0,0,0,0,0,0,0,0,0,0,0,0,0,0,0,0,0,0,0,0,0,0,0,0,0,0,0,0,0,0,0,0,0,0,0,0,0,0,0,0,0,0,0,0,0,1,0,0,0,0,0,0,0,0,0,0,0,0,0,0,0,0,0,0,0,0,0,0,0,0,0,0,0,0,0,0,0,0,0,0,0,0,0,0,0,0,0,0,0,0,0,0,0,2,0,0,0,0,0,0,0,0,0,0,0,0,0,0,0,0,0,0,0,0,0,0,0,0,1,1,0,0,0,0,0,0,0,0,0,0,0,0,0,0,0,0,0,0,0,0,0,0,0,0,0,0,0,0,0,0,0,0,0,0,0,0,0,0,0,0,0,0,0,0,0,0,0,0,0,0,0,0,0,0,0,0,0,0,0,0,0,0,0,0,0,0,0,0,0,0,0,0,0,0,0,0,0,0,0,0,0,0,0,0,0,0,0,0,0,0,0,0,0,0,0,0,0,0,0,0,0,0,0,0,0,0,0,0,0,0,0,0,0,0,0,9,0,1,0,0,0,0,0,0,0,0,0,0,0,0
2016-10-02,0,0,0,0,0,0,0,0,0,0,0,0,0,0,0,0,0,0,0,0,0,0,0,4,0,0,0,0,0,0,0,0,0,0,0,0,0,0,0,0,0,0,0,0,1,0,0,0,0,0,0,0,0,0,0,0,0,0,0,0,0,0,0,0,0,0,0,0,0,0,0,0,0,0,0,0,0,0,0,0,1,0,0,0,0,0,0,0,0,0,0,0,1,0,0,0,0,0,0,0,0,0,0,0,0,0,0,0,0,0,0,0,0,0,0,1,0,0,0,0,0,0,0,0,0,1,0,0,1,0,0,0,0,0,0,0,0,0,0,0,0,0,0,0,0,0,0,1,0,0,0,0,0,0,0,0,0,0,0,0,1,1,0,0,0,0,0,0,0,0,0,0,0,0,0,0,0,0,0,0,0,0,0,0,2,0,0,0,0,0,0,0,0,0,0,0,0,0,0,0,0,0,0,0,0,0,0,0,0,0,0,0,0,0,0,0,0,0,0,0,0,0,0,0,0,0,0,1,0,0,0,0,0,0,0,0,0,0,0,0,0,0,0,0,0,0,0,0,0,0,0,0,0,0,0,0,0,0,0,0,0,0,0,0,0,0,0,0,0,0,6,0,1,0,0,0,0,0,0,0,0,0,0,0,0
2016-10-09,0,0,1,0,0,0,0,0,0,0,0,0,0,0,0,0,0,0,0,0,0,0,0,2,0,0,0,0,0,0,0,0,0,0,1,0,0,0,0,0,0,0,0,0,0,0,0,0,0,0,0,0,0,0,0,0,0,0,0,0,0,0,0,0,0,0,0,0,0,0,0,0,0,0,0,0,0,0,0,0,0,0,0,0,0,0,0,0,0,0,0,0,1,0,0,0,0,0,0,0,0,0,0,0,0,0,0,0,0,0,0,0,0,0,0,0,0,0,1,0,0,0,0,0,0,0,0,0,1,0,0,0,0,0,0,0,0,0,0,0,0,0,0,0,0,0,0,2,0,0,0,0,0,0,0,0,0,0,0,0,0,0,0,0,0,0,0,0,0,0,0,0,0,0,0,0,1,0,0,0,0,0,0,0,0,0,0,0,0,0,0,0,0,0,0,0,0,0,0,0,0,0,0,1,0,0,0,0,0,0,0,0,0,0,0,0,0,0,0,0,0,0,0,0,0,0,0,0,0,0,0,0,0,0,0,0,0,0,0,0,0,0,0,0,0,0,1,0,0,0,0,0,0,0,0,0,0,0,0,0,0,0,0,0,0,0,0,0,0,0,8,0,1,0,0,0,0,0,0,0,0,0,0,0,0
2016-10-16,0,0,0,0,0,0,0,0,0,0,0,0,0,0,0,0,0,0,0,0,0,0,0,1,0,0,0,0,0,0,0,0,0,0,1,0,1,0,0,0,0,0,0,0,1,0,1,0,1,0,0,0,0,0,0,0,0,0,0,0,0,0,0,0,0,0,0,0,0,0,0,0,0,0,0,0,0,0,0,0,0,0,0,0,0,0,0,0,0,0,0,0,0,1,0,0,0,0,0,0,0,0,0,0,0,0,0,0,0,0,0,0,0,0,0,3,0,2,0,0,0,0,0,0,0,0,0,0,4,0,0,0,0,0,0,0,0,0,0,0,0,0,0,0,0,0,0,0,0,0,0,0,0,0,0,0,0,0,0,0,0,0,0,0,0,0,0,0,0,0,0,0,1,0,0,0,0,0,0,0,0,0,0,0,0,0,0,0,0,0,0,0,1,0,0,0,0,0,0,0,0,0,0,0,0,0,0,0,0,0,0,0,0,0,0,0,0,0,0,0,0,0,0,0,0,0,0,0,0,0,0,0,0,1,0,0,0,0,0,0,0,0,0,0,0,0,3,0,0,0,0,0,0,0,0,0,0,0,0,0,0,0,2,0,0,0,0,0,0,0,12,0,0,0,0,0,0,0,0,0,0,0,0,0,0
2016-10-23,0,0,0,0,0,0,0,0,0,0,0,0,0,0,0,0,0,0,0,0,0,0,0,4,0,0,0,0,0,0,0,0,0,0,1,0,0,0,0,0,0,0,0,0,0,1,1,0,0,0,0,0,0,0,0,0,0,0,0,3,0,0,0,0,0,0,0,0,1,0,0,0,0,0,0,0,0,0,0,0,1,0,0,0,0,0,0,0,0,0,0,0,0,0,0,0,0,0,0,0,0,0,0,0,0,0,0,0,1,0,0,0,0,0,0,2,0,0,0,0,0,0,0,0,0,0,0,0,1,0,0,0,0,0,0,0,0,0,0,0,0,0,0,0,0,0,0,0,0,0,0,0,0,1,0,0,0,0,0,0,0,0,0,0,0,0,0,0,0,0,0,0,0,0,0,0,0,0,0,0,0,0,0,0,1,0,0,0,0,0,0,0,3,0,0,0,0,0,0,0,0,0,0,0,0,0,0,0,0,0,0,0,0,1,0,0,0,0,0,0,0,3,0,0,0,0,0,0,1,0,0,0,0,2,0,0,0,0,0,0,0,0,0,0,0,0,0,0,0,0,0,0,0,0,0,0,0,0,0,0,0,0,0,0,0,0,0,0,0,0,5,0,3,0,0,0,0,0,0,0,0,0,0,0,0
2016-10-30,0,0,0,0,0,0,0,0,0,0,0,0,0,0,0,0,0,0,0,0,0,0,0,4,0,0,0,0,0,0,0,0,0,0,0,0,0,0,0,0,0,0,0,0,0,0,0,0,0,0,0,0,0,0,0,0,0,0,0,4,0,0,0,3,0,0,0,0,1,0,0,0,0,0,0,0,0,0,0,0,0,0,0,0,0,0,0,0,0,0,0,0,1,0,0,0,0,0,0,0,0,0,0,0,0,0,0,0,0,0,0,0,0,0,0,2,0,0,0,0,0,0,0,0,0,0,0,0,0,0,0,0,0,0,0,0,0,0,0,0,0,0,0,0,0,0,0,0,0,0,0,0,0,0,0,0,0,0,0,0,0,0,0,0,0,0,0,0,0,0,0,0,0,0,0,0,0,0,0,0,0,0,0,0,4,0,0,0,0,0,0,0,2,0,0,0,0,0,1,1,0,0,0,0,0,0,0,0,0,0,0,1,0,0,0,0,0,0,0,0,0,0,0,0,0,0,0,0,0,0,0,0,0,1,0,1,0,0,0,0,0,0,0,1,0,0,0,0,0,0,0,0,0,0,0,0,0,0,0,0,0,0,0,0,0,0,0,0,0,0,3,0,2,0,0,0,0,0,0,0,0,0,0,0,0
2016-11-06,0,0,0,0,0,0,0,0,0,0,0,0,0,0,0,0,0,0,0,0,0,0,0,30,0,0,0,1,0,0,0,0,0,0,0,0,0,0,0,0,0,0,0,0,0,0,2,0,0,0,0,0,0,0,0,0,0,0,0,15,0,0,0,1,1,0,0,0,3,0,0,0,0,0,0,0,0,0,0,0,1,0,0,0,0,0,0,0,0,0,0,0,2,0,0,0,0,0,0,0,0,0,0,0,0,0,0,0,1,0,0,0,0,0,0,3,0,0,0,0,0,0,0,0,0,0,0,0,1,0,0,0,0,0,0,0,0,0,0,0,0,0,0,0,0,0,0,0,0,0,0,0,0,0,1,0,0,0,0,0,0,1,0,0,0,0,0,0,0,0,0,0,0,5,0,0,0,0,0,0,0,0,0,0,0,0,0,4,0,0,0,0,7,0,0,0,0,0,0,0,0,0,0,0,0,0,0,0,0,0,0,0,0,0,0,0,0,0,0,0,0,0,0,0,0,0,0,0,0,0,0,0,0,0,0,0,0,0,0,0,0,0,1,0,0,0,2,0,0,0,0,0,0,0,0,0,0,0,0,0,0,0,0,0,0,0,0,0,0,0,13,0,1,0,0,0,0,0,0,0,0,0,0,0,0
2016-11-13,0,0,0,0,0,0,0,0,0,0,0,0,0,0,0,0,0,0,1,0,0,0,0,1,0,0,0,1,0,0,0,0,0,0,0,0,0,0,0,0,0,0,0,0,0,0,0,0,0,0,0,0,0,0,0,0,0,0,0,6,0,0,0,0,0,0,0,0,0,0,0,0,0,0,0,0,0,0,0,0,3,0,0,0,0,0,0,0,0,0,0,0,0,0,0,0,0,0,0,0,0,0,0,0,0,0,0,0,1,0,0,0,0,0,0,4,0,0,0,0,0,0,0,0,0,0,0,0,2,0,0,0,0,0,0,0,0,0,0,0,0,0,0,0,0,0,0,0,0,0,0,0,0,0,0,0,0,0,0,0,1,0,0,0,0,0,0,0,0,0,0,0,0,0,0,0,0,0,0,0,0,0,0,0,0,0,0,0,0,0,0,0,1,0,0,0,0,0,0,0,0,0,0,0,0,0,0,0,0,0,0,0,0,0,0,0,0,0,0,0,0,0,0,0,0,0,0,3,0,0,0,0,0,6,0,0,2,0,0,0,0,0,0,0,0,0,0,0,0,0,0,0,1,0,0,0,0,0,0,0,0,0,0,0,0,0,0,0,0,0,13,0,2,0,0,0,0,0,0,0,0,0,0,0,0
2016-11-20,0,0,0,0,0,0,0,0,0,0,0,0,0,0,0,0,0,0,0,0,0,0,0,8,0,0,0,4,0,0,0,0,0,0,0,0,0,0,0,0,0,0,0,0,0,0,0,0,0,0,0,0,0,0,0,0,0,0,0,1,0,0,0,0,0,0,0,0,1,0,0,0,0,0,0,0,0,0,0,0,4,0,0,0,0,0,0,0,0,0,0,0,0,0,0,0,0,0,0,0,0,0,0,0,1,0,0,0,0,0,0,0,0,0,0,6,0,0,0,0,0,1,0,0,0,0,0,0,1,0,0,0,0,0,0,0,0,0,0,0,0,0,0,0,0,0,1,6,0,0,0,0,0,0,0,0,0,0,0,0,0,2,0,0,0,0,0,0,0,0,0,0,0,6,0,0,0,0,0,0,0,0,0,0,0,0,0,0,0,0,0,0,0,0,0,0,0,0,0,1,0,0,0,0,0,0,0,0,0,0,0,0,0,0,0,0,0,0,0,0,0,2,0,0,0,0,0,0,0,0,0,0,0,3,0,0,1,0,0,0,0,0,0,0,0,0,2,0,0,0,0,0,2,0,0,0,0,0,0,0,0,0,0,0,0,0,0,0,0,0,2,0,0,0,0,0,0,0,0,0,0,0,0,0,0
2016-11-27,0,0,0,0,0,0,0,0,0,0,0,1,0,1,0,0,0,0,0,0,0,0,0,4,0,0,0,0,0,0,0,0,0,0,0,0,0,0,0,0,0,0,0,0,1,0,0,0,0,0,0,0,0,0,0,0,0,0,0,3,0,0,0,2,0,0,0,0,1,0,0,0,0,0,0,0,0,0,0,0,1,0,0,0,0,0,0,1,0,0,0,0,1,0,1,0,0,0,0,0,0,0,0,0,0,0,0,0,0,0,0,0,0,0,0,0,0,5,0,0,0,0,0,0,0,0,0,0,3,0,0,0,0,0,0,0,0,0,0,0,0,0,0,0,0,0,0,4,0,0,0,0,0,0,0,0,0,0,0,0,0,0,0,0,0,0,0,0,0,0,0,0,0,1,0,0,0,0,0,0,0,0,0,0,0,0,0,0,0,0,0,0,0,0,0,0,0,0,0,0,0,0,0,0,0,0,0,0,0,0,1,0,0,0,0,0,0,0,0,0,0,6,0,0,1,0,0,0,0,0,0,1,0,4,0,0,0,0,0,0,0,0,0,0,0,0,10,0,0,0,0,0,0,0,0,0,0,0,0,0,0,0,0,0,0,0,0,0,0,0,10,0,1,0,0,1,0,0,0,0,0,0,0,0,0
2016-12-04,0,0,0,0,0,0,0,0,0,0,0,0,0,0,0,0,0,0,0,0,0,0,0,19,0,0,0,0,0,0,0,0,0,0,1,0,0,0,0,0,0,0,0,0,0,2,2,0,2,0,0,0,0,0,0,0,0,0,0,1,0,0,0,2,0,0,0,0,1,0,0,0,0,0,0,0,0,0,0,0,3,0,0,0,0,0,0,0,0,0,0,0,0,0,0,0,0,0,0,0,0,0,0,0,0,0,0,0,2,0,0,0,0,0,0,5,3,3,0,0,0,0,0,0,0,0,0,0,1,0,0,0,0,0,0,0,0,0,0,0,0,0,0,0,0,0,0,4,0,0,0,0,0,0,0,0,0,0,0,0,0,0,0,0,0,0,0,0,0,0,0,0,1,0,0,0,0,0,0,0,0,0,0,0,3,0,0,0,0,0,0,0,0,0,0,0,1,0,0,0,0,0,0,0,0,0,0,0,0,0,0,0,0,0,0,0,0,0,0,0,0,0,0,0,0,0,0,0,0,0,0,0,0,5,0,1,0,0,0,0,0,0,2,1,0,0,5,0,0,0,0,1,0,0,0,0,0,0,0,0,0,0,0,0,0,0,0,0,0,0,7,0,2,0,0,0,0,0,0,0,0,0,0,0,0
2016-12-11,0,0,0,0,0,0,1,0,0,0,0,0,0,0,0,0,0,0,0,0,0,0,0,15,0,0,0,1,0,0,0,0,0,0,2,0,0,0,0,0,0,0,0,0,0,4,1,0,0,0,0,0,0,0,0,0,0,0,0,3,0,0,0,2,0,0,0,0,0,0,0,0,0,0,0,0,0,0,0,0,5,0,0,0,0,0,0,0,0,0,0,0,3,0,0,0,0,0,0,2,0,0,0,0,0,0,0,0,0,0,0,0,0,0,0,2,3,2,1,0,0,0,0,0,0,0,0,0,6,0,0,0,0,0,0,0,0,0,0,1,0,0,0,0,0,0,0,6,0,0,0,0,0,0,0,0,0,0,0,1,0,0,0,0,0,0,0,0,0,0,0,0,0,3,0,0,0,0,0,0,0,0,0,0,2,0,0,0,0,0,0,0,2,0,0,0,1,0,0,0,0,0,0,2,0,0,0,0,0,0,0,1,0,0,0,0,0,0,0,0,0,1,0,0,0,0,0,0,1,0,0,0,0,1,0,1,0,0,0,0,0,0,2,0,0,0,5,0,0,0,0,0,0,0,0,0,0,0,0,0,0,0,1,0,0,0,0,0,2,0,17,0,6,0,0,0,0,0,0,0,0,0,0,0,0
2016-12-18,0,0,0,0,0,0,1,0,0,0,0,0,0,1,0,0,0,0,0,0,0,0,0,14,0,0,0,0,0,0,0,0,0,0,1,0,1,0,0,0,0,0,0,0,0,0,0,0,0,0,0,0,0,0,0,0,0,0,0,0,0,0,0,0,0,0,0,0,1,0,0,0,0,0,0,0,0,0,0,0,2,0,0,0,0,0,0,0,0,0,0,0,0,0,0,0,0,0,0,0,0,0,0,0,0,0,0,0,0,0,0,0,0,0,0,6,3,4,0,0,0,0,0,0,0,0,0,0,2,0,0,0,0,0,0,0,0,0,0,0,0,0,0,0,0,0,0,3,0,0,0,0,0,1,3,0,0,0,0,2,3,1,0,0,0,0,0,0,0,0,0,0,1,3,0,0,0,0,0,0,0,0,0,0,2,0,0,0,0,0,0,0,1,0,0,0,0,0,0,0,0,0,0,0,0,0,0,0,0,0,0,0,0,0,0,0,0,0,0,0,0,0,0,0,0,0,0,1,0,0,0,1,0,2,0,0,0,0,0,0,0,0,4,0,0,0,3,0,0,0,0,0,0,0,0,0,0,0,0,0,0,0,0,0,0,0,0,0,0,0,4,0,4,0,0,0,1,0,0,0,0,0,0,0,0
2016-12-25,0,0,0,0,0,0,0,0,0,0,0,0,0,0,0,0,0,0,0,0,0,0,0,25,0,0,0,0,0,0,0,0,0,0,0,0,0,0,0,0,0,0,0,0,0,0,0,0,0,0,0,0,0,0,0,0,0,0,0,0,0,0,0,5,0,0,0,0,3,0,0,0,0,0,0,0,0,0,0,0,0,0,0,0,0,0,0,0,0,0,0,0,4,0,0,0,0,0,0,0,0,0,0,0,0,0,0,0,0,0,0,0,0,0,0,4,1,0,0,0,0,0,0,0,0,0,0,0,1,0,0,0,0,0,0,0,0,0,0,0,0,0,0,0,0,0,0,2,0,0,0,0,0,2,0,0,0,0,0,0,0,1,0,0,0,0,0,0,0,0,0,0,1,6,0,0,0,0,0,0,0,0,0,0,1,0,0,0,0,0,0,0,0,0,0,0,0,0,0,0,0,0,0,0,0,0,0,0,0,0,0,0,0,0,0,0,0,0,0,0,0,1,0,0,0,0,0,0,0,0,0,0,0,6,0,0,0,0,0,0,0,0,0,1,0,0,2,0,0,0,0,0,0,0,0,0,0,0,0,0,0,0,0,0,0,0,0,0,0,0,11,0,0,0,0,0,1,0,0,0,0,0,0,0,0
2017-01-01,0,0,0,0,0,0,4,0,0,0,0,0,0,0,1,0,0,0,0,0,0,0,0,29,0,0,0,2,0,0,0,0,0,0,0,0,0,0,0,0,0,0,0,0,0,0,3,0,0,0,0,0,0,0,0,0,0,0,0,14,0,0,0,1,0,0,0,0,2,0,0,0,3,0,0,0,0,0,0,0,1,0,0,0,0,0,0,0,0,0,0,0,0,0,0,0,0,0,0,0,0,0,0,0,0,0,0,0,0,0,0,0,0,0,0,5,1,5,1,0,0,0,0,0,1,0,0,0,15,0,0,0,0,0,0,0,0,0,0,0,0,0,0,0,0,0,0,3,0,0,0,0,0,0,1,0,0,0,0,0,2,2,0,0,0,0,0,0,0,0,0,0,1,7,0,0,0,0,0,0,0,0,0,0,4,0,0,0,0,0,0,0,6,0,0,0,0,0,1,0,0,0,0,1,0,0,0,0,0,1,0,0,0,0,0,0,0,0,0,0,0,2,0,0,1,0,0,3,0,1,0,0,0,1,0,0,0,0,0,0,0,0,1,2,0,0,12,0,0,0,0,0,0,0,0,0,0,0,0,0,0,0,1,0,0,0,0,0,1,0,24,0,1,0,0,0,2,0,0,0,0,0,0,0,0
2017-01-08,0,0,0,0,0,0,1,0,0,0,0,0,0,1,0,0,0,0,0,0,0,0,0,26,0,0,0,2,0,1,0,0,0,0,3,0,1,0,0,0,0,0,0,0,1,0,2,0,0,0,0,0,0,0,0,0,0,0,0,11,0,0,0,5,0,0,0,0,6,0,0,0,4,0,0,0,0,0,0,0,4,0,0,0,3,0,0,0,0,0,0,0,0,1,1,1,0,0,0,0,0,0,0,0,0,0,0,0,2,0,0,0,0,0,0,13,3,5,1,0,0,1,0,0,0,0,0,0,22,0,0,0,0,0,0,0,0,0,0,0,0,0,0,0,0,0,0,6,0,0,0,0,0,0,1,0,0,0,0,2,1,2,0,0,0,0,0,0,0,0,0,0,0,3,0,0,0,0,0,0,0,0,0,0,1,0,0,0,0,0,0,0,12,0,0,0,0,0,2,0,0,0,0,2,0,0,1,0,0,0,0,1,0,0,0,0,0,0,0,0,0,1,0,1,1,0,0,2,3,0,0,0,0,4,0,4,2,0,0,0,0,0,4,0,0,0,15,0,0,0,0,1,0,0,0,0,0,0,0,0,0,0,0,0,0,0,0,0,0,0,19,0,8,0,0,3,0,0,0,0,0,0,0,0,0
2017-01-15,0,2,0,0,0,0,1,0,0,0,0,0,0,0,0,0,0,0,0,0,0,0,0,33,0,0,0,0,0,0,0,0,0,0,1,0,2,0,0,0,0,0,0,0,0,9,1,0,1,0,0,0,0,0,0,0,1,0,0,19,0,0,0,4,0,0,0,0,1,0,1,0,0,0,0,0,0,0,0,0,11,0,0,0,2,0,0,0,0,0,0,0,3,0,3,0,0,0,0,0,0,0,0,0,0,0,0,0,2,0,0,0,0,0,0,13,5,3,0,0,0,0,0,0,0,1,0,0,8,0,0,0,0,0,0,0,0,0,0,0,0,0,0,0,0,0,0,4,0,0,0,0,0,1,3,0,0,0,0,3,1,2,0,0,0,0,0,0,0,0,0,0,0,10,0,1,1,0,0,0,0,0,0,0,2,0,0,0,0,0,0,0,7,0,0,0,0,0,0,0,0,0,0,1,0,0,0,0,0,0,0,0,0,0,0,0,0,0,0,0,0,0,0,1,0,0,0,0,0,0,0,0,0,4,0,0,1,0,0,0,0,0,3,0,0,0,25,0,0,0,0,0,0,0,0,0,0,0,0,0,0,0,0,0,0,0,0,0,0,0,24,0,8,0,0,1,6,0,0,0,0,0,0,0,0
2017-01-22,0,0,0,0,0,0,0,0,0,0,0,0,0,0,0,0,0,0,0,0,0,0,0,39,0,2,0,3,0,0,0,0,0,1,2,0,0,0,0,0,0,0,0,0,2,3,7,0,2,0,0,0,0,0,0,0,12,0,0,6,0,0,0,1,0,0,0,0,1,0,0,0,2,0,0,0,0,0,0,0,4,0,0,0,0,0,0,0,0,0,0,0,2,0,3,0,0,0,0,0,0,0,0,0,0,0,0,0,1,0,0,0,0,0,0,16,6,5,1,0,0,5,0,0,0,1,0,0,3,0,0,0,0,0,0,0,0,0,0,0,0,0,0,0,0,0,0,3,0,0,0,0,0,0,0,0,0,0,0,7,0,3,0,0,0,0,0,0,0,0,0,0,1,7,0,0,1,0,0,0,0,0,0,0,2,0,0,0,0,0,0,0,9,0,0,0,0,0,0,0,0,0,0,0,0,0,0,0,0,0,0,0,0,0,0,0,0,0,0,0,0,1,0,0,1,0,0,3,0,1,0,2,0,9,0,3,2,0,0,0,0,0,4,2,0,0,29,0,0,0,0,0,0,0,0,0,0,0,0,0,0,0,1,0,0,0,0,0,0,0,25,2,16,0,0,2,0,0,0,0,0,0,0,0,0
2017-01-29,0,0,0,0,0,0,3,0,0,0,0,1,0,1,1,0,0,0,0,0,0,0,0,49,0,0,0,1,0,0,0,0,0,0,6,0,0,0,0,0,0,0,0,0,1,14,5,0,3,0,0,0,0,0,0,0,0,0,0,22,0,0,0,2,0,0,0,0,4,0,0,0,2,0,0,0,0,0,0,0,6,0,0,0,2,0,0,0,0,0,0,0,1,0,1,0,0,0,0,0,0,0,0,0,0,0,0,0,1,0,0,0,0,0,0,19,14,5,0,0,0,0,0,0,0,0,0,0,13,0,0,0,0,0,0,0,0,0,0,0,0,0,0,0,0,0,0,8,0,0,0,0,0,0,0,0,0,0,0,2,1,1,0,0,0,0,0,0,0,0,0,0,1,5,0,0,2,0,0,0,0,0,0,0,7,0,0,0,0,0,0,2,15,0,0,0,0,0,0,0,0,0,0,1,0,0,0,2,0,0,0,2,0,0,0,0,0,0,0,0,0,2,0,0,0,0,0,1,7,1,0,0,0,7,0,5,1,0,0,0,0,0,3,0,0,0,11,0,0,0,0,1,1,0,0,0,0,0,0,1,0,0,1,0,0,0,0,0,0,0,29,0,10,0,0,5,1,0,0,0,0,0,0,0,0
2017-02-05,0,0,0,0,0,0,2,0,0,0,0,0,0,0,0,0,0,0,0,0,0,0,0,35,0,0,0,1,0,0,0,1,0,0,4,0,2,0,0,0,0,0,0,0,2,0,17,0,2,0,0,0,0,0,0,0,1,0,0,13,0,0,0,3,0,0,0,0,1,0,0,0,1,0,0,0,0,0,0,0,9,0,0,0,3,0,0,0,0,0,0,0,1,1,1,0,0,0,0,0,0,0,0,0,1,0,0,0,3,0,0,0,0,0,0,11,3,4,1,1,0,0,0,0,0,1,0,0,13,0,0,0,0,0,0,0,0,0,0,0,0,0,0,0,0,0,0,7,0,0,0,0,0,0,0,0,1,0,0,6,0,2,0,0,0,0,0,0,0,0,0,0,0,0,0,0,2,0,0,0,0,0,0,0,1,0,0,0,0,0,0,1,16,0,0,0,0,0,0,0,0,0,0,0,0,0,0,0,0,0,0,1,0,0,0,0,0,0,0,0,0,6,0,0,0,0,1,0,2,3,0,2,0,13,0,5,4,0,0,0,0,0,9,0,0,0,6,0,0,0,0,0,0,0,0,0,0,0,0,0,1,0,0,0,0,0,0,0,0,0,20,0,24,0,0,1,7,0,0,0,0,0,0,0,0
2017-02-12,0,1,0,0,0,0,3,0,0,0,0,0,0,0,0,0,0,0,0,0,0,0,0,51,0,0,0,0,0,0,0,3,0,0,4,0,0,0,0,0,0,0,0,0,0,2,8,0,6,0,0,0,0,0,0,0,0,0,0,11,0,0,0,2,0,0,0,2,3,0,0,0,0,0,0,0,0,0,0,0,12,0,0,0,1,0,0,0,0,0,0,0,4,0,1,0,0,0,0,0,0,0,0,0,0,0,0,0,2,0,0,0,0,0,0,23,9,4,0,0,1,4,0,0,0,5,0,0,4,0,0,0,0,0,0,0,0,0,0,0,0,0,0,0,0,0,0,9,0,0,0,0,0,0,1,0,0,0,0,4,0,2,0,0,0,0,0,0,0,0,0,0,1,7,0,0,0,0,0,0,0,0,0,0,2,0,0,0,0,0,0,1,24,0,0,0,0,0,1,0,0,0,0,0,0,0,0,0,0,0,0,0,0,0,0,0,0,0,0,0,0,2,0,0,0,0,0,3,1,1,0,1,0,9,0,5,2,0,0,0,0,0,11,0,0,0,17,0,0,0,0,0,0,0,0,0,0,0,0,0,0,0,0,0,0,0,0,0,0,0,51,0,20,0,0,3,0,0,0,0,0,0,0,0,0
2017-02-19,0,0,0,0,0,0,4,0,0,0,0,0,0,0,0,0,0,0,0,0,0,0,0,46,0,2,0,0,0,0,0,0,0,3,2,0,0,0,0,0,0,0,0,0,2,5,7,0,4,0,0,0,0,0,0,1,1,0,0,7,0,0,1,5,0,0,0,0,2,0,0,0,4,0,0,0,0,0,0,0,18,0,0,0,1,1,1,0,0,0,0,1,1,1,3,1,0,0,0,0,0,0,0,0,0,0,0,0,0,1,0,0,0,0,0,20,10,4,0,0,0,0,0,0,0,1,0,1,8,0,0,0,0,0,0,0,0,0,0,0,0,0,0,0,0,0,0,6,0,0,0,0,0,0,2,0,0,0,0,8,0,1,0,0,0,0,0,0,0,0,0,1,3,5,0,0,2,0,0,0,0,0,0,0,3,0,0,0,0,0,0,4,21,0,0,0,0,0,2,0,0,0,0,0,0,0,0,0,0,0,0,1,0,0,0,0,0,0,0,0,2,2,0,1,1,0,0,0,3,0,0,0,0,11,0,2,1,0,0,0,0,0,4,1,0,0,37,0,0,0,0,1,0,0,0,0,0,0,0,1,0,0,2,0,0,0,0,0,0,0,26,0,22,0,0,1,0,0,0,0,0,0,0,0,0
2017-02-26,0,0,0,0,0,0,0,0,0,0,0,1,0,0,0,0,0,0,0,0,0,0,0,74,0,0,0,0,0,0,0,0,0,0,3,0,2,0,0,0,0,0,0,0,1,7,0,0,5,0,0,0,0,0,0,0,1,0,0,15,0,0,1,1,0,0,0,0,4,0,0,0,5,0,0,0,0,0,0,0,7,1,0,0,3,0,0,0,0,0,0,0,0,0,0,0,0,0,0,0,0,0,1,0,0,0,0,0,5,0,0,0,0,0,0,16,10,6,0,0,0,0,0,0,0,1,0,0,3,0,1,0,0,0,0,0,0,0,0,0,0,0,0,0,0,0,0,11,0,0,0,1,0,0,0,0,0,0,0,9,1,2,0,0,0,0,0,0,0,0,0,0,0,10,0,0,3,0,0,0,0,0,0,0,1,0,0,1,0,0,0,4,9,0,0,0,0,0,5,3,0,0,0,0,0,0,0,0,0,0,0,0,0,0,0,0,0,0,0,0,0,3,0,0,1,0,0,2,0,2,0,2,0,15,0,9,5,0,0,0,0,0,8,0,0,0,23,0,0,0,0,0,1,0,0,0,1,0,0,0,0,0,1,0,0,0,0,0,2,0,30,0,28,0,0,2,1,0,0,0,0,0,0,0,0
2017-03-05,0,0,0,0,0,0,0,0,0,0,0,1,0,0,0,0,0,0,0,0,0,0,0,55,0,1,0,3,0,1,0,0,0,0,6,0,0,1,0,0,0,0,0,0,1,8,13,0,4,1,0,0,0,0,0,2,0,0,0,16,0,0,0,4,0,0,0,0,11,0,0,0,3,0,0,0,0,0,0,0,12,1,0,0,2,0,0,0,0,0,0,0,4,2,1,0,0,0,0,2,0,0,0,0,0,0,0,0,1,0,0,0,1,0,0,11,18,2,0,0,0,0,0,0,0,0,0,0,9,0,0,0,0,0,0,0,0,0,0,0,0,0,0,0,0,0,0,14,0,0,0,0,0,1,0,0,0,0,0,9,0,2,0,0,0,0,0,0,0,0,0,0,1,5,0,0,3,0,0,0,0,0,0,0,1,0,0,0,0,0,0,3,22,0,0,0,0,0,1,3,0,0,0,0,0,0,0,1,0,0,0,0,0,0,0,0,0,0,0,0,0,3,0,3,0,0,1,1,2,0,0,14,0,5,0,6,2,0,0,0,0,0,7,2,0,1,30,0,0,0,0,0,0,0,0,0,0,0,0,0,0,0,1,0,0,0,1,0,0,0,41,0,19,0,0,3,1,0,0,0,0,0,0,0,0
2017-03-12,0,1,0,0,0,0,0,0,0,0,0,0,0,1,0,0,0,0,0,0,0,0,0,80,0,1,0,1,0,0,0,0,0,0,3,0,1,0,0,0,0,0,0,0,2,1,7,0,2,0,0,0,0,0,0,5,0,0,0,17,0,0,1,0,0,0,0,0,3,0,0,0,3,0,0,0,0,0,0,0,18,3,0,0,0,0,0,0,0,0,0,0,0,0,5,0,0,0,0,0,0,0,0,0,0,0,0,0,1,0,0,0,0,0,0,26,18,11,0,0,0,0,0,0,0,1,0,0,11,0,0,0,0,0,0,0,0,0,0,0,0,0,0,0,0,0,0,6,0,0,0,0,0,0,1,0,0,0,0,3,2,0,0,0,1,0,0,0,0,0,0,1,0,5,0,0,2,0,0,0,0,0,0,0,5,0,0,0,0,0,0,1,21,0,0,0,0,0,2,1,0,0,0,0,0,0,0,1,0,0,0,0,0,0,0,0,0,0,0,0,0,0,0,0,0,0,0,2,1,1,0,9,0,7,0,11,0,0,0,0,0,0,9,2,0,0,20,0,0,0,1,1,1,0,0,0,0,0,0,0,0,0,0,0,0,0,0,0,0,0,32,0,22,0,0,4,0,0,0,0,0,0,0,0,0
2017-03-19,0,0,0,0,0,0,0,0,0,0,0,0,0,0,0,0,0,0,0,0,0,0,0,54,0,1,0,0,0,0,0,0,0,0,5,0,0,1,0,0,0,0,0,0,1,1,16,0,5,0,0,0,0,0,0,3,6,0,0,27,0,0,0,2,0,0,0,0,4,0,0,1,0,0,0,0,0,0,0,0,12,0,0,0,1,0,0,0,0,0,0,0,0,1,1,0,0,0,0,0,0,0,0,0,1,0,0,5,5,0,0,0,0,0,0,29,19,1,0,0,0,1,0,0,0,0,0,1,8,0,0,0,0,0,0,0,0,0,0,0,0,0,0,0,0,0,0,8,0,0,0,0,0,0,3,0,0,0,0,6,0,2,0,0,0,0,0,0,0,0,0,1,3,5,0,0,4,0,0,0,0,0,0,0,1,0,0,0,0,0,0,3,40,0,0,0,0,0,0,0,0,0,0,0,0,0,0,0,0,0,0,0,0,0,0,0,0,0,0,0,0,2,0,0,0,0,0,0,1,1,0,2,0,8,0,11,1,0,0,0,0,0,13,0,0,0,19,0,0,0,1,0,1,0,0,0,0,0,0,0,0,0,1,0,0,0,0,0,0,0,37,0,28,0,0,3,5,0,0,0,0,0,0,0,0
2017-03-26,0,1,0,0,0,0,0,0,0,0,0,0,0,0,1,0,0,1,0,0,0,0,0,69,0,0,0,0,0,0,0,0,0,0,4,0,1,2,0,0,0,0,0,0,5,4,4,0,7,0,0,0,0,0,0,1,4,0,0,17,0,0,0,6,0,0,0,0,7,0,0,0,1,0,0,0,0,0,0,0,17,0,0,0,2,1,0,0,0,0,0,0,2,0,0,0,0,0,0,0,0,0,0,0,0,0,0,12,1,0,0,0,0,0,0,16,20,4,1,1,0,1,0,0,0,0,0,3,8,0,1,0,0,0,0,0,0,0,0,0,0,0,0,0,0,0,0,8,0,0,0,0,0,0,2,0,0,0,0,8,1,3,0,0,0,0,0,0,0,0,0,0,0,12,0,4,4,0,0,0,1,0,0,0,2,0,0,0,0,0,0,1,38,0,0,0,0,0,1,2,0,0,0,0,0,0,0,0,0,0,0,0,0,0,0,0,0,0,0,0,0,4,0,0,1,0,1,4,2,1,0,7,0,9,1,5,2,0,0,0,0,0,8,1,0,0,30,0,0,0,0,0,0,0,0,0,0,0,0,0,0,0,1,0,0,0,0,0,0,0,28,0,16,0,0,1,2,0,0,0,0,0,0,0,0
2017-04-02,0,1,0,0,0,0,4,0,0,0,0,0,0,0,0,0,0,0,0,0,0,0,0,61,0,0,0,4,0,0,0,0,0,0,4,0,1,1,0,0,0,0,0,0,3,2,3,0,0,0,0,0,0,0,0,2,3,0,0,9,0,0,1,4,0,0,0,0,5,0,0,0,1,0,0,0,0,0,0,0,15,0,0,0,1,0,0,0,0,0,0,0,3,0,6,0,0,0,0,0,0,0,0,0,0,0,0,6,0,0,0,0,0,0,0,10,12,22,0,2,0,1,0,0,0,0,0,1,12,0,2,0,0,0,0,0,0,0,0,0,0,0,0,0,0,0,0,3,0,0,0,0,0,0,0,0,0,0,0,6,15,2,0,0,0,0,0,0,0,0,0,0,0,5,0,0,2,0,0,0,0,0,0,0,0,0,0,0,0,0,0,2,10,0,0,0,0,0,2,4,0,0,0,0,0,0,0,0,0,0,0,0,0,0,0,0,0,0,0,0,0,0,0,0,0,0,0,0,0,1,0,6,0,3,0,7,5,0,0,0,0,0,5,0,0,0,25,0,0,0,0,1,0,0,0,0,0,0,0,0,1,0,4,0,0,0,0,0,0,0,30,0,18,0,0,8,4,0,0,0,0,0,0,0,0
2017-04-09,0,0,0,0,0,0,1,0,0,0,0,0,0,0,0,0,0,0,0,0,0,0,0,66,0,0,0,0,0,0,0,1,0,0,2,0,2,0,0,0,0,0,0,0,1,2,9,0,0,0,0,0,0,0,0,2,1,0,0,6,0,0,3,5,0,0,0,0,31,0,0,0,0,0,0,0,0,0,0,0,9,0,0,0,3,1,0,0,0,0,0,0,0,0,3,1,0,0,0,0,0,0,0,0,0,0,0,3,0,0,0,0,0,0,0,26,0,6,0,0,0,0,0,0,0,1,0,0,3,0,0,0,0,0,0,0,0,0,0,0,0,0,0,0,0,0,0,5,0,0,0,0,0,2,4,0,0,0,0,11,1,2,0,0,0,0,0,0,0,0,0,0,3,8,0,1,4,0,0,0,0,0,0,0,7,0,0,0,0,0,0,2,48,0,0,0,0,0,9,3,0,0,0,1,0,0,0,0,0,0,0,0,0,0,0,0,0,0,0,0,0,2,0,0,0,0,0,0,0,3,0,4,0,8,0,5,2,0,0,0,0,0,3,0,0,1,21,0,0,0,0,3,0,0,0,0,0,0,0,0,0,0,0,0,0,0,0,0,0,0,36,0,11,0,1,5,4,0,0,0,0,0,0,0,0
2017-04-16,0,0,0,1,0,0,0,0,0,0,0,0,0,0,0,0,0,0,0,0,0,0,0,64,0,0,0,1,0,0,0,0,0,0,0,0,1,8,0,0,0,0,0,0,2,0,14,0,3,0,0,0,0,0,0,0,0,0,0,16,0,0,0,6,2,0,0,0,3,0,0,0,0,0,0,0,0,0,0,0,17,0,0,0,1,0,0,0,0,0,0,0,2,1,9,0,0,0,0,0,0,0,1,0,0,0,0,6,11,0,0,0,0,0,0,19,9,5,0,0,0,0,0,0,0,4,0,0,7,0,0,0,0,0,0,0,0,0,0,0,0,0,0,0,0,0,0,12,0,0,0,0,0,0,1,0,0,0,0,6,3,1,0,0,1,0,0,0,0,0,0,0,2,13,0,7,2,0,0,0,0,0,0,0,0,0,0,4,0,0,0,7,23,0,0,0,0,0,1,8,0,0,0,0,0,0,0,1,0,0,0,0,0,0,0,0,0,0,0,0,0,19,0,0,14,0,0,15,0,1,0,1,0,1,0,8,1,0,0,0,0,0,9,0,0,1,14,0,0,0,0,1,0,0,0,0,0,0,0,0,2,0,1,0,0,0,0,0,0,0,34,0,78,0,0,4,0,0,0,0,0,0,0,0,0
2017-04-23,0,0,0,0,0,0,1,0,0,0,0,1,0,1,0,0,0,0,0,0,0,0,0,6,0,1,0,0,0,0,0,0,0,0,11,0,3,3,0,0,0,0,0,0,4,8,9,0,3,0,0,0,0,0,0,0,4,0,0,181,0,1,3,11,0,0,0,0,7,0,1,0,0,0,0,0,0,0,0,0,24,0,0,0,0,1,0,0,0,0,0,0,1,0,0,0,0,0,0,0,0,0,0,0,1,0,0,3,0,0,1,0,0,0,0,114,9,7,0,0,0,0,0,0,0,4,0,0,6,0,0,0,0,0,0,0,0,0,0,0,0,0,0,0,0,0,0,5,0,0,0,0,0,2,2,0,0,0,0,8,4,0,0,0,0,0,0,0,0,0,0,0,1,10,0,13,3,0,0,0,0,0,1,0,3,0,0,1,0,0,0,5,27,0,0,0,0,0,1,3,0,0,0,0,0,0,0,0,0,1,0,0,0,0,0,0,0,0,0,0,0,0,0,0,0,0,0,2,1,14,0,6,0,6,0,0,2,0,0,0,0,0,0,1,0,0,16,0,0,0,0,0,0,0,0,0,0,0,0,1,0,0,1,0,0,1,0,0,0,0,60,4,13,0,0,0,0,0,0,0,0,0,0,0,0
2017-04-30,0,0,0,0,0,0,0,0,0,0,1,0,0,0,0,0,0,0,0,0,0,0,0,46,0,2,0,0,0,0,0,1,0,0,2,0,0,6,0,0,0,0,0,0,1,0,9,0,0,0,0,0,0,0,0,0,0,0,0,8,0,1,3,0,0,0,0,0,3,0,0,0,0,0,0,0,0,0,0,0,18,0,0,0,0,0,0,1,1,0,0,0,0,0,1,0,0,0,0,0,0,0,0,0,0,0,0,0,2,0,1,0,0,0,0,6,12,2,0,0,0,0,0,0,0,1,0,0,6,0,0,0,0,0,0,0,0,0,0,0,0,0,0,0,0,0,0,5,0,0,0,0,0,0,0,0,0,0,0,9,0,1,0,0,0,0,0,0,0,0,0,0,0,6,0,0,3,0,0,0,0,0,0,0,9,0,1,0,0,0,0,5,11,0,0,0,1,0,0,0,0,0,0,1,0,0,0,0,0,0,0,0,0,0,0,0,0,0,0,0,0,0,0,0,0,0,1,1,0,0,0,0,0,3,0,0,0,0,0,0,0,0,1,1,0,0,11,0,0,0,0,0,0,0,0,0,0,0,0,0,0,0,0,0,0,0,0,0,0,0,16,0,6,0,0,0,7,0,0,0,0,0,0,0,0
2017-05-07,0,0,0,0,0,0,0,0,0,0,0,0,0,0,0,0,0,0,0,0,0,0,0,50,0,0,0,0,0,0,0,1,0,1,1,0,1,0,0,0,0,0,0,0,1,1,14,0,3,0,0,0,0,0,0,2,1,0,0,6,0,0,4,1,0,0,0,0,4,0,0,0,3,0,0,0,0,0,0,0,4,1,0,0,0,0,0,0,0,0,0,0,2,1,1,0,0,0,0,0,0,0,0,0,0,0,0,0,1,0,0,0,0,0,0,23,15,2,0,0,0,0,0,0,0,2,0,0,5,0,0,0,0,0,0,0,0,0,0,0,0,0,0,0,0,0,0,5,0,0,0,0,0,0,0,0,0,0,0,7,0,0,0,0,0,0,0,0,0,0,0,0,0,8,0,8,0,0,0,0,1,0,0,0,4,0,0,0,0,0,0,3,9,0,0,0,0,0,0,2,0,0,0,2,0,0,0,0,0,0,0,0,0,0,0,0,0,0,0,0,0,2,0,1,0,0,0,0,4,1,0,13,0,3,0,6,5,0,0,0,1,0,0,1,0,0,19,0,0,0,1,1,1,0,0,0,0,0,2,0,0,0,0,0,0,0,0,0,0,0,19,0,19,0,0,6,3,0,0,0,0,0,0,0,0
2017-05-14,0,0,0,0,0,0,0,0,0,0,0,0,0,1,0,0,0,0,0,0,0,0,0,36,0,0,0,1,0,0,0,0,0,0,1,0,1,0,0,0,0,0,0,0,1,0,1,0,0,0,0,0,0,0,0,0,0,0,0,3,0,3,2,1,0,0,0,0,6,0,0,0,0,0,0,0,0,0,0,0,4,0,0,0,0,0,0,0,0,0,0,0,1,0,1,0,0,0,0,0,0,0,0,0,0,0,0,0,2,0,1,0,0,0,0,24,12,4,0,1,0,0,0,0,0,2,0,1,6,0,0,0,0,0,0,0,0,0,0,0,0,0,0,0,0,0,0,9,0,0,0,0,0,2,0,0,0,0,0,5,1,0,0,0,0,0,0,0,0,0,0,0,0,6,0,3,2,0,0,0,0,0,0,0,3,0,0,0,0,0,0,1,1,0,0,0,0,0,0,2,0,0,0,2,0,0,0,0,0,0,0,0,0,0,0,0,0,0,0,0,0,0,0,0,0,0,0,2,0,0,0,0,0,2,0,1,0,0,0,0,0,0,0,0,0,0,17,0,0,0,1,0,0,0,0,0,0,0,0,0,0,0,2,0,0,1,0,0,0,0,17,0,17,0,0,3,2,0,0,0,0,0,0,0,0
2017-05-21,0,0,0,0,0,0,0,0,0,0,0,0,0,1,0,0,0,0,0,0,0,0,0,70,0,0,0,0,0,0,0,0,0,0,0,0,1,0,0,0,0,0,0,0,3,3,10,0,4,0,0,0,0,0,0,0,0,0,0,3,0,1,0,3,1,0,0,0,1,0,0,0,0,0,0,0,0,0,0,0,7,0,0,0,0,0,0,0,0,0,0,0,0,0,0,0,0,0,0,0,0,0,0,0,0,0,0,2,0,0,0,0,0,0,0,21,7,2,0,0,0,0,0,0,0,2,0,0,8,0,1,0,0,0,1,0,0,0,0,0,0,0,0,0,0,0,0,7,0,0,0,0,0,2,0,0,0,0,0,5,2,1,0,0,0,0,0,0,0,0,0,1,1,18,0,11,4,0,0,0,0,0,0,0,6,0,0,0,0,0,0,3,21,0,0,0,0,0,0,1,0,0,0,0,0,0,0,0,0,0,0,0,0,0,0,0,0,0,0,0,0,0,0,0,0,0,0,1,0,0,0,11,0,2,0,6,0,0,2,0,0,0,4,0,0,0,14,0,0,0,0,0,0,0,0,0,0,0,0,0,0,0,0,0,0,0,0,0,0,0,15,0,0,0,0,1,3,0,0,0,0,0,0,0,0
2017-05-28,0,0,0,0,0,0,0,0,0,0,0,0,0,0,0,0,0,0,0,0,0,0,0,50,0,0,0,1,0,0,0,0,0,0,0,0,3,0,0,0,0,0,0,0,2,0,11,0,0,0,0,0,0,0,0,1,0,0,0,3,0,0,3,1,2,0,0,0,2,0,0,0,0,0,0,0,0,0,0,0,3,0,0,0,0,0,0,1,0,0,0,0,0,0,3,0,0,0,0,0,0,0,0,0,0,0,0,0,2,0,0,0,0,0,0,21,11,3,0,0,0,0,0,0,0,1,0,0,4,0,0,0,0,0,0,0,0,0,0,0,0,0,0,0,0,0,0,4,0,0,0,0,0,2,2,0,0,0,0,9,0,2,0,0,0,0,0,0,0,0,0,1,1,6,0,3,1,0,0,0,0,0,0,0,0,0,0,0,0,0,0,3,1,0,0,0,0,0,0,0,0,0,0,0,0,0,0,0,0,0,0,0,0,0,0,0,0,0,0,0,0,1,0,1,0,0,0,1,0,1,0,0,0,7,0,5,1,0,0,0,0,0,1,0,0,0,6,0,0,0,0,1,0,0,0,0,0,0,0,0,0,0,1,0,0,0,0,0,0,0,21,0,3,0,0,1,1,0,0,0,0,0,0,0,0
2017-06-04,0,0,0,0,0,0,2,0,0,0,0,0,0,0,0,0,0,0,0,0,0,0,0,32,0,0,0,0,0,0,0,0,0,0,3,0,0,0,0,0,0,0,0,0,2,0,0,0,0,0,0,0,0,0,0,0,0,0,0,0,0,3,0,2,2,0,0,0,1,0,0,0,0,0,0,0,0,0,0,0,1,0,0,0,0,0,0,0,0,0,0,0,2,1,0,0,0,0,0,0,0,0,0,0,0,0,0,0,0,0,0,0,0,0,0,13,4,2,0,0,0,0,0,0,0,1,0,0,5,0,1,0,0,0,0,0,0,0,0,0,0,0,0,0,0,0,0,0,0,0,0,0,0,0,0,0,0,0,0,6,0,0,0,0,0,0,0,0,0,0,0,0,0,1,0,5,4,0,0,0,0,0,0,0,1,0,0,0,0,0,0,1,2,0,0,0,0,0,0,0,0,0,0,0,0,0,0,0,0,0,0,0,0,0,0,0,1,0,0,1,0,0,0,0,0,0,0,1,0,0,0,0,0,0,0,1,0,0,0,0,0,1,2,0,0,0,2,0,0,0,0,0,0,0,0,0,0,0,0,0,0,0,1,0,0,0,0,0,0,0,10,0,1,0,0,1,0,0,0,0,0,0,0,0,0
2017-06-11,0,0,0,0,0,0,0,0,0,0,0,0,0,0,0,0,0,0,0,0,0,0,0,34,0,0,0,0,0,0,0,0,0,0,1,0,0,0,0,0,0,0,0,0,0,0,8,0,2,0,0,0,0,0,0,0,0,0,0,0,0,0,0,1,0,0,0,1,2,0,0,0,0,0,0,0,0,0,0,0,7,0,0,0,2,0,0,0,0,0,0,0,0,0,0,0,0,0,0,0,0,0,0,0,1,0,0,3,0,0,0,0,0,0,0,16,3,1,1,0,0,0,0,0,0,0,0,0,0,0,0,0,0,0,0,0,0,0,0,0,0,0,0,0,0,0,0,0,0,0,0,0,0,0,0,0,0,0,0,4,0,1,0,0,0,0,0,0,0,0,0,0,0,6,0,11,2,0,0,0,0,0,0,0,0,0,0,0,0,0,0,1,1,0,0,0,0,0,0,2,0,0,0,0,0,0,0,0,0,0,0,0,0,0,0,0,0,0,0,0,0,0,0,0,0,0,0,1,1,0,0,1,0,3,0,0,4,0,0,0,0,0,0,0,0,0,2,0,0,0,0,0,0,0,0,0,0,0,0,0,0,0,0,0,0,0,0,0,0,0,4,0,1,0,0,4,2,0,0,0,0,0,0,0,0
2017-06-18,0,0,0,0,0,0,0,0,0,0,0,0,0,0,0,0,0,0,0,0,0,0,0,17,0,0,0,0,0,0,0,0,0,0,0,0,2,0,0,0,0,0,0,0,0,0,9,0,0,0,0,0,0,0,0,0,0,0,0,4,0,0,0,0,0,0,0,0,0,0,0,0,3,0,0,0,0,0,0,0,10,0,0,0,0,0,0,0,0,0,0,0,0,0,0,0,0,0,0,0,0,0,0,0,0,0,0,0,0,0,0,0,0,0,0,7,4,1,0,0,0,0,0,0,0,0,0,0,1,0,0,0,0,0,0,0,0,0,0,0,0,0,0,0,0,0,0,0,0,0,0,0,0,0,0,0,0,0,0,2,0,0,0,0,0,0,0,0,0,0,0,0,0,4,0,2,0,0,0,0,0,0,0,0,0,0,0,0,0,0,0,1,3,0,0,0,0,0,0,0,0,0,0,0,0,0,0,0,0,0,0,0,0,0,0,0,0,0,0,0,0,0,0,0,0,0,0,1,0,0,0,0,0,1,0,4,1,0,0,0,0,1,1,0,0,0,4,0,0,0,0,0,0,0,0,0,0,0,0,0,0,0,0,0,0,0,0,0,0,0,5,0,0,0,0,0,8,0,0,0,0,0,0,0,0
2017-06-25,0,0,0,0,0,0,0,0,0,0,0,0,0,0,0,0,0,0,0,0,0,0,0,20,0,0,0,0,0,0,0,0,0,0,0,0,0,0,0,0,0,0,0,0,1,0,2,0,0,0,0,0,0,0,0,0,0,0,0,5,0,0,1,2,0,0,0,0,0,0,0,0,1,0,0,0,0,0,0,0,14,0,0,0,0,0,0,0,0,0,0,0,0,0,0,0,0,0,0,0,0,0,0,0,0,0,0,0,0,0,0,0,0,0,0,11,2,0,0,0,0,0,0,0,0,1,0,0,5,0,0,0,0,0,0,0,0,0,0,0,0,0,0,0,0,0,0,0,0,0,0,0,0,0,0,0,0,0,0,4,0,1,0,0,0,0,0,0,0,0,0,0,0,0,0,1,0,0,0,0,0,0,0,0,0,0,0,0,0,0,0,2,2,0,0,0,0,0,0,1,0,0,0,0,0,0,0,0,0,0,0,0,0,0,0,0,0,0,1,0,0,0,0,0,0,0,0,0,0,0,0,0,0,3,0,6,0,0,0,0,0,0,0,0,0,0,3,0,0,0,0,0,0,0,0,0,0,0,0,0,0,0,1,0,0,0,0,0,0,0,2,0,3,0,0,0,0,0,0,0,0,0,0,0,0
2017-07-02,0,1,0,0,0,0,0,0,0,0,0,0,0,0,0,0,0,0,0,0,0,0,0,23,0,0,0,0,0,0,0,0,0,0,1,0,0,0,0,0,0,0,0,0,0,0,5,0,0,0,0,0,0,0,0,0,1,0,0,0,0,0,0,0,0,0,0,0,0,0,0,0,0,0,0,0,0,0,0,0,9,0,0,0,1,0,0,0,0,0,0,0,0,0,0,0,0,0,0,0,0,0,0,0,0,0,0,0,0,0,0,0,0,0,0,9,4,1,0,0,0,0,0,0,0,0,0,0,0,0,0,0,0,0,0,0,0,0,0,0,0,0,0,0,0,0,0,0,0,1,0,0,0,0,0,0,0,0,0,4,0,0,0,0,0,0,0,0,0,0,0,0,0,0,0,5,1,0,0,0,0,0,0,0,0,0,0,0,0,0,0,5,3,0,0,0,0,0,0,0,0,0,0,0,0,0,0,0,0,1,0,1,0,0,0,0,0,0,0,0,0,0,0,0,0,0,0,0,0,0,0,0,0,0,0,5,0,0,0,0,0,0,0,0,0,0,2,0,0,0,0,0,0,0,0,0,0,0,0,0,0,0,0,0,0,0,0,0,0,0,0,0,1,0,0,0,0,0,0,0,0,0,0,0,0
2017-07-09,0,0,0,0,0,0,0,0,0,0,0,0,0,2,0,0,0,0,0,0,0,0,0,20,0,0,0,0,0,0,0,0,0,0,0,0,0,0,0,0,0,0,0,0,0,0,7,0,0,0,0,0,0,0,0,0,1,0,0,0,0,0,0,0,0,0,0,1,1,0,0,1,0,0,0,0,0,0,0,0,14,0,0,0,0,0,0,0,0,0,0,0,0,0,0,0,0,0,0,0,0,0,0,0,1,0,0,0,2,0,0,0,0,0,0,7,3,0,0,0,0,0,0,0,0,0,0,0,5,0,0,0,0,0,0,0,0,0,0,0,0,0,0,0,0,0,0,2,0,0,0,0,0,0,0,0,0,0,0,5,1,0,0,0,0,0,0,0,0,0,0,1,0,1,0,3,0,0,0,0,0,0,0,0,0,0,1,0,0,0,0,1,0,0,0,0,0,0,0,0,0,0,0,0,0,0,0,0,0,0,0,0,0,0,0,0,0,0,0,0,0,0,0,0,0,0,0,0,0,0,0,0,0,0,0,3,1,0,0,0,0,0,0,0,0,0,0,0,0,0,0,1,0,0,0,0,0,0,0,0,0,0,0,0,0,0,0,0,0,0,0,0,2,0,0,0,0,0,0,0,0,0,0,0,0
2017-07-16,0,0,0,0,0,0,0,0,0,0,0,0,0,0,0,0,0,0,0,0,0,0,0,29,0,0,0,0,0,0,0,0,0,0,0,0,0,0,0,0,0,0,0,0,1,0,8,0,0,0,0,0,0,0,0,0,0,0,0,0,0,0,0,0,0,0,0,0,0,0,0,0,0,0,0,0,0,0,0,0,8,0,0,0,0,0,0,0,0,0,0,0,0,0,0,0,0,0,0,0,0,0,0,0,0,0,0,0,0,0,0,0,0,0,0,5,7,0,0,0,0,0,0,0,0,0,0,0,3,0,0,0,0,0,0,0,0,0,0,0,0,0,0,0,0,0,0,0,0,0,0,0,0,0,0,0,0,0,0,2,0,0,0,0,0,0,0,0,0,0,0,0,0,1,0,3,0,0,0,0,0,0,0,0,0,0,0,0,0,0,0,1,0,0,0,0,0,0,0,1,0,0,0,0,0,0,0,0,0,0,0,0,0,0,0,0,0,0,0,0,0,0,0,0,0,0,0,0,0,0,0,0,0,0,0,6,0,0,0,0,0,0,0,0,0,0,0,0,0,0,0,1,0,0,0,0,0,0,0,0,0,0,0,0,0,0,0,0,0,0,3,0,0,0,0,1,0,0,0,0,0,0,0,0,0
2017-07-23,0,0,0,0,0,0,0,0,0,0,0,0,0,0,0,0,0,0,0,0,0,0,0,11,0,0,0,0,0,0,0,0,0,0,0,0,1,0,0,0,0,0,0,0,0,0,6,0,0,0,0,0,0,0,0,0,0,0,0,0,0,0,0,0,0,0,0,0,0,0,0,0,0,0,0,0,0,0,0,0,7,0,0,0,0,0,0,0,0,0,0,0,0,0,0,0,0,0,0,0,0,0,0,0,0,0,0,0,0,0,0,0,0,0,0,6,3,0,0,0,0,0,0,0,0,0,0,0,0,0,0,0,0,0,0,0,0,0,0,0,0,0,0,0,0,0,0,0,0,0,0,0,0,0,0,0,0,0,0,1,0,0,0,0,0,0,0,0,0,0,0,0,0,0,0,0,0,0,0,0,0,0,0,0,0,0,0,0,0,0,0,1,0,0,0,0,0,0,0,0,0,0,0,0,0,0,0,0,0,0,0,0,0,0,0,0,0,0,0,0,0,0,0,0,0,0,0,0,1,0,0,0,0,0,0,3,1,0,0,0,0,0,0,0,0,0,0,0,0,0,0,0,0,0,0,0,0,0,0,0,0,0,0,0,0,0,0,0,0,0,0,0,1,0,0,0,0,0,0,0,0,0,0,0,0
2017-07-30,0,0,0,0,0,0,0,0,0,0,0,0,0,0,0,0,0,0,0,0,0,0,0,22,0,0,0,1,0,0,0,0,0,0,0,0,0,0,0,0,0,0,0,0,1,0,5,0,0,0,0,0,0,0,0,0,0,0,0,0,0,0,0,0,0,0,0,0,0,0,0,0,0,0,0,0,0,0,0,0,8,0,0,0,0,0,0,0,0,0,0,0,0,0,0,0,0,0,0,0,0,0,0,0,1,0,0,0,0,0,0,0,0,0,0,3,5,1,0,0,0,0,0,0,0,0,0,0,1,0,0,0,0,0,0,0,0,0,0,0,0,0,0,0,0,0,0,0,0,0,0,0,0,0,0,0,0,0,0,4,0,1,0,0,0,0,0,0,0,0,1,0,0,5,0,0,1,0,0,0,1,0,0,0,1,0,0,0,0,0,0,1,0,0,0,0,0,0,0,0,0,0,0,0,0,0,0,0,0,0,0,0,0,0,0,0,0,0,0,0,0,0,0,0,0,0,0,0,1,0,0,0,0,0,0,4,0,0,0,0,0,0,0,0,0,0,0,0,0,0,0,0,0,0,0,0,0,0,0,0,0,0,0,0,0,0,0,0,0,0,1,0,0,0,0,1,0,0,0,0,0,0,0,0,0
2017-08-06,0,0,0,0,0,0,0,0,0,0,0,0,0,0,0,0,0,0,0,0,0,0,0,21,0,0,0,0,0,0,0,0,0,0,1,0,0,0,0,0,0,0,0,0,0,0,8,0,0,0,0,0,0,0,0,0,0,0,0,2,0,0,0,0,0,0,0,0,0,0,0,0,0,0,0,0,0,0,0,0,13,0,0,0,0,0,0,0,0,0,0,0,0,0,1,0,0,0,0,0,0,0,0,0,0,0,0,0,0,0,0,0,0,0,0,2,6,0,0,0,0,0,0,0,0,0,0,0,3,0,0,0,0,0,0,0,0,0,0,0,0,0,0,0,0,0,0,1,0,0,0,0,0,0,0,0,0,0,0,2,1,0,0,0,0,0,0,0,0,0,0,0,0,0,0,0,1,0,0,0,0,0,0,0,0,0,0,0,0,0,0,4,0,0,0,0,0,0,0,1,0,0,0,0,0,0,0,0,0,0,0,0,0,0,0,0,0,0,0,0,0,0,0,0,0,0,0,0,0,0,0,0,0,0,0,1,2,0,0,0,0,0,0,0,0,0,0,0,0,0,0,0,0,0,0,0,0,0,0,0,0,0,0,0,0,0,0,0,0,0,1,0,0,0,0,1,0,0,0,0,0,0,0,0,0
2017-08-13,0,0,0,0,0,0,0,0,0,0,0,0,0,0,0,0,0,0,0,0,0,0,0,18,0,0,0,0,0,0,0,0,0,1,1,0,0,0,0,0,0,0,0,0,0,0,4,0,0,0,0,0,0,0,0,0,0,0,0,2,0,2,0,0,0,0,0,0,0,0,0,0,0,0,0,0,0,0,0,0,12,0,0,0,0,0,0,0,0,0,0,0,2,0,0,0,0,0,0,0,0,0,0,0,0,0,0,0,0,0,0,0,0,0,0,4,3,3,0,0,0,0,0,0,0,0,0,0,0,0,0,0,0,0,0,0,0,0,0,0,0,0,0,0,0,0,0,1,0,0,0,0,0,0,1,0,0,0,0,1,0,0,0,0,0,0,0,0,0,0,0,0,0,1,0,0,0,0,0,0,0,0,0,0,0,0,0,0,0,0,0,0,0,0,0,0,0,0,0,0,0,0,0,0,0,0,0,0,0,0,0,0,0,0,0,0,0,0,0,0,0,3,0,0,0,0,0,1,0,0,0,0,0,0,0,3,1,0,0,0,0,0,0,0,0,0,0,0,0,0,0,0,0,0,0,0,0,0,0,0,0,0,1,0,0,0,0,0,0,0,4,0,0,0,0,0,1,0,0,0,0,0,0,0,0
2017-08-20,0,0,0,0,0,0,0,0,0,0,0,0,0,0,0,0,0,0,0,0,0,0,0,14,0,0,0,0,0,0,0,0,0,0,1,0,2,0,0,1,0,0,0,0,1,0,4,0,0,0,0,0,0,0,0,0,0,0,0,1,0,2,0,0,0,0,0,0,2,0,0,0,0,0,0,0,0,0,0,0,2,0,0,0,0,0,0,0,0,0,0,0,0,0,1,0,0,0,0,0,0,0,0,0,0,0,0,0,0,0,0,0,0,0,0,4,6,1,0,0,0,0,0,0,0,0,0,0,2,0,0,0,0,0,0,0,0,0,0,0,0,0,0,0,0,0,0,2,0,0,0,0,0,0,1,0,0,0,0,2,0,0,0,0,0,0,0,0,0,0,0,0,0,2,0,3,0,0,0,0,0,0,0,0,0,0,0,0,0,0,0,0,0,0,0,0,0,0,0,0,0,0,0,0,0,0,0,0,0,0,0,0,0,0,0,0,0,0,0,0,0,0,0,0,0,0,0,1,2,0,0,0,0,0,0,0,2,0,0,0,0,0,0,0,0,0,0,0,0,0,0,0,0,0,0,0,0,0,0,0,0,0,0,0,0,0,0,0,0,0,3,0,0,0,0,0,0,0,0,0,0,0,0,0,0
2017-08-27,0,0,0,0,0,0,0,0,0,0,0,0,0,0,0,0,0,0,0,0,0,0,0,12,0,0,0,0,0,0,0,0,0,0,1,0,0,0,0,0,0,0,0,0,0,0,3,0,0,0,0,0,0,0,0,0,0,0,0,1,0,0,0,3,0,0,0,0,0,0,0,0,0,0,0,0,0,0,0,0,5,0,0,0,0,0,0,0,0,0,0,0,2,0,2,0,0,0,0,0,0,0,0,0,0,0,0,1,3,0,0,0,0,0,0,5,3,0,0,0,0,0,0,0,0,1,0,0,2,0,0,0,0,0,0,0,0,0,0,0,0,0,0,0,0,0,0,5,0,0,0,0,0,0,0,0,0,0,0,1,0,0,0,0,0,0,0,0,0,0,0,0,0,2,0,3,0,0,0,0,0,0,0,0,1,0,0,0,0,0,0,1,1,0,0,0,0,0,0,0,0,0,0,0,0,0,0,0,0,0,0,0,0,0,0,0,0,0,0,0,0,0,0,0,0,0,0,0,0,1,0,0,0,0,0,2,0,0,0,0,0,0,1,0,0,0,0,0,0,0,0,0,0,0,0,0,0,0,0,0,0,0,0,0,0,0,0,0,0,0,4,0,0,0,0,0,0,0,0,0,0,0,0,0,0
2017-09-03,0,0,0,0,0,0,0,0,0,0,0,0,0,1,0,0,0,0,0,0,0,0,0,11,0,0,0,0,0,0,0,0,0,0,0,0,0,0,0,0,0,0,0,0,0,1,1,0,0,0,0,0,0,0,0,1,0,0,0,0,0,0,0,2,0,0,0,2,0,0,0,0,1,0,0,0,0,0,0,0,7,0,0,0,0,0,0,0,0,0,0,0,0,0,0,0,0,0,0,0,0,0,0,0,0,0,0,0,0,0,0,0,0,0,0,3,2,2,0,0,0,0,0,0,0,0,0,0,0,0,0,0,0,0,0,0,0,0,0,0,0,0,0,0,0,0,0,0,0,0,0,0,0,1,1,0,0,0,0,2,0,0,0,0,0,0,0,0,0,0,0,0,1,4,0,6,0,0,0,0,0,0,0,0,2,0,0,0,0,0,0,0,0,0,0,0,0,0,0,0,0,0,0,0,0,0,0,0,0,0,0,0,0,0,0,0,0,0,0,0,0,1,0,0,0,0,0,0,0,0,0,0,0,0,0,0,1,0,0,0,0,0,1,0,0,0,0,0,0,0,0,0,0,0,0,0,0,0,0,0,0,0,1,0,0,0,0,0,0,0,12,0,0,0,0,1,2,0,0,0,0,0,0,0,0
2017-09-10,0,3,0,0,0,0,0,0,0,0,0,0,0,0,0,0,0,0,0,0,0,0,0,21,0,0,0,0,0,0,0,0,0,0,0,0,1,0,0,0,0,0,0,0,2,0,3,0,0,0,0,0,0,0,0,0,0,0,0,0,0,0,0,0,0,0,0,3,1,0,0,0,0,0,0,0,0,0,0,0,7,0,0,0,0,0,0,0,0,0,0,0,1,0,1,0,0,0,0,0,0,0,0,0,0,0,0,0,0,0,1,0,0,0,0,9,3,1,0,0,0,0,0,0,0,0,0,0,2,0,0,0,0,0,0,0,0,0,0,0,0,0,0,0,0,0,0,2,0,0,0,0,0,1,0,0,0,0,0,1,1,0,0,0,0,0,0,0,0,0,0,0,1,5,0,0,0,0,0,0,0,0,0,0,1,0,0,0,0,0,0,0,1,0,0,0,0,0,1,1,0,0,0,0,0,0,0,0,0,0,0,0,0,0,0,0,0,0,0,0,0,1,0,0,1,0,0,0,0,0,0,0,0,1,0,3,2,0,0,0,0,0,1,0,0,0,4,0,0,0,0,0,0,0,0,0,0,0,0,0,0,0,1,0,0,0,0,0,0,0,9,0,2,0,0,1,1,0,0,0,0,0,0,0,0
2017-09-17,0,0,0,0,0,0,0,0,0,0,0,0,0,1,0,0,0,0,0,0,0,0,0,41,0,0,0,0,0,0,0,0,0,0,0,0,3,0,0,0,0,0,0,0,0,1,13,0,0,0,0,0,0,0,0,0,0,1,0,0,0,0,0,1,0,0,0,1,4,0,0,1,0,0,0,0,0,0,0,0,14,0,0,0,0,0,0,0,0,0,0,0,2,0,2,0,0,0,0,0,0,0,0,0,0,0,0,2,0,0,0,0,0,0,0,12,6,3,0,0,0,1,0,0,0,0,0,0,1,0,0,0,0,0,0,0,0,0,0,0,0,0,0,0,0,0,0,4,0,0,0,0,0,1,0,0,0,0,0,1,0,2,0,0,0,0,0,0,0,0,0,0,0,6,0,4,1,0,0,0,0,0,0,0,2,0,0,0,0,0,0,0,0,0,0,0,0,0,0,3,0,0,0,0,0,0,0,0,0,0,0,4,0,0,0,0,0,0,0,0,0,0,0,1,0,0,0,0,0,0,0,0,0,4,0,8,0,0,0,0,0,0,3,0,0,0,3,0,0,0,0,0,0,0,0,0,0,0,0,0,0,0,3,0,0,0,0,0,0,0,13,0,2,0,0,4,1,0,0,0,0,0,0,0,0
2017-09-24,0,0,0,0,0,0,0,0,0,0,0,0,0,0,0,0,0,0,0,0,0,0,0,38,0,0,0,0,0,0,0,1,0,0,1,0,3,0,0,0,0,0,0,0,0,0,9,0,0,0,0,0,0,0,0,3,0,0,0,4,0,0,0,1,0,0,0,0,1,0,0,0,2,0,0,0,0,0,0,0,8,0,0,0,0,0,0,0,0,0,0,0,1,0,0,0,0,0,0,0,0,0,0,0,0,0,0,0,0,0,0,0,0,0,0,10,5,1,0,0,0,0,0,0,0,2,0,0,0,0,0,0,0,0,0,0,0,0,0,0,0,0,0,0,0,0,0,7,0,0,0,0,0,1,0,0,0,0,0,6,2,0,0,0,0,0,0,0,1,0,0,0,0,3,0,1,0,0,0,0,0,0,0,0,0,0,0,1,0,0,0,4,0,0,0,0,0,0,0,2,0,0,0,0,0,0,0,0,0,0,0,0,0,0,0,0,0,0,0,0,0,2,0,0,1,0,0,0,0,0,0,0,0,5,0,2,1,0,0,0,0,0,1,0,0,0,0,0,0,0,0,0,0,0,0,0,0,0,0,0,0,0,0,0,0,0,0,0,0,0,13,0,3,0,0,2,0,0,0,0,0,0,0,0,0
2017-10-01,0,0,0,0,0,0,0,0,0,0,0,0,0,0,0,0,0,0,0,0,0,0,0,38,0,0,0,0,0,0,0,0,0,0,2,0,0,0,0,0,0,0,0,0,3,0,15,0,3,0,0,0,0,0,0,0,0,0,0,1,0,1,0,3,0,0,0,0,0,0,0,0,0,0,0,0,0,0,0,0,9,1,0,0,0,0,0,1,0,0,0,0,1,0,2,0,0,0,0,0,0,0,0,0,0,0,0,0,0,0,0,0,0,0,0,10,6,0,0,0,0,0,0,0,0,0,0,0,7,0,0,0,0,0,0,0,0,0,0,0,0,0,0,0,0,0,0,2,0,0,0,0,0,0,0,0,0,0,0,7,0,2,0,0,0,0,0,0,0,0,0,2,0,3,0,0,0,0,0,0,0,0,0,0,0,0,3,0,0,0,0,1,0,0,0,0,0,0,0,3,0,0,0,0,0,0,0,0,0,0,0,0,0,0,0,0,0,0,0,0,0,0,0,0,0,0,0,0,1,0,0,0,0,3,0,7,1,0,0,0,0,0,2,0,0,0,3,0,0,0,0,0,0,0,0,0,0,0,0,0,0,0,0,0,0,0,0,0,0,0,16,0,0,0,0,1,0,0,0,0,0,0,0,0,0
2017-10-08,0,0,0,0,0,0,0,0,0,0,0,0,0,0,0,0,0,0,0,0,0,0,0,9,0,0,0,0,0,0,0,0,0,0,1,0,0,0,0,0,0,0,0,0,0,0,4,0,0,0,0,0,0,0,0,0,0,0,0,2,0,0,1,3,0,0,0,0,1,0,0,0,0,0,0,0,0,0,0,0,11,0,0,0,2,0,0,1,0,0,0,0,0,0,0,0,0,0,0,0,0,0,0,0,0,0,0,1,0,0,0,0,0,0,0,7,4,0,0,0,0,0,0,0,0,0,0,0,1,0,0,0,0,0,0,0,0,0,0,0,0,0,0,0,0,0,0,1,0,0,0,0,0,1,0,0,0,0,0,3,0,2,0,0,0,0,0,0,0,0,0,0,0,2,0,1,0,0,0,0,0,0,0,0,3,0,0,0,0,0,0,1,0,0,0,0,0,0,0,2,0,0,0,0,0,0,0,0,0,0,0,0,0,0,0,0,0,0,0,0,0,2,0,0,0,0,0,0,0,0,0,0,0,0,0,1,0,0,0,0,0,0,2,0,0,0,4,0,0,0,0,0,0,0,0,0,0,0,0,0,0,0,1,0,0,0,0,0,0,0,10,0,0,0,0,0,0,0,0,0,0,0,0,0,0
2017-10-15,0,1,0,0,0,0,0,0,0,0,0,0,0,0,0,0,0,0,0,0,0,0,0,10,0,0,0,0,0,0,0,3,0,0,1,0,0,0,0,0,0,0,0,0,0,1,6,0,0,0,0,0,0,0,0,0,0,1,0,11,0,2,0,0,0,0,0,0,9,0,0,0,0,0,0,0,0,0,0,0,1,0,0,0,0,0,0,0,0,0,0,0,0,0,0,0,0,0,0,0,0,0,0,0,0,0,0,0,3,0,0,0,0,0,0,12,5,1,0,0,0,0,0,0,0,0,0,0,3,0,0,0,0,0,0,0,0,0,0,0,0,0,0,0,0,0,0,5,0,0,0,0,0,0,1,0,0,0,0,0,3,0,0,0,1,0,0,0,0,0,0,0,0,12,0,2,0,0,0,0,0,0,0,0,2,0,0,0,0,0,0,2,0,0,0,0,0,0,0,1,0,0,0,0,0,0,0,0,0,0,0,0,0,0,0,0,0,0,0,0,0,4,0,3,0,0,0,3,0,0,0,0,0,4,0,4,2,0,0,0,0,0,1,0,0,0,2,0,0,0,0,0,0,0,0,0,0,0,0,0,0,0,0,0,0,0,0,0,0,0,8,0,0,0,0,2,3,0,0,0,0,0,0,0,0
2017-10-22,0,0,0,0,0,0,0,0,0,0,0,0,0,0,0,0,0,0,0,0,0,0,0,10,0,0,0,0,0,0,0,0,0,0,0,0,0,0,0,0,0,0,0,0,0,0,10,0,0,0,0,0,0,0,0,0,0,0,0,7,0,0,1,2,0,0,0,0,2,0,0,0,0,0,0,0,0,0,0,0,6,0,0,0,0,0,0,0,0,0,0,0,0,0,3,0,0,0,0,1,0,0,0,0,0,0,0,0,0,0,0,0,0,0,0,4,7,3,0,0,0,0,0,0,0,0,0,0,5,0,0,0,0,0,0,0,0,0,0,0,0,0,0,0,0,0,0,4,0,0,0,0,0,0,2,0,0,0,0,3,1,0,0,0,0,0,0,0,0,0,0,0,0,10,0,1,1,0,0,0,0,0,0,0,3,0,1,0,0,0,0,0,0,0,0,0,0,0,0,2,0,0,0,0,0,0,0,0,0,0,0,0,0,0,0,0,0,0,0,0,0,0,0,0,0,0,0,1,0,0,0,0,0,2,0,5,3,0,0,0,0,0,3,0,0,0,6,0,0,0,0,0,0,0,0,0,0,0,0,0,0,0,0,0,0,0,0,0,0,0,7,1,6,0,0,3,1,0,0,0,0,0,0,0,0
2017-10-29,0,0,0,0,0,0,0,0,0,0,0,0,0,0,0,0,0,0,0,0,0,0,0,12,0,0,0,0,0,1,0,0,0,2,0,0,0,0,0,0,0,0,0,0,0,0,15,0,0,0,0,0,0,0,0,0,0,0,0,2,0,0,0,2,0,0,0,0,1,0,0,0,0,0,0,0,0,0,0,0,15,0,0,0,0,0,0,0,0,0,0,0,0,0,2,0,0,0,0,0,0,0,0,0,0,0,0,0,1,0,0,0,0,0,0,20,4,1,0,0,0,0,0,0,0,1,0,0,3,0,0,0,0,0,0,0,0,0,0,0,0,0,0,0,0,0,0,0,0,0,0,0,0,0,1,0,0,0,0,4,2,0,1,0,0,0,0,0,0,0,0,0,0,0,0,2,0,0,0,0,0,0,0,0,1,0,0,0,0,0,0,4,0,0,0,0,0,0,0,0,0,0,0,0,0,0,0,0,0,0,0,0,0,0,0,0,0,0,0,0,0,3,0,0,0,0,0,1,0,0,0,0,0,2,0,6,0,0,0,0,0,0,3,0,0,0,3,0,0,0,0,0,0,0,0,0,0,0,0,0,0,0,0,0,0,0,0,0,0,0,7,0,4,0,0,0,2,0,0,0,0,0,0,0,0
2017-11-05,0,0,0,0,0,1,2,0,0,0,0,0,0,0,0,0,0,0,0,0,0,0,0,27,0,0,0,5,0,0,0,0,0,0,1,0,0,0,0,0,0,0,0,0,0,1,18,0,1,0,0,0,0,0,0,1,0,0,0,97,0,0,0,3,1,0,0,3,1,0,0,4,0,0,0,0,0,0,0,0,6,0,0,0,15,0,0,0,0,0,0,0,0,0,9,0,0,0,0,0,0,0,0,0,0,0,0,1,1,0,0,0,0,0,0,11,4,14,0,0,0,0,0,0,0,0,0,0,9,0,0,0,0,0,0,0,0,0,0,0,0,0,0,0,0,0,0,8,0,0,0,0,0,0,0,0,0,0,0,2,6,0,0,0,0,0,0,0,0,0,0,0,0,10,0,6,0,0,0,0,0,0,0,0,4,0,1,2,0,0,0,0,0,0,0,0,0,0,3,2,0,0,0,0,0,0,0,0,0,0,0,0,0,0,0,0,0,0,0,0,0,0,0,0,0,0,0,1,0,9,0,0,0,5,0,14,1,0,0,0,0,0,2,0,0,0,11,0,0,0,0,0,0,0,0,0,0,0,0,0,0,0,6,0,0,0,0,0,0,0,7,1,3,0,0,2,0,0,0,0,0,0,0,0,0
2017-11-12,0,0,0,0,0,0,1,0,0,0,0,0,0,0,0,0,0,0,0,0,0,0,0,3,0,0,0,2,0,1,0,0,0,0,0,0,1,0,0,0,0,0,0,0,2,0,0,0,0,0,0,0,0,0,0,0,0,0,0,0,0,0,0,3,0,0,0,0,8,0,0,0,1,0,0,0,0,0,0,0,10,0,0,0,0,0,0,1,0,0,0,0,1,0,7,0,0,0,0,0,0,0,0,0,0,0,0,1,0,0,0,0,0,0,0,15,0,0,0,0,0,0,0,0,0,2,0,0,3,0,0,0,0,0,0,0,0,0,0,0,0,0,0,0,0,0,0,0,0,0,0,0,0,3,3,0,0,0,0,0,1,0,0,0,0,0,0,0,0,0,0,0,1,1,0,8,0,0,0,0,0,0,0,0,3,0,0,2,0,0,0,2,1,0,0,0,0,0,0,2,0,0,0,0,0,0,0,0,0,0,0,0,0,0,0,0,0,0,0,0,0,3,0,1,0,0,0,2,0,2,0,0,0,3,0,6,4,0,0,0,0,0,0,1,0,0,15,0,0,0,0,0,0,0,0,0,0,0,0,0,0,0,0,0,0,0,0,0,0,0,6,0,12,0,0,4,1,0,0,0,0,0,0,0,0
2017-11-19,0,0,0,0,0,0,0,0,0,0,0,0,0,0,0,0,0,0,0,0,0,0,0,32,0,0,0,1,0,0,0,0,0,0,4,0,0,0,0,0,0,0,0,0,4,11,1,0,0,0,0,0,0,0,0,0,0,0,0,4,0,2,3,2,0,0,0,1,3,0,0,0,4,0,0,0,0,0,0,0,11,0,0,0,0,0,0,0,0,0,0,0,2,0,2,2,0,0,0,0,0,0,0,0,0,0,0,0,7,0,0,0,0,0,0,10,9,3,0,0,0,0,0,0,0,0,0,0,4,0,0,0,0,0,0,0,0,0,0,0,0,0,0,0,0,0,0,7,0,0,0,0,0,0,1,0,0,0,0,0,1,0,0,0,5,0,0,0,0,0,0,0,2,2,0,1,0,0,0,0,0,0,0,0,0,0,0,0,0,0,0,6,1,0,0,0,0,0,0,10,0,0,0,0,0,0,0,0,0,0,0,0,0,0,0,0,0,0,0,0,0,2,0,0,6,0,0,0,0,0,0,9,0,23,0,1,2,0,0,0,1,0,2,1,0,0,33,0,0,0,0,0,0,0,0,0,0,0,0,0,0,0,1,0,0,0,0,0,0,0,14,0,9,0,0,13,0,0,0,0,0,0,0,0,0
2017-11-26,0,0,0,0,0,0,0,0,0,0,0,0,0,0,0,0,0,0,0,0,0,0,0,20,0,0,0,1,0,0,0,2,0,0,0,0,3,0,0,0,0,0,0,0,0,2,16,0,1,0,0,0,0,0,0,0,10,0,0,8,0,0,0,8,0,0,0,0,3,0,0,0,2,0,0,0,0,0,0,0,14,0,1,0,1,0,0,1,0,0,0,0,2,0,1,0,0,0,0,0,0,0,0,0,0,0,0,0,2,0,0,0,0,0,0,86,5,3,0,0,0,1,0,0,0,0,0,0,10,0,2,0,0,0,0,0,0,0,0,0,0,0,0,0,0,0,0,6,0,0,0,0,0,3,0,0,0,0,0,1,1,0,0,0,0,0,0,0,0,0,0,0,0,4,0,5,0,0,0,0,0,0,0,0,5,0,0,0,0,0,0,0,2,0,0,0,0,0,2,1,0,0,0,0,0,0,0,0,0,0,0,0,0,0,0,0,0,0,0,0,0,6,0,0,0,0,0,1,0,1,0,1,0,3,0,2,3,0,0,0,0,0,1,0,0,0,16,0,0,0,0,0,0,0,0,0,0,0,0,0,0,0,0,0,0,0,0,0,0,0,8,0,10,0,0,2,6,0,0,0,0,0,0,0,0
2017-12-03,0,0,0,0,0,0,0,0,0,0,0,0,0,0,0,0,0,0,0,0,0,0,0,25,0,0,0,1,0,0,0,0,0,1,2,0,1,0,0,0,0,0,0,0,1,1,12,0,1,0,0,0,0,0,0,0,0,0,0,8,0,0,1,0,0,0,0,1,9,0,0,0,0,0,0,0,0,0,0,0,6,0,0,0,0,0,0,0,0,0,0,0,0,0,3,0,0,0,0,0,0,0,0,0,0,0,0,0,0,0,0,0,0,0,0,4,17,5,0,0,0,0,0,0,0,0,0,0,6,0,0,0,0,0,0,0,0,0,0,0,0,0,0,0,0,0,0,5,0,0,0,0,0,1,0,0,0,0,0,5,1,0,0,0,0,0,0,0,0,0,0,0,1,2,0,0,0,0,0,0,0,0,0,0,4,0,0,0,0,0,0,1,1,0,0,0,0,0,1,0,0,0,0,0,0,0,0,0,0,0,0,0,0,0,0,0,0,0,0,0,0,1,0,0,0,0,0,1,0,0,0,2,0,3,0,12,1,0,0,0,1,0,6,2,0,0,6,0,0,0,0,0,0,0,0,0,0,0,0,0,0,0,1,0,0,0,0,0,0,0,4,0,8,0,0,2,1,0,0,0,0,0,0,0,0
2017-12-10,0,0,0,0,0,0,0,0,0,0,0,0,0,0,0,0,0,0,0,0,0,0,0,25,0,0,0,0,0,1,0,0,0,0,6,0,3,0,0,0,0,0,0,0,1,0,19,0,0,0,0,0,0,0,0,1,0,0,0,6,0,0,0,1,0,0,0,0,4,0,0,2,0,0,0,0,0,0,0,0,10,0,0,0,0,0,0,0,0,0,0,0,2,0,4,0,0,0,0,0,0,0,0,0,0,0,0,1,0,0,0,0,0,0,0,12,14,7,0,0,0,0,0,0,0,0,0,0,12,0,0,0,0,0,0,0,0,0,0,0,0,0,0,0,0,0,0,8,0,0,0,0,0,2,7,0,0,0,0,2,2,0,0,0,0,0,0,0,0,0,0,0,0,13,0,6,0,0,0,0,0,0,0,0,1,0,0,0,0,0,0,3,1,0,0,0,0,0,1,0,0,0,0,0,0,0,0,0,0,0,0,0,0,0,0,0,0,0,1,0,0,0,0,0,1,0,0,2,0,0,0,4,0,8,0,9,0,0,0,0,0,0,4,0,0,0,13,0,0,0,0,0,0,0,0,0,0,0,0,0,0,0,1,0,0,0,0,0,0,0,8,0,9,0,0,2,0,0,0,0,0,0,0,0,0
2017-12-17,0,0,0,0,0,0,1,0,0,0,0,0,0,0,0,0,0,0,0,0,0,0,0,28,0,0,0,0,0,0,0,0,0,0,1,0,2,0,0,0,0,0,0,0,3,1,16,0,1,0,0,0,0,0,0,0,0,0,0,6,0,0,0,1,0,0,0,0,1,0,0,0,0,0,0,0,0,0,0,0,1,0,0,0,0,0,0,0,0,0,0,0,1,1,1,1,0,0,0,0,0,0,0,0,0,0,0,0,0,0,4,0,1,0,0,16,11,4,0,1,0,0,0,0,0,1,0,0,10,0,0,0,0,0,0,0,0,0,0,0,0,0,0,0,0,0,0,4,0,0,0,0,0,0,1,0,0,0,0,6,4,0,1,0,0,0,0,0,0,0,0,0,0,9,0,1,1,0,0,0,1,0,0,0,1,0,0,0,0,0,0,4,2,0,0,0,0,0,1,0,0,0,0,1,0,0,0,0,0,0,0,2,0,0,0,0,0,0,0,0,0,3,0,0,0,0,0,0,0,1,0,4,0,4,0,13,2,0,0,0,0,0,0,0,0,0,27,0,0,0,0,0,0,0,0,0,0,0,0,0,0,0,2,0,0,0,0,0,0,0,18,0,13,0,0,3,0,0,0,0,0,0,0,0,0
2017-12-24,0,0,0,0,0,0,0,0,0,0,0,0,0,0,0,0,0,0,0,0,0,0,0,32,0,1,0,0,0,0,0,0,0,0,1,0,2,0,0,0,0,0,0,0,6,0,11,0,0,0,0,0,0,0,0,1,0,0,0,0,0,0,0,3,0,0,0,0,4,0,0,0,0,0,0,0,0,0,0,0,6,1,0,0,0,0,0,0,1,0,0,0,2,1,7,0,0,0,0,0,0,0,0,0,0,0,0,3,0,0,0,0,0,0,0,18,12,4,0,0,0,0,0,0,0,0,0,0,7,0,0,0,0,0,0,0,0,0,0,0,0,0,0,0,0,0,0,12,0,0,0,0,0,0,2,0,0,0,0,0,4,1,0,0,0,0,0,0,0,0,0,0,1,8,0,0,1,0,0,0,0,0,0,0,0,0,0,1,0,0,0,2,7,0,0,0,1,0,1,0,0,0,0,0,0,0,0,0,0,0,0,0,0,0,0,0,0,0,0,0,0,2,0,0,0,0,0,1,0,0,0,3,0,15,0,0,0,0,0,0,0,0,3,0,0,0,15,0,0,0,0,0,0,0,0,0,0,0,0,1,0,0,2,0,0,0,0,0,0,0,19,0,7,0,0,2,2,0,0,0,0,0,0,0,0
2017-12-31,0,0,0,0,0,0,0,0,0,0,0,0,0,0,0,0,0,0,0,0,0,0,0,23,0,1,0,4,0,0,0,0,0,0,0,0,3,0,0,0,0,0,0,0,7,2,10,0,3,0,0,0,0,0,0,0,0,0,0,26,0,0,0,1,0,0,0,2,11,0,0,0,0,0,0,0,0,0,0,0,6,1,0,0,1,0,0,0,0,0,0,0,1,0,1,0,0,0,0,0,0,0,0,0,0,0,0,2,0,0,0,0,0,0,0,21,9,3,0,0,1,0,0,0,0,0,0,1,10,0,0,0,0,0,0,0,0,0,0,1,0,0,0,0,0,0,0,12,0,0,0,0,0,0,0,0,0,0,0,0,8,3,1,0,0,0,0,0,0,0,0,0,0,7,0,5,1,0,0,0,0,0,0,0,5,0,0,0,0,0,0,8,13,0,0,0,0,0,1,7,0,0,0,0,0,0,0,0,0,0,0,0,0,0,0,0,0,0,0,0,0,3,0,0,0,0,1,1,0,1,0,5,0,17,0,3,0,0,0,0,0,0,1,0,0,1,15,0,0,0,0,0,0,0,0,0,0,0,0,0,0,0,2,0,0,0,0,0,0,0,14,0,24,0,0,2,1,0,0,0,0,0,0,0,0
2018-01-07,0,0,0,0,0,0,0,0,0,0,0,0,0,0,0,0,0,0,0,0,0,0,0,22,0,1,0,0,0,0,0,0,0,0,2,0,3,0,0,0,0,0,0,0,2,0,16,0,0,0,0,0,0,0,0,0,0,0,0,16,0,1,0,4,0,0,0,0,6,0,0,0,0,0,0,0,0,0,0,0,18,0,0,0,0,0,0,0,0,0,0,0,1,0,2,0,0,0,0,0,0,0,0,0,0,0,0,0,1,0,1,0,0,0,0,20,13,8,0,0,2,0,0,0,0,0,0,0,8,0,0,0,0,0,0,0,0,0,0,0,0,0,0,0,0,0,0,2,0,0,0,0,0,4,3,0,0,0,0,12,3,0,0,0,0,0,0,0,0,0,0,0,0,2,0,4,0,0,0,0,0,0,0,0,2,0,0,0,0,0,0,1,8,0,0,0,0,0,1,2,0,0,0,1,0,0,0,2,0,0,0,0,0,0,0,0,0,0,0,0,0,2,0,0,0,0,0,2,0,1,0,3,0,3,0,3,2,0,1,0,0,0,3,1,0,0,10,0,0,0,0,0,0,0,0,0,0,0,0,1,0,0,4,0,0,0,0,0,0,0,11,0,9,0,0,3,0,0,0,0,0,0,0,0,0
2018-01-14,0,3,0,0,0,0,2,0,0,0,0,0,0,2,0,0,0,0,0,0,0,0,0,67,0,0,0,4,0,3,0,0,0,2,2,0,3,2,0,0,0,0,0,0,5,1,28,0,6,0,0,0,0,0,0,0,2,0,0,22,0,4,1,2,0,0,0,1,0,0,0,3,2,0,0,0,0,0,0,0,29,0,0,0,2,0,0,0,0,0,0,0,1,0,3,0,0,0,0,0,0,0,0,0,1,0,0,0,7,0,2,0,0,0,0,51,21,9,0,0,0,0,0,0,0,0,0,0,28,0,0,0,0,0,0,0,0,0,0,0,0,0,0,0,0,0,0,9,0,0,0,0,0,3,5,0,0,0,0,16,1,2,1,0,0,0,0,0,0,0,0,0,1,14,0,4,1,0,0,0,3,0,0,0,3,0,0,0,0,0,0,5,14,0,0,0,0,0,1,0,0,0,0,1,0,0,0,4,0,0,0,0,0,0,0,0,0,0,0,0,0,1,0,1,0,0,2,1,0,1,0,7,0,15,0,30,3,0,1,0,0,0,8,0,0,0,34,0,0,0,0,0,0,0,0,0,0,0,0,0,0,0,1,0,0,0,0,0,0,0,28,0,22,0,0,8,1,0,0,0,0,0,0,0,0
2018-01-21,0,1,0,0,0,0,0,0,0,0,0,0,0,2,0,0,0,0,0,0,0,0,0,33,0,1,0,1,0,0,0,0,0,2,5,0,2,2,0,0,0,0,0,0,6,2,16,0,0,0,0,0,0,0,0,0,3,0,0,51,0,24,1,4,0,0,0,2,9,0,0,0,4,0,0,0,0,0,0,0,27,0,0,0,5,0,0,0,0,0,0,0,0,0,7,2,0,0,0,0,0,0,0,0,0,0,0,2,0,0,0,0,0,0,0,9,33,9,0,0,0,0,0,0,0,1,0,0,23,0,0,0,0,0,0,0,0,0,1,0,0,0,0,0,0,0,0,6,0,0,0,0,0,2,3,0,0,0,0,15,5,2,0,0,0,0,0,0,0,0,0,1,0,8,0,3,12,0,0,0,4,0,0,0,0,0,0,0,0,0,0,9,11,0,0,0,0,0,1,4,0,0,0,0,0,0,0,0,0,0,0,0,0,0,0,0,0,0,0,0,0,2,0,1,1,0,0,3,1,1,0,7,0,5,0,22,4,0,0,0,0,0,16,0,0,2,11,0,0,0,0,1,0,0,0,0,0,0,0,0,0,0,2,0,0,0,0,0,0,0,32,0,12,0,0,1,1,0,0,0,0,0,0,0,0
2018-01-28,0,0,0,0,0,0,1,0,0,0,0,0,0,0,0,0,0,0,0,0,0,0,0,33,0,5,0,1,1,0,0,1,0,0,5,0,3,1,0,0,0,0,0,0,6,7,13,0,4,0,0,0,0,0,0,1,0,0,0,37,0,1,0,2,1,0,0,0,9,0,0,2,7,0,0,0,0,0,0,0,34,0,0,0,4,0,0,0,0,1,0,0,2,0,8,0,0,0,0,0,0,0,0,0,0,0,0,2,0,0,0,0,0,0,0,8,14,6,0,0,2,0,0,0,0,4,0,0,16,0,1,0,0,0,0,0,0,0,0,0,0,0,0,1,0,0,0,3,0,0,0,0,0,1,3,0,0,0,0,23,1,0,0,0,0,0,0,0,0,0,0,1,0,13,0,3,2,0,0,0,5,0,0,0,1,0,0,2,0,0,0,10,18,0,0,0,0,0,2,5,0,0,0,0,0,0,0,0,0,0,0,0,0,0,0,0,0,0,0,0,0,7,0,3,0,0,3,1,0,1,0,3,0,10,0,36,5,0,1,0,0,0,7,0,0,0,22,0,0,0,0,1,0,0,0,0,0,0,0,1,0,0,3,0,0,0,1,0,0,0,36,0,11,0,0,4,1,0,0,0,0,0,0,0,0
2018-02-04,0,0,0,0,0,0,0,0,0,0,1,0,0,1,0,0,0,0,0,0,0,0,0,26,0,0,0,3,0,1,0,0,0,1,5,0,1,4,0,0,0,0,0,0,6,1,34,0,3,0,0,0,0,0,0,0,0,0,0,10,0,0,0,3,0,0,0,0,5,1,0,0,1,0,0,0,0,0,1,0,17,0,0,0,2,0,0,0,0,0,0,0,1,0,8,0,0,0,0,0,0,0,0,0,0,0,0,1,1,0,0,0,0,0,0,12,19,5,0,1,0,0,0,0,0,1,0,1,19,0,0,0,0,0,0,0,0,0,1,0,0,0,0,0,0,0,0,1,0,0,0,0,0,4,0,0,0,0,0,18,2,2,0,0,0,0,0,0,0,0,0,4,0,16,0,3,0,0,0,0,3,0,0,0,3,0,0,0,0,0,0,6,12,0,0,0,0,0,1,7,0,0,0,0,0,0,0,0,0,0,0,0,0,0,0,0,0,0,0,0,0,7,0,1,0,0,0,0,0,2,0,0,0,4,0,21,2,0,0,0,0,0,5,0,0,0,21,0,0,0,0,2,0,0,0,0,0,0,0,0,0,0,2,0,0,0,1,0,0,0,44,0,12,0,0,2,0,0,0,0,0,0,0,0,0
2018-02-11,0,0,0,0,0,0,1,0,0,0,1,0,0,1,0,0,0,0,0,0,0,0,0,52,0,5,0,1,0,1,0,1,0,2,6,0,4,0,0,0,0,0,0,0,11,0,24,0,5,0,0,0,0,0,0,0,0,0,0,12,0,0,2,9,1,0,0,4,6,2,2,0,0,0,0,0,0,0,0,0,4,2,0,0,2,0,0,1,0,0,0,0,3,0,1,0,0,0,0,0,0,0,0,0,1,0,0,3,3,0,0,0,0,0,0,21,23,0,0,0,0,1,0,0,0,3,0,0,16,0,2,0,0,0,0,0,0,0,0,0,0,0,0,0,0,0,0,10,0,0,0,0,0,2,5,0,0,0,0,35,3,0,0,0,0,0,0,0,0,0,0,3,1,16,0,3,4,0,0,0,5,0,0,0,7,0,0,4,0,0,0,17,7,0,0,0,0,0,1,2,0,0,0,0,0,0,0,0,0,0,0,0,0,0,0,0,0,0,0,0,0,5,0,1,0,0,0,3,0,0,0,0,0,11,0,35,0,0,0,0,0,1,19,0,0,0,29,0,0,0,0,0,0,0,0,0,0,0,0,1,0,0,3,0,0,0,0,0,1,0,45,1,22,0,0,4,2,0,0,0,0,0,0,0,0
2018-02-18,0,0,0,0,0,0,1,0,0,0,0,0,0,1,1,0,0,0,0,0,0,0,0,37,0,3,0,1,0,2,0,2,0,0,3,0,2,1,0,0,0,0,0,0,2,11,24,0,3,0,0,0,0,0,0,0,2,4,0,26,0,0,1,5,1,0,0,1,10,0,0,2,0,0,0,0,0,0,3,0,11,4,0,0,4,0,0,4,0,0,0,0,9,2,6,1,0,0,0,0,0,0,0,0,0,0,0,2,2,0,2,0,0,0,0,44,6,6,0,0,0,0,0,0,1,5,0,0,18,0,0,0,0,0,0,0,0,0,0,0,0,0,0,0,0,0,0,14,0,0,0,0,0,1,5,0,0,0,0,22,17,1,1,0,0,0,0,0,0,0,0,5,0,20,0,6,0,0,0,0,3,0,0,0,4,0,0,0,0,0,0,5,5,0,0,0,0,0,1,5,0,0,0,0,0,0,0,0,0,0,0,0,0,0,0,0,0,0,1,0,1,3,0,4,0,0,0,1,2,7,0,0,0,8,0,16,3,0,0,0,0,0,7,0,0,0,22,0,0,0,0,2,0,0,0,0,0,0,0,0,0,0,1,0,0,0,0,0,0,0,2,8,10,0,0,3,0,0,0,0,0,0,0,0,0
2018-02-25,0,0,0,0,0,0,0,0,0,0,0,0,0,0,0,0,0,0,0,0,0,0,0,109,0,1,0,1,0,1,0,1,0,5,4,0,3,0,0,1,0,1,0,0,0,5,22,0,3,0,0,0,0,0,0,0,10,0,0,25,0,3,0,2,1,0,0,0,5,0,0,5,3,0,0,0,0,0,8,0,12,1,0,1,27,0,0,0,0,0,0,0,1,0,4,1,0,0,0,0,0,0,0,0,1,0,0,11,2,0,1,0,0,0,0,4,5,4,0,0,0,0,0,0,0,1,0,1,12,0,2,0,0,0,0,0,0,0,0,0,0,0,0,1,0,0,0,7,0,0,0,0,0,4,8,0,0,0,0,0,1,2,0,0,0,0,0,0,0,0,0,6,2,28,0,7,1,0,0,0,8,0,0,0,1,0,0,0,0,0,0,8,23,0,0,0,0,0,2,1,0,0,0,0,0,0,0,0,0,0,0,3,0,0,0,0,0,0,0,0,0,2,0,4,0,0,0,2,3,0,0,1,0,6,0,25,0,0,0,0,0,0,12,0,0,0,12,0,0,0,0,3,0,0,0,0,0,0,0,2,0,0,8,0,0,0,0,0,0,0,7,1,12,0,0,4,6,0,0,0,0,0,0,0,0
2018-03-04,0,0,0,0,0,0,9,0,0,0,0,0,0,0,0,0,0,0,0,0,0,0,0,7,0,2,0,12,0,0,0,14,0,0,6,0,12,1,0,0,0,0,0,0,0,9,43,0,2,0,0,0,0,0,0,0,0,1,0,231,0,6,2,19,1,0,0,0,31,0,0,6,2,0,0,0,0,0,0,0,12,2,0,0,0,0,0,1,0,0,0,0,4,0,36,0,0,0,0,0,0,0,0,0,0,0,0,7,12,0,4,0,0,0,0,219,32,23,0,0,0,0,0,0,0,5,0,0,13,0,4,0,1,0,0,1,0,0,0,0,0,0,0,0,0,0,0,8,0,0,0,0,0,2,8,0,0,0,0,0,6,7,1,0,0,0,0,0,2,1,0,1,1,3,0,54,5,0,0,0,0,0,0,0,2,0,0,0,0,0,0,12,28,0,0,0,0,0,10,0,0,0,0,0,0,0,0,0,0,4,0,0,0,0,0,0,0,0,0,0,0,10,0,6,18,0,1,2,0,0,0,40,0,31,0,36,6,0,0,0,0,0,2,0,0,0,37,0,0,0,1,4,0,0,0,0,0,0,0,0,0,0,5,0,0,0,0,0,0,0,40,3,10,0,0,10,0,0,0,0,0,0,0,0,0
2018-03-11,0,0,0,0,0,0,0,0,0,0,0,1,0,0,1,0,0,0,0,0,0,0,0,46,0,3,0,0,0,0,0,0,0,0,7,0,4,0,0,0,0,0,0,0,0,4,1,0,7,0,0,0,0,0,0,0,1,0,0,2,0,0,0,0,1,0,0,0,1,0,1,0,0,0,0,0,0,0,1,0,3,0,0,0,3,0,0,0,0,0,0,0,0,0,2,0,0,0,0,0,0,0,0,0,0,0,0,1,4,0,3,0,2,0,0,7,25,5,0,0,0,1,0,0,0,1,0,0,17,0,0,0,0,0,0,0,0,0,0,0,0,0,0,0,0,0,0,0,0,0,0,0,0,1,1,0,0,0,0,50,2,0,0,0,0,0,0,0,0,0,0,2,0,8,0,0,0,0,0,0,1,0,0,0,4,0,0,0,0,0,0,5,10,0,0,0,0,0,0,1,0,0,0,0,0,0,0,0,0,1,0,0,0,0,0,0,0,0,0,0,0,0,0,8,0,0,2,2,0,3,0,3,0,4,0,35,2,0,0,0,0,0,7,0,0,0,25,0,0,0,1,1,0,0,0,0,0,0,0,0,0,0,3,0,0,0,2,0,0,0,27,0,19,0,0,4,0,0,0,0,0,0,0,0,0
2018-03-18,0,0,0,0,0,0,0,0,0,0,0,0,0,0,0,0,0,0,0,0,0,0,0,39,0,2,0,0,0,0,0,0,0,1,20,0,4,32,0,0,0,0,0,0,2,0,17,1,2,0,0,0,0,0,0,1,0,0,0,42,0,4,0,4,0,0,0,2,10,0,1,0,3,0,0,0,0,0,10,2,2,1,0,0,6,0,0,0,0,0,0,0,1,0,1,2,0,0,0,0,0,0,0,0,1,0,0,13,6,0,0,0,1,0,0,34,35,4,0,0,0,0,0,0,0,1,0,0,21,0,0,0,0,0,0,0,0,0,0,0,0,0,0,1,0,0,0,4,0,0,0,0,0,4,25,0,0,0,0,6,2,0,0,0,0,0,0,0,0,0,0,4,0,19,0,2,3,0,0,0,2,0,0,0,8,0,0,1,0,0,0,11,22,0,0,0,0,0,0,1,0,0,0,0,0,0,0,1,0,5,0,0,0,0,0,0,1,0,0,0,0,10,0,4,2,0,2,3,2,0,0,0,0,3,0,42,15,0,0,0,1,0,18,0,0,0,16,0,0,0,9,0,0,0,0,0,0,0,0,0,0,0,3,0,0,3,1,0,0,0,24,0,24,0,0,9,2,0,0,0,0,0,0,0,0
2018-03-25,0,0,0,0,0,0,0,0,0,0,0,0,0,2,1,0,0,0,0,0,0,1,0,46,0,1,0,0,0,2,0,0,0,0,6,0,3,0,0,0,0,0,0,0,11,3,22,0,3,0,0,0,0,0,0,1,0,0,0,31,0,1,5,3,0,0,0,1,23,0,1,0,3,0,0,1,0,0,2,3,9,0,0,0,3,0,2,0,0,1,1,0,1,0,10,0,0,0,0,0,0,0,0,0,1,0,0,9,6,0,0,0,4,0,0,37,30,4,0,0,0,3,0,0,0,3,0,0,20,0,0,0,0,0,0,0,0,0,0,0,1,0,0,0,0,0,0,7,0,0,0,0,0,1,15,0,0,0,0,40,2,0,0,0,0,0,0,0,0,0,0,2,1,15,0,2,2,0,0,0,4,0,0,0,5,0,0,0,0,0,0,8,13,0,0,0,0,0,0,18,0,0,0,0,0,0,0,2,0,1,0,0,0,0,0,0,0,0,0,0,0,4,0,1,4,0,0,1,2,2,0,6,0,6,0,29,7,0,0,0,0,0,5,1,0,0,17,0,0,0,8,2,0,0,0,0,0,0,0,0,0,0,2,0,0,0,0,0,0,0,20,0,23,0,0,4,0,0,0,0,0,0,0,0,0
2018-04-01,0,1,0,0,0,0,0,0,0,0,0,0,0,2,2,0,0,0,0,0,0,0,0,32,0,3,0,2,0,0,0,1,0,7,6,0,2,0,0,0,0,0,0,0,16,2,30,0,4,0,0,0,0,0,0,3,0,0,0,78,0,5,4,4,0,0,0,0,5,1,0,2,13,0,0,0,0,0,3,5,22,0,0,0,3,0,0,0,0,0,0,0,2,3,2,2,0,0,0,0,0,0,1,0,0,0,0,8,3,0,1,0,1,0,0,24,26,6,0,0,0,6,0,0,0,2,0,0,30,0,3,0,0,0,0,0,0,0,0,0,0,0,0,0,0,0,0,0,0,0,0,0,0,3,13,0,0,0,0,25,3,1,0,0,0,0,0,0,0,0,0,11,0,22,0,2,5,0,0,0,5,0,0,0,2,0,0,0,0,0,0,13,15,0,0,0,0,0,1,15,0,0,0,0,0,0,0,1,0,2,0,6,0,0,0,0,0,0,0,0,0,0,0,1,1,0,2,0,1,0,0,5,0,3,0,32,10,0,0,0,0,0,13,3,0,1,4,0,0,0,6,1,0,0,0,0,0,0,1,0,0,0,0,0,0,6,1,0,2,0,10,3,22,0,0,4,0,0,0,0,0,0,0,0,0
2018-04-08,0,0,0,0,0,0,0,0,0,0,0,0,0,0,0,0,0,0,0,0,0,0,0,28,0,2,0,0,0,0,0,0,0,1,6,0,3,0,0,0,0,0,0,0,2,1,34,0,0,1,0,0,0,0,0,2,0,0,0,30,0,3,2,2,1,0,0,0,1,1,0,0,1,0,0,2,0,0,4,1,31,0,0,0,0,0,0,1,0,0,0,0,1,0,2,1,0,0,0,0,0,0,2,0,1,0,0,1,2,0,1,0,0,0,0,25,31,3,0,0,0,0,0,0,0,2,0,0,22,0,2,0,0,0,0,0,0,0,0,0,0,0,0,0,0,0,0,3,0,0,0,0,0,1,2,0,0,0,0,11,5,5,0,0,0,0,0,0,0,0,0,8,0,16,0,2,5,0,0,0,1,0,0,0,2,0,0,0,0,0,0,13,5,0,0,0,0,0,1,5,0,0,0,0,0,0,0,0,0,0,0,0,0,1,0,0,0,0,0,0,0,5,0,3,2,0,2,1,2,2,0,1,0,2,0,37,4,0,0,0,0,0,8,0,0,2,11,0,0,0,3,3,0,0,0,0,0,0,1,1,0,0,0,0,0,3,0,0,0,0,8,3,11,0,0,1,0,0,0,0,0,0,0,0,0
2018-04-15,0,1,0,0,0,0,1,0,0,0,0,0,0,0,1,0,0,0,0,0,0,0,0,42,0,1,0,1,1,0,0,2,0,4,5,0,3,2,0,0,0,0,0,0,6,17,31,0,4,0,0,0,0,0,0,0,0,0,0,24,0,3,5,6,0,0,0,0,0,1,0,0,0,0,0,4,0,0,3,0,37,3,0,0,3,0,0,0,0,0,0,1,2,0,2,1,0,0,0,0,0,0,0,0,0,0,0,5,1,0,3,0,0,0,0,38,28,14,0,1,1,0,0,0,0,4,0,0,23,0,9,0,0,0,0,0,0,0,0,0,0,0,0,0,0,0,0,0,0,0,0,0,0,1,7,0,0,0,0,43,3,5,0,0,0,1,0,0,0,0,0,2,0,19,0,4,5,0,0,0,1,0,0,0,2,0,1,0,0,0,0,5,12,0,0,0,0,0,1,0,0,0,0,1,0,0,0,0,0,0,0,0,0,0,0,0,0,0,0,1,0,3,0,3,1,0,0,3,1,2,0,1,0,4,0,35,4,0,0,0,0,0,8,0,0,3,22,0,0,0,1,1,0,0,0,0,0,0,0,1,0,0,0,0,0,0,1,0,0,0,7,5,10,0,0,3,1,0,0,0,0,0,0,0,0
2018-04-22,0,0,0,0,0,0,3,0,0,0,0,0,0,1,0,0,0,0,0,0,0,0,0,31,0,7,0,0,0,0,0,1,0,6,14,0,3,1,0,0,0,0,0,0,9,5,23,0,5,0,0,0,0,0,0,3,1,0,0,30,1,4,2,4,5,0,0,0,3,0,0,2,2,0,0,0,0,0,0,1,19,2,0,0,0,1,1,1,0,0,0,0,2,0,9,1,0,0,0,0,0,0,1,0,0,0,0,4,2,0,0,0,1,0,0,27,0,6,0,0,3,1,0,0,0,1,0,0,19,0,3,0,0,0,0,0,0,0,0,0,0,0,0,2,0,0,0,4,0,0,0,0,0,5,5,0,0,0,0,21,2,5,0,0,0,0,0,0,0,0,0,4,2,35,0,2,4,0,0,0,0,0,0,0,8,0,0,1,0,0,0,18,12,0,0,0,0,0,0,16,0,0,0,1,0,0,0,0,0,0,0,0,0,0,0,0,1,0,0,0,0,4,0,5,1,0,0,2,1,2,0,1,0,8,0,34,3,0,0,0,0,0,14,0,0,1,13,0,0,0,4,0,0,0,0,0,0,0,0,0,0,0,4,0,0,1,0,0,0,0,9,3,22,0,0,3,1,0,0,0,0,0,0,0,0
2018-04-29,0,0,0,0,0,0,0,0,0,0,0,0,0,0,0,0,0,2,0,0,0,0,0,45,0,4,0,3,0,0,0,1,0,2,8,0,3,0,0,0,0,0,0,0,13,6,1,0,1,0,0,0,0,0,0,0,0,0,0,4,0,3,3,4,0,0,0,1,5,1,0,0,0,0,0,0,0,0,0,1,24,1,0,0,2,0,1,0,0,0,0,0,1,0,2,0,0,0,0,0,0,0,0,0,0,0,0,4,2,0,0,0,0,0,0,27,0,7,0,0,0,1,0,0,0,1,0,0,32,0,2,0,0,0,0,0,0,0,0,0,0,0,0,1,0,0,0,2,0,0,0,0,0,0,9,0,0,0,0,21,4,1,0,0,0,0,0,0,0,0,0,2,0,14,0,3,13,0,1,0,6,0,0,0,3,0,0,0,0,0,0,9,12,0,0,0,0,0,0,16,0,0,0,0,0,0,0,1,0,0,0,0,0,0,0,0,1,0,0,0,0,4,0,4,1,0,1,1,1,0,0,1,0,6,0,28,2,0,0,0,0,0,3,0,0,0,16,0,0,0,0,0,0,0,0,0,0,0,0,1,0,0,0,0,0,0,0,0,0,0,2,1,17,0,0,1,0,0,0,0,0,0,0,0,0
2018-05-06,0,0,0,0,0,0,1,0,0,0,0,0,0,0,0,0,0,1,0,0,0,0,0,25,0,2,0,1,1,0,0,1,0,6,2,0,2,0,0,0,0,0,0,0,4,4,46,0,2,0,0,1,0,0,0,1,0,0,0,8,0,6,4,3,1,0,0,0,11,1,0,0,1,0,0,0,0,0,1,0,22,2,0,0,1,0,0,0,1,0,1,1,1,0,3,0,0,0,0,0,0,0,3,0,0,0,0,0,5,0,1,0,0,0,0,32,20,4,0,0,0,0,0,0,0,0,0,0,24,0,4,0,0,0,0,0,0,0,1,0,0,0,0,0,0,0,0,4,0,0,0,0,0,0,4,0,0,0,0,28,2,1,1,0,0,0,0,0,0,0,0,5,1,23,0,3,6,0,0,0,0,0,0,0,4,0,0,0,0,0,2,28,5,0,0,0,0,0,0,19,0,0,0,0,0,0,0,6,0,0,0,0,0,0,0,0,0,0,0,1,1,2,0,26,1,0,1,1,2,1,0,1,0,5,0,32,1,0,0,0,0,0,10,0,0,2,13,0,0,0,1,1,0,0,0,0,0,0,0,0,0,0,0,0,0,0,0,0,0,0,5,5,15,0,0,3,1,0,0,0,0,0,0,0,0
2018-05-13,0,2,0,0,0,0,0,0,0,0,0,0,0,0,1,1,0,1,0,0,0,1,0,32,0,3,0,0,0,0,0,0,0,4,8,0,1,0,0,0,0,0,0,0,10,0,32,0,1,1,0,0,0,0,0,0,2,0,0,13,0,3,1,6,0,0,0,0,4,0,0,0,6,0,0,2,0,0,0,0,20,1,0,0,3,0,1,1,0,0,0,0,0,0,1,0,0,0,0,0,0,0,0,0,1,0,0,2,2,0,0,0,0,0,0,18,40,3,0,0,0,0,0,0,0,2,0,0,29,0,0,0,2,0,0,0,0,0,0,0,0,0,0,0,0,0,0,4,0,0,0,0,0,0,9,0,0,0,0,30,2,2,0,0,0,0,0,0,0,0,0,5,0,14,0,1,7,0,0,0,1,0,0,0,6,0,0,0,0,0,6,13,8,0,0,0,0,0,0,0,0,0,0,0,0,0,0,3,0,0,0,0,0,0,0,0,0,0,0,0,0,2,0,17,0,0,1,0,1,0,0,1,0,5,0,32,2,0,0,0,0,0,7,1,0,1,8,0,0,0,5,0,0,0,0,0,0,0,0,0,0,0,2,0,0,0,0,0,0,0,4,1,8,0,0,0,2,0,0,0,0,0,0,0,0
2018-05-20,0,0,0,0,0,0,1,0,0,0,0,1,0,1,0,0,0,0,0,0,0,0,0,29,0,1,0,0,0,0,0,0,0,2,3,0,1,0,0,0,0,0,0,0,5,31,22,0,1,0,0,0,0,0,0,0,0,0,0,16,0,0,0,3,0,0,0,2,0,0,0,0,1,0,0,0,0,0,0,0,19,1,0,0,2,0,0,0,0,0,0,0,0,0,2,1,0,0,0,0,0,0,0,0,0,0,0,0,0,0,0,0,2,0,0,9,21,2,0,0,0,0,0,0,0,0,0,0,17,0,1,0,0,0,0,0,0,0,0,0,0,0,0,0,0,0,0,3,0,0,0,0,0,1,2,0,0,0,0,18,2,3,0,0,0,0,0,0,0,0,0,4,0,10,0,1,1,0,0,0,0,0,0,0,1,0,0,0,0,0,1,9,2,0,0,0,0,0,0,1,0,0,0,0,0,0,0,0,0,0,0,0,0,0,0,0,0,0,0,0,0,1,0,8,0,0,0,0,1,0,0,0,0,2,0,0,1,0,0,0,0,0,1,0,0,0,6,0,0,0,2,0,0,0,0,0,0,0,0,0,0,0,1,0,0,0,0,0,0,0,1,17,7,0,0,1,0,0,0,0,0,0,0,0,0
2018-05-27,0,0,0,0,0,0,0,0,0,0,0,1,0,0,0,0,0,0,0,0,0,0,0,7,0,1,0,0,0,0,0,0,0,0,3,0,2,0,0,0,0,0,0,0,1,0,17,0,0,0,0,0,0,0,0,0,0,0,0,6,0,2,0,3,0,0,0,0,0,0,0,0,0,0,0,0,0,0,0,0,9,0,0,0,0,0,1,0,0,0,0,0,0,0,0,0,0,0,0,0,0,0,1,0,0,0,0,0,0,0,0,0,0,0,0,7,18,0,0,0,0,0,0,0,0,1,0,0,9,0,0,0,0,0,0,0,0,0,0,0,0,0,0,0,0,0,0,0,0,0,0,0,0,0,3,0,0,0,0,14,1,0,0,0,0,0,0,0,0,0,0,2,2,4,0,1,2,0,0,0,1,0,0,0,2,0,0,0,0,0,0,5,0,0,0,0,0,0,0,0,0,0,0,0,0,0,0,0,0,0,0,0,0,0,0,0,0,0,0,0,1,2,0,2,0,0,0,0,0,0,0,0,0,0,0,1,0,0,0,0,0,0,0,0,0,0,5,0,0,0,1,0,0,0,0,0,0,0,0,0,0,0,1,0,0,0,0,0,0,0,1,3,9,0,0,2,0,0,0,0,0,0,0,0,0
2018-06-03,0,0,0,0,0,0,0,0,0,0,0,0,0,3,0,0,0,0,0,0,0,0,0,28,0,2,0,0,0,0,0,0,0,3,4,0,0,0,0,0,0,0,0,0,2,0,11,0,0,0,0,0,0,0,0,0,0,0,0,12,0,0,0,0,0,0,0,0,0,0,0,0,0,0,0,0,0,0,0,0,15,0,0,0,0,0,0,0,0,0,0,0,0,0,0,0,0,0,0,0,0,0,2,0,0,0,0,0,0,0,1,0,0,0,0,7,26,0,0,0,0,0,0,0,0,0,1,0,2,0,0,0,0,0,0,0,0,0,0,0,0,0,0,0,0,0,0,2,0,0,0,0,0,0,7,0,0,0,0,3,1,2,0,0,0,0,0,0,0,0,0,6,0,13,0,0,3,0,0,0,5,0,0,0,0,0,0,0,0,0,0,13,1,0,0,0,0,0,0,5,0,0,0,0,0,0,0,2,0,0,0,0,0,0,0,0,0,0,0,0,0,0,0,3,0,0,0,0,0,0,0,1,0,0,0,6,0,0,0,0,0,0,1,0,0,0,1,0,0,0,0,1,0,0,0,0,0,0,0,1,0,0,0,0,0,0,0,0,0,0,2,2,2,0,0,0,0,0,0,0,0,0,0,0,0
2018-06-10,0,0,0,0,0,0,0,0,0,0,0,0,0,1,0,0,0,0,0,0,0,0,0,5,0,0,0,0,0,0,0,0,0,1,0,0,0,0,0,0,0,0,0,0,8,0,12,0,0,0,0,0,0,0,0,0,0,0,0,7,0,0,0,1,0,0,0,1,0,0,0,0,0,0,0,0,0,0,0,0,5,0,0,0,0,0,0,0,0,0,0,0,0,0,2,0,0,0,0,0,0,0,1,0,0,0,0,0,1,0,0,0,0,0,0,8,5,0,0,0,0,0,0,0,0,1,0,0,14,0,0,0,0,0,0,0,0,0,0,0,0,0,0,0,0,0,0,0,0,0,0,0,0,0,0,0,0,0,0,12,0,0,0,0,0,0,0,0,0,0,0,0,0,4,0,0,0,0,0,0,2,0,0,0,0,0,0,0,0,0,0,10,0,0,0,0,0,0,0,0,0,0,0,0,0,0,0,0,0,0,0,0,0,0,0,0,0,0,0,0,0,0,0,1,0,0,0,1,0,0,0,0,0,0,0,7,1,0,0,0,0,0,0,0,0,0,0,0,0,0,0,0,0,0,0,0,0,0,0,0,0,0,0,0,0,0,0,0,0,0,0,0,1,0,0,0,0,0,0,0,0,0,0,0,0
2018-06-17,0,1,0,0,0,0,0,0,0,0,0,1,0,0,0,0,0,0,0,0,0,0,0,11,0,0,0,0,0,0,0,0,0,2,0,0,0,0,0,0,0,0,0,0,3,0,11,0,0,0,0,0,0,0,0,0,0,0,0,2,0,0,0,0,0,0,0,0,0,0,0,0,0,0,0,1,0,0,0,0,12,0,0,0,0,0,1,0,0,0,0,0,0,0,1,0,0,0,0,0,0,0,0,0,0,0,0,0,0,0,0,0,0,0,0,4,18,0,0,0,0,0,0,0,0,0,3,0,2,0,0,0,0,0,0,0,0,0,0,0,0,0,0,0,0,0,0,0,0,0,0,0,0,0,0,0,0,0,0,8,0,0,0,0,0,0,0,0,0,0,0,0,0,3,0,0,0,0,0,0,4,0,0,0,0,0,1,0,0,0,0,2,0,0,0,0,0,0,0,0,0,0,0,0,0,0,0,0,0,0,0,0,0,0,0,0,0,0,0,0,0,0,0,0,0,0,0,0,0,0,0,0,0,0,0,21,0,0,0,0,0,0,0,0,0,0,0,0,0,0,0,0,0,0,0,0,0,0,0,0,0,0,0,0,0,0,0,0,0,0,0,1,0,0,0,1,0,0,0,0,0,0,0,0,0
2018-06-24,0,0,0,0,0,0,0,0,0,0,0,0,0,1,0,0,0,0,0,0,0,0,0,11,0,2,0,1,0,0,0,0,0,0,1,0,0,0,0,0,0,0,0,0,3,0,11,0,0,0,0,0,0,0,0,0,0,0,0,5,0,1,0,0,0,0,0,0,1,0,0,0,0,0,0,0,0,0,0,0,15,0,0,0,0,0,0,0,0,0,0,0,0,0,0,0,0,0,0,0,0,0,2,0,0,0,0,0,0,0,0,0,0,0,0,6,13,1,0,0,0,0,0,0,0,1,0,0,5,0,0,0,0,0,0,0,0,0,0,0,0,0,0,0,0,0,0,0,0,0,0,0,0,0,2,0,0,0,0,8,1,0,0,0,0,0,0,0,0,0,0,0,0,1,0,0,0,0,0,0,3,0,0,0,2,0,0,0,0,0,0,4,0,0,0,0,0,0,0,0,0,0,0,0,0,0,0,0,0,0,0,0,0,0,0,0,0,0,0,0,0,0,0,4,0,0,0,1,0,0,0,0,0,0,0,12,0,0,0,0,0,0,0,0,0,0,2,0,0,0,0,0,0,0,0,0,0,0,0,0,0,0,0,0,0,0,0,0,0,0,4,0,3,0,0,0,0,0,0,0,0,0,0,0,0
2018-07-01,0,0,0,0,0,0,0,0,0,0,0,0,0,0,0,0,0,0,0,0,0,0,0,27,0,0,0,0,0,0,0,0,0,1,3,0,0,0,0,0,0,0,0,0,0,3,0,0,0,0,0,0,0,0,0,2,0,0,0,11,0,2,0,1,0,0,0,0,0,0,0,0,0,0,0,0,0,0,0,0,10,0,0,0,0,0,0,1,0,0,0,0,0,0,0,0,0,0,0,0,0,0,1,0,0,0,0,1,2,0,3,0,0,0,0,6,11,1,0,0,0,0,0,0,0,0,0,0,5,0,0,0,0,0,0,0,0,0,0,0,0,0,0,0,0,0,0,0,0,0,0,0,0,0,0,0,0,0,0,10,2,2,0,0,0,0,0,0,0,0,0,1,0,7,0,0,0,0,0,0,1,0,0,0,1,0,0,0,0,0,0,10,1,0,0,0,0,0,0,1,0,0,0,0,0,0,1,0,0,0,0,0,0,0,0,0,0,0,0,0,0,1,0,7,0,0,1,0,0,0,0,0,0,0,0,26,2,0,0,0,0,0,0,0,0,0,0,0,0,0,0,0,0,0,0,0,0,0,0,0,0,0,1,0,0,0,0,0,0,0,9,1,0,0,0,2,0,0,0,0,0,0,0,0,0
2018-07-08,0,0,0,0,0,0,0,0,0,0,0,0,0,0,0,0,0,0,0,0,0,0,0,4,0,0,0,0,0,0,0,0,0,1,0,0,0,0,0,0,0,0,0,0,0,0,12,0,0,0,0,0,0,0,0,0,0,0,0,2,0,2,1,1,0,0,0,0,1,0,0,0,0,0,0,0,0,0,0,0,9,0,0,0,0,0,0,1,0,0,0,0,0,0,0,0,0,0,0,0,0,0,0,0,0,0,0,0,0,0,0,0,0,0,0,2,3,0,0,0,0,0,0,0,0,0,0,0,5,0,0,0,0,0,0,0,0,0,0,0,0,0,0,0,0,0,0,2,0,0,0,0,0,0,1,0,0,0,0,12,0,0,0,0,0,0,0,1,0,0,0,0,0,3,0,0,0,0,0,0,1,0,0,0,2,0,0,0,0,0,0,6,0,0,0,0,0,0,0,1,0,0,0,0,0,0,0,0,0,0,0,0,0,0,0,0,0,0,0,1,0,0,0,1,0,0,1,0,0,0,0,0,0,2,0,13,0,0,0,0,0,0,2,0,0,0,0,0,0,0,0,0,0,0,0,0,0,0,0,0,0,0,0,0,0,0,0,0,0,0,7,0,2,0,0,1,0,0,0,0,0,0,0,0,0
2018-07-15,0,0,0,0,0,0,2,0,0,0,0,0,0,1,0,0,0,0,0,0,0,0,0,4,0,0,0,0,0,0,0,0,0,1,2,0,0,0,0,0,0,0,0,0,1,0,4,0,0,0,0,0,0,0,0,0,0,0,0,1,0,0,0,2,0,0,0,0,0,0,0,0,0,0,0,0,0,0,0,0,7,0,0,0,0,0,0,0,0,0,0,0,0,0,0,0,0,0,0,0,0,0,1,0,0,0,0,0,0,0,0,0,0,0,0,1,8,0,0,0,0,0,0,0,0,1,0,0,5,0,0,0,0,0,0,0,0,0,0,0,0,0,0,0,0,0,0,0,0,0,0,0,0,0,4,0,0,0,0,9,2,0,0,0,0,0,0,0,0,0,0,0,0,0,0,0,0,0,0,0,0,0,0,0,0,0,0,0,0,0,0,1,0,0,0,0,0,0,0,0,0,0,0,1,0,0,0,0,0,0,0,0,0,0,0,0,0,0,0,0,0,0,0,0,0,0,1,0,0,0,0,0,0,0,0,12,0,0,0,0,0,0,0,0,0,0,0,0,0,0,0,0,0,0,0,0,0,0,0,0,0,0,1,0,0,0,0,0,0,0,0,0,1,0,0,0,0,0,0,0,0,0,0,0,0
2018-07-22,0,0,0,0,0,0,1,0,0,0,0,0,0,0,0,0,0,0,0,0,0,0,0,8,0,0,0,0,0,0,0,0,0,0,1,0,3,0,0,0,0,0,0,0,1,0,9,0,0,0,0,0,0,0,0,0,0,0,0,3,0,0,0,0,0,0,0,0,0,1,0,0,0,0,0,0,0,0,0,0,9,0,0,0,0,0,0,0,0,0,0,0,0,0,0,0,0,0,0,1,0,0,0,0,0,0,0,0,0,0,0,0,0,0,0,5,14,1,0,0,0,0,0,0,0,0,0,0,10,0,0,0,0,0,0,0,0,0,0,0,0,0,0,0,0,0,0,0,0,0,0,0,0,0,0,0,0,0,0,14,0,0,0,0,0,0,0,0,0,0,0,0,0,4,0,0,0,0,0,0,1,0,0,0,1,0,0,0,0,0,0,2,0,0,0,0,0,0,0,0,0,0,0,0,0,0,0,0,0,0,0,0,0,0,0,0,0,0,0,1,0,0,0,0,1,0,0,0,0,0,0,0,0,0,0,14,0,0,0,0,0,0,1,0,0,0,0,0,0,0,0,0,0,0,0,0,0,0,0,0,0,0,0,0,0,0,0,0,0,0,2,0,0,0,0,1,1,0,0,0,0,0,0,0,0
2018-07-29,0,0,0,0,0,0,2,0,0,0,0,0,0,0,0,0,0,0,0,0,0,0,0,17,0,0,0,0,0,0,0,0,0,0,2,0,0,0,0,0,0,0,0,0,1,0,9,0,0,0,0,0,0,0,0,0,0,0,0,1,0,0,0,0,0,0,0,0,0,0,0,0,0,0,0,0,0,0,0,0,3,0,0,0,1,0,0,1,0,0,0,0,0,0,0,0,0,0,0,0,0,0,0,0,0,0,0,0,0,0,0,0,0,0,0,6,8,0,0,0,0,0,0,0,0,0,0,0,7,0,0,0,0,0,0,0,0,0,0,0,0,0,0,0,0,0,0,2,0,0,0,0,0,0,0,0,0,0,0,13,0,0,0,0,0,0,0,0,0,0,0,0,0,10,0,0,0,0,0,0,0,0,0,0,1,0,0,0,0,0,0,3,0,0,0,0,0,0,0,0,0,0,0,0,0,0,0,0,0,0,0,0,0,0,0,0,0,0,0,0,0,1,0,2,0,0,0,0,0,0,0,0,0,0,0,6,0,0,0,0,0,0,0,0,0,0,2,0,0,0,0,0,0,0,0,0,0,0,0,0,0,0,0,0,0,0,0,0,0,0,2,0,1,0,0,0,0,0,0,0,0,0,0,0,0
2018-08-05,0,0,0,0,0,0,0,0,0,0,0,0,0,0,0,0,0,0,0,0,0,0,0,5,0,0,0,0,0,0,0,0,0,0,0,0,2,0,0,0,0,0,0,0,2,0,8,0,0,0,0,0,0,0,0,0,0,0,0,1,0,0,0,0,0,0,0,0,0,0,0,0,0,0,0,0,0,0,1,0,11,1,0,0,0,0,0,0,0,0,0,0,0,0,0,0,0,0,0,0,0,0,0,0,0,0,0,0,0,0,0,0,0,0,0,3,7,0,0,0,0,0,0,0,0,0,0,0,8,0,0,0,0,0,0,0,0,0,0,0,0,0,0,0,0,0,0,1,0,0,0,0,0,0,0,0,0,0,0,9,0,0,0,0,0,0,0,0,1,0,0,0,0,0,0,0,0,0,0,0,1,0,0,0,0,0,0,0,0,0,0,3,0,0,0,0,0,0,0,0,0,0,0,0,0,0,0,0,0,0,0,0,0,0,0,0,0,0,0,0,0,0,0,0,0,0,0,0,0,0,0,0,0,0,0,1,0,0,0,0,0,0,2,0,0,0,0,0,0,0,0,0,0,0,0,0,0,0,0,0,0,0,0,0,0,0,0,0,0,0,0,0,0,0,0,0,0,0,0,0,0,0,0,0,0
2018-08-12,0,0,0,0,0,0,0,0,0,0,0,0,0,0,0,0,0,0,0,0,0,0,0,1,0,0,0,0,0,0,0,0,0,0,0,0,0,0,0,0,0,0,0,0,2,0,0,0,0,0,0,0,0,0,0,0,0,0,0,0,0,0,0,0,0,0,0,0,0,0,0,0,0,0,0,0,0,0,0,0,7,0,0,0,0,0,0,0,0,0,0,0,0,0,0,0,0,0,0,0,0,0,0,0,0,0,0,0,0,0,0,0,0,0,0,3,1,0,0,0,0,0,0,0,0,0,0,0,6,0,0,0,0,0,0,0,0,0,0,0,0,0,0,0,0,0,0,0,0,0,0,0,0,0,2,0,0,0,0,3,0,0,0,0,0,0,0,0,0,0,0,0,0,3,0,0,0,0,0,0,0,0,0,0,0,0,0,0,0,0,0,2,1,0,0,0,0,0,0,0,0,0,0,0,0,0,0,0,0,0,0,0,0,0,0,0,0,0,0,0,0,0,0,0,0,0,0,0,0,0,0,0,0,0,0,4,2,0,0,0,0,1,0,0,0,0,0,0,0,0,0,0,0,0,0,0,0,0,0,0,0,0,0,0,0,0,0,0,0,0,0,0,0,0,0,0,0,0,0,0,0,0,0,0,0
2018-08-19,0,0,0,0,0,0,0,0,0,0,0,0,0,0,1,0,0,0,0,0,0,0,0,4,0,0,0,0,0,0,0,0,0,0,0,0,0,0,0,0,0,0,0,0,0,0,2,0,0,0,0,0,0,0,0,0,0,0,0,0,0,0,0,1,0,0,0,0,1,0,0,1,0,0,0,0,0,0,0,0,2,0,0,0,0,0,0,0,0,0,0,0,0,0,1,0,0,0,0,0,0,0,0,0,0,0,0,0,0,0,0,0,0,0,0,1,4,0,0,0,0,0,0,0,0,0,0,0,4,0,0,0,0,0,0,0,0,0,0,0,0,0,0,0,0,0,0,0,0,0,0,0,0,0,0,0,0,0,0,7,0,0,0,0,0,0,0,0,0,0,0,0,0,2,0,0,0,0,0,0,0,0,0,0,0,0,0,0,0,0,0,0,0,0,0,0,0,0,0,0,0,0,0,0,0,0,0,0,0,0,0,0,0,0,0,0,0,0,0,0,0,0,0,0,0,0,0,0,0,0,0,0,0,0,0,2,0,0,0,0,0,0,0,0,0,0,0,0,0,0,0,0,0,0,0,0,0,0,0,0,0,0,0,0,0,0,0,0,0,0,0,0,1,0,0,0,0,0,0,0,0,0,0,0,0
2018-08-26,0,0,0,0,0,0,0,0,0,0,0,1,0,0,0,0,0,0,0,0,0,0,0,9,0,0,0,0,0,0,0,0,0,0,0,0,0,0,0,0,0,0,0,0,2,0,5,0,0,0,0,0,0,0,0,0,0,0,0,0,0,0,0,0,0,0,0,0,0,0,0,0,0,0,0,0,0,0,0,0,2,0,0,0,0,0,0,0,0,0,0,0,0,0,1,0,0,0,0,0,0,0,0,0,0,0,0,0,0,0,0,0,0,0,0,0,3,0,0,0,0,0,0,0,0,0,0,0,1,0,0,0,0,0,0,0,0,0,0,0,0,0,0,0,0,0,0,0,0,0,0,0,0,0,1,0,0,0,0,4,1,0,0,0,0,0,0,0,0,0,0,0,0,1,0,0,0,0,0,0,0,0,0,0,0,0,0,0,0,0,0,0,0,0,0,0,0,0,0,0,0,0,0,0,0,0,0,0,0,0,0,0,0,0,0,0,0,0,0,0,0,0,0,0,0,0,0,0,0,0,0,0,0,0,0,2,0,0,0,0,0,0,1,0,0,0,0,0,0,0,0,0,0,0,0,0,0,0,0,0,0,0,0,0,0,0,0,0,0,0,0,0,0,0,0,0,0,0,0,0,0,0,0,0,0
2018-09-02,0,0,0,0,0,0,0,0,0,0,0,0,0,0,0,0,0,0,0,0,0,0,0,2,0,0,0,0,0,0,0,0,0,0,0,0,2,0,0,0,0,0,0,0,1,0,5,0,0,0,0,0,0,0,0,0,0,0,0,1,0,0,0,1,0,0,0,0,0,2,0,0,0,0,0,0,0,0,0,0,3,0,0,0,0,0,0,0,0,0,0,0,0,0,0,0,0,0,0,0,0,0,0,0,0,0,0,0,0,0,1,0,0,0,0,4,3,0,0,0,0,0,0,0,0,0,0,0,3,0,0,0,0,0,0,0,0,0,0,0,0,0,0,0,0,0,0,1,0,0,0,0,0,0,0,0,0,0,0,4,2,0,0,0,0,0,0,0,0,0,0,1,0,1,0,0,1,0,0,0,0,0,0,0,2,0,0,0,0,0,0,1,0,0,0,0,0,0,1,0,0,0,0,0,0,0,0,0,0,0,0,0,0,0,0,0,0,0,0,0,0,0,0,0,0,0,0,0,0,0,0,0,0,0,0,1,0,0,0,0,0,0,0,0,0,0,0,0,0,0,0,0,0,0,0,0,0,0,0,0,0,0,0,0,0,0,0,0,0,0,0,0,0,0,0,0,0,0,0,0,0,0,0,0,0
2018-09-09,0,0,0,0,0,0,1,0,0,0,0,0,0,0,0,0,0,0,0,0,0,0,0,10,0,0,0,0,0,0,0,0,0,0,0,0,0,0,0,0,0,0,0,0,1,0,8,0,0,0,0,0,0,0,0,0,0,0,0,2,0,0,0,1,4,0,0,0,0,0,0,0,0,0,0,0,0,0,0,0,2,0,0,0,0,0,0,0,0,0,0,0,0,0,0,0,0,0,0,0,0,0,0,0,1,0,0,0,0,0,0,0,0,0,0,7,1,1,0,0,0,0,0,0,0,0,0,0,5,0,0,0,0,0,0,0,0,0,0,0,0,0,0,0,0,0,0,0,0,0,0,0,0,0,0,0,0,0,0,7,1,0,0,0,0,0,0,0,0,0,0,0,0,4,0,0,0,0,0,0,0,0,0,0,1,0,0,0,0,0,0,0,0,0,0,0,0,0,0,0,0,0,0,0,0,0,0,0,0,0,0,0,0,0,0,0,0,0,0,0,0,0,0,0,1,0,0,1,0,0,0,0,0,0,0,2,1,0,0,0,0,0,0,0,0,0,0,0,0,0,1,0,0,0,0,0,0,0,0,0,0,0,0,0,0,0,0,0,0,0,2,0,0,0,0,1,0,0,0,0,0,0,0,0,0
2018-09-16,0,0,0,0,0,0,1,0,0,0,0,0,0,0,0,0,0,0,0,0,0,0,0,7,1,0,0,0,0,0,0,1,0,0,0,0,0,0,0,1,0,0,0,0,3,0,6,0,0,0,0,0,0,0,0,0,0,0,0,3,0,0,1,0,0,0,0,0,0,2,0,0,0,0,0,0,0,0,0,0,4,0,0,0,0,0,0,0,0,0,0,0,0,0,0,0,0,0,0,0,0,0,0,0,1,0,0,0,1,0,1,0,0,0,0,3,2,1,0,0,0,0,0,0,0,0,0,0,5,0,0,0,0,0,0,0,0,0,0,0,0,0,0,0,0,0,0,0,0,0,0,0,0,0,4,0,0,0,0,8,1,0,0,0,0,0,0,0,0,0,0,0,0,13,0,0,0,0,0,0,1,0,0,0,2,0,0,0,0,0,0,1,1,0,0,0,0,0,0,0,0,0,0,0,0,0,0,0,0,0,0,0,0,0,0,0,0,0,2,0,0,1,0,0,0,0,0,0,0,0,0,0,0,1,0,6,0,0,1,0,0,0,0,0,0,0,0,0,0,0,0,0,0,0,0,0,0,0,0,0,0,0,0,0,0,0,0,0,0,0,1,0,0,0,0,2,1,0,0,0,0,0,0,0,0
2018-09-23,0,2,0,0,0,0,2,0,0,0,0,0,0,0,1,0,0,0,0,0,0,0,0,7,0,0,0,0,0,0,0,0,0,0,2,0,0,2,0,1,0,0,0,0,0,0,10,0,0,0,0,0,0,0,0,0,0,0,0,0,0,1,0,3,0,0,0,0,2,0,0,2,0,0,0,0,0,0,0,0,0,1,0,0,0,0,0,0,0,0,0,2,0,0,0,0,0,0,0,0,0,0,0,0,0,0,0,1,0,0,0,0,0,0,0,3,7,1,0,0,0,1,0,0,0,0,0,0,10,0,0,0,0,0,0,0,0,0,0,0,0,0,0,0,0,0,0,0,0,0,0,0,0,0,1,0,0,0,0,4,4,0,0,0,0,0,0,0,0,0,0,0,0,7,0,0,1,0,0,0,0,0,0,0,1,0,0,0,0,0,0,0,0,0,0,0,0,0,0,1,0,0,0,0,0,0,0,0,0,0,0,0,0,0,0,0,0,0,0,0,0,0,0,0,0,0,0,0,0,0,0,0,0,0,0,10,0,0,0,0,0,0,3,0,0,0,3,0,0,0,0,0,0,0,0,0,0,0,0,0,0,0,0,0,0,0,0,0,0,0,0,0,0,0,0,0,0,0,0,0,0,0,0,0,0
2018-09-30,0,1,0,0,0,0,1,0,0,0,0,0,0,0,0,0,0,0,0,0,0,0,0,12,1,0,0,0,0,0,0,0,0,0,0,0,2,0,0,1,0,0,0,0,1,0,11,0,0,0,0,0,0,0,0,1,0,0,0,3,0,0,0,5,0,0,0,0,2,0,0,0,0,0,0,0,0,0,0,0,0,0,0,0,1,0,0,0,0,0,0,0,0,1,1,0,0,0,0,0,0,0,0,0,0,0,0,0,0,0,0,0,0,0,0,11,4,0,0,0,0,0,0,0,0,1,0,0,13,0,0,0,0,0,0,0,0,0,0,0,0,0,0,0,0,0,0,2,0,0,0,0,0,0,1,0,0,0,0,5,2,0,0,0,0,0,0,0,0,0,0,0,0,2,0,1,1,0,0,0,0,0,0,0,6,0,0,1,0,0,0,1,0,0,0,0,0,0,0,2,0,0,0,0,0,0,0,0,0,0,0,0,0,0,0,0,0,0,0,1,0,0,0,5,0,0,0,1,0,1,0,0,0,0,0,17,0,0,0,0,0,0,3,0,0,0,4,0,0,0,0,0,0,0,0,0,0,0,0,0,0,0,0,0,0,0,0,0,0,0,0,0,0,0,0,0,0,0,0,0,0,0,0,0,0
2018-10-07,0,0,0,0,0,0,1,0,0,0,0,0,0,0,0,0,0,0,0,0,0,0,0,11,1,1,0,0,0,0,0,0,0,0,2,0,0,0,0,0,0,0,0,0,0,0,13,0,0,0,0,0,0,0,0,0,0,0,0,11,0,0,0,1,0,0,0,0,2,1,0,0,0,0,0,0,0,0,0,1,0,1,0,0,1,0,0,0,0,0,0,0,0,0,1,0,0,0,0,0,0,0,0,0,0,0,0,0,2,0,0,0,0,0,0,5,14,0,0,0,1,0,0,0,0,0,2,0,9,0,0,0,0,0,0,0,0,0,0,0,0,0,0,0,0,0,0,2,0,0,0,0,0,2,0,0,0,0,0,3,2,0,0,0,0,0,0,0,0,0,0,0,0,0,0,0,0,0,0,0,0,0,0,0,2,0,0,0,0,0,0,5,3,0,0,0,0,0,0,0,0,0,0,0,0,0,0,0,0,0,0,0,0,0,0,0,0,0,0,0,0,2,0,4,1,0,0,0,0,0,0,2,0,0,0,14,0,0,0,0,0,0,2,0,0,0,7,0,0,0,1,0,0,0,0,0,0,0,0,0,0,0,0,0,0,0,0,0,0,0,0,0,0,0,0,1,1,0,0,0,0,0,0,0,0
2018-10-14,0,1,0,0,0,0,0,0,0,0,0,0,0,0,0,0,0,0,0,0,0,0,0,9,0,1,0,1,0,0,0,0,0,0,0,0,2,0,0,0,0,0,0,0,1,0,18,0,0,0,0,0,0,0,0,0,0,0,0,7,0,0,0,1,0,0,0,0,1,0,0,0,0,0,0,0,0,0,1,0,0,1,0,0,0,0,0,0,0,0,0,0,0,0,0,0,1,0,0,0,0,0,0,0,0,0,0,0,0,0,1,0,0,0,0,8,10,1,0,0,0,0,0,0,0,0,0,0,18,0,0,0,0,0,0,0,0,0,0,0,0,0,0,0,0,0,0,2,0,0,0,0,0,0,3,0,0,0,0,4,0,2,0,0,0,0,0,0,0,0,0,0,0,7,0,2,1,0,0,0,0,0,0,0,1,0,0,0,0,0,0,0,0,0,0,0,0,0,0,3,0,0,0,1,0,0,0,0,0,0,0,0,0,0,0,0,0,0,0,0,0,0,0,2,0,0,0,0,0,1,0,3,0,0,0,7,0,0,0,0,0,0,2,0,0,0,5,0,0,0,0,0,0,0,0,0,0,0,0,0,0,0,0,0,0,0,0,0,0,0,2,0,5,0,0,1,0,0,0,0,0,0,0,0,0
2018-10-21,0,0,0,0,0,0,0,0,0,0,0,0,0,0,0,0,0,0,0,0,0,0,0,8,0,1,0,0,0,0,0,0,0,0,1,0,0,0,0,1,0,0,0,0,3,7,9,0,0,0,0,0,0,0,0,0,0,0,0,7,0,0,0,3,0,0,0,0,3,0,0,1,0,0,0,0,0,0,0,0,2,0,0,0,0,0,1,0,0,0,0,0,0,0,2,0,0,0,0,0,0,0,0,0,0,0,0,0,0,0,2,0,0,0,0,11,7,5,0,0,0,0,0,0,0,1,0,0,6,0,0,0,0,0,3,0,0,0,0,0,0,0,0,0,0,0,0,6,0,0,0,0,0,0,3,0,0,0,0,4,1,0,0,0,0,0,0,0,0,0,0,1,0,16,0,2,2,0,0,0,0,0,0,0,0,0,1,0,0,0,0,4,1,0,0,0,0,0,0,6,0,0,0,1,0,0,0,0,0,0,0,0,0,0,0,0,0,0,0,1,0,0,0,3,1,0,1,0,0,3,0,11,0,0,0,9,2,0,0,0,0,0,1,0,0,0,5,0,0,0,1,0,0,0,0,0,0,0,0,0,0,0,2,0,0,0,0,0,0,0,4,3,1,0,0,1,0,0,0,0,0,0,0,0,0
2018-10-28,0,0,0,0,0,0,3,0,0,0,0,0,0,1,0,0,0,0,0,0,0,0,0,9,2,0,0,0,0,0,0,0,0,0,0,0,1,0,0,0,0,0,0,0,0,0,9,0,0,0,0,0,0,0,0,0,3,0,0,2,0,0,0,0,0,0,0,0,0,0,0,0,0,0,0,0,0,0,0,1,6,0,0,0,4,0,0,0,1,0,0,0,0,0,2,0,0,0,0,0,0,0,0,0,0,0,0,0,0,0,0,0,0,0,0,5,13,2,1,0,0,0,0,0,0,0,2,0,5,0,0,0,0,0,0,0,0,0,0,0,0,0,0,0,0,0,0,7,0,0,0,0,0,0,1,0,0,0,0,1,2,0,0,0,0,0,0,0,0,0,0,0,0,6,0,0,0,0,0,0,0,0,0,0,0,0,0,1,0,0,0,4,0,0,0,0,0,0,0,15,0,0,0,0,0,0,0,0,0,0,0,0,0,0,0,0,0,0,0,0,0,0,0,1,1,0,0,0,0,0,0,1,0,1,0,9,0,0,0,0,0,0,1,0,0,0,4,0,0,0,0,0,0,0,0,0,0,0,0,0,0,0,2,0,0,0,0,0,0,0,2,0,1,0,1,5,4,0,0,0,0,0,0,0,0
2018-11-04,0,1,0,0,0,0,9,0,0,0,0,0,0,0,0,0,0,0,0,0,0,0,0,36,1,1,0,2,0,0,0,0,0,0,0,0,3,0,0,0,0,0,0,0,0,0,0,0,1,0,0,0,0,0,0,0,0,0,0,117,0,3,0,6,0,0,0,2,0,5,0,9,2,0,0,0,0,0,0,0,3,1,0,0,9,0,0,0,0,0,0,0,2,1,2,0,0,0,0,0,0,0,0,0,0,0,0,6,8,0,0,0,0,0,0,96,7,7,0,0,0,0,0,1,0,1,0,0,22,0,1,0,0,0,0,0,0,0,0,0,0,0,0,0,0,0,0,2,0,0,0,0,0,9,8,0,0,0,0,0,1,10,0,0,0,0,0,0,0,0,0,0,0,2,0,12,0,0,0,0,1,0,0,0,3,0,0,0,0,0,0,9,1,0,0,0,0,0,2,0,0,0,0,1,0,0,0,6,0,0,0,0,0,0,0,0,0,0,0,1,0,4,0,2,1,0,0,1,0,0,0,0,0,6,0,8,8,0,0,0,0,0,0,0,0,0,8,0,0,0,6,0,0,0,0,0,0,0,0,1,0,0,1,0,0,0,0,0,0,0,7,0,7,0,0,8,0,0,0,0,0,0,0,0,0
2018-11-11,0,1,0,0,0,0,0,0,0,0,0,0,0,0,0,0,0,0,0,0,0,0,0,2,0,0,0,2,0,0,0,0,0,0,4,0,1,0,0,0,0,0,0,0,1,1,0,0,0,0,0,0,0,0,0,0,0,0,0,10,0,2,0,1,0,0,0,0,0,0,0,0,0,0,0,0,0,0,0,0,1,0,0,1,0,0,1,0,1,0,0,0,1,0,3,0,0,0,0,0,0,0,0,0,1,0,0,0,0,0,1,0,0,0,0,8,0,2,1,0,0,0,0,0,0,0,0,0,19,0,0,0,0,0,0,0,0,0,0,0,0,0,0,0,0,0,0,0,0,0,0,0,0,1,0,0,0,0,0,8,7,0,0,0,0,0,0,0,0,0,0,1,0,7,0,2,0,0,0,0,0,0,0,0,0,0,0,3,0,0,0,0,3,0,0,0,0,0,0,0,0,0,0,0,0,0,0,0,0,0,0,1,0,0,0,0,0,0,0,0,0,0,0,2,0,0,0,0,0,0,0,2,0,1,0,4,0,0,0,0,0,0,1,0,0,0,18,0,0,0,0,0,0,0,0,0,0,0,0,1,0,0,0,0,0,0,0,0,0,0,4,2,1,0,0,0,0,0,0,0,0,0,0,0,0
2018-11-18,0,0,0,0,0,0,0,0,0,0,0,0,0,0,0,0,0,0,0,0,0,0,0,11,0,0,0,1,0,0,0,1,0,0,6,0,1,2,0,0,0,0,0,0,0,2,23,0,1,0,0,1,0,0,0,0,0,0,0,23,0,1,0,1,0,0,0,0,5,1,0,0,0,0,0,1,0,0,0,0,3,1,0,1,3,0,1,0,1,0,0,0,3,0,2,0,1,0,0,0,0,0,0,0,2,0,0,1,1,0,1,0,0,0,0,16,7,5,0,0,0,1,0,0,0,1,0,0,27,0,0,0,0,0,0,0,0,0,0,0,0,0,0,0,0,0,0,2,0,0,0,0,0,2,0,0,0,0,0,0,0,3,0,0,0,0,0,0,0,0,0,0,1,10,0,1,0,0,0,0,1,0,0,0,0,0,0,1,0,0,0,4,1,0,0,0,0,0,0,3,0,0,0,1,0,0,0,1,0,0,0,0,0,0,0,0,0,0,1,1,1,2,0,0,2,0,0,0,0,0,0,3,0,0,0,11,0,0,0,0,0,0,2,0,0,1,23,0,0,0,2,0,0,0,0,0,0,0,0,1,1,0,1,0,0,0,0,0,0,0,10,1,11,0,0,0,1,0,0,0,0,0,0,0,0
2018-11-25,0,0,0,0,0,0,0,0,0,0,0,0,0,0,0,0,0,0,0,0,0,0,0,28,0,0,0,0,0,0,0,0,0,2,2,0,2,0,0,1,0,0,0,0,11,0,32,0,2,1,0,0,0,0,0,0,3,0,0,22,0,0,0,5,0,0,0,0,1,0,1,0,0,0,0,1,0,0,0,0,0,0,0,0,1,0,0,0,1,0,0,0,7,0,0,0,0,0,0,0,0,0,0,0,0,0,0,0,3,0,1,0,0,0,0,23,17,2,1,0,0,0,0,0,0,2,1,0,30,0,0,0,0,0,0,0,0,0,0,0,0,0,0,0,0,0,0,6,0,0,0,0,0,4,6,0,0,0,0,0,8,2,0,0,0,0,0,0,0,0,0,2,1,8,0,2,0,0,0,0,0,0,0,0,5,0,1,0,0,0,0,15,2,0,0,0,0,0,0,7,0,0,0,1,0,0,0,0,0,0,0,0,0,0,0,0,0,0,1,0,0,0,0,1,1,0,0,0,0,0,0,3,0,0,0,20,0,0,0,0,0,0,0,2,0,4,12,0,0,0,1,0,0,0,0,0,0,0,0,0,0,0,1,0,0,0,0,0,0,0,9,0,1,0,0,0,0,0,0,0,0,0,0,0,0
2018-12-02,0,1,0,0,0,0,0,0,0,0,0,0,0,3,0,0,0,0,0,0,0,0,0,23,0,2,0,0,0,1,0,1,0,1,5,0,3,0,0,0,0,0,0,0,8,2,25,0,0,0,0,0,0,0,0,0,0,0,0,19,0,3,0,1,3,0,0,1,6,0,0,2,0,0,0,0,0,0,0,0,11,0,0,0,1,0,0,0,0,0,0,0,1,0,4,0,1,0,0,0,0,0,0,0,0,0,0,2,0,0,1,0,0,0,0,26,12,5,0,0,0,0,0,0,0,0,2,0,52,0,0,0,0,0,1,0,0,0,0,0,0,0,0,0,0,0,0,5,0,0,0,0,0,0,7,0,0,0,0,18,2,2,0,0,0,0,0,0,0,0,0,1,1,14,0,1,0,0,0,0,0,0,0,0,2,0,0,0,0,0,0,15,3,0,0,0,0,0,1,14,0,0,0,0,0,0,0,1,0,0,0,0,0,0,0,0,0,0,0,0,0,2,0,3,1,0,0,0,0,0,0,2,0,0,0,21,0,0,0,0,0,0,2,0,0,2,11,0,0,0,5,0,0,0,0,0,0,0,0,0,1,0,1,0,0,0,0,0,0,0,7,0,2,0,0,0,0,0,0,0,0,0,0,0,0
2018-12-09,0,0,0,0,0,0,0,0,0,0,0,0,0,0,0,0,0,0,0,0,0,0,0,13,0,0,0,0,0,0,0,0,0,1,6,0,2,0,0,0,0,0,0,0,10,0,18,0,0,0,0,0,0,0,0,0,0,0,0,4,0,6,0,3,0,0,0,0,1,0,0,0,3,0,0,0,0,0,3,0,4,0,0,0,0,0,0,0,0,0,0,0,0,0,5,0,0,0,0,0,0,0,0,0,0,0,0,2,0,0,0,0,0,0,0,17,9,2,1,0,0,0,0,0,0,1,1,0,35,0,0,1,0,0,1,0,0,0,0,0,0,0,0,0,0,0,0,1,0,0,0,0,0,0,2,0,0,0,0,20,1,0,0,0,0,0,0,0,0,0,0,0,1,12,0,0,2,0,0,0,3,0,1,0,0,0,0,0,0,0,0,9,2,0,0,0,0,0,0,0,0,0,0,1,0,0,0,0,0,0,0,0,0,0,0,0,0,0,0,0,0,0,0,3,0,1,0,1,0,0,0,2,0,0,0,30,0,0,0,0,0,0,1,0,0,0,9,0,0,0,0,0,0,0,0,0,0,0,0,0,0,0,0,0,0,0,0,0,0,0,7,0,1,0,0,0,0,0,0,0,0,0,0,0,0
2018-12-16,0,0,0,0,0,0,0,0,0,0,0,0,0,1,1,0,0,0,0,0,0,0,0,41,0,1,0,1,1,0,0,0,0,4,1,0,4,0,0,1,0,0,0,0,12,4,18,0,3,0,0,0,0,0,0,0,0,0,0,7,0,4,0,4,0,0,0,0,6,1,0,0,0,0,0,0,0,0,0,0,10,0,0,0,3,0,0,0,0,0,0,0,1,1,5,0,0,0,0,0,0,0,0,0,0,0,0,1,2,0,2,0,0,0,0,32,27,4,0,0,0,0,0,0,0,2,0,1,32,0,0,0,0,0,0,0,0,0,0,0,0,0,0,0,0,0,0,5,0,0,0,0,0,1,7,0,0,0,0,20,5,1,0,0,0,0,0,0,0,0,0,1,1,19,0,1,0,0,0,0,3,0,0,0,5,0,0,0,0,0,0,19,7,0,0,0,0,0,0,16,0,0,0,0,0,0,0,0,0,0,0,0,0,0,0,0,0,0,0,1,1,3,0,12,0,0,0,0,0,0,0,0,0,1,1,23,3,0,0,0,0,0,7,0,0,0,21,0,0,0,2,0,0,0,0,0,0,0,0,0,0,0,3,0,0,0,0,0,0,0,9,0,7,0,0,0,1,0,0,0,0,0,0,0,0
2018-12-23,0,0,0,0,0,0,2,0,0,0,0,0,0,0,0,0,0,0,0,0,0,0,0,26,0,0,0,1,0,0,0,0,0,0,1,0,0,0,0,0,0,0,0,0,9,2,18,0,8,0,0,0,0,0,0,0,1,0,0,0,0,3,0,3,0,0,0,1,2,0,0,0,0,0,0,0,0,0,0,0,8,2,0,0,0,0,1,0,0,0,0,0,0,0,1,0,0,0,0,0,0,0,0,0,0,0,0,3,0,0,3,0,0,0,0,26,19,6,0,0,0,1,0,0,0,0,0,0,15,0,0,0,0,0,0,0,0,0,0,0,0,0,0,0,0,0,0,14,0,0,0,0,0,2,6,0,0,0,0,0,1,2,0,0,0,0,0,0,0,0,0,2,0,14,0,0,0,0,0,0,0,0,0,0,6,0,0,0,0,0,0,0,7,0,0,0,0,0,0,4,0,0,0,0,0,0,0,0,0,0,0,0,0,0,0,0,0,0,1,3,0,2,0,6,0,0,1,0,0,0,0,3,0,0,0,0,0,0,0,0,0,0,4,0,0,0,20,0,0,0,4,0,0,0,0,0,0,0,0,0,0,0,0,0,0,0,0,0,0,0,21,0,13,0,0,0,0,0,0,0,0,0,0,0,0
2018-12-30,0,0,0,0,0,0,0,0,0,0,0,0,0,1,0,0,0,0,0,0,0,0,0,24,0,2,0,0,0,0,0,0,0,0,2,0,4,1,0,0,0,0,0,0,12,0,7,0,3,0,0,0,0,0,0,0,0,0,0,15,0,1,0,3,1,0,0,0,2,1,0,6,0,0,0,0,0,0,0,0,9,0,0,0,0,0,1,0,0,0,0,0,0,0,5,1,0,0,0,0,0,0,0,0,0,0,0,3,0,0,0,0,0,1,0,19,15,4,1,0,0,0,0,0,0,0,0,0,5,0,0,0,0,0,0,0,0,0,1,0,0,0,0,0,0,0,0,6,0,0,0,0,0,1,4,0,0,0,0,0,3,2,0,0,0,0,0,0,0,0,0,0,0,13,0,0,0,0,0,0,1,0,0,0,4,0,0,0,0,0,0,2,5,0,0,0,0,0,0,9,0,0,0,0,0,0,0,0,0,0,0,0,0,0,0,0,0,0,0,0,0,0,0,8,1,0,0,0,0,0,0,3,0,0,0,10,3,0,0,0,0,0,3,0,0,0,8,0,0,0,0,0,0,0,0,0,0,0,0,0,0,0,0,0,0,0,0,0,0,0,4,0,9,0,0,0,0,0,0,0,0,0,0,0,0
2019-01-06,0,2,0,0,0,0,1,0,0,0,0,0,0,1,0,0,0,0,3,0,0,0,0,29,0,2,0,0,0,0,0,0,0,2,2,0,3,0,0,0,0,0,0,0,4,4,13,0,2,0,0,0,0,0,0,0,0,0,0,61,0,5,2,4,0,0,0,0,4,2,0,1,2,0,0,0,0,0,0,1,12,1,0,0,0,0,0,0,0,0,0,0,2,1,4,1,0,0,0,0,0,0,0,0,1,0,0,5,6,0,0,0,1,0,0,29,16,3,0,0,0,0,0,0,0,0,2,0,37,0,0,1,0,0,2,0,0,0,0,0,0,0,0,0,0,0,0,12,0,0,0,0,0,1,7,0,0,0,0,0,2,2,0,0,0,0,0,0,0,0,0,1,1,22,0,0,4,0,0,0,7,0,0,0,3,0,0,0,0,0,0,11,7,0,0,0,0,0,2,14,0,0,0,1,0,0,0,0,0,2,0,0,0,0,0,1,0,0,0,2,0,5,0,5,0,0,0,1,0,1,0,4,0,0,0,22,1,0,0,0,0,0,9,0,0,0,13,0,0,0,0,0,0,0,0,0,0,0,0,0,0,0,3,0,0,0,0,0,0,0,25,0,21,0,0,1,0,0,0,0,0,0,0,0,0
2019-01-13,0,0,0,0,0,0,0,0,0,0,0,0,0,2,6,0,0,0,0,0,0,0,0,48,0,2,0,0,0,0,0,3,0,5,4,0,6,0,0,0,0,0,0,0,10,1,25,0,2,0,0,0,0,0,0,0,1,0,0,58,0,3,0,4,0,0,0,0,3,0,0,4,5,0,0,0,0,0,1,1,45,0,0,0,3,0,0,0,0,0,1,0,1,0,11,2,0,0,0,0,0,0,0,0,1,0,0,3,2,0,0,0,1,0,0,21,42,6,0,0,0,0,0,0,0,4,1,0,48,0,1,0,0,0,0,0,1,0,0,0,0,0,0,0,0,0,0,8,0,0,0,0,0,5,11,0,0,0,0,29,4,4,0,0,0,0,0,0,0,0,0,3,1,17,0,2,1,0,0,0,3,0,0,0,6,0,0,1,0,2,0,30,6,0,0,0,0,0,0,8,0,0,0,1,0,0,0,0,0,2,0,0,0,0,0,3,0,0,0,2,0,2,0,10,1,0,0,0,0,3,0,3,0,4,0,33,3,0,0,0,1,0,2,0,0,0,20,0,0,0,0,0,0,0,0,0,0,0,0,0,1,0,0,0,0,0,0,0,1,0,27,0,16,0,0,2,1,0,0,0,0,0,0,0,0
2019-01-20,0,30,0,0,0,0,0,0,0,0,0,1,0,2,2,0,0,0,0,0,0,0,0,35,0,1,0,4,0,0,0,0,0,3,3,0,3,0,0,0,0,0,0,0,10,6,30,0,0,0,0,0,0,0,0,0,0,0,0,85,0,2,0,5,0,0,0,0,7,5,0,2,2,0,0,1,0,0,0,1,66,3,0,0,3,0,0,0,0,0,0,0,3,0,3,0,0,0,0,0,0,0,0,0,1,0,0,4,3,0,9,0,1,0,0,45,41,9,0,0,0,0,0,0,0,2,1,0,73,0,2,0,0,0,0,1,0,0,0,0,0,0,0,0,0,0,0,16,0,0,0,0,0,1,5,0,0,0,0,53,3,1,0,0,0,0,0,0,0,0,0,7,1,14,0,3,1,0,0,0,1,0,0,0,3,0,0,0,0,1,0,15,7,0,0,0,0,0,1,7,0,0,0,0,0,0,0,4,0,0,0,0,0,0,0,2,0,0,1,0,0,0,0,6,2,0,2,1,0,1,0,6,1,8,0,28,0,0,0,0,0,0,6,1,0,0,33,0,0,0,0,5,2,0,0,0,0,0,0,1,2,0,1,0,0,0,0,0,0,1,32,1,28,0,0,11,0,0,0,0,0,0,0,0,0
2019-01-27,0,21,0,0,0,0,1,0,0,0,0,0,0,1,0,0,0,0,0,0,0,0,0,57,0,10,0,0,0,1,0,0,0,5,7,0,6,0,0,0,0,0,0,0,25,8,24,0,3,0,0,0,0,0,0,0,0,1,0,58,0,19,1,4,2,0,0,0,7,0,0,4,1,0,0,2,0,0,0,1,65,0,0,0,3,0,0,0,0,0,0,0,11,1,7,1,0,0,0,0,0,0,0,0,1,0,0,2,3,0,0,0,0,0,0,33,27,3,0,0,0,0,0,0,0,3,0,0,72,0,0,0,0,0,0,0,0,0,0,0,0,0,0,0,0,0,0,6,0,0,0,0,0,3,7,0,0,0,0,63,2,1,0,0,1,0,0,0,1,0,0,5,0,21,0,0,6,0,0,0,7,0,0,0,1,0,0,0,0,0,0,40,24,0,0,0,0,0,1,18,0,0,0,0,0,0,0,5,0,0,0,0,0,0,0,7,0,0,1,1,0,3,0,8,0,0,2,1,3,1,0,5,1,8,0,26,2,0,0,0,1,0,11,0,0,0,49,0,0,0,0,2,0,0,0,0,0,0,0,0,0,0,2,0,0,0,1,0,0,0,24,0,14,0,0,5,1,0,0,0,0,0,0,0,0
2019-02-03,0,22,0,0,0,0,1,0,0,0,0,0,0,0,10,0,0,3,0,0,0,0,0,37,0,3,0,1,0,0,0,1,0,10,5,0,1,0,0,3,0,0,0,0,22,1,21,0,3,3,0,0,0,0,0,0,0,0,0,54,0,20,1,5,3,0,0,0,5,2,0,3,3,0,0,0,0,0,1,2,70,1,1,0,5,0,0,0,5,0,0,0,5,0,10,1,0,0,0,0,0,0,0,0,1,0,0,7,5,0,2,0,0,0,0,40,41,8,0,0,0,0,0,0,0,2,0,1,79,0,0,0,0,0,0,0,0,0,0,0,0,0,0,0,0,0,1,16,0,1,0,0,0,6,4,0,0,0,0,57,2,1,1,0,0,0,0,0,0,0,0,17,3,23,0,2,8,0,0,0,0,0,0,0,2,0,0,1,0,0,0,19,10,1,0,0,0,0,1,8,0,0,0,0,0,0,0,0,0,0,0,0,0,0,0,1,1,0,0,0,0,7,0,9,0,0,2,3,0,0,0,7,0,4,1,71,3,0,0,0,1,0,6,0,0,0,38,2,1,0,3,4,0,0,0,0,0,0,0,0,2,0,0,0,0,0,0,0,0,0,26,1,41,0,0,6,0,0,0,0,0,0,0,0,0
2019-02-10,0,6,0,0,0,0,0,0,0,0,0,0,0,0,0,0,0,0,0,0,0,0,0,41,0,1,0,0,0,2,0,3,0,9,7,0,4,0,0,3,0,0,0,0,13,5,26,0,1,9,0,0,0,0,0,0,0,0,0,25,0,6,1,6,0,0,0,1,4,0,0,0,2,0,0,0,0,0,0,1,70,1,0,2,4,0,0,0,0,0,0,0,7,0,5,0,0,0,0,0,1,0,0,0,0,0,0,4,1,0,2,0,0,1,0,31,26,1,1,0,0,0,0,0,0,0,0,0,77,0,0,0,0,0,2,0,0,0,0,0,0,0,0,0,0,0,1,6,0,0,0,0,0,3,1,0,0,0,0,61,3,2,0,0,0,0,0,0,0,0,0,25,0,18,0,2,0,1,0,0,6,0,0,0,4,0,0,0,0,1,0,37,3,1,0,0,0,0,1,21,0,0,0,0,0,0,0,1,0,2,0,0,1,0,0,0,2,0,5,0,0,3,0,8,4,0,2,0,0,2,0,0,0,9,1,92,0,0,0,0,7,0,16,0,0,1,34,1,0,0,3,1,0,0,0,0,0,0,0,1,2,0,2,0,0,0,3,0,0,0,20,1,24,0,0,3,0,0,0,0,0,0,0,0,0
2019-02-17,0,5,0,0,0,0,1,0,0,0,1,0,0,2,1,0,0,0,0,0,0,0,0,37,1,5,0,2,0,0,0,0,0,9,10,0,6,0,0,10,0,0,0,0,2,2,35,0,0,11,0,0,0,0,0,0,0,0,0,59,0,13,4,7,4,0,0,1,6,0,0,5,3,0,0,0,0,0,0,3,104,3,0,0,10,1,0,0,0,0,0,0,3,0,3,1,0,0,0,0,0,0,1,0,2,0,1,5,5,0,7,0,0,1,0,34,40,14,0,0,0,0,0,0,0,1,0,0,110,0,0,0,0,0,3,0,0,0,0,0,0,0,0,0,0,0,0,8,0,0,0,0,0,1,3,0,0,0,0,79,3,4,0,0,0,0,0,0,5,0,0,14,1,24,0,3,3,7,0,0,8,0,0,0,2,0,0,1,0,0,0,22,13,0,0,0,0,0,0,4,0,0,1,0,0,0,1,0,0,0,0,0,1,0,0,0,1,0,0,3,0,31,0,5,0,0,0,3,1,1,0,0,0,4,0,111,1,0,1,0,2,0,10,0,0,3,20,0,0,0,4,2,0,0,0,0,0,0,0,0,2,0,3,0,0,0,0,0,0,0,34,1,31,0,0,31,3,0,0,0,0,0,0,0,0
2019-02-24,0,0,0,0,0,0,2,0,0,0,0,0,0,2,0,0,0,0,0,0,0,0,0,41,2,3,0,0,0,0,0,2,0,9,16,0,5,0,0,9,0,0,0,0,1,37,32,0,5,0,0,0,1,0,0,0,0,2,0,285,0,14,8,15,2,0,0,0,7,1,0,0,2,0,0,0,0,0,0,1,72,1,0,0,32,0,0,0,0,0,0,0,4,0,7,1,0,0,0,0,0,0,0,0,3,0,0,4,2,0,20,0,0,1,0,33,44,2,1,0,1,1,0,0,0,4,0,2,118,0,0,0,0,0,0,0,0,0,1,0,0,0,0,0,0,0,0,30,0,0,0,0,0,4,3,0,0,0,0,69,2,2,0,0,0,0,0,0,0,0,0,21,1,18,0,2,3,0,0,0,6,0,0,0,7,0,0,0,0,0,0,76,14,0,0,0,0,0,1,51,0,0,0,0,0,0,0,1,0,0,0,3,0,0,0,0,4,0,5,2,0,0,0,2,2,0,0,2,1,2,0,13,0,22,0,77,0,0,1,1,1,0,1,0,0,0,35,0,0,0,3,6,0,0,0,0,0,0,0,0,1,0,8,0,0,0,2,0,0,0,9,0,44,0,0,27,14,0,0,0,0,0,0,0,0
2019-03-03,0,0,0,0,0,0,2,0,0,0,0,0,0,1,0,0,0,0,0,0,0,0,1,42,0,3,0,0,0,1,0,0,0,3,9,0,34,2,0,9,0,1,1,0,1,0,42,0,4,4,0,0,0,0,0,0,13,0,0,10,0,9,2,0,3,0,0,0,7,12,0,7,1,0,0,0,0,0,0,1,23,0,0,0,12,0,1,0,0,0,0,1,6,0,1,0,0,0,0,0,0,0,0,0,1,0,0,0,3,0,0,0,3,0,0,120,37,7,0,0,0,0,0,0,0,4,0,0,60,0,0,0,0,0,0,0,0,0,0,0,0,0,0,0,0,0,0,0,0,0,0,0,0,10,1,0,0,0,0,3,3,2,0,0,0,0,0,0,0,0,0,1,1,15,0,12,8,0,0,0,0,0,0,0,11,0,0,12,0,0,0,15,48,0,0,0,0,0,3,0,0,0,0,0,0,0,0,10,0,0,0,0,0,0,0,0,0,0,2,5,0,0,0,0,1,0,2,2,1,1,0,7,0,5,0,19,4,0,3,0,0,0,0,1,0,1,60,1,0,0,5,2,0,0,0,0,0,0,0,0,2,0,0,0,0,0,3,0,0,0,34,0,34,0,0,4,0,0,0,0,0,0,0,0,0
2019-03-10,0,0,0,0,0,0,43,0,0,0,0,0,0,2,9,0,0,1,0,0,0,0,1,167,0,10,0,4,1,0,0,2,0,3,14,0,20,0,0,12,0,0,0,0,2,2,28,0,5,1,0,0,0,0,0,0,0,0,0,43,0,16,1,3,4,0,0,1,1,3,0,2,4,0,0,1,0,0,0,0,27,1,1,0,4,0,0,0,0,0,0,0,1,1,43,14,0,0,0,0,0,0,0,0,0,0,0,2,26,0,0,0,2,0,0,114,86,1,0,0,0,1,0,0,0,3,28,0,87,0,7,0,0,0,0,0,0,0,0,0,0,0,0,1,0,0,0,3,0,0,0,0,0,8,0,0,0,0,0,5,18,12,0,0,0,0,0,0,1,0,0,1,2,4,0,3,6,0,2,0,0,0,0,0,0,0,0,0,0,0,0,16,55,1,0,0,0,0,4,6,0,0,0,0,0,0,2,0,0,0,0,0,0,0,0,0,0,0,2,15,0,5,0,3,9,0,2,5,0,34,0,3,0,3,1,61,3,0,0,0,1,0,1,0,0,1,32,0,0,0,22,7,1,0,0,0,0,0,0,0,4,0,0,0,0,0,0,0,0,0,10,3,19,0,0,10,0,0,0,0,0,0,0,0,0
2019-03-17,0,0,0,0,0,0,0,0,0,0,0,1,0,1,2,0,0,0,0,0,0,0,2,10,0,5,0,0,0,0,0,3,1,10,9,0,6,1,0,9,0,0,0,0,4,1,7,0,4,0,0,1,0,0,0,0,1,0,0,59,0,19,1,5,0,0,0,0,3,0,0,2,0,0,0,3,0,0,0,1,41,0,0,0,2,0,0,1,0,0,1,1,1,1,2,3,0,0,0,1,0,0,0,0,1,0,0,2,9,0,2,0,1,0,0,1,1,2,1,0,1,0,0,0,0,3,0,0,74,0,2,0,0,0,0,0,0,0,0,0,0,0,0,0,0,0,0,8,0,0,0,0,0,5,0,0,0,0,0,6,3,0,1,0,0,0,0,0,0,2,0,0,0,14,0,0,2,0,1,0,1,0,0,0,7,0,0,0,0,0,2,42,13,0,0,0,0,0,0,17,0,0,0,2,0,0,0,0,0,4,0,0,0,0,0,1,0,0,1,0,0,5,0,1,1,0,8,3,4,0,0,1,0,5,0,15,0,0,0,0,1,0,25,1,0,0,15,0,0,0,2,3,1,0,0,0,0,0,0,0,2,0,3,0,0,0,1,0,0,0,4,0,32,0,0,3,0,0,0,0,0,0,0,0,0
2019-03-24,0,29,0,0,0,0,0,0,0,0,0,0,0,0,2,0,0,0,1,0,0,0,0,45,0,5,0,0,0,0,0,1,0,9,15,0,0,0,0,22,0,0,0,0,11,3,44,0,2,0,0,1,0,0,0,0,0,1,0,44,0,14,0,3,1,0,0,0,6,1,0,1,1,0,0,3,0,0,0,3,35,2,0,0,2,0,0,2,2,0,0,0,4,0,4,1,0,0,0,0,0,0,0,0,1,0,0,2,2,0,0,0,1,0,0,37,16,5,1,0,1,0,0,0,0,0,0,0,90,0,0,0,0,0,0,0,0,0,1,0,1,0,0,0,0,0,0,11,1,0,0,0,0,3,1,0,0,0,0,2,2,0,0,0,0,0,0,0,0,0,0,35,3,16,3,0,3,4,0,0,21,0,0,0,5,0,0,0,0,0,0,26,31,0,0,0,0,0,0,4,0,0,0,0,0,0,0,1,0,1,0,1,0,0,0,0,0,0,0,2,0,5,0,5,1,0,1,2,0,0,0,5,0,3,0,51,3,0,0,0,1,0,6,0,0,0,17,0,0,0,1,1,1,0,0,0,0,0,0,0,0,0,2,0,0,0,1,0,0,0,8,0,14,0,0,4,0,0,0,0,0,0,0,0,0
2019-03-31,0,3,0,0,0,0,2,0,0,0,0,0,0,0,1,0,0,0,0,0,0,1,0,36,0,4,0,0,0,0,0,1,0,15,17,0,0,0,0,29,0,0,0,0,29,2,64,0,7,0,0,1,0,0,0,0,0,0,0,9,0,15,1,3,3,0,0,0,13,0,0,3,0,0,0,5,0,0,0,1,44,2,0,0,3,1,1,2,0,0,0,0,6,1,6,2,0,0,0,0,0,0,3,0,3,0,0,4,4,0,3,0,1,0,0,47,13,4,0,0,3,1,0,0,0,1,0,0,110,0,0,0,0,0,4,0,0,0,1,0,0,0,0,0,0,0,0,7,0,0,0,0,0,4,11,0,0,0,0,67,2,1,1,0,0,0,0,0,0,0,0,21,0,25,0,3,1,0,0,0,6,0,0,0,3,0,0,0,0,0,1,34,19,0,0,0,0,0,2,12,0,0,0,0,0,0,3,0,0,2,0,0,0,0,0,0,0,0,3,4,0,7,0,4,1,0,0,0,1,2,0,4,0,3,0,117,1,0,0,1,1,0,9,0,0,0,50,0,1,0,1,3,0,0,0,0,0,0,0,0,1,0,2,0,0,0,11,0,0,0,37,1,23,0,0,4,0,0,0,0,0,0,0,0,0
2019-04-07,0,3,0,0,0,0,1,0,0,0,0,1,0,2,8,0,0,1,0,0,0,1,1,66,0,13,0,0,0,1,0,2,0,9,13,0,5,0,0,24,0,0,0,0,34,4,71,0,4,4,0,0,0,0,0,1,0,0,0,15,0,28,1,4,0,0,0,1,5,4,0,5,2,0,0,4,0,0,1,0,44,0,0,0,2,0,2,2,0,0,0,0,5,2,2,0,0,0,0,0,0,0,1,0,0,0,0,6,4,0,4,0,3,3,0,44,8,8,1,1,10,0,0,0,1,1,0,0,109,0,3,0,0,0,2,1,0,0,1,0,0,0,0,0,0,0,1,12,0,0,0,0,0,7,3,0,0,0,0,67,4,1,0,0,0,0,0,0,12,0,0,21,0,23,0,0,5,0,0,0,4,0,0,0,6,0,0,2,0,0,0,32,13,0,0,0,0,0,2,23,0,0,0,0,0,0,0,1,0,1,0,0,0,0,0,2,0,0,2,1,0,5,0,6,1,0,4,0,5,2,0,5,0,6,0,136,2,0,0,0,0,0,12,0,0,0,35,1,0,0,2,7,0,0,0,0,0,0,0,1,1,0,0,0,0,0,0,0,0,0,15,0,24,0,0,9,0,0,0,0,0,0,0,0,0
2019-04-14,0,5,0,0,0,0,1,0,0,0,1,0,0,0,5,0,0,0,0,0,0,2,0,27,0,9,0,0,0,0,0,2,0,10,7,0,3,1,0,16,0,0,0,0,23,3,47,0,10,0,0,1,0,0,0,0,0,2,0,11,0,17,1,6,2,0,0,0,5,3,0,2,3,0,0,2,0,0,0,1,22,2,1,0,2,0,0,1,0,0,0,1,3,1,4,1,0,0,0,0,0,0,1,0,0,0,0,2,1,0,2,0,1,3,0,14,13,6,0,0,2,1,0,0,0,2,0,0,99,0,1,0,0,0,1,0,0,0,0,0,0,0,0,0,0,0,0,4,0,0,0,0,0,1,4,0,1,0,0,66,2,0,0,0,0,0,0,0,0,0,0,8,3,21,0,1,5,1,0,0,4,0,0,0,3,0,0,1,0,0,0,26,13,0,0,0,0,0,0,1,0,0,0,0,0,0,3,0,0,0,0,0,1,0,0,4,0,0,1,3,0,4,0,6,0,0,0,2,1,0,0,5,0,4,0,63,6,0,0,0,0,0,11,0,0,0,17,0,0,0,3,3,0,0,0,0,0,0,0,1,0,0,0,0,0,0,1,0,0,0,38,3,26,0,0,6,1,0,0,0,0,0,0,0,0
2019-04-21,0,0,0,0,0,0,1,0,0,0,0,0,0,0,0,0,0,0,0,0,0,1,0,45,0,10,0,3,0,1,0,1,0,17,4,0,5,0,0,16,0,0,0,0,21,0,14,0,7,1,0,0,0,0,0,1,0,0,0,34,0,18,0,4,0,0,0,0,1,3,0,6,0,0,0,3,0,0,0,0,44,1,0,0,5,0,0,5,0,0,0,2,5,1,10,1,0,0,0,0,0,0,1,0,2,0,0,3,7,0,1,0,3,3,0,12,25,5,0,0,3,1,0,0,0,0,0,0,104,0,2,0,0,1,0,0,0,0,1,0,0,0,0,1,0,0,0,8,0,0,0,0,0,5,2,0,0,0,0,73,2,3,1,0,0,0,0,0,0,0,0,21,1,25,1,0,4,0,0,0,7,0,0,0,3,0,0,0,0,0,0,26,12,0,0,0,0,0,0,10,0,0,0,3,0,0,0,0,0,0,0,0,0,0,0,0,0,0,2,1,0,4,0,14,0,0,6,1,4,1,0,1,0,5,0,103,3,0,0,0,1,0,8,0,0,0,22,1,0,0,1,1,0,0,0,0,0,0,0,0,0,0,5,0,0,0,1,0,0,0,12,2,19,0,0,4,0,0,0,0,0,0,0,0,0
2019-04-28,0,0,0,0,0,0,0,0,0,0,0,0,0,0,5,0,0,0,0,0,0,2,1,29,0,10,0,0,0,2,0,3,0,13,8,0,7,1,0,20,0,0,0,0,23,5,43,0,4,4,0,2,0,0,0,0,0,2,0,40,0,19,2,3,2,0,0,0,11,0,0,0,0,0,0,2,0,0,6,3,28,0,0,0,1,0,1,1,0,0,0,0,6,0,3,0,0,0,0,2,0,0,0,0,2,0,0,8,4,1,1,0,2,0,0,38,34,8,1,1,1,1,0,0,0,0,2,0,78,0,1,0,0,0,0,0,0,0,0,0,0,0,0,0,0,0,0,2,0,0,0,0,0,2,8,0,0,0,0,80,6,0,0,0,0,0,0,0,0,0,0,15,1,22,0,0,2,0,0,0,4,0,0,0,3,0,0,2,0,0,2,27,14,0,0,0,0,0,0,1,0,0,0,0,0,0,0,0,0,0,0,0,1,0,0,1,0,0,1,2,0,6,0,6,0,0,2,3,5,0,0,6,0,4,0,103,1,0,0,0,2,0,4,0,0,1,13,1,0,0,3,2,1,0,0,0,1,0,0,0,4,0,0,0,0,0,1,0,0,0,19,0,21,0,0,4,0,1,0,0,0,0,0,0,0
2019-05-05,0,3,0,0,0,0,0,0,0,0,0,0,0,1,2,0,0,0,0,0,0,0,0,41,0,8,1,0,0,0,0,0,0,20,9,0,6,0,0,18,0,0,0,0,30,2,54,0,1,0,0,0,0,0,0,0,0,0,0,30,0,22,2,4,0,0,0,0,9,1,0,2,1,0,0,0,0,0,1,0,25,2,0,0,1,1,1,3,1,0,0,0,3,0,3,1,2,0,0,0,0,0,0,0,4,0,0,2,7,0,2,0,1,46,0,35,53,3,1,0,0,1,0,0,0,2,0,0,102,0,0,0,0,0,0,0,0,0,1,0,0,0,0,0,0,0,0,7,0,1,0,0,0,1,3,0,0,0,0,75,2,0,1,0,0,0,0,0,0,0,0,18,0,30,0,2,3,0,0,0,8,0,0,0,4,0,0,1,0,0,0,16,6,1,0,0,0,0,0,10,0,0,0,0,0,0,0,1,0,0,0,0,6,0,0,2,0,0,2,3,0,2,0,7,0,0,0,0,2,0,0,4,0,4,0,109,0,0,0,0,0,0,10,0,0,1,12,0,0,0,2,4,0,0,0,0,0,0,1,0,0,0,3,0,0,0,4,0,0,0,25,2,23,0,0,9,0,1,0,0,0,0,0,0,0
2019-05-12,0,1,0,0,0,0,1,0,0,0,0,0,0,0,1,0,0,0,0,0,0,0,0,26,0,7,1,0,0,0,0,0,0,8,8,0,4,0,0,22,0,0,0,0,20,2,27,0,3,0,0,0,0,0,0,0,0,4,0,26,0,15,0,4,0,0,0,0,7,0,0,0,0,0,0,3,0,0,3,0,41,0,0,0,1,0,0,3,2,0,0,0,5,1,4,0,0,0,0,0,0,0,0,0,3,0,0,3,0,0,2,0,0,1,0,34,21,5,1,0,1,0,0,0,0,3,0,0,83,0,1,0,0,0,0,0,0,0,0,0,0,0,0,2,0,0,1,3,0,0,0,0,0,3,5,0,0,0,0,67,2,3,1,0,0,0,0,0,0,0,0,34,0,27,0,0,0,4,0,0,9,1,0,0,2,0,0,0,0,0,0,25,26,0,0,0,0,0,0,11,0,0,0,1,0,0,0,0,0,0,0,0,3,0,0,3,0,0,1,3,1,2,0,5,0,0,3,0,3,1,0,5,0,11,0,156,1,0,1,0,0,0,11,0,0,1,7,0,0,0,3,1,0,0,0,0,0,0,0,0,1,0,0,0,0,0,1,0,0,0,18,1,25,0,0,1,0,0,0,0,0,0,0,0,0
2019-05-19,0,0,0,0,0,0,0,0,0,0,1,0,0,0,6,0,0,0,1,0,0,1,0,31,0,4,1,1,0,1,0,1,0,14,6,0,0,0,0,12,1,0,0,0,15,1,23,0,0,0,0,0,0,0,0,0,0,1,0,15,0,0,0,2,0,0,0,0,0,1,0,0,0,0,0,3,0,0,0,0,35,0,0,0,1,0,0,1,0,0,0,0,2,0,0,0,0,0,0,0,0,0,1,0,2,0,0,0,6,0,1,0,1,0,0,42,34,2,0,0,1,0,0,0,0,1,0,0,71,0,1,0,0,0,1,0,0,0,0,0,0,0,0,0,0,0,0,1,0,0,0,0,0,0,1,0,0,0,0,67,1,0,0,0,0,0,0,0,0,0,0,14,0,8,0,0,1,0,0,0,2,0,0,0,0,0,0,0,0,0,0,11,7,0,0,0,0,0,0,0,0,0,0,0,0,0,0,0,0,0,0,0,2,0,0,1,0,0,0,0,1,1,0,3,0,0,0,0,2,1,0,3,0,0,0,111,0,0,2,0,0,0,4,0,0,0,10,0,0,0,0,4,0,0,0,0,0,0,0,1,1,0,0,0,0,0,0,0,1,0,10,0,0,0,0,2,0,1,0,0,0,0,0,0,0
2019-05-26,0,0,0,0,0,0,0,0,0,0,0,0,0,0,1,0,0,0,0,0,0,1,1,33,0,2,0,0,0,1,0,1,0,11,10,0,2,0,0,18,0,0,0,0,17,0,48,0,3,0,0,0,0,0,0,0,0,0,0,12,0,2,2,4,0,0,0,0,1,0,0,0,0,0,0,0,0,0,0,0,19,1,0,0,0,0,0,1,0,0,0,0,0,0,0,0,0,0,0,0,0,0,0,0,0,0,0,6,0,0,1,0,2,0,0,28,17,3,0,0,0,0,0,0,0,0,0,0,65,0,0,0,0,0,0,0,0,0,0,0,0,0,0,0,0,0,0,2,0,0,0,0,0,2,6,0,0,0,0,32,2,0,0,0,0,0,0,0,0,0,0,16,0,18,0,0,7,0,0,0,8,1,0,0,1,0,0,0,0,0,0,17,5,0,0,0,0,0,1,0,0,0,0,1,0,0,1,0,0,0,0,0,0,0,0,0,0,0,2,0,2,0,0,0,0,0,3,1,0,0,0,1,0,1,0,92,7,0,0,0,0,0,4,0,0,0,8,0,0,0,0,0,0,0,0,0,0,0,0,1,0,0,0,0,0,0,0,0,0,0,14,2,10,0,0,0,0,0,0,0,0,0,0,0,0
2019-06-02,0,0,0,0,0,0,1,0,0,0,0,0,0,1,2,0,0,0,0,0,0,1,1,46,0,5,1,0,0,1,0,1,0,8,3,0,2,0,0,3,0,0,0,0,16,0,18,0,0,0,0,0,0,0,0,0,0,1,0,17,0,6,1,1,0,0,0,0,0,0,0,1,0,0,0,0,0,0,1,0,30,0,0,0,1,0,1,0,0,0,0,0,4,0,2,0,0,0,0,0,0,0,0,0,0,0,0,0,0,0,0,0,1,0,0,13,20,3,0,0,1,0,0,0,0,1,0,0,90,0,1,0,0,0,1,0,0,0,0,0,0,0,0,0,0,0,0,8,0,0,0,0,0,2,6,0,0,0,0,51,3,1,0,0,0,0,0,0,0,1,0,18,0,18,0,1,0,1,0,0,9,0,0,0,0,0,0,0,0,0,0,11,4,0,0,0,0,0,0,7,0,0,0,1,0,0,0,0,0,1,0,0,0,0,0,0,0,0,5,3,2,1,0,3,0,0,1,1,0,0,0,0,0,1,0,62,0,0,1,0,1,0,4,0,0,0,6,1,0,0,1,4,0,0,0,0,0,0,0,1,0,0,0,0,0,0,0,0,0,0,10,0,10,0,0,3,0,1,0,0,0,0,0,0,0
2019-06-09,0,1,0,0,0,0,0,0,0,0,0,0,0,0,0,0,0,0,0,0,0,0,0,9,0,6,1,0,0,0,0,1,0,9,4,0,0,0,0,7,1,0,0,0,6,0,36,0,3,0,0,1,0,0,0,0,0,0,0,14,0,0,0,1,0,0,0,1,0,0,0,1,0,0,0,2,0,0,0,0,29,0,0,0,0,0,0,0,0,0,0,0,0,0,2,0,0,0,0,0,0,0,2,0,0,0,0,1,0,0,0,0,0,0,0,10,19,2,0,0,0,1,0,0,0,0,0,0,46,0,3,0,0,0,0,0,0,0,0,0,0,0,0,0,0,0,0,1,0,0,0,0,0,0,0,0,0,0,0,39,1,0,0,0,1,0,0,0,0,0,0,15,0,6,0,0,1,1,1,0,13,0,0,0,1,0,0,0,0,0,0,8,0,0,0,0,0,0,0,2,0,0,0,1,0,0,0,0,0,0,0,0,0,0,0,0,0,0,0,0,1,0,0,0,0,0,0,0,0,0,0,0,0,0,0,51,1,0,0,0,0,0,0,0,0,0,9,0,0,0,0,0,1,0,0,0,0,0,0,0,0,0,4,0,0,0,0,0,0,0,4,0,2,0,0,0,0,0,0,0,0,0,0,0,0
2019-06-16,0,1,0,0,0,0,4,0,0,0,0,0,0,0,0,0,0,0,0,0,0,0,0,32,0,3,0,0,0,0,0,0,0,10,6,0,0,0,0,24,0,0,0,0,15,0,29,0,1,0,0,1,0,0,0,0,0,0,0,5,0,1,0,2,0,0,0,0,0,0,0,1,0,0,0,0,0,0,0,0,19,0,0,0,0,0,0,1,0,0,0,0,0,0,1,0,0,0,0,0,0,0,1,0,2,0,0,1,1,0,1,0,0,0,0,21,28,2,0,0,0,0,0,0,0,0,0,0,54,0,0,0,0,0,0,0,0,0,0,0,0,0,0,0,0,0,0,3,0,0,0,0,0,0,4,0,0,0,0,54,1,2,0,0,0,0,0,0,0,0,0,16,0,21,0,1,0,0,0,0,13,0,0,0,0,0,0,0,0,0,1,17,3,0,0,0,0,0,0,0,0,0,0,0,0,0,0,0,0,1,0,0,1,0,0,0,0,0,1,1,1,2,0,0,0,0,0,1,0,1,0,3,0,1,0,49,0,0,0,0,0,0,3,0,0,0,13,1,0,0,1,1,0,0,0,0,0,0,0,0,0,0,0,0,0,0,1,0,0,0,13,0,2,0,0,2,0,0,0,0,0,0,0,0,0
2019-06-23,0,0,0,0,0,0,1,0,0,0,0,0,0,0,0,0,0,0,0,0,0,0,0,21,0,5,0,2,0,1,0,0,0,6,2,0,1,0,0,23,0,0,0,0,12,0,35,0,2,0,0,0,0,0,0,0,0,0,0,5,0,0,0,1,0,0,0,0,0,0,0,0,0,0,0,0,0,0,0,0,23,1,0,0,2,0,0,0,1,0,0,0,3,0,5,0,0,0,0,0,0,0,0,0,1,0,0,0,3,0,0,0,2,1,0,26,24,2,0,0,2,0,0,0,0,1,0,0,72,0,0,0,0,0,0,0,0,0,0,0,0,0,0,0,0,0,0,4,0,0,0,0,0,1,0,0,0,0,0,29,3,0,0,0,0,0,0,0,0,0,0,21,0,9,0,0,0,0,0,0,6,0,0,0,2,0,0,0,0,0,0,23,0,0,0,0,0,0,0,1,0,0,0,0,0,0,0,1,0,1,0,0,0,0,0,1,0,0,1,0,0,0,0,1,0,0,1,0,0,1,0,0,0,0,0,66,2,0,0,0,1,0,3,0,0,0,10,0,0,0,0,2,0,0,0,0,0,0,0,0,1,0,2,0,0,0,2,0,0,0,8,0,6,0,0,3,0,1,0,0,0,0,0,0,0
2019-06-30,0,2,0,0,0,0,0,0,0,0,0,0,0,0,0,0,0,0,0,0,0,0,0,23,0,7,0,0,0,0,0,0,0,8,0,0,0,0,0,22,0,0,0,0,8,0,20,0,0,0,0,0,0,0,0,0,0,0,0,3,0,0,1,1,0,0,0,1,0,1,0,0,0,0,0,0,0,0,0,0,23,0,0,0,0,0,1,0,0,0,0,0,0,0,2,0,1,0,0,0,0,0,1,0,0,0,0,0,0,0,0,0,0,0,0,18,34,1,0,0,0,0,0,0,0,0,0,0,88,0,0,0,0,0,0,0,0,0,0,0,0,0,0,0,0,0,0,1,0,0,0,0,0,0,2,0,1,0,0,46,2,0,1,0,1,0,0,0,0,0,0,30,0,8,0,0,4,0,0,0,3,0,0,0,1,0,0,0,0,0,0,8,2,0,0,0,0,0,0,0,0,0,0,0,0,0,0,0,0,0,0,0,0,0,0,0,0,0,0,1,0,0,0,2,0,0,1,0,0,0,0,1,0,0,2,50,0,0,0,0,0,0,1,1,0,0,2,0,0,0,1,1,0,0,0,0,0,0,0,0,0,0,1,0,0,0,0,0,0,0,9,0,0,0,0,5,0,0,0,0,0,0,0,0,0
2019-07-07,0,0,0,0,0,0,0,0,0,0,0,0,0,0,0,0,0,0,0,0,0,0,0,5,0,2,0,0,0,0,0,0,0,1,0,0,0,0,0,8,0,0,0,0,2,0,25,0,1,0,0,0,0,0,0,0,0,0,0,5,0,0,0,0,0,0,0,0,1,0,0,0,1,0,0,4,0,0,0,0,33,0,0,0,0,0,0,0,0,0,0,0,0,0,0,0,0,0,0,0,0,0,0,0,0,0,0,0,0,0,0,0,0,0,0,8,4,0,0,0,0,0,0,0,0,0,0,0,16,0,0,0,0,0,0,0,0,0,0,0,0,0,0,0,0,0,0,0,0,0,0,0,0,0,0,0,0,0,0,14,0,0,0,0,0,0,0,0,0,0,0,7,0,2,0,0,0,0,0,0,4,0,0,0,0,0,0,0,0,0,0,1,0,0,0,0,0,0,0,0,0,0,0,0,0,0,0,0,0,1,0,0,0,0,0,0,0,0,0,0,0,0,0,0,0,0,1,0,0,0,0,0,0,0,0,33,0,0,0,0,0,0,0,0,0,0,0,0,0,0,0,0,0,0,0,0,0,0,0,0,0,0,0,0,0,0,0,0,0,0,0,0,1,0,0,0,0,0,0,0,0,0,0,0,0
2019-07-14,0,0,0,0,0,0,0,0,0,0,0,0,0,0,0,0,0,0,0,0,0,0,0,5,0,6,0,0,0,1,0,0,0,2,0,0,0,0,0,5,0,0,0,0,4,0,8,0,0,0,0,0,0,0,0,0,0,0,0,1,0,0,0,0,0,0,0,0,0,0,0,0,0,0,0,0,0,0,0,0,7,0,0,0,0,0,0,0,0,0,0,0,0,0,0,0,0,0,0,0,0,0,0,0,0,0,0,1,0,0,0,0,0,0,0,8,11,0,0,0,0,0,0,0,0,0,0,0,20,0,0,0,0,0,0,0,0,0,0,0,0,0,0,0,0,0,0,0,0,0,0,0,0,0,0,0,0,0,0,25,1,0,0,0,0,0,0,0,0,0,0,14,1,10,0,0,2,0,0,0,5,0,0,0,2,0,0,0,0,0,0,2,0,0,0,0,0,0,0,0,0,0,0,0,0,0,0,0,0,1,0,0,0,0,0,0,0,0,1,0,0,0,0,0,0,0,0,0,0,0,0,0,0,0,1,41,0,0,0,0,0,0,0,0,0,0,0,0,0,0,0,1,0,0,0,0,0,0,0,0,0,0,0,0,0,0,0,0,0,0,2,0,2,0,0,0,0,0,0,0,0,0,0,0,0
2019-07-21,0,0,0,0,0,0,0,0,0,0,0,0,0,0,0,0,0,0,0,0,0,0,0,4,0,5,0,0,0,2,0,0,0,3,0,0,0,0,0,5,0,0,0,0,3,0,16,0,0,0,0,0,0,0,0,0,0,0,0,1,0,0,0,0,0,0,0,0,1,0,0,0,0,0,0,1,0,0,0,0,13,0,0,0,0,0,0,0,1,0,0,0,0,0,0,0,0,0,0,0,0,0,0,0,0,0,0,0,0,0,0,0,0,0,0,6,10,0,1,0,0,0,0,0,0,0,0,0,31,0,1,0,0,0,0,0,0,0,0,0,0,0,0,0,0,0,0,0,0,0,0,0,0,0,3,0,0,0,0,31,0,1,0,0,0,0,0,0,0,0,0,15,0,4,0,0,1,0,0,0,4,0,0,0,0,0,0,0,0,0,0,8,0,0,0,0,0,0,0,0,0,0,0,0,0,0,0,0,0,0,0,0,0,0,0,0,0,0,0,0,1,0,0,1,0,0,4,0,0,0,0,0,0,0,0,27,0,0,0,0,0,0,1,0,0,0,0,0,0,0,0,0,0,0,0,0,0,0,0,0,0,0,0,0,0,0,0,0,0,0,2,0,1,0,0,0,0,0,0,0,0,0,0,0,0
2019-07-28,0,0,0,0,0,0,0,0,0,0,0,0,0,0,0,0,0,0,0,0,0,1,0,8,0,3,0,0,0,1,0,0,0,2,2,0,0,0,0,13,0,0,0,0,9,0,18,0,2,0,0,0,0,0,0,0,0,0,0,3,0,0,0,2,0,0,0,0,0,0,0,1,0,0,0,0,0,0,0,0,7,0,0,0,0,0,1,0,0,0,0,0,0,0,0,1,0,0,0,0,0,0,1,0,0,0,0,1,0,0,0,0,1,0,0,15,15,1,1,0,0,1,0,0,0,0,0,0,28,0,0,0,0,0,0,0,0,0,0,0,0,0,0,0,0,0,0,0,0,0,0,0,0,0,2,0,0,0,0,0,1,0,0,0,0,0,0,0,0,0,0,16,0,10,0,1,9,0,0,0,5,0,0,0,0,0,0,0,0,0,0,6,1,0,0,0,0,0,0,3,0,0,0,0,0,0,0,0,0,1,0,0,0,0,0,1,0,0,1,0,0,0,0,2,0,0,2,1,0,0,0,1,0,0,1,37,0,0,0,0,0,0,2,0,0,0,0,0,0,0,1,0,0,0,0,0,0,0,0,0,0,0,1,0,0,0,0,0,0,0,2,0,5,0,0,1,0,0,0,0,0,0,0,0,0
2019-08-04,0,0,0,0,0,0,0,0,0,0,0,0,0,0,0,0,0,0,0,0,0,0,0,7,0,0,0,0,0,1,0,0,0,0,0,0,0,0,0,4,0,0,0,0,5,0,16,0,0,0,0,0,0,0,0,0,0,0,0,2,0,0,0,1,0,0,0,0,0,0,0,1,0,0,0,0,0,0,0,0,10,0,0,0,0,0,0,0,0,0,0,0,0,0,0,0,0,0,0,0,0,0,0,0,0,0,0,0,1,0,0,0,0,0,0,4,12,2,0,0,0,0,0,0,0,0,0,0,10,0,0,0,0,0,0,0,0,0,0,0,0,0,0,0,0,0,0,0,0,0,0,0,0,0,0,0,0,0,0,0,0,0,0,0,0,0,0,0,0,0,0,5,0,3,0,0,2,0,0,0,1,0,0,0,0,0,0,0,0,0,0,3,0,0,0,0,0,0,0,0,0,0,0,0,0,0,0,0,0,0,0,0,0,0,0,0,0,0,1,0,0,0,0,0,0,0,0,0,0,0,0,0,0,0,0,14,0,0,0,0,0,0,0,0,0,0,0,0,0,0,0,0,0,0,0,0,0,0,0,0,0,0,0,0,0,0,0,0,0,0,3,0,0,0,0,1,0,0,0,0,0,0,0,0,0
2019-08-11,0,2,0,0,0,0,0,0,0,0,0,0,0,1,0,0,0,0,0,0,0,0,0,10,0,4,0,0,0,0,0,0,0,2,1,0,0,0,0,4,0,0,0,0,4,0,2,0,0,0,0,0,0,0,0,0,0,0,0,0,0,0,0,1,0,0,0,0,0,0,0,1,0,0,0,0,0,0,0,0,20,0,0,0,0,0,0,0,0,0,0,0,0,0,0,0,0,0,0,0,0,0,0,0,0,0,0,1,0,0,0,0,0,0,0,5,7,0,0,0,0,0,0,0,0,0,0,0,32,0,0,0,0,0,0,0,0,0,0,0,0,0,0,0,0,0,0,1,0,0,0,0,0,0,0,0,0,0,0,0,1,0,0,0,0,0,0,0,0,0,0,2,0,7,0,0,0,0,0,0,5,0,0,0,1,0,0,0,0,0,0,5,0,0,0,0,0,0,0,0,0,0,0,0,0,0,0,0,0,0,0,0,0,0,0,0,0,0,0,0,1,0,0,3,0,0,0,0,0,0,0,1,0,0,0,27,0,0,0,0,0,0,0,0,0,0,0,1,0,0,0,0,0,0,0,0,0,0,0,0,0,0,0,0,0,0,0,0,0,0,1,0,0,0,0,6,0,0,0,0,0,0,0,0,0
2019-08-18,0,0,0,0,0,0,0,0,0,0,0,0,0,0,0,0,0,0,0,0,0,0,0,5,0,2,0,0,0,0,0,0,0,0,0,0,0,0,0,0,0,0,0,0,6,0,10,0,0,0,0,0,0,0,0,0,0,0,0,0,0,0,0,1,0,0,0,0,0,0,0,0,0,0,0,0,0,0,0,0,10,0,0,0,0,0,0,0,0,0,0,0,2,0,0,0,0,0,0,0,0,0,0,0,0,0,0,0,0,0,0,0,0,0,0,5,9,0,0,0,0,0,0,0,0,1,0,0,20,0,1,0,0,0,0,0,0,0,0,0,0,0,0,0,0,0,0,0,0,0,0,0,0,0,2,0,0,0,0,8,1,0,0,0,0,0,0,0,0,0,0,4,0,0,0,0,0,0,0,0,2,0,0,0,0,0,0,0,0,0,0,2,0,0,0,0,0,0,0,0,0,0,0,0,0,0,0,0,0,0,0,0,0,0,0,1,0,0,0,0,0,0,0,0,0,0,0,0,0,0,0,0,0,0,0,12,1,0,0,0,0,0,0,0,0,0,0,0,0,0,0,0,0,0,0,0,0,0,0,0,0,0,0,0,0,0,0,0,0,0,2,0,0,0,0,1,0,0,0,0,0,0,0,0,0
2019-08-25,0,0,0,0,0,0,0,0,0,0,0,0,0,0,0,0,0,0,0,0,0,0,0,4,0,1,0,0,0,0,0,1,0,2,0,0,3,0,0,10,0,0,0,0,5,0,9,0,2,0,0,0,0,0,0,0,0,0,0,0,0,0,0,0,0,0,0,0,0,0,0,0,0,0,0,0,0,0,0,0,15,0,0,0,0,0,0,0,1,0,0,0,0,0,0,0,0,0,0,0,0,0,0,0,0,0,0,1,0,0,1,0,0,0,0,8,8,0,0,0,0,0,0,0,0,0,0,0,15,0,0,0,0,0,0,0,0,0,0,0,0,0,0,0,0,0,0,1,0,0,0,0,0,0,0,0,0,0,0,3,0,0,0,0,0,0,0,0,0,0,0,1,0,8,0,0,0,0,0,0,4,0,0,0,0,0,0,0,0,0,0,8,2,0,0,0,0,0,0,0,0,0,0,0,0,0,0,0,0,0,0,0,0,0,0,0,0,0,0,0,0,0,0,0,0,0,0,0,0,0,0,0,0,0,0,10,0,0,0,0,0,0,0,0,0,0,0,0,0,0,0,0,0,0,0,0,0,0,0,0,0,0,1,0,0,0,0,0,0,0,1,0,1,0,0,0,0,0,0,0,0,0,0,0,0
2019-09-01,0,0,0,0,0,0,0,0,0,0,0,0,0,0,0,0,0,0,0,0,0,0,0,8,0,3,0,0,0,0,0,0,0,4,5,0,4,0,0,11,0,0,0,0,7,0,11,0,0,0,0,0,0,0,0,0,0,0,0,0,0,0,0,0,0,0,0,0,0,1,0,0,0,0,0,1,0,0,0,0,11,0,0,0,0,0,0,0,0,0,0,0,0,0,0,0,0,0,0,0,0,0,0,0,0,0,0,0,0,0,2,0,0,1,0,10,12,1,0,0,0,0,0,0,0,0,0,0,27,0,0,0,0,0,0,0,0,0,0,0,0,0,0,0,0,0,0,1,0,0,0,0,0,0,0,0,0,0,0,9,0,0,0,0,0,0,0,0,0,0,0,4,0,5,0,2,0,0,0,0,7,0,0,0,0,0,0,0,0,0,0,3,0,0,0,0,0,0,0,0,0,0,0,0,0,0,0,0,0,1,0,0,0,0,0,0,0,0,0,0,0,0,0,1,0,0,0,1,0,0,0,0,0,0,0,14,1,0,0,0,0,0,0,0,0,0,0,0,0,0,0,0,0,0,0,0,0,0,0,0,0,0,1,0,0,0,0,0,0,0,2,0,1,0,0,3,0,0,0,0,0,0,0,0,0
2019-09-08,0,1,0,0,0,0,0,0,0,0,0,0,0,1,0,0,0,0,1,0,0,1,0,8,0,0,0,0,0,0,0,0,0,1,3,0,1,0,0,2,0,0,0,0,8,0,7,0,0,0,0,0,0,0,0,0,2,0,0,0,0,0,0,1,0,0,0,0,0,0,0,0,0,0,0,0,0,0,0,0,19,0,0,0,0,0,0,0,0,0,0,0,0,0,0,0,0,0,0,0,0,0,0,0,0,0,0,0,0,0,1,0,1,2,0,5,8,1,0,0,0,0,0,0,0,1,0,0,18,0,0,0,0,0,0,0,0,0,0,0,0,0,0,0,0,0,0,0,0,0,0,0,0,0,3,0,0,0,0,15,0,0,0,0,0,0,0,0,0,0,0,9,0,6,0,0,1,0,0,0,2,0,0,0,1,0,0,1,0,0,0,5,0,0,0,0,0,0,0,1,0,0,0,0,0,0,0,1,0,2,0,0,0,0,0,0,0,0,0,0,0,0,0,0,0,0,0,1,0,0,0,4,0,0,0,17,0,0,1,0,0,0,0,0,0,0,0,1,0,0,0,0,0,0,0,0,0,0,0,0,0,0,0,0,0,0,0,0,0,0,4,0,1,0,0,2,0,0,0,0,0,0,0,0,0
2019-09-15,0,2,0,0,0,0,1,0,0,0,0,1,0,0,0,0,0,2,0,0,0,0,0,7,0,1,0,0,0,0,0,0,0,0,5,0,3,0,0,4,0,0,0,0,3,2,10,0,3,1,0,0,0,0,0,0,1,0,0,0,0,2,2,3,0,0,0,0,2,1,0,0,0,0,0,0,0,0,0,0,6,1,0,0,0,0,0,0,0,0,0,0,0,0,3,0,0,0,0,0,0,0,0,0,0,0,0,3,2,0,1,0,1,0,0,5,12,2,0,0,0,0,0,0,0,0,0,0,25,0,0,0,0,0,0,0,0,0,0,0,0,0,0,0,0,0,0,5,1,1,0,0,0,1,1,0,0,0,0,12,1,1,0,0,0,0,0,0,0,0,0,5,0,14,0,1,0,0,0,0,2,0,0,0,3,0,0,0,0,0,0,1,0,0,0,0,0,0,0,4,0,0,0,0,0,0,0,0,0,0,0,0,0,0,0,1,0,0,0,0,0,0,0,1,0,0,0,0,0,0,0,3,0,0,0,22,0,0,0,0,0,0,2,0,0,1,0,0,0,0,0,0,0,0,0,0,0,0,0,0,0,0,1,0,0,0,1,0,0,0,13,0,6,0,0,4,0,0,0,0,0,0,0,0,0
2019-09-22,0,2,0,0,0,0,1,0,0,0,0,1,0,0,0,0,0,1,0,0,0,0,0,11,0,0,0,0,0,0,0,0,0,2,0,0,4,1,0,5,0,0,0,0,6,0,7,0,1,0,0,0,0,0,0,0,0,0,0,2,0,2,0,4,0,0,0,0,2,0,0,0,0,0,0,0,0,0,0,0,5,0,0,0,0,0,0,0,0,0,0,0,0,0,0,1,0,0,0,0,0,0,0,0,1,0,0,2,1,0,0,0,2,2,0,10,9,1,0,0,0,0,0,0,0,0,1,0,31,0,0,0,0,0,0,0,0,0,0,0,0,0,0,0,0,0,0,6,1,0,0,0,0,2,3,0,0,0,0,10,3,0,0,0,0,0,0,0,0,0,0,3,0,11,0,1,0,0,0,0,3,0,0,0,4,0,0,1,0,0,0,3,0,0,0,0,0,0,0,0,0,0,0,0,0,0,0,0,0,0,0,0,0,0,0,1,0,0,1,0,0,2,0,2,0,0,0,0,0,1,0,4,0,0,0,16,0,0,0,0,1,0,1,0,0,1,0,0,0,0,1,0,0,0,0,0,0,0,0,0,0,0,2,0,0,0,0,0,0,0,6,2,0,0,0,6,0,0,0,0,0,0,0,0,0
2019-09-29,0,0,0,0,0,0,0,0,0,0,0,0,0,0,0,0,0,0,0,0,0,0,0,3,0,3,0,0,0,0,0,1,0,3,1,0,3,0,0,5,0,0,0,0,5,0,13,0,1,0,0,1,0,0,0,0,0,0,0,0,0,0,0,1,0,0,0,0,0,1,0,0,0,0,0,0,0,0,0,0,11,0,0,0,0,0,1,0,0,0,0,0,0,0,1,0,1,0,0,0,0,0,0,0,0,0,0,0,0,0,0,0,3,1,0,6,8,2,0,0,0,0,0,0,0,0,0,0,31,0,0,0,0,0,0,0,0,0,0,0,0,0,0,0,0,0,0,2,0,0,0,0,0,0,0,0,0,0,0,12,1,0,0,0,0,0,0,0,0,0,0,2,0,7,0,0,1,0,0,0,3,0,0,0,1,0,0,1,0,0,0,4,1,0,0,0,0,0,1,0,0,0,0,0,0,0,0,1,0,0,0,0,1,0,0,0,0,0,0,1,0,0,0,0,0,0,0,1,0,0,0,1,0,3,0,15,0,0,0,0,1,0,0,0,0,0,0,0,0,0,0,0,0,0,0,0,0,0,0,0,0,0,0,0,0,0,0,0,0,0,3,0,4,0,0,0,0,0,0,0,0,0,0,0,0
2019-10-06,0,3,0,0,0,0,0,0,0,0,0,0,0,0,0,0,0,0,0,0,0,0,0,8,0,4,0,0,0,1,0,0,0,0,2,0,4,0,0,1,0,0,0,0,8,1,12,0,0,0,0,0,0,0,0,0,0,0,0,1,0,1,0,1,0,0,0,0,0,1,0,1,0,0,0,0,0,0,0,0,4,1,0,0,1,0,0,0,0,0,0,0,0,0,2,0,0,0,0,0,0,0,0,0,0,0,0,3,1,0,1,0,1,0,0,6,9,1,0,0,0,1,0,0,0,0,0,0,56,0,0,0,0,0,2,0,0,0,0,0,0,0,0,0,0,0,0,3,0,0,0,0,0,1,0,0,0,0,0,23,1,1,0,0,0,0,0,0,0,0,0,13,0,13,0,1,0,0,0,0,2,0,0,0,1,0,0,1,0,0,0,7,1,0,0,0,0,0,1,0,0,0,0,1,0,0,0,0,0,0,0,0,0,0,0,0,0,0,0,4,0,1,0,6,0,0,0,1,0,0,0,1,0,1,0,21,2,0,0,0,0,0,1,0,0,0,4,0,0,0,0,0,0,0,0,0,0,0,0,0,0,0,0,0,0,0,1,0,0,0,12,1,11,0,0,1,1,0,0,0,0,0,0,0,0
2019-10-13,0,3,0,0,0,0,3,0,0,0,0,0,0,0,0,0,0,0,0,0,0,0,0,9,0,4,0,0,0,1,0,0,0,2,2,0,1,0,0,11,0,0,0,0,14,3,18,0,0,0,0,1,0,0,0,0,0,0,0,1,0,0,0,2,0,0,0,0,1,1,0,3,0,0,0,0,0,0,0,0,1,1,0,0,2,0,0,0,0,0,0,0,6,0,1,0,0,0,0,0,0,0,0,0,0,0,0,1,0,0,1,0,1,0,0,12,19,5,0,0,0,0,0,0,0,0,0,0,6,0,0,0,0,0,0,0,0,0,0,0,0,0,0,0,0,0,0,0,0,0,0,0,0,0,2,0,0,0,0,30,1,1,0,0,0,0,0,0,0,0,0,17,0,12,0,0,1,0,0,0,4,0,0,0,4,0,0,2,0,0,0,11,3,0,0,0,0,0,1,0,0,0,0,0,0,0,0,1,0,0,0,0,0,0,0,0,0,0,0,2,0,1,0,4,0,0,0,1,0,1,0,0,0,1,0,30,0,0,0,0,0,0,4,0,0,1,3,0,0,0,1,1,0,0,0,0,0,0,0,1,0,0,0,0,0,0,1,0,0,0,11,1,13,0,0,3,0,0,0,0,0,0,0,0,0
2019-10-20,0,7,0,0,0,0,2,0,0,0,0,0,0,0,0,0,0,0,0,0,0,0,0,15,0,1,0,0,0,0,0,0,0,4,4,0,2,0,0,12,0,0,0,0,0,3,17,0,4,0,0,0,0,0,0,0,0,0,0,11,0,5,0,3,0,0,0,1,1,1,0,2,0,0,0,0,0,0,0,1,12,1,0,0,2,0,0,2,0,0,0,0,0,0,3,1,0,0,0,0,0,0,0,0,0,0,0,2,0,0,3,0,1,1,0,14,19,3,0,0,0,0,0,0,0,0,0,0,25,0,0,0,0,0,2,0,0,0,0,0,0,0,0,0,0,0,0,5,1,0,0,0,0,2,2,0,0,0,0,41,2,3,0,0,0,0,0,0,0,0,0,15,0,15,0,1,1,0,0,0,1,0,0,0,9,0,0,3,0,0,0,8,1,0,1,0,0,0,1,4,0,0,0,0,0,0,0,0,0,0,0,0,0,0,0,0,0,0,0,1,0,0,0,4,4,0,0,2,0,1,0,5,0,5,0,23,3,0,0,0,0,0,5,0,0,0,8,0,0,0,1,1,0,0,0,0,0,0,0,0,0,0,2,0,0,0,0,0,0,0,7,2,3,0,0,5,4,0,0,0,0,0,0,0,0
2019-10-27,0,0,0,0,0,0,0,0,0,0,0,0,0,1,0,0,0,0,0,0,0,0,0,12,0,3,0,1,0,0,0,0,0,2,4,0,6,0,0,13,0,0,0,0,1,5,16,0,2,0,0,0,0,0,0,0,0,0,0,90,0,3,0,7,3,0,0,0,0,0,0,6,0,0,0,0,0,0,1,0,10,0,0,0,0,0,0,1,0,0,0,0,1,2,0,0,0,0,0,0,0,0,0,0,0,0,0,0,2,0,5,0,1,1,0,10,17,1,0,0,2,0,0,0,0,0,3,0,20,0,0,0,0,0,0,0,0,0,0,0,0,0,0,0,0,0,0,5,4,0,0,0,0,0,3,0,0,0,0,15,3,0,0,0,0,0,0,0,0,0,0,5,1,15,0,0,0,0,0,0,2,0,0,0,0,0,0,1,0,0,0,11,6,0,0,0,0,0,1,6,0,0,0,1,0,0,0,0,0,0,0,0,0,0,0,0,0,0,0,4,0,1,0,0,3,0,0,2,0,1,0,8,0,2,2,23,1,0,0,0,1,0,8,0,0,1,7,0,0,0,1,0,0,0,0,0,0,0,0,0,0,0,3,0,0,0,0,0,0,0,15,1,6,0,0,9,0,0,0,0,0,0,0,0,0
2019-11-03,0,7,0,0,0,0,5,0,0,0,0,0,0,1,0,0,0,0,0,0,0,0,0,33,0,7,0,0,0,0,0,0,0,7,6,0,12,2,0,16,0,0,0,0,2,28,62,0,1,0,0,0,0,0,0,0,10,1,0,25,0,2,0,20,0,0,0,0,1,4,0,2,1,0,0,1,0,0,0,0,10,2,0,0,10,0,1,0,0,0,0,0,1,0,8,0,0,0,0,0,0,0,0,0,0,0,0,5,1,0,0,0,2,0,0,113,20,1,0,0,0,0,0,0,0,0,0,0,64,0,1,0,0,0,3,0,0,0,0,0,0,0,0,0,0,0,0,5,5,0,0,1,0,6,1,0,0,0,0,32,22,0,0,0,0,0,0,0,0,1,0,5,0,24,0,1,2,4,0,0,4,0,0,0,4,0,0,0,0,0,0,21,3,0,0,0,0,0,3,11,0,0,0,0,0,0,0,3,0,1,0,7,0,0,0,19,0,0,0,8,0,4,0,3,0,0,0,1,0,0,0,14,0,11,0,8,2,0,0,0,0,0,0,0,0,1,10,0,0,0,0,2,0,0,0,0,0,0,0,0,5,0,0,0,0,0,0,0,0,0,19,1,13,0,0,1,0,0,0,0,0,0,0,0,0
2019-11-10,0,0,0,0,0,0,0,0,0,0,0,0,0,1,0,0,0,0,0,0,0,2,0,0,0,11,0,0,0,0,0,0,0,4,5,0,3,0,0,0,0,0,0,0,5,2,9,0,0,0,0,0,1,0,0,0,0,0,0,5,0,4,1,3,0,0,1,1,1,0,0,0,2,0,0,0,0,0,0,0,1,0,0,0,0,0,0,0,0,0,0,0,0,0,0,3,0,0,0,0,0,0,0,0,0,0,0,2,5,0,1,0,27,1,0,2,1,0,0,0,1,0,0,0,0,0,0,0,100,0,0,0,0,0,0,0,0,0,0,0,0,0,0,1,0,0,0,0,0,0,0,0,0,0,0,0,0,0,0,11,5,11,1,0,0,0,0,0,3,1,0,1,0,10,0,0,0,0,0,0,0,0,0,0,5,0,0,1,0,0,0,3,1,0,0,0,0,0,0,0,0,0,0,0,0,0,0,0,0,0,0,0,1,0,0,13,0,0,0,0,1,0,0,0,1,0,1,2,0,18,0,19,0,6,0,4,0,0,0,0,0,0,9,0,0,1,2,0,0,0,1,0,0,0,0,0,0,0,0,0,0,0,1,0,0,0,1,0,0,0,8,0,14,0,0,4,0,0,0,0,0,0,0,0,0
2019-11-17,0,0,0,0,0,0,0,0,0,0,0,0,0,0,0,0,0,0,0,0,0,0,0,11,0,5,0,0,0,0,0,0,0,7,6,0,6,0,0,0,0,0,0,0,5,3,9,0,6,0,0,0,0,0,0,0,0,0,0,16,0,0,0,3,3,0,2,0,0,0,0,1,1,0,0,2,0,0,0,0,10,0,0,0,0,0,0,0,0,0,0,0,3,0,0,0,0,0,0,0,0,0,0,0,0,0,0,0,0,0,1,0,0,0,0,10,0,1,1,0,0,1,0,0,0,0,2,0,92,0,1,0,0,0,0,0,0,0,0,0,0,0,0,1,0,0,0,8,0,0,0,0,0,0,6,0,0,0,0,41,1,0,0,0,0,0,0,0,0,0,0,0,0,14,0,0,1,0,0,0,0,0,0,0,9,0,0,2,0,0,0,7,4,0,0,0,0,0,0,0,0,0,0,0,0,0,0,0,0,0,0,0,1,0,0,0,0,0,0,2,0,3,0,0,0,0,0,1,0,0,0,2,0,2,0,20,0,0,0,0,0,0,3,0,0,0,14,0,0,0,0,0,0,0,0,0,0,0,0,0,0,0,2,0,0,0,0,0,0,0,16,4,16,0,0,6,0,0,0,0,0,0,0,0,0
2019-11-24,0,0,0,0,0,0,0,0,0,0,0,0,0,2,0,0,0,0,0,0,0,0,0,23,0,9,0,0,0,1,0,0,0,6,10,0,6,0,0,20,0,0,0,0,26,6,31,0,1,0,0,0,0,0,0,0,0,0,0,16,0,4,0,1,0,0,0,0,2,1,0,15,0,0,0,0,0,0,0,0,6,1,0,0,2,1,0,0,0,0,0,0,3,0,0,0,1,0,0,0,0,0,1,0,2,0,0,2,4,0,1,0,0,0,0,22,11,2,1,0,0,0,0,0,0,0,0,0,129,0,0,0,0,0,1,0,0,0,0,0,0,0,0,0,0,0,0,6,0,0,0,0,0,0,3,0,0,0,0,58,3,0,1,0,0,0,0,0,0,0,0,6,0,16,0,0,1,0,0,0,0,0,0,0,3,0,0,0,0,0,0,26,2,0,0,0,0,0,2,2,0,0,0,1,0,0,0,0,0,0,0,0,0,0,0,4,0,0,0,2,2,0,0,4,0,0,0,1,0,1,0,3,0,2,1,46,0,0,1,0,2,0,4,0,0,0,9,0,0,0,3,1,0,0,0,0,0,0,0,0,0,0,3,1,0,0,0,0,0,0,16,0,18,0,0,5,0,0,0,0,0,0,0,0,0
2019-12-01,0,15,0,0,0,0,2,0,0,0,0,0,0,3,0,0,0,0,0,0,0,0,0,30,0,20,0,1,0,1,0,3,0,17,10,0,8,0,0,13,0,0,0,0,36,7,30,0,1,0,0,0,0,0,0,0,0,0,0,1,0,33,0,5,0,0,0,1,3,1,0,3,2,0,0,5,0,0,0,3,14,1,0,0,4,0,0,0,0,0,0,0,3,0,5,0,0,0,0,0,0,0,0,0,4,0,0,1,2,0,1,0,3,1,0,23,43,4,0,0,3,0,0,0,0,0,0,0,147,0,0,0,0,0,0,0,0,0,0,0,0,0,0,0,0,0,0,15,0,0,0,0,0,5,1,0,0,0,0,47,1,2,0,0,0,0,0,0,0,0,0,28,0,24,0,1,4,0,0,0,0,0,0,0,6,0,0,0,0,0,0,12,7,0,0,0,0,0,0,13,0,0,0,0,0,0,0,2,0,1,0,0,2,0,0,4,0,0,0,3,0,4,0,12,2,0,1,0,0,3,0,9,0,6,0,71,3,0,0,0,0,0,11,0,0,2,11,0,0,0,2,0,0,0,0,0,0,0,0,0,2,0,0,0,0,0,1,0,0,0,22,0,31,0,0,6,0,0,0,0,0,0,0,0,0
2019-12-08,0,0,0,0,0,0,3,0,0,0,0,0,0,3,2,0,0,0,0,0,0,0,0,23,0,9,0,1,0,1,0,0,0,7,15,0,5,0,0,16,0,0,0,0,25,3,42,0,2,0,0,0,0,0,0,0,0,0,0,31,0,64,1,4,0,0,0,1,1,0,0,11,0,0,0,2,0,0,1,0,15,0,1,0,5,0,0,2,0,0,0,0,2,1,2,1,0,0,0,0,0,0,1,0,1,0,0,1,3,0,2,0,0,0,0,14,35,8,0,0,3,0,0,0,0,0,0,0,138,0,2,0,0,0,0,0,0,0,0,0,0,0,0,0,0,0,0,4,1,0,0,0,0,3,13,0,0,0,0,47,1,1,0,0,0,0,0,0,0,0,0,38,0,14,0,1,3,0,0,0,8,0,0,0,1,0,0,0,0,0,0,19,6,0,0,0,0,0,1,13,0,0,0,1,0,0,0,0,0,1,0,0,1,0,0,3,0,0,0,3,0,1,0,6,0,0,1,2,1,0,0,8,0,6,0,70,0,0,0,0,0,0,1,0,0,0,7,0,0,0,1,0,0,0,0,0,0,0,0,0,1,0,1,0,0,0,0,0,0,0,21,0,15,0,0,3,0,0,0,0,0,0,0,0,0
2019-12-15,0,0,0,0,0,0,0,0,0,0,0,0,0,0,0,0,0,0,0,0,0,0,0,32,0,11,0,1,0,0,0,0,0,6,14,0,3,0,0,24,0,0,0,0,14,9,62,0,4,0,0,0,0,0,0,0,0,0,0,6,0,49,0,3,0,0,0,0,0,0,0,2,0,0,0,0,0,0,0,1,16,0,0,0,1,1,0,0,0,0,0,0,2,1,4,0,0,0,0,0,0,0,1,0,1,0,0,2,3,0,0,0,2,0,0,17,41,2,1,0,0,0,0,0,0,1,0,0,146,0,1,0,0,0,0,0,0,0,0,0,0,0,0,0,0,0,0,11,0,0,0,0,0,3,3,0,0,0,0,0,5,2,0,0,0,0,0,0,0,0,0,30,0,21,0,1,0,0,0,0,5,0,0,0,4,0,0,2,0,0,0,17,9,0,0,0,0,0,0,0,0,0,0,0,0,0,0,0,0,4,0,0,1,0,0,0,0,0,0,4,2,2,0,4,2,0,1,0,0,1,0,8,0,5,0,70,2,0,0,0,0,0,10,0,0,0,20,0,0,0,1,0,0,0,0,0,0,0,0,0,2,0,0,0,0,0,0,0,0,0,27,0,20,0,0,7,0,0,0,0,0,0,0,0,0
2019-12-22,0,0,0,0,0,0,0,0,0,0,0,1,0,0,0,0,0,0,0,0,0,0,0,24,0,3,0,0,0,0,0,0,0,5,6,0,0,0,0,16,0,0,0,0,9,7,30,0,0,0,0,0,0,0,0,0,0,0,0,11,0,28,0,2,0,0,0,0,1,1,0,4,0,0,0,0,0,0,0,0,4,0,0,0,0,0,0,0,3,0,0,0,1,0,5,0,0,0,0,0,0,0,0,0,0,0,0,0,0,0,0,0,0,0,0,18,25,2,0,0,1,0,0,0,0,0,0,0,0,0,0,0,0,0,0,1,0,0,0,0,0,0,0,0,0,0,0,12,0,0,0,0,0,0,0,0,0,0,0,0,3,0,0,0,0,0,0,0,0,0,0,9,0,21,0,0,0,0,0,0,3,0,0,0,3,0,0,2,1,0,0,0,5,0,0,0,0,0,0,9,0,0,0,0,0,0,0,0,0,0,0,0,0,0,0,4,0,0,0,0,0,0,0,4,0,0,0,0,0,0,0,8,0,4,0,12,0,0,1,0,0,0,0,0,0,0,12,0,0,0,0,0,0,0,0,0,0,0,0,0,0,0,0,0,0,0,0,0,0,0,17,0,20,0,0,3,0,0,0,0,0,0,0,0,0
2019-12-29,0,0,0,0,0,0,0,0,0,0,0,0,0,1,0,0,0,0,0,0,0,0,0,36,0,6,0,1,0,1,0,1,0,7,7,0,0,0,0,0,0,0,0,0,9,7,15,0,0,0,0,0,1,0,0,0,0,0,0,0,0,37,0,3,0,0,0,0,3,0,0,9,2,0,0,0,0,0,0,1,7,0,0,0,0,1,0,0,0,0,0,0,2,1,3,2,0,0,0,0,0,0,0,0,0,0,0,0,0,0,0,0,0,0,0,14,40,10,0,0,0,0,0,0,0,0,0,0,4,0,1,0,0,0,0,0,0,0,0,0,0,0,0,0,0,0,0,3,0,0,0,0,0,4,0,0,0,0,0,0,4,0,0,0,0,1,0,0,0,0,0,18,0,33,0,0,3,0,0,0,5,0,0,1,3,0,0,1,0,0,0,0,6,0,0,0,0,0,1,0,0,0,0,1,0,0,0,0,0,0,0,0,0,0,0,0,0,0,1,0,0,0,0,6,0,0,0,0,0,1,0,8,0,16,0,1,0,0,0,0,2,0,0,0,0,0,22,0,0,0,0,0,0,0,0,0,0,0,0,0,2,0,0,0,0,0,0,0,0,0,23,0,12,0,0,3,0,0,0,0,0,0,0,0,0
2020-01-05,0,14,0,0,0,0,2,0,0,0,0,1,0,0,0,0,0,0,0,0,0,0,0,19,0,7,0,1,0,1,0,2,0,3,16,0,7,0,0,0,0,0,0,0,22,6,36,0,0,0,0,0,0,0,0,0,0,0,0,30,0,43,0,5,0,0,0,1,4,2,0,12,5,0,0,0,0,0,0,2,40,2,0,0,0,0,0,0,1,0,0,0,2,0,10,1,0,0,0,0,0,0,4,0,0,0,0,0,0,0,0,0,0,0,0,15,37,3,0,0,2,0,0,0,0,1,0,0,29,0,1,0,0,0,2,0,0,0,0,0,0,0,0,0,0,0,0,8,1,0,0,0,0,2,1,0,0,0,0,4,3,1,0,0,0,0,0,0,0,0,0,29,0,22,0,4,1,0,0,0,8,0,0,0,5,0,0,1,0,0,0,22,14,0,0,0,0,0,0,0,0,0,0,0,0,0,0,2,0,2,0,0,0,0,0,0,0,0,0,3,0,0,0,7,3,0,0,1,0,1,0,13,0,8,0,20,1,0,0,0,1,0,1,0,0,0,30,0,0,0,0,0,0,0,0,0,0,0,0,0,2,0,1,0,0,0,1,0,0,0,28,0,31,0,0,8,0,0,0,0,0,0,0,0,0
2020-01-12,0,11,0,0,0,0,0,0,0,0,0,4,0,0,0,0,0,0,0,0,0,0,0,51,0,11,0,2,0,0,0,3,0,6,27,0,8,0,0,24,0,0,0,0,42,8,85,0,0,0,0,0,0,0,0,0,0,1,0,24,0,54,0,8,2,0,0,1,5,0,3,4,5,0,0,1,0,0,1,0,27,3,0,1,2,0,2,1,0,0,0,0,4,0,4,1,0,0,0,0,0,0,2,0,1,0,0,0,0,0,5,1,0,1,0,24,37,10,0,0,2,1,0,0,0,4,0,0,194,0,1,0,1,0,0,0,0,0,0,0,0,0,0,0,0,0,0,9,0,0,0,0,0,4,4,0,0,0,0,53,5,1,0,0,0,0,0,0,0,0,0,31,0,25,0,1,1,0,0,0,11,0,0,0,7,0,0,1,1,0,0,22,16,0,0,0,0,0,3,11,0,0,0,1,0,0,0,3,0,0,1,0,2,1,0,4,0,0,0,0,0,4,0,14,0,0,1,0,3,0,0,11,0,14,3,23,1,0,0,0,0,0,10,0,0,3,22,0,0,0,0,1,0,0,0,0,0,0,0,0,4,0,4,0,0,0,1,0,0,0,24,2,39,0,0,7,1,0,0,0,0,0,0,0,0
2020-01-19,0,0,0,0,0,0,3,0,0,0,0,1,0,0,2,0,0,0,0,0,0,0,0,26,0,12,0,2,0,1,0,2,0,24,55,0,4,0,0,20,0,0,0,0,50,9,87,0,0,0,0,0,0,0,0,1,0,0,0,23,0,53,0,2,1,0,0,1,3,1,0,17,1,0,0,3,0,0,3,0,15,1,0,0,3,0,1,0,0,0,0,1,4,0,6,1,0,0,0,0,0,0,0,0,5,0,0,6,4,0,1,5,0,0,0,32,56,5,0,0,1,1,0,0,0,0,0,1,235,0,1,0,0,0,0,0,0,0,0,0,0,0,0,1,0,0,0,15,3,0,0,0,0,4,10,0,0,0,0,95,1,1,0,0,0,0,0,0,0,0,0,52,0,25,0,6,5,0,0,0,11,0,0,0,10,0,0,0,0,0,0,21,8,0,0,0,0,0,2,22,0,0,0,2,0,0,0,0,0,0,0,0,4,0,0,1,0,0,0,5,0,1,0,9,0,0,0,1,2,2,0,14,0,4,0,13,3,0,2,0,2,0,16,0,0,0,15,0,0,0,2,4,0,0,0,0,0,0,0,0,2,0,0,0,0,0,0,0,1,0,39,2,34,0,1,5,1,0,0,0,0,0,0,0,0
2020-01-26,0,5,0,0,0,0,1,0,0,0,0,2,0,8,2,0,0,0,0,0,0,0,0,37,0,9,0,0,0,0,0,2,0,29,46,0,4,0,0,29,0,0,0,0,57,12,73,0,4,0,0,0,0,0,0,0,2,1,0,16,0,65,0,3,2,0,0,11,2,3,0,4,2,0,0,0,0,0,0,0,52,2,0,0,1,1,1,1,1,0,0,0,2,1,6,0,0,0,0,0,0,0,2,0,4,0,0,10,2,0,2,0,0,1,0,36,44,5,0,0,1,2,0,0,0,4,0,2,172,0,1,0,0,0,0,0,0,0,0,0,0,0,0,2,0,0,0,7,0,1,0,0,0,0,4,0,0,0,0,55,4,1,1,0,0,0,0,0,0,0,0,80,2,21,1,3,4,0,0,0,8,0,0,0,0,0,0,1,0,0,0,13,12,0,0,0,0,0,0,0,0,0,0,4,0,0,0,0,0,2,0,0,0,0,0,0,0,0,0,0,2,1,0,4,0,0,4,0,4,3,0,11,0,10,0,19,2,0,3,0,0,0,7,0,0,3,30,0,0,0,1,5,1,0,0,0,0,0,0,1,0,0,2,0,0,0,1,0,0,0,19,2,20,0,0,2,0,0,0,0,0,0,0,0,0
2020-02-02,0,0,0,0,0,0,2,0,0,0,1,4,0,4,0,0,0,2,0,0,0,0,0,32,0,16,0,4,0,0,0,1,0,29,57,0,8,0,0,23,1,0,0,0,56,8,96,0,1,1,0,0,0,0,0,1,0,1,0,28,0,59,1,5,0,0,0,1,2,2,0,19,8,0,0,0,0,0,3,1,19,2,0,0,0,0,3,0,1,0,0,0,6,1,10,0,0,0,0,0,0,0,7,0,4,0,0,3,5,0,0,0,3,1,0,39,74,3,2,1,2,0,0,0,0,2,2,0,259,0,0,0,0,0,0,0,0,0,0,0,0,0,1,2,0,0,0,17,0,0,0,0,0,4,15,0,0,0,0,38,5,0,1,0,0,0,0,0,0,0,0,41,2,24,0,2,0,0,0,0,8,0,0,0,5,0,0,0,0,0,0,27,17,0,0,0,0,0,2,19,0,0,0,0,0,0,0,5,2,2,0,0,6,0,0,4,0,0,0,4,1,0,0,16,0,0,1,1,1,1,0,13,0,3,3,59,8,0,0,0,0,1,11,0,0,0,41,0,0,0,2,7,0,0,0,0,0,0,0,2,9,0,0,0,0,0,3,0,0,0,35,1,47,0,2,6,0,0,0,0,0,0,0,0,0
2020-02-09,0,11,0,0,0,0,0,0,0,0,0,3,0,6,2,0,0,3,0,0,0,0,1,63,0,22,0,1,0,0,0,2,0,19,58,0,6,0,0,37,0,0,0,0,75,11,36,0,2,1,0,0,0,0,0,0,0,4,0,11,0,80,1,4,3,0,1,15,6,3,0,19,3,0,0,1,0,0,1,0,56,3,0,0,3,0,1,0,3,0,0,1,16,1,6,0,0,0,0,0,0,0,6,0,5,0,0,5,3,1,3,0,0,4,0,51,44,3,3,1,2,0,0,0,0,2,0,0,232,0,2,0,0,0,2,0,0,0,0,1,0,0,1,0,0,0,0,16,1,1,0,0,0,3,3,0,0,0,0,36,2,0,3,0,0,0,0,0,0,0,0,32,0,23,0,1,4,0,0,0,18,0,0,0,8,0,0,0,0,0,0,25,14,0,0,0,0,0,2,20,0,0,0,1,0,0,0,2,2,0,0,0,5,0,0,2,0,0,0,3,2,2,0,17,3,0,4,1,0,2,0,13,0,12,1,165,2,0,0,0,1,1,15,0,0,0,27,0,0,0,1,6,0,0,0,0,0,0,0,1,2,0,3,0,0,0,1,0,0,0,23,3,27,1,1,8,0,1,0,0,0,0,0,0,0
2020-02-16,0,7,0,0,0,0,1,0,0,0,0,2,0,5,1,0,0,0,0,0,0,0,1,29,0,6,0,1,0,2,0,4,0,22,35,0,5,0,0,22,0,0,0,0,62,19,118,0,0,0,0,0,0,0,0,0,0,21,0,35,0,75,3,1,2,0,1,2,2,3,0,31,0,0,0,3,0,0,9,0,44,3,0,0,5,0,0,1,0,0,0,2,3,0,6,0,0,0,0,0,0,0,3,0,2,0,0,3,5,0,2,0,2,1,0,20,60,5,0,1,3,3,0,0,0,3,0,0,197,0,0,0,0,0,0,0,0,0,0,0,0,0,0,0,0,0,0,17,0,0,0,0,0,4,19,0,0,0,0,33,6,3,0,0,0,0,0,0,0,0,0,72,0,18,0,1,1,0,1,0,12,0,0,0,10,0,0,0,0,0,0,20,7,0,0,0,0,0,6,3,0,0,0,0,0,0,0,0,1,5,0,7,5,0,0,0,0,0,0,3,1,3,0,20,3,0,16,3,1,1,0,10,0,4,0,121,0,0,1,1,0,0,16,0,0,0,21,0,0,0,4,0,1,0,0,0,0,0,0,0,2,0,1,0,0,0,5,0,0,0,38,2,35,1,0,2,2,1,0,0,0,0,0,0,0
2020-02-23,0,0,0,0,0,0,0,0,0,0,1,0,0,3,0,0,0,0,0,0,0,0,1,61,0,12,0,2,0,2,0,0,0,15,50,0,5,0,0,10,0,0,0,0,34,5,0,0,4,1,0,0,0,0,0,0,0,2,0,7,0,63,0,4,1,0,1,2,1,1,0,10,0,0,0,4,0,0,0,0,13,2,0,1,1,0,3,2,1,0,0,0,3,1,8,0,0,0,0,0,0,0,3,0,7,0,0,1,3,0,0,0,2,0,0,32,64,14,2,0,1,0,0,0,0,4,0,1,288,0,3,0,0,0,0,0,0,0,0,1,0,0,0,0,0,0,0,10,0,0,0,0,0,1,1,0,0,1,0,21,5,0,2,0,0,0,0,0,0,0,0,43,2,13,0,0,2,0,0,0,12,0,0,0,4,0,0,2,1,0,0,21,18,0,0,0,0,0,1,5,0,0,0,0,0,0,0,0,0,0,0,0,0,0,0,0,0,0,0,4,1,1,0,0,0,0,12,0,3,0,0,0,0,12,1,62,2,0,0,0,0,0,10,0,0,0,20,0,0,0,0,0,1,0,0,0,0,0,0,0,1,0,2,0,0,0,0,0,0,0,18,3,24,1,0,3,0,0,0,0,0,0,0,0,0
2020-03-01,0,18,0,0,0,0,3,1,0,0,1,1,0,7,0,0,0,0,0,0,0,0,3,108,0,9,0,1,0,5,0,0,0,28,34,0,7,2,0,10,0,0,0,0,14,14,52,0,2,1,0,0,0,0,0,0,5,6,0,45,0,4,1,5,6,0,0,1,11,6,0,15,14,0,0,2,0,0,2,0,37,11,0,1,3,0,0,2,1,0,0,1,3,0,9,0,0,0,0,0,0,0,0,0,1,0,0,4,0,0,8,0,5,2,0,8,41,4,1,0,4,3,0,0,0,0,0,0,239,0,2,0,0,0,4,0,0,0,0,0,0,0,1,0,0,0,0,7,0,0,0,0,0,2,15,0,0,0,0,34,1,0,1,0,0,0,0,0,0,0,0,76,3,16,0,8,0,3,0,0,22,0,0,0,8,0,0,3,0,0,0,19,12,0,0,0,0,0,2,7,0,0,0,0,0,0,0,0,0,11,0,0,0,0,0,8,0,0,0,1,1,2,0,17,3,0,6,0,4,2,0,6,0,18,1,59,2,0,0,0,0,0,10,0,0,0,20,0,0,0,0,7,0,0,0,0,3,0,1,1,10,0,1,0,0,0,1,0,1,0,35,0,32,0,0,4,7,0,0,0,0,0,0,0,0
2020-03-08,0,9,0,0,0,0,1,1,0,0,0,0,0,7,0,0,0,1,2,0,0,0,0,6,0,1,0,1,0,2,0,1,0,17,6,0,12,0,0,40,0,0,0,0,2,0,77,0,4,0,0,2,0,0,0,0,0,2,0,110,0,1,0,4,0,0,0,0,1,1,0,5,3,0,0,3,0,0,1,0,44,1,0,1,0,0,2,1,0,0,0,2,0,0,12,4,0,0,0,0,0,0,1,0,1,0,0,1,19,0,0,0,10,2,0,48,51,0,0,0,4,1,0,0,1,1,4,0,41,0,1,0,0,0,0,0,0,0,0,0,1,0,0,0,0,0,0,35,18,0,0,0,0,18,0,0,0,0,0,7,19,3,0,0,1,0,0,0,0,0,0,49,0,20,0,0,0,4,0,0,12,0,0,0,14,0,0,2,1,0,0,37,21,0,0,0,0,0,0,17,0,0,0,2,0,0,0,0,0,2,0,2,1,0,0,0,0,0,0,5,3,2,0,0,8,0,5,2,5,11,0,7,0,9,0,14,5,0,0,0,0,0,0,0,0,3,0,0,0,0,3,5,0,0,0,0,0,0,0,1,0,0,6,0,0,0,3,0,1,0,51,0,28,0,0,5,0,0,0,0,0,0,0,0,0
2020-03-15,0,5,0,0,0,0,0,0,0,0,0,1,0,3,0,0,0,0,1,0,1,3,2,31,0,16,0,0,0,0,0,0,0,2,2,0,6,2,0,9,0,0,0,0,2,8,8,0,4,1,0,0,0,0,0,0,0,1,0,135,0,0,4,10,0,0,0,0,2,1,0,2,0,0,0,5,0,0,0,0,17,1,0,0,5,1,3,3,1,0,0,2,0,0,7,0,0,0,0,0,0,0,0,0,6,0,0,0,3,0,1,0,0,1,0,95,0,2,0,0,3,0,0,0,0,0,1,4,14,0,1,0,0,0,0,0,0,0,0,0,0,0,0,0,0,0,1,0,0,0,0,0,0,0,0,0,0,0,0,3,5,7,2,0,0,0,0,0,1,1,0,17,0,0,0,0,0,5,0,0,0,0,0,0,1,0,0,1,2,0,0,3,26,0,0,0,0,0,0,18,0,0,0,1,0,0,0,0,0,0,0,0,4,0,0,0,0,0,0,7,1,3,0,5,0,0,0,0,7,0,0,2,0,5,0,55,0,0,1,0,0,0,9,0,0,0,1,0,0,0,5,1,0,0,0,0,0,0,1,0,0,0,1,1,0,0,15,0,0,0,23,0,24,0,0,0,0,0,0,0,0,0,0,0,0
2020-03-22,0,7,0,0,0,0,1,0,0,0,0,3,1,7,0,0,0,2,0,0,0,2,0,24,0,13,0,0,0,0,0,1,0,0,9,0,7,0,0,0,0,0,0,0,1,8,7,0,3,1,0,0,0,0,0,1,0,2,0,0,0,42,0,9,0,0,0,1,1,2,0,8,0,0,0,6,0,0,0,0,1,0,0,0,0,0,1,1,0,0,0,0,1,1,3,1,0,0,0,0,0,0,0,0,5,0,0,0,3,1,1,0,0,3,0,63,0,4,0,0,5,0,0,1,0,1,0,0,3,0,0,0,0,0,0,0,0,0,2,0,0,0,0,1,0,0,2,9,0,1,0,0,0,6,1,0,0,0,0,0,2,0,0,0,0,0,0,0,0,0,0,3,0,9,0,2,0,0,0,0,0,0,0,0,11,0,0,2,2,0,0,4,6,0,0,0,0,0,0,0,0,0,0,1,0,0,0,0,1,4,0,8,2,0,0,3,0,0,2,0,2,0,0,0,1,0,1,0,3,3,0,0,0,12,1,54,2,0,4,0,1,0,9,0,0,2,19,0,0,0,2,0,0,0,0,0,0,0,0,0,1,0,1,0,0,0,3,0,0,0,20,0,20,0,3,8,0,0,0,0,0,0,0,0,0
2020-03-29,0,0,0,0,0,0,0,0,0,0,0,4,1,8,0,2,0,0,0,0,0,2,2,0,0,17,0,0,0,0,0,0,0,1,7,0,0,0,0,2,0,0,0,0,0,12,15,0,5,3,0,0,0,0,0,0,0,0,0,14,0,46,0,1,2,0,1,0,1,0,0,10,2,0,0,0,0,0,0,0,28,3,1,2,0,2,1,0,1,0,0,1,3,1,2,1,0,0,0,0,0,0,1,0,2,0,0,1,0,0,2,0,0,0,0,8,18,2,0,0,5,0,0,0,0,1,0,0,12,0,1,0,0,0,3,0,0,0,2,0,0,0,0,0,0,0,3,3,0,0,0,0,0,2,2,0,0,0,0,45,8,0,2,0,0,0,0,0,1,0,0,14,2,18,0,0,0,2,0,0,2,0,0,0,5,0,0,2,0,0,0,16,1,0,0,0,0,0,1,0,0,0,0,0,0,0,0,0,0,3,0,0,2,0,0,3,0,0,0,5,1,0,0,22,1,0,0,1,5,0,0,0,0,15,2,54,2,0,1,0,1,0,7,1,0,0,6,0,0,0,2,0,1,0,0,0,0,0,0,0,2,0,3,0,0,0,2,0,1,0,22,2,21,0,1,8,0,0,0,0,0,0,0,0,0
2020-04-05,0,0,0,0,0,0,0,0,0,0,0,5,0,3,4,0,0,0,0,0,0,3,0,6,0,10,0,0,0,1,0,3,0,7,10,0,8,1,0,24,0,0,0,0,13,9,10,0,6,5,0,0,0,0,0,3,0,0,0,8,0,30,1,0,2,0,0,1,6,2,0,8,0,0,0,1,0,0,0,0,44,6,0,0,0,0,4,0,0,0,0,1,1,0,5,0,0,0,0,0,0,0,1,0,2,0,0,2,5,1,0,0,0,0,0,17,42,3,0,0,4,0,0,0,0,0,0,0,13,0,2,0,0,0,1,0,0,0,0,0,0,0,0,0,0,0,0,6,0,0,0,0,0,3,7,0,1,0,0,39,2,2,0,0,0,0,0,0,0,0,0,6,3,12,0,2,5,3,1,0,19,1,0,0,5,0,0,0,0,0,0,4,5,0,0,0,0,0,2,2,0,0,0,7,0,0,0,0,1,0,0,0,0,0,0,0,0,0,0,2,2,0,0,9,2,0,0,0,2,0,0,2,0,4,0,59,2,0,0,0,0,0,13,0,0,0,12,0,0,0,0,0,0,0,0,0,0,0,0,0,4,0,1,0,0,0,4,0,0,0,23,1,20,3,1,6,2,0,0,0,0,0,0,0,0
2020-04-12,0,0,0,0,0,0,0,0,0,0,0,3,0,8,1,0,0,0,2,0,0,1,0,1,0,11,0,0,0,4,0,1,0,4,26,0,1,0,0,21,0,0,0,0,24,9,28,0,1,1,0,0,0,0,0,2,0,0,0,19,0,12,3,4,0,0,0,0,0,0,0,11,0,0,0,0,0,0,14,0,64,1,0,2,0,0,3,1,1,0,0,1,0,1,4,0,0,0,0,0,0,0,1,0,3,0,0,0,0,0,1,0,2,2,0,20,19,0,0,0,0,0,0,0,0,0,0,0,12,1,0,0,0,0,0,0,0,0,0,0,0,0,0,0,0,0,0,4,0,0,0,0,0,1,6,0,0,0,0,6,1,1,1,0,0,0,0,0,0,0,0,17,1,7,0,1,0,0,0,0,17,0,0,0,5,0,0,0,0,0,0,17,2,0,0,0,0,0,0,4,0,0,0,3,0,0,0,0,0,2,0,0,0,0,0,1,0,0,0,3,1,0,0,2,0,0,0,0,1,1,0,3,0,3,2,66,6,0,0,0,0,0,1,1,0,2,6,0,0,0,0,0,1,0,0,0,0,0,1,0,1,0,3,0,0,0,1,0,0,0,8,1,8,0,0,2,0,0,0,0,0,0,0,0,0
2020-04-19,0,0,0,0,0,0,0,0,0,0,0,1,0,1,4,0,0,0,0,0,0,2,0,33,0,14,0,0,0,0,0,0,0,15,35,0,1,0,0,21,0,0,0,0,51,8,20,0,3,0,1,0,0,0,0,0,0,0,0,17,0,19,0,2,0,0,1,0,0,2,0,5,3,0,0,0,0,0,1,0,47,0,0,0,13,1,0,2,0,0,0,0,3,4,0,0,0,0,0,0,0,0,2,0,1,0,0,1,1,0,2,0,0,0,0,25,32,0,1,0,3,0,0,0,0,0,0,0,3,0,1,0,0,0,0,0,0,0,0,0,0,0,0,0,0,0,0,3,0,1,0,0,0,0,0,0,0,0,0,5,6,0,0,0,0,0,0,0,0,0,0,12,0,5,0,0,2,0,0,0,10,0,0,0,3,0,0,0,0,0,0,13,0,0,0,0,0,0,0,2,0,0,0,0,0,0,0,0,0,1,0,0,0,1,0,1,0,0,0,5,0,0,0,1,0,0,5,1,3,1,0,4,0,1,1,110,1,0,1,0,0,0,7,1,0,0,6,0,0,0,0,5,0,0,0,0,0,0,0,0,0,0,1,0,0,0,0,0,0,0,7,0,8,0,0,7,0,0,0,0,0,0,0,0,0
2020-04-26,0,0,0,0,0,0,1,0,0,0,0,1,0,3,0,1,0,0,0,0,0,0,2,29,0,10,0,0,0,0,0,1,0,16,36,0,4,0,0,38,0,0,0,0,59,9,30,0,0,0,0,0,0,0,0,1,1,2,0,11,0,20,1,4,1,0,0,2,3,0,0,3,0,0,0,0,0,0,5,0,33,1,0,0,0,1,1,0,1,0,0,2,1,4,3,0,0,0,0,0,0,0,1,0,4,0,0,1,0,0,3,0,0,0,0,26,38,5,0,0,3,3,0,0,1,2,0,0,7,0,0,0,0,0,1,0,0,0,0,0,0,0,0,1,0,0,0,7,0,0,0,0,0,2,2,0,0,0,0,0,4,0,0,0,0,0,0,0,0,0,0,20,0,8,0,0,4,1,0,0,34,0,0,0,4,0,0,2,0,0,0,27,6,1,0,0,0,0,0,2,0,0,0,2,0,0,0,0,0,2,0,0,0,0,0,2,0,0,0,0,0,2,0,7,0,0,4,2,1,0,0,3,0,1,1,123,1,0,1,0,0,0,8,0,0,0,8,0,0,0,2,14,1,0,0,0,0,1,0,0,3,0,0,0,0,0,1,0,0,0,18,3,14,0,0,3,0,0,0,0,0,0,0,0,0
2020-05-03,0,9,0,0,0,0,0,0,0,0,1,1,0,8,0,0,0,1,1,0,0,1,0,37,0,21,0,2,0,1,0,2,0,15,54,0,5,1,0,23,0,0,0,0,32,9,26,0,0,1,1,0,0,0,0,1,0,0,0,6,0,31,1,3,0,0,0,0,0,2,0,7,1,0,0,2,0,0,5,0,44,4,0,0,0,5,7,2,0,0,0,1,3,1,6,1,0,0,0,0,0,0,1,0,9,0,0,2,4,1,1,0,3,1,0,27,41,7,0,0,0,0,0,0,0,0,0,0,167,0,0,0,0,0,0,0,0,0,0,0,0,0,0,1,0,0,0,3,0,0,0,0,0,3,7,0,0,0,0,10,3,1,1,0,0,0,0,0,0,0,0,46,2,15,0,2,1,1,0,0,20,0,0,0,3,0,0,0,0,0,0,16,1,0,0,0,0,0,0,0,0,0,0,0,0,0,0,0,0,1,0,1,0,0,0,3,0,0,2,0,1,0,0,6,2,0,6,1,1,0,1,4,0,4,0,116,3,0,1,0,0,0,4,0,0,0,10,0,0,0,0,9,1,0,0,0,0,0,0,0,1,0,3,1,0,0,0,0,0,0,21,0,13,0,0,3,0,0,0,0,0,0,0,0,0
2020-05-10,0,3,0,0,0,0,0,0,0,0,0,0,0,2,1,0,0,0,2,0,0,0,0,17,0,14,0,1,0,0,0,0,0,27,26,0,0,0,0,21,0,0,0,0,31,3,22,0,0,0,0,0,0,0,0,0,0,0,0,6,0,5,0,1,0,0,0,1,2,0,0,1,0,0,0,0,0,0,5,0,56,0,0,0,1,2,3,0,2,0,0,0,1,1,3,0,0,0,0,0,0,0,0,0,2,0,0,3,0,0,0,0,0,0,0,21,26,1,1,0,0,1,0,0,1,3,0,0,226,0,1,0,0,0,0,0,0,0,0,0,0,0,0,0,0,0,0,4,0,0,0,0,0,2,1,0,0,0,0,35,3,0,0,0,0,0,0,0,0,0,0,58,1,1,0,0,0,0,0,0,10,0,0,0,5,0,0,0,0,0,0,7,0,0,0,0,0,0,0,0,0,0,0,0,0,0,0,0,0,0,0,0,0,0,0,0,0,0,0,4,2,0,0,2,0,0,2,2,0,0,0,4,0,0,2,119,0,0,0,0,0,0,0,0,0,0,5,0,0,0,0,18,0,0,0,0,0,1,0,0,0,0,0,0,0,0,0,0,0,0,1,1,2,1,0,2,0,1,0,0,0,0,0,0,0
2020-05-17,0,0,0,0,0,0,0,0,0,0,0,3,0,4,0,0,0,0,0,0,0,2,0,14,0,8,0,0,0,0,0,2,0,14,31,0,1,0,0,19,0,0,0,0,47,3,14,0,3,0,0,0,0,0,0,0,0,0,0,6,0,4,0,2,0,0,2,1,0,1,0,7,1,0,0,2,0,0,0,0,72,0,0,0,0,0,1,2,1,0,0,0,1,2,0,0,0,0,0,0,0,0,0,0,0,0,0,0,0,0,0,0,3,0,0,13,26,3,0,0,0,1,0,0,0,2,0,0,194,0,1,0,0,0,0,0,0,0,0,0,0,0,0,0,0,0,0,0,0,0,0,0,0,0,1,0,0,0,0,26,2,0,0,0,0,0,0,0,0,0,0,49,0,9,0,0,3,0,0,0,15,0,0,0,0,0,0,0,1,0,0,9,1,0,0,0,0,0,1,1,0,0,0,0,0,0,0,0,0,0,0,0,0,0,0,0,0,0,0,0,0,0,0,2,0,0,9,0,1,0,0,4,0,0,1,96,3,0,1,0,0,0,1,0,0,1,3,0,0,0,1,14,0,0,0,0,0,0,0,0,0,0,0,0,0,0,0,0,0,0,7,0,1,0,0,3,0,1,0,0,0,0,0,0,0
2020-05-24,0,0,0,0,0,0,0,0,0,0,0,0,0,2,1,0,0,1,0,0,0,0,0,15,0,14,0,0,0,0,0,0,0,8,26,0,1,0,0,17,0,0,0,0,34,1,21,0,1,0,0,0,0,0,0,0,0,0,0,1,0,13,0,1,0,0,0,0,2,0,0,5,0,0,0,1,0,0,0,0,71,0,0,0,0,1,1,3,3,0,0,0,1,2,0,0,0,0,0,0,0,0,1,0,1,0,0,1,1,1,3,0,0,0,0,15,21,4,0,0,0,1,0,0,0,1,0,0,151,0,0,0,0,0,0,0,0,0,0,0,0,0,0,0,0,0,0,1,0,0,0,0,0,5,0,0,0,0,0,35,0,0,0,0,0,0,0,0,0,0,0,27,0,1,0,0,2,0,0,0,22,0,0,0,0,0,0,0,0,0,0,31,0,0,0,0,0,0,0,2,0,0,0,0,0,0,0,0,0,0,0,0,0,0,0,0,0,0,0,0,0,0,0,4,0,0,8,0,0,0,0,3,0,0,3,85,1,0,0,0,0,0,1,0,0,0,1,0,0,0,0,3,0,0,0,0,0,0,0,0,0,0,0,0,0,0,0,0,0,0,3,0,3,0,0,0,0,1,0,0,0,0,0,0,0
2020-05-31,0,0,0,0,0,0,0,0,0,0,0,1,0,1,1,0,0,0,0,0,0,0,0,20,0,7,0,0,0,0,0,0,0,11,27,0,0,0,0,14,0,0,0,0,22,1,10,0,0,0,0,0,0,0,0,0,0,0,0,3,0,2,1,0,0,0,0,0,0,0,0,1,0,0,0,0,0,0,0,0,51,0,0,0,0,0,1,0,0,0,0,1,1,1,2,0,0,0,0,0,0,0,0,0,0,0,0,0,0,0,0,0,0,0,0,5,12,1,0,0,0,0,0,0,0,0,0,0,101,0,0,0,0,0,0,0,0,0,0,0,0,0,0,0,0,0,0,0,0,0,0,0,0,1,2,0,0,0,0,19,0,0,1,0,0,0,0,0,0,0,0,20,0,1,0,0,0,0,0,0,10,0,0,0,0,0,0,0,0,0,0,7,0,0,0,0,0,0,0,0,0,0,0,0,0,0,0,0,0,0,0,0,1,0,0,0,0,0,0,2,3,0,0,1,0,0,1,0,0,0,0,1,0,0,0,51,0,0,1,0,0,0,0,0,0,0,3,0,0,0,0,1,0,0,0,0,0,0,0,0,0,0,0,0,0,0,0,0,0,0,0,0,1,0,0,1,0,0,0,0,0,0,0,0,0
2020-06-07,0,0,0,0,0,0,0,0,0,0,0,1,0,4,0,0,0,0,0,0,0,0,0,15,0,5,0,0,0,1,0,0,0,6,9,0,0,0,0,6,0,0,0,0,34,0,22,0,0,0,0,0,0,0,0,0,0,0,0,2,0,0,0,0,0,0,1,0,0,0,0,0,0,0,0,1,0,0,0,0,72,0,0,0,0,0,2,0,0,0,0,0,0,2,0,0,0,0,0,0,0,0,0,0,0,0,0,0,0,0,0,0,1,0,0,20,11,0,0,0,0,0,0,0,0,3,0,0,131,0,0,0,0,0,0,0,0,0,0,0,0,0,0,0,1,0,0,0,0,0,0,0,0,1,3,0,0,0,0,24,0,0,1,0,0,0,0,0,0,0,0,21,0,0,0,0,0,0,0,0,11,0,0,0,0,0,0,0,0,0,0,13,0,0,0,0,0,0,0,0,0,0,0,0,0,0,0,0,0,0,0,1,0,0,0,0,0,0,0,0,0,0,0,2,0,0,0,0,0,0,0,1,0,0,0,64,1,0,0,0,0,0,0,0,0,0,2,0,0,0,0,6,0,0,0,0,0,0,0,0,0,0,0,0,0,0,0,0,0,0,0,1,3,0,0,1,0,0,0,0,0,0,0,0,0
2020-06-14,0,10,0,0,0,0,0,0,0,0,0,0,0,4,0,0,0,0,0,0,0,0,0,25,0,5,0,1,0,1,0,0,0,20,32,0,3,0,0,22,0,0,0,0,50,0,8,0,0,0,0,0,0,0,0,1,0,1,0,5,0,6,0,2,0,0,1,0,0,0,0,1,0,0,0,2,0,0,1,0,81,0,0,0,1,1,3,0,2,0,0,2,2,2,0,0,0,0,0,0,0,0,0,0,1,0,0,0,0,0,1,0,1,0,0,9,26,3,1,0,1,1,0,0,0,0,0,1,209,0,1,0,0,0,0,0,0,0,0,0,0,0,0,0,1,0,0,1,0,0,0,0,0,0,6,0,0,0,0,42,3,0,2,0,0,0,0,0,0,0,0,60,0,10,0,0,0,0,0,0,23,0,0,0,0,0,0,1,0,0,0,19,3,0,0,0,0,0,0,2,0,0,0,0,0,0,0,0,0,0,0,0,0,0,0,0,0,0,0,1,2,0,0,1,0,0,5,0,1,1,0,2,0,0,1,75,1,0,0,0,0,0,3,0,0,0,1,1,0,0,1,15,0,0,0,0,0,0,0,0,0,0,1,0,0,0,1,0,0,0,6,1,4,0,0,2,1,0,0,0,0,0,0,0,0
2020-06-21,0,4,0,0,0,0,1,1,0,0,0,2,0,2,1,0,0,0,0,0,0,0,0,22,0,5,0,1,0,2,0,0,0,9,44,0,1,0,0,21,0,0,0,0,52,1,14,0,1,1,0,0,0,0,0,0,0,1,0,0,0,9,3,0,0,0,0,3,0,0,0,1,0,0,0,2,0,0,0,0,92,1,0,0,0,0,2,1,1,0,0,1,0,1,0,0,0,0,0,0,0,0,0,0,0,0,0,1,0,0,0,0,2,0,0,28,20,0,1,0,0,0,0,0,0,0,0,0,173,0,0,0,0,0,0,0,0,0,0,0,0,0,0,0,0,0,0,0,0,0,0,0,0,2,0,0,0,0,0,41,2,0,0,0,0,0,0,0,0,0,0,35,0,5,0,0,0,0,0,0,14,0,0,0,0,0,0,0,0,0,1,14,0,0,0,0,0,0,0,1,0,0,0,0,0,0,0,0,0,0,0,0,0,0,0,0,0,0,0,1,0,0,0,4,1,0,1,1,0,0,0,5,0,1,0,73,2,0,0,0,1,0,0,0,0,0,9,0,0,0,1,9,0,0,0,0,0,0,1,0,1,0,0,0,0,0,0,0,0,0,3,0,7,0,0,2,0,0,0,0,0,0,0,0,0
2020-06-28,0,0,0,0,0,0,0,0,0,0,0,0,0,1,0,0,0,0,0,0,0,0,0,20,0,2,0,0,0,0,0,0,0,6,12,0,0,0,0,7,0,0,0,0,26,0,17,0,0,0,0,0,0,0,0,0,0,0,0,0,0,2,1,0,0,0,0,0,0,0,0,0,0,0,0,3,0,0,0,0,42,0,0,0,0,1,0,0,0,0,0,0,1,0,3,0,0,0,0,0,0,0,0,0,0,0,0,0,0,0,0,0,0,0,0,8,13,2,0,0,3,0,0,0,0,3,0,0,76,0,0,0,0,0,0,0,0,0,0,0,0,0,0,0,0,0,0,7,0,0,0,0,0,0,1,0,0,0,0,27,0,0,0,0,0,0,0,0,0,0,0,15,0,3,0,0,0,0,0,0,9,0,0,0,1,0,0,0,0,0,0,7,0,0,0,0,0,0,0,0,0,0,0,0,0,0,0,0,0,3,0,0,0,0,0,0,0,0,0,0,0,0,0,2,0,0,4,0,0,0,0,1,0,0,1,40,0,0,1,0,0,0,0,0,0,0,0,0,0,0,1,0,0,0,0,0,0,0,1,0,0,0,0,0,0,0,0,0,0,0,1,1,3,0,0,0,0,0,0,0,0,0,0,0,0
2020-07-05,0,0,0,0,0,0,0,0,0,0,0,0,0,1,0,0,0,0,0,0,0,0,0,8,0,1,0,0,0,0,0,0,0,3,7,0,0,0,0,3,0,0,0,0,10,0,12,0,0,0,0,0,0,0,0,0,0,0,0,2,0,4,0,0,0,0,0,0,0,1,0,1,0,0,0,0,0,0,0,0,80,0,0,0,0,0,0,0,0,0,0,0,0,0,1,0,0,0,0,0,0,0,0,0,0,0,0,0,1,0,0,0,0,0,0,6,2,0,0,0,0,0,0,0,0,0,0,0,83,0,0,0,0,0,0,0,0,0,0,0,0,0,0,0,0,0,0,0,0,0,0,0,0,2,1,0,0,0,0,23,0,0,0,0,0,0,0,0,0,0,0,20,0,0,0,0,0,0,0,0,1,0,0,0,0,0,0,1,0,0,0,20,0,0,0,0,0,0,0,2,0,0,0,0,0,0,0,0,0,0,0,0,0,0,0,1,0,0,0,0,0,0,0,0,0,0,0,0,0,0,0,0,0,1,1,36,1,0,0,0,0,0,0,0,0,0,0,0,0,0,0,2,0,0,0,0,0,0,0,0,0,0,0,0,0,0,0,0,0,0,1,0,2,0,0,1,0,0,0,0,0,0,0,0,0
2020-07-12,0,0,0,0,0,0,0,0,0,0,0,0,0,0,0,0,0,0,0,0,0,1,0,9,0,2,0,0,0,2,0,0,0,1,5,0,0,0,0,3,0,0,0,0,18,0,7,0,0,0,0,0,0,0,0,0,0,0,0,1,0,0,0,0,0,0,0,0,0,0,0,2,1,0,0,0,0,0,0,0,89,0,0,0,1,0,2,1,0,0,0,0,0,0,0,0,0,0,0,0,0,0,0,0,0,0,0,2,0,1,1,0,0,0,0,10,9,3,0,0,0,1,0,0,0,0,0,0,133,0,0,0,0,0,0,0,0,0,0,0,0,0,0,0,0,0,0,0,0,0,0,0,0,1,0,0,0,0,0,21,2,0,0,0,0,0,0,0,0,0,0,25,0,2,0,0,0,0,0,0,7,0,0,0,0,0,0,0,0,0,0,8,0,0,0,0,0,0,0,0,0,0,0,0,0,0,0,1,0,0,0,0,0,0,0,1,0,0,0,0,1,0,0,0,0,0,0,0,0,0,0,3,0,0,1,34,0,0,0,0,1,0,1,0,0,0,0,0,0,0,0,3,0,0,0,0,0,0,0,0,0,0,0,0,0,0,0,0,0,0,1,0,0,0,0,1,0,0,0,0,0,0,0,0,0
2020-07-19,0,0,0,0,0,0,0,0,0,0,0,0,0,0,0,0,0,0,0,0,0,1,0,8,0,6,0,0,0,0,0,0,0,7,3,0,2,0,0,6,0,0,0,0,14,0,9,1,2,0,0,0,0,0,0,0,0,0,0,1,0,2,0,0,0,0,0,0,0,0,0,1,0,0,0,0,0,0,0,0,85,2,0,0,0,0,0,0,0,0,0,0,0,0,0,0,0,0,0,0,0,0,0,0,0,0,0,0,0,0,1,0,0,0,0,5,9,2,0,0,0,1,0,0,0,0,0,0,173,0,0,0,0,0,0,0,0,0,0,0,0,0,0,0,0,0,0,0,0,0,0,0,0,2,1,0,0,0,0,17,0,0,0,0,0,0,0,0,0,0,0,20,0,4,0,0,0,0,0,0,6,0,0,0,0,0,0,0,0,0,0,9,2,0,0,0,0,0,0,0,0,0,0,0,0,0,0,0,0,0,0,1,0,0,0,1,0,0,0,0,1,0,0,3,0,0,0,0,0,0,0,1,0,0,0,60,0,0,1,0,0,0,0,0,0,0,0,0,0,0,0,2,0,0,0,0,0,0,0,0,0,0,0,0,0,0,0,0,0,0,2,1,0,0,0,4,0,0,0,0,0,0,0,0,0
2020-07-26,0,0,0,0,0,0,0,0,0,0,0,0,0,0,0,0,0,0,0,0,0,0,0,15,0,11,0,0,0,1,0,0,0,2,8,0,0,0,0,6,0,0,0,0,22,1,0,0,2,0,0,0,0,0,0,0,0,0,0,0,0,3,0,0,0,0,0,0,0,0,0,1,0,0,0,1,0,0,0,0,69,0,0,0,0,0,0,0,0,0,0,1,0,0,1,0,0,0,0,0,0,0,0,0,0,0,0,1,0,0,0,0,0,0,0,8,17,1,0,0,2,0,0,0,0,1,0,0,100,0,0,0,0,0,0,0,0,0,0,0,0,0,0,0,0,0,0,0,0,0,0,0,0,1,1,0,0,0,0,33,1,0,0,0,1,0,0,0,1,0,0,17,0,2,0,1,0,1,0,0,5,0,0,0,0,0,0,0,0,0,0,11,0,0,0,0,0,0,0,0,0,0,0,0,0,0,0,0,0,4,0,0,0,0,0,0,0,0,0,0,1,0,0,0,0,0,0,0,0,0,0,2,0,0,0,43,0,0,0,0,0,0,2,0,0,0,2,0,0,0,0,9,0,0,0,0,0,0,0,0,0,0,0,0,0,0,0,0,0,0,2,1,0,0,0,0,0,0,0,0,0,0,0,0,0
2020-08-02,0,0,0,0,0,0,0,0,0,0,0,0,0,1,0,0,0,0,0,0,0,0,0,4,0,3,0,0,0,2,0,7,0,2,12,0,0,0,0,4,0,0,0,0,22,0,13,0,2,0,0,0,0,0,0,0,0,0,0,0,0,1,0,0,0,0,0,0,0,0,0,2,0,0,0,0,0,0,1,0,58,0,0,0,0,0,0,0,0,0,0,0,0,0,0,0,0,0,0,0,0,0,0,0,3,0,0,0,0,0,0,0,0,0,0,9,6,1,1,0,1,0,0,0,0,0,0,0,47,0,0,0,0,0,0,0,0,0,0,0,0,0,0,0,0,0,0,2,0,0,0,0,0,0,1,0,0,0,0,26,1,0,0,0,0,0,0,0,2,0,0,5,0,1,0,0,0,0,0,0,6,0,0,0,0,0,0,0,0,0,0,7,0,0,0,0,0,0,0,0,0,0,0,0,0,0,0,0,0,0,0,0,0,0,0,0,0,0,0,0,0,0,0,1,0,0,0,0,0,0,0,3,0,0,0,32,0,0,0,0,0,0,0,0,0,0,0,0,0,0,0,4,0,0,0,0,0,0,0,0,0,0,0,0,0,0,0,0,0,0,0,0,4,0,0,2,0,0,0,0,0,0,0,0,0
2020-08-09,0,0,0,0,0,0,0,0,0,0,0,0,0,1,0,0,0,0,0,0,0,0,0,7,0,6,0,0,0,0,0,1,0,3,8,0,1,0,0,14,0,0,0,0,18,0,5,0,2,0,0,0,0,0,0,0,0,0,0,1,0,2,0,1,0,0,0,0,0,0,0,0,0,0,0,0,0,0,0,0,46,0,0,0,0,0,0,0,1,0,0,0,0,0,0,0,0,0,0,0,0,0,0,0,0,0,0,0,0,0,1,0,0,0,0,8,10,0,0,0,0,0,0,0,0,3,0,0,119,0,0,0,0,0,0,0,0,0,0,0,0,0,0,0,0,0,0,0,0,0,0,0,0,0,1,0,0,0,0,18,2,0,0,0,0,0,0,0,0,0,0,12,0,3,0,0,1,0,0,0,1,0,0,0,1,0,0,0,0,0,0,9,0,0,0,0,0,0,0,0,0,0,0,0,0,0,0,1,0,0,0,0,0,0,0,1,0,0,0,0,0,0,0,0,0,0,0,0,0,0,0,3,0,0,0,38,0,0,0,0,0,0,0,0,0,0,7,0,0,0,0,10,0,0,0,0,0,0,0,0,0,0,0,0,0,0,0,0,0,0,0,0,2,0,0,1,0,0,0,0,0,0,0,0,0
2020-08-16,0,0,0,0,0,0,0,0,0,0,0,0,0,2,0,0,0,0,0,0,0,0,0,8,0,2,0,1,0,2,0,0,0,3,9,0,2,0,0,11,0,0,0,0,16,1,13,0,0,0,0,0,0,0,0,1,0,0,0,1,0,2,0,0,0,0,0,0,0,0,0,0,0,0,0,2,0,0,0,0,63,2,0,0,1,0,0,0,0,0,0,1,1,0,0,0,0,0,0,0,3,0,1,0,0,0,0,0,0,0,0,0,0,0,0,2,10,0,1,0,0,0,0,0,0,1,0,0,89,0,0,0,0,0,0,0,0,0,0,0,0,0,0,0,0,0,0,4,0,0,0,0,0,3,0,0,0,0,0,21,0,0,2,0,0,0,0,0,1,0,0,8,0,2,0,0,0,0,0,0,9,0,0,0,1,0,0,0,0,0,0,9,0,0,0,0,0,0,0,0,0,0,0,0,0,0,0,0,0,0,0,0,0,0,0,0,0,0,0,1,1,0,0,0,0,0,0,0,0,1,0,2,0,0,0,27,0,0,0,0,0,0,0,0,0,0,0,0,0,0,0,2,0,0,0,1,0,0,0,0,0,0,1,0,0,0,0,0,0,0,1,0,2,0,0,0,0,0,0,0,0,0,0,0,0
2020-08-23,0,0,0,0,0,0,0,0,0,0,0,0,0,0,0,0,0,0,0,0,0,0,0,7,0,6,0,0,0,0,0,0,0,2,12,0,0,0,0,1,0,0,0,0,10,0,3,0,3,0,0,0,0,0,0,0,0,0,0,1,0,0,0,0,0,0,0,1,0,0,0,0,0,0,0,1,0,0,0,0,59,0,0,0,0,0,0,0,0,0,0,0,0,0,0,0,0,0,0,0,0,0,0,0,1,0,0,0,0,0,0,0,0,0,0,1,8,1,0,0,0,1,0,0,0,0,1,0,60,0,0,0,0,0,0,0,0,0,0,0,0,0,0,0,0,0,0,0,0,0,0,0,0,4,0,0,0,0,0,17,0,0,0,0,0,0,0,0,0,0,0,4,0,0,0,0,2,0,0,0,5,0,0,0,0,0,0,0,0,0,0,2,0,0,0,0,0,0,0,0,0,0,0,0,0,0,0,2,0,0,0,0,0,0,0,0,0,0,0,1,0,0,0,1,0,0,0,0,0,0,0,2,0,0,0,18,0,0,1,0,0,0,0,0,0,0,1,0,0,0,0,0,0,0,0,0,0,0,0,0,0,0,0,0,0,0,0,0,0,0,0,0,0,0,0,1,1,0,0,0,0,0,0,0,0
2020-08-30,0,0,0,0,0,0,0,0,0,0,0,0,0,1,0,0,0,0,0,0,0,0,0,1,0,4,0,0,0,0,0,0,0,4,6,0,1,0,0,17,0,0,0,0,12,0,3,0,0,0,0,0,0,0,0,0,0,0,0,0,0,4,0,0,0,0,0,0,0,0,0,0,0,0,0,2,0,0,0,0,25,0,0,0,0,0,0,0,0,0,0,0,0,0,0,0,0,0,0,0,0,0,0,0,1,0,0,0,0,0,0,0,0,0,0,4,6,1,0,0,2,0,0,0,0,1,0,0,90,0,0,0,0,0,0,0,0,0,0,0,0,0,0,0,0,0,0,0,0,0,0,0,0,5,2,0,0,0,0,15,2,0,1,0,0,0,0,0,0,0,0,22,0,0,0,0,0,0,0,0,5,0,0,0,0,0,0,0,0,0,0,12,0,0,0,0,0,0,0,0,0,0,0,0,0,0,0,0,0,0,0,1,0,0,0,0,0,0,0,0,0,0,0,1,0,0,0,0,0,0,0,9,0,0,0,31,0,0,0,0,0,0,0,0,0,0,3,0,0,0,0,2,0,0,0,0,0,0,0,0,0,0,0,0,0,0,0,0,0,0,5,0,1,0,0,1,0,0,0,0,0,0,0,0,0
2020-09-06,0,5,0,0,0,0,1,0,0,0,0,0,0,0,0,0,0,0,0,0,0,0,0,11,0,2,0,0,0,0,0,1,0,4,16,0,1,0,0,6,0,0,0,0,23,0,10,0,0,0,0,0,0,0,0,0,0,0,0,0,0,9,1,1,0,0,0,0,0,1,0,1,0,0,0,2,0,0,5,0,26,1,0,0,0,0,0,0,0,0,0,0,5,0,2,0,0,0,0,0,0,0,0,0,0,0,0,0,0,0,0,0,0,0,0,6,9,0,0,1,1,0,0,0,0,2,0,0,104,0,0,0,0,0,0,0,0,0,0,0,0,0,0,0,0,0,0,1,0,0,0,0,0,3,1,0,0,0,0,13,0,0,0,0,0,0,0,0,1,0,0,10,0,5,0,1,0,0,0,0,2,0,0,0,3,0,0,1,0,0,0,2,0,0,0,0,0,0,0,1,0,0,0,0,0,0,0,1,0,0,0,0,0,0,0,0,0,0,0,0,2,0,0,6,0,0,1,0,0,0,0,0,0,1,0,52,2,0,1,0,0,0,7,0,0,0,10,1,0,0,0,1,0,0,0,0,0,0,0,0,0,0,1,0,0,0,1,0,0,0,14,0,7,0,1,5,0,0,0,0,0,0,0,0,0
2020-09-13,0,3,0,0,0,0,0,0,0,0,0,1,0,1,0,0,0,0,0,0,0,0,0,15,0,2,0,0,0,0,0,1,0,4,21,0,0,0,0,11,0,0,0,0,15,0,12,0,1,0,0,0,0,0,0,0,0,0,0,0,0,10,0,2,0,0,1,0,6,0,0,2,0,0,0,4,0,0,5,0,55,2,0,0,2,0,0,0,1,0,0,0,0,0,3,0,0,0,0,0,1,0,0,0,1,0,0,0,1,1,0,0,0,1,0,15,7,2,0,0,4,0,0,0,0,1,0,0,72,0,0,0,0,0,0,0,0,0,0,0,0,0,0,0,0,0,0,1,0,0,0,0,0,6,4,0,0,0,0,21,2,2,1,0,0,0,0,0,0,0,0,20,1,5,0,0,0,0,0,0,7,0,0,0,5,0,1,1,0,0,0,6,0,0,0,0,0,0,1,6,0,0,0,0,0,0,0,3,0,0,0,0,0,0,0,0,0,0,0,1,0,0,0,6,0,0,2,0,0,0,0,9,0,2,0,39,1,0,0,0,0,0,4,0,0,0,4,0,0,0,0,2,0,0,0,0,0,0,0,0,1,0,0,0,0,0,0,0,0,0,5,0,2,0,0,2,1,0,0,0,0,0,0,0,0
2020-09-20,0,1,0,0,0,0,1,0,0,0,0,1,0,1,0,0,0,0,0,0,0,0,0,6,0,3,0,0,0,0,0,0,0,1,15,0,1,0,0,12,0,0,0,0,27,0,3,0,0,0,0,0,0,0,0,0,0,0,0,3,0,0,0,2,0,0,2,0,0,0,0,1,0,0,0,0,0,0,0,0,40,1,0,0,0,0,1,0,0,0,0,0,2,0,0,0,0,0,0,0,3,0,1,0,1,0,0,1,0,0,1,0,0,0,0,4,8,3,0,0,3,0,0,0,0,0,0,0,151,0,0,0,0,0,0,0,1,0,0,0,0,0,0,0,0,0,0,1,0,0,0,0,0,4,1,0,0,0,0,16,0,0,0,0,0,0,0,0,0,0,0,17,1,4,0,2,1,0,0,0,5,0,0,0,2,0,0,0,0,0,0,4,1,0,0,0,0,0,0,4,0,0,0,0,0,0,0,0,0,0,0,0,0,0,0,0,0,0,0,2,0,0,0,1,0,0,0,0,0,1,0,6,0,0,0,21,0,0,0,0,0,0,2,0,0,0,3,0,0,0,0,1,0,0,0,0,0,0,0,0,1,0,0,0,0,0,0,0,0,0,2,0,6,0,0,6,0,0,0,0,0,0,0,0,0
2020-09-27,0,0,0,0,0,0,1,0,0,0,0,0,0,2,0,0,0,0,0,0,0,0,0,15,0,6,0,0,0,0,0,0,0,16,25,0,3,1,0,10,0,0,0,0,25,0,6,0,0,0,0,0,0,0,0,0,0,0,0,1,0,6,0,2,0,0,0,0,0,0,0,0,2,0,0,0,0,0,2,0,41,1,0,0,0,0,0,0,0,0,0,0,0,1,0,1,0,0,0,0,16,0,0,0,2,0,0,0,1,0,0,0,2,0,0,8,20,0,0,0,2,0,0,0,0,1,0,0,174,0,1,0,0,0,0,0,0,0,0,0,0,0,0,0,0,0,0,1,0,0,0,0,0,0,0,0,0,0,0,27,5,0,0,0,0,0,0,0,0,0,0,14,0,7,0,0,1,0,0,0,11,0,0,0,0,0,0,0,0,0,0,10,1,0,0,0,0,0,1,0,0,0,0,0,0,0,0,1,0,2,0,0,1,0,0,0,0,0,0,0,1,0,0,0,0,0,0,1,0,0,0,2,0,1,2,34,1,0,0,0,0,0,1,0,0,0,8,1,0,0,1,1,0,0,0,0,0,0,0,0,0,0,2,0,0,0,2,0,0,0,2,0,4,0,0,5,0,0,0,0,0,0,0,0,0
2020-10-04,0,1,0,0,0,0,2,0,0,0,0,0,0,10,0,0,0,0,2,0,0,0,0,19,0,6,0,0,0,0,0,0,0,5,38,0,4,0,0,23,0,0,0,0,33,0,18,0,9,0,0,0,0,0,0,0,0,1,0,0,0,13,0,1,0,0,1,0,1,3,0,1,0,0,0,1,0,0,0,0,46,3,0,0,0,1,0,1,0,0,0,0,1,0,3,0,0,0,0,0,2,0,0,0,4,0,0,1,0,0,0,0,0,0,0,18,32,4,0,0,4,0,0,0,0,2,0,0,235,0,0,0,0,0,0,0,0,0,0,0,0,0,0,0,0,0,0,2,0,0,0,0,0,0,1,0,0,0,0,35,2,0,0,0,0,0,0,0,0,0,0,30,0,2,0,2,0,0,0,0,12,0,0,0,2,0,0,0,0,0,0,9,2,0,0,0,0,0,0,4,0,0,0,0,0,0,0,0,0,0,0,0,0,0,0,0,0,0,0,2,1,0,0,6,0,0,1,1,0,1,0,8,0,3,2,58,1,0,0,0,1,0,2,0,0,0,2,0,0,0,0,0,0,0,0,0,0,0,0,0,2,0,2,0,0,0,2,0,0,0,9,0,7,1,0,5,2,0,0,0,0,0,0,0,0
2020-10-11,0,0,0,0,0,0,0,0,0,0,0,0,0,2,0,0,0,0,0,0,0,0,0,16,0,12,0,0,0,1,0,1,0,5,31,0,1,0,0,9,0,0,0,0,24,0,23,0,1,0,0,0,0,0,0,1,0,2,0,2,0,15,0,2,1,0,0,0,2,0,0,3,0,0,0,1,0,0,3,0,35,3,0,0,0,0,0,0,1,0,0,0,2,1,1,1,0,0,0,0,2,0,0,0,1,0,0,2,5,0,0,0,0,0,0,18,20,3,0,0,3,0,0,0,0,5,0,0,193,0,0,0,0,0,2,0,0,0,0,0,0,0,0,0,0,0,0,4,0,0,0,0,0,2,2,0,0,0,0,36,3,1,0,0,0,0,0,0,1,0,0,23,2,13,0,1,1,0,0,0,6,1,0,0,2,0,0,0,0,0,0,13,2,0,0,0,0,0,0,5,0,0,0,0,0,0,0,0,0,2,0,2,2,0,0,0,0,0,1,3,0,0,0,4,3,0,5,1,0,0,0,12,0,3,0,57,2,0,0,0,0,0,5,0,0,1,13,0,0,0,1,6,0,0,0,0,0,0,0,0,0,0,2,0,0,0,1,0,0,0,13,0,4,0,0,4,0,0,0,0,0,0,0,0,0
2020-10-18,0,1,0,0,0,0,0,0,0,0,0,0,0,2,0,0,0,0,1,0,0,0,0,5,0,8,0,0,0,2,0,0,0,8,21,0,3,0,0,13,0,0,0,0,28,0,15,0,2,0,0,0,0,0,0,0,0,0,0,0,0,27,1,1,0,0,0,0,1,0,0,5,0,0,0,1,0,0,7,0,59,1,0,0,0,0,2,0,0,0,0,1,2,0,1,0,0,0,0,0,1,0,0,0,0,0,0,2,0,0,0,0,0,0,0,10,20,1,0,0,3,0,0,0,0,3,0,0,176,0,0,0,0,0,0,0,0,0,0,0,0,0,0,0,0,0,0,6,0,0,0,0,0,1,3,0,0,0,0,25,2,0,0,0,1,0,0,0,0,0,0,20,1,8,0,2,0,0,0,0,4,0,0,0,6,0,0,0,0,0,0,8,3,0,0,0,0,0,0,2,0,0,0,0,0,0,0,2,0,2,0,0,0,0,0,0,0,0,0,0,0,0,0,5,1,0,0,0,0,1,0,11,0,1,0,39,2,0,0,0,1,0,4,0,0,0,4,0,0,0,1,5,0,0,0,0,0,0,0,0,0,0,2,0,0,0,0,0,0,0,13,0,8,0,0,3,0,0,0,0,0,0,0,0,0
2020-10-25,0,1,0,0,0,0,0,0,0,0,0,0,0,3,0,0,0,0,2,0,0,0,0,18,0,8,0,0,0,0,0,0,0,8,70,0,3,0,0,27,0,0,0,0,7,0,28,0,0,0,0,0,0,0,0,2,0,1,0,3,0,20,0,0,2,0,0,0,1,2,0,1,0,0,0,1,0,0,1,0,62,2,0,0,1,0,2,0,1,0,0,1,1,3,2,0,0,0,0,0,1,0,0,0,4,0,0,1,1,0,0,0,3,0,0,7,22,6,0,0,2,0,0,0,0,3,0,0,332,0,0,0,0,0,0,0,0,0,0,0,0,0,0,0,0,0,0,3,1,0,0,0,0,4,2,0,0,0,0,14,4,0,0,0,2,0,0,0,0,1,0,43,0,9,0,0,0,0,0,0,18,0,0,0,1,0,0,0,1,0,0,23,2,0,0,0,0,0,0,6,0,0,0,0,0,0,0,0,0,1,0,0,0,0,0,0,0,0,0,4,0,0,0,9,0,0,1,1,1,0,0,24,0,7,0,80,0,0,1,0,0,0,3,0,0,0,6,0,0,0,1,8,1,0,0,0,0,0,0,0,0,0,1,0,0,0,0,0,0,0,11,0,11,0,0,6,0,0,0,0,0,0,0,0,0
2020-11-01,0,1,0,0,0,0,5,0,0,0,0,2,0,3,0,0,0,1,0,0,0,0,1,26,0,9,0,1,0,0,0,0,0,14,3,0,1,0,0,20,0,0,0,0,11,0,46,0,1,0,0,0,0,0,0,0,0,0,0,0,0,3,0,2,0,0,0,0,4,3,0,0,2,0,0,1,0,0,2,0,68,5,0,0,1,0,2,0,0,0,0,0,0,0,5,0,0,0,0,0,4,0,0,0,0,0,0,3,3,0,0,0,2,0,0,11,23,6,1,0,3,0,0,0,0,6,0,0,56,0,0,0,0,0,0,0,0,0,0,0,0,0,0,0,0,0,0,6,4,0,0,0,0,7,0,0,0,0,0,6,5,1,0,0,0,0,0,0,0,0,0,26,0,4,0,4,0,2,0,0,9,0,0,0,0,0,0,2,1,0,0,8,1,0,0,0,0,0,0,2,0,0,0,0,0,0,0,0,1,3,0,0,0,0,0,0,0,0,0,1,0,1,0,2,6,0,0,1,0,2,0,0,0,3,2,54,0,0,0,0,1,0,7,1,0,1,9,0,0,0,1,11,1,0,0,0,0,0,0,0,3,0,3,0,0,0,1,0,0,0,14,0,8,0,0,1,3,0,0,0,0,0,0,0,0
2020-11-08,0,2,0,0,0,0,0,0,0,0,0,2,0,7,0,0,0,0,0,0,0,0,0,70,0,3,0,0,0,1,0,1,0,8,2,0,0,0,0,10,0,0,0,0,4,0,3,0,6,0,0,0,0,0,0,0,0,0,0,54,0,0,0,13,0,0,0,0,0,0,0,0,0,0,0,3,0,0,3,0,73,1,0,0,2,1,2,1,1,0,0,0,0,1,1,0,0,0,0,0,2,0,0,0,2,0,0,0,0,0,0,0,1,0,0,40,7,0,0,0,6,0,0,0,0,7,0,0,42,0,0,0,0,0,0,0,0,0,0,0,0,0,0,0,0,0,0,0,0,0,0,0,0,7,0,0,0,0,0,11,9,0,0,0,0,0,0,0,0,0,0,26,0,13,0,0,0,0,0,0,17,0,0,0,4,0,0,0,0,0,0,29,6,0,0,0,0,0,1,2,0,0,0,1,0,0,0,0,1,1,0,1,1,0,0,0,0,0,0,0,1,0,0,0,0,0,2,1,0,0,0,5,0,2,2,32,3,0,0,0,2,0,0,0,0,2,0,0,0,0,0,4,0,0,0,0,0,0,0,0,0,0,1,0,0,0,0,0,0,0,15,0,15,0,0,6,1,0,0,0,0,0,0,0,0
2020-11-15,0,0,0,0,0,0,1,0,0,0,0,0,0,2,0,0,0,0,0,0,0,0,1,25,0,0,0,0,0,2,0,3,0,21,13,0,5,0,0,1,0,0,0,0,14,0,14,0,0,0,0,0,0,0,0,0,0,0,0,61,0,0,0,2,0,0,2,0,0,2,0,0,1,0,0,0,0,0,8,0,85,2,0,0,1,0,4,0,1,0,0,0,0,3,0,0,0,0,0,0,8,0,0,0,1,0,0,0,1,0,0,0,1,0,0,25,4,6,0,0,5,0,0,0,0,0,2,0,249,0,1,1,0,0,2,0,0,0,1,0,0,0,0,0,0,0,0,2,0,0,0,0,0,6,0,0,0,0,0,12,5,0,1,0,0,0,0,0,3,0,0,42,1,1,0,0,0,0,0,0,2,0,1,0,14,0,0,0,0,0,0,0,2,0,0,0,0,0,0,4,0,0,0,0,0,0,0,0,0,2,0,0,0,0,0,0,0,0,0,5,1,0,0,2,0,0,0,0,0,0,0,2,0,13,1,15,0,0,0,0,0,0,5,1,0,4,6,0,0,0,1,13,0,0,0,0,0,0,0,0,0,0,15,0,0,0,2,0,0,0,16,0,17,0,1,2,0,0,0,0,0,0,0,0,0
2020-11-22,0,0,0,0,0,0,0,0,0,0,0,1,0,9,0,0,0,1,0,0,0,0,1,29,0,8,0,0,0,0,0,1,0,15,12,0,1,0,0,42,0,0,0,0,6,0,20,0,0,0,0,0,0,0,0,0,0,0,0,0,0,34,0,1,0,0,0,0,2,1,0,4,0,0,0,0,0,0,6,0,120,2,0,1,2,0,4,0,1,0,0,0,0,1,1,1,0,0,0,0,11,0,0,0,5,0,0,0,0,0,0,0,3,0,0,7,20,5,3,0,3,0,0,0,0,0,0,1,324,0,0,0,0,0,0,0,0,0,0,0,0,0,0,0,0,0,0,0,0,0,0,0,0,16,2,0,0,0,0,0,5,0,0,0,0,0,0,0,1,0,0,17,0,0,0,0,1,0,0,0,11,0,2,0,7,0,0,0,0,0,0,15,4,0,0,0,0,0,1,7,0,0,0,0,0,0,0,0,0,0,0,0,0,0,0,0,0,0,0,3,1,0,0,1,0,0,2,3,0,1,0,2,0,8,1,60,2,0,2,0,2,0,0,1,0,1,5,0,0,0,0,7,0,0,0,0,0,0,0,1,0,0,2,0,0,0,1,0,0,0,17,0,6,0,0,0,0,0,0,0,0,0,0,0,0
2020-11-29,0,10,0,0,0,0,0,0,0,0,0,1,0,9,0,0,0,0,0,0,0,0,0,59,0,20,0,0,2,2,0,0,0,28,26,0,6,0,0,22,0,1,0,0,5,0,32,0,4,0,0,0,0,0,0,0,0,0,0,6,0,43,2,3,0,0,0,1,4,2,0,6,1,0,0,2,0,0,5,0,143,2,0,0,0,0,6,1,0,0,0,3,4,0,1,0,0,0,0,0,1,0,0,0,4,0,0,0,0,0,0,0,0,1,0,16,47,4,0,0,1,1,0,0,0,0,0,2,448,0,2,0,0,0,0,0,0,0,1,0,0,0,0,0,0,0,0,6,1,0,0,0,0,0,3,0,0,0,0,46,6,0,2,0,0,0,0,0,2,2,0,9,0,11,0,0,0,0,0,0,19,1,0,0,0,0,0,0,0,0,0,30,5,0,0,0,0,0,1,7,0,0,0,1,0,0,0,0,0,7,1,0,0,0,0,0,0,0,0,0,2,0,0,7,0,0,3,4,0,0,0,7,0,5,2,134,0,0,1,0,0,0,5,0,0,2,11,0,0,0,0,17,0,0,0,0,0,0,0,0,3,0,2,0,0,0,0,0,0,0,25,0,17,0,0,9,1,0,0,0,0,0,0,0,0
2020-12-06,0,6,0,0,0,0,2,0,0,0,0,3,0,8,0,0,0,0,0,0,0,0,0,35,0,21,0,3,0,1,0,1,0,28,70,0,1,1,0,45,0,0,0,0,30,0,58,0,1,0,0,0,0,0,0,0,0,0,0,11,0,63,2,3,0,0,1,1,0,1,0,4,0,0,0,1,0,0,9,0,153,2,0,0,0,0,2,2,1,0,0,0,6,2,9,1,0,0,0,0,1,0,0,0,4,0,0,7,0,0,1,0,5,0,0,13,32,3,0,0,0,0,0,0,0,0,1,1,388,0,0,0,0,0,0,0,0,0,0,0,0,0,0,0,0,0,0,11,0,1,0,0,0,3,4,0,0,0,0,70,5,1,0,0,1,0,0,0,2,0,0,37,2,13,0,1,2,0,0,0,20,0,0,0,3,0,0,0,0,0,0,14,8,0,0,0,0,0,2,16,0,0,0,1,0,0,0,3,0,2,0,2,2,0,0,0,0,0,0,0,3,3,0,22,1,0,5,3,0,0,0,14,0,16,0,115,3,0,1,0,1,0,13,0,0,3,16,0,0,0,0,6,2,0,0,0,0,0,0,1,1,0,2,0,0,0,3,0,0,0,23,0,17,0,0,4,0,1,0,0,0,0,0,0,0
2020-12-13,0,8,0,0,0,0,2,0,0,0,0,0,0,1,0,1,0,0,0,0,0,0,0,45,0,16,0,0,0,0,0,0,0,18,121,0,5,0,0,22,0,0,0,0,93,0,17,0,11,2,0,0,0,0,0,0,0,0,0,22,0,79,1,0,2,0,1,2,1,2,0,4,1,0,0,1,0,0,3,0,101,2,0,0,3,0,7,0,1,0,0,0,3,4,3,1,0,0,0,1,1,0,0,0,2,0,0,2,0,0,0,0,2,0,0,13,33,2,0,0,0,0,0,0,0,3,0,1,394,0,0,0,0,0,0,0,0,0,0,0,0,0,0,0,0,0,0,3,0,2,0,0,0,7,7,0,0,0,0,58,7,2,0,0,0,0,0,0,0,2,0,45,2,17,0,0,0,0,0,0,28,0,0,0,2,0,0,0,1,0,0,17,1,0,0,0,0,0,0,5,0,0,0,2,0,0,0,1,0,4,0,0,4,0,0,0,0,0,0,4,3,0,0,14,1,0,3,1,1,0,0,15,0,6,0,124,0,0,1,0,1,0,8,2,0,3,18,0,0,0,0,0,0,0,0,0,0,0,0,0,2,0,2,0,0,0,1,0,0,0,12,0,9,0,0,7,0,2,0,0,0,0,0,0,0
2020-12-20,0,8,0,0,0,0,1,0,0,0,0,0,0,2,0,1,0,0,0,0,0,0,0,31,0,17,0,0,0,3,0,0,0,15,19,0,0,0,0,0,0,0,0,0,34,0,49,0,2,1,0,0,0,0,0,0,0,0,0,11,0,93,0,3,1,0,0,0,0,0,0,3,0,0,0,0,0,0,0,0,113,2,0,0,0,0,0,2,2,0,0,0,4,1,3,1,0,0,0,0,3,0,0,0,11,0,0,2,0,0,0,0,0,0,0,26,50,2,0,0,1,0,0,0,0,9,0,0,192,0,0,0,0,0,0,0,0,0,0,0,0,0,0,0,0,0,0,12,0,1,0,0,0,6,4,0,0,0,0,0,6,0,2,0,0,0,0,0,0,0,0,32,0,0,0,0,0,0,0,0,28,0,0,0,5,0,0,1,0,0,0,0,8,0,0,0,0,0,0,21,0,0,0,2,0,0,0,0,1,1,0,0,2,0,0,0,0,0,0,3,0,0,0,7,2,0,3,3,1,1,0,14,0,10,0,23,4,0,0,0,1,0,6,1,0,0,22,0,0,0,0,0,0,0,0,0,1,0,0,0,3,0,4,0,0,0,0,0,0,0,27,3,0,0,1,4,0,0,0,0,0,0,0,0,0
2020-12-27,0,12,0,0,0,0,1,0,0,0,0,0,0,9,0,1,0,0,0,0,0,0,3,46,0,15,0,1,0,0,0,1,0,10,19,0,7,0,0,0,0,0,0,0,22,1,20,0,3,1,0,0,0,0,0,0,0,0,0,0,0,41,0,3,0,0,0,0,2,5,0,4,0,0,0,0,0,0,0,0,0,1,0,0,0,0,3,0,0,0,0,1,3,1,3,0,0,0,0,2,0,0,0,0,9,0,0,2,0,0,0,0,0,0,0,9,26,1,0,0,0,1,0,0,0,6,0,1,0,0,1,0,0,0,0,0,0,0,0,0,0,0,0,0,0,0,0,7,0,0,0,0,0,4,1,0,0,0,0,0,3,2,0,0,2,0,0,0,0,0,0,15,1,0,0,0,0,0,0,0,34,0,0,0,4,0,0,0,0,0,0,0,2,0,0,0,0,0,1,4,0,0,0,0,0,0,0,1,1,3,0,0,2,0,0,0,0,0,0,0,0,0,0,21,0,0,0,0,0,0,0,18,0,3,0,15,1,0,2,0,0,0,5,0,0,0,23,0,0,0,0,0,0,0,0,0,0,0,0,0,0,0,0,0,0,0,0,0,0,0,15,0,1,0,0,1,0,0,0,0,0,0,0,0,0
2021-01-03,0,3,0,1,0,0,2,0,0,0,0,0,0,3,0,1,0,0,0,0,0,0,2,44,0,25,0,0,0,4,0,1,0,29,70,0,2,0,0,0,0,0,0,0,38,0,61,0,5,2,0,0,0,0,0,0,0,0,0,60,0,99,0,9,3,0,0,0,0,1,0,3,0,0,0,0,0,0,5,0,84,3,0,0,0,0,2,0,1,0,0,0,6,1,7,0,0,0,0,1,2,0,0,0,7,0,0,4,0,0,0,0,0,1,0,37,26,5,0,0,1,0,0,0,0,21,0,0,13,0,0,0,0,0,0,0,0,0,0,0,0,0,0,0,0,1,0,11,0,2,0,0,0,11,7,0,0,0,0,1,6,0,1,0,2,0,0,0,0,0,0,90,0,4,0,0,0,0,0,0,18,0,0,0,3,0,0,0,1,0,0,0,8,0,0,0,0,0,0,13,0,0,0,3,0,0,0,0,0,1,0,0,4,0,0,0,0,0,0,2,3,0,0,11,3,0,5,1,3,2,0,22,0,12,0,41,4,0,0,0,1,0,12,0,0,0,29,0,0,0,0,2,0,0,0,0,0,0,0,0,6,0,0,0,0,0,0,0,0,0,35,0,20,1,0,5,0,0,0,0,0,0,0,0,0
2021-01-10,0,17,0,0,0,0,1,0,0,0,1,3,0,14,0,0,0,0,0,1,0,0,0,58,0,44,0,0,1,0,0,7,0,40,145,0,7,0,0,29,0,0,0,0,103,0,30,0,10,3,0,0,0,0,0,0,0,1,0,68,0,103,0,8,1,0,0,0,3,1,0,4,0,0,0,0,0,1,1,0,64,2,0,0,2,0,0,2,3,0,0,1,7,2,5,0,0,0,0,1,1,0,0,0,17,0,0,3,6,0,2,0,0,1,0,23,56,5,0,1,7,0,0,0,0,7,0,0,435,0,0,0,0,0,2,0,0,0,0,0,0,0,0,0,0,0,0,13,0,1,0,0,1,13,10,0,0,0,0,70,9,0,1,0,0,0,0,0,0,0,0,79,9,19,0,0,3,0,0,0,31,1,0,0,7,0,0,1,1,0,0,32,13,0,0,0,0,1,3,23,0,0,0,0,0,0,0,3,0,2,0,0,2,0,0,0,0,0,0,0,0,0,0,19,3,0,20,2,8,1,0,21,0,14,6,26,2,0,4,0,2,0,11,1,0,7,38,0,0,0,0,5,0,0,0,0,1,0,0,0,1,0,0,0,0,0,0,0,0,0,39,2,35,0,0,3,2,0,0,0,0,0,0,0,0
2021-01-17,0,0,0,0,0,0,0,0,0,0,0,1,0,24,1,1,0,0,0,0,0,0,2,49,0,48,0,0,0,4,0,1,0,30,150,0,7,0,0,33,0,0,0,0,81,0,59,0,1,1,0,0,0,0,0,0,0,0,0,60,0,116,0,8,6,0,1,1,0,5,0,5,0,0,0,0,1,0,11,0,82,1,0,0,2,1,14,1,3,0,0,0,4,3,10,1,0,0,0,2,8,0,0,0,14,0,0,4,5,0,0,0,2,0,0,25,47,10,0,0,4,3,0,1,0,19,0,1,543,0,0,0,0,0,0,0,0,0,0,0,0,1,0,2,0,0,0,15,0,0,0,0,0,13,6,0,1,0,0,32,9,1,1,0,0,0,0,0,0,0,0,104,1,39,0,1,5,0,0,0,26,1,0,0,8,0,0,1,1,0,0,38,7,1,0,0,0,0,1,11,0,0,0,0,0,0,0,4,0,2,0,0,2,0,0,0,0,0,0,3,3,3,0,27,1,0,15,3,4,3,0,17,0,15,1,15,3,0,4,0,0,0,10,0,0,1,24,0,0,0,0,15,0,0,0,0,0,0,0,0,5,0,0,0,0,0,0,0,0,0,29,0,21,0,6,4,0,2,0,0,0,0,0,0,0
2021-01-24,0,15,0,0,0,0,2,0,0,0,2,2,0,22,3,0,0,0,0,0,0,0,0,44,0,51,0,2,0,8,0,0,0,35,171,0,5,0,0,38,0,0,0,0,94,0,38,0,7,4,0,0,1,0,0,0,0,2,0,72,0,135,1,7,1,0,0,0,16,1,0,5,3,0,0,0,0,0,12,0,196,0,1,0,0,0,11,0,1,0,0,0,0,6,4,1,0,0,0,3,13,0,0,0,18,0,0,2,3,2,0,0,6,2,1,36,58,4,0,0,4,3,16,0,0,25,0,2,451,0,3,0,0,0,0,0,0,0,0,0,0,0,0,2,0,0,0,12,0,0,0,0,0,3,6,0,0,0,0,74,8,0,1,0,0,0,0,0,0,3,0,74,4,30,0,6,0,0,1,0,26,6,0,0,0,0,0,2,0,0,0,41,13,0,0,0,0,0,3,15,0,0,0,3,0,0,1,0,0,2,0,0,4,0,0,0,0,0,0,2,6,0,0,16,2,0,23,3,2,1,0,16,0,16,3,128,3,0,7,1,0,0,6,1,0,2,27,0,0,0,0,4,0,0,0,0,3,0,0,0,3,0,0,0,0,0,0,0,1,0,46,0,32,0,7,4,0,1,0,0,0,0,0,0,0
2021-01-31,0,11,0,1,0,0,2,0,0,0,1,0,0,23,1,7,0,0,0,0,0,0,0,59,0,54,0,4,6,6,0,3,0,30,178,0,18,2,0,49,0,0,0,0,66,0,60,0,10,1,0,1,0,0,0,1,0,3,0,73,0,127,2,8,1,0,2,0,6,4,1,4,1,0,0,0,0,0,0,0,151,4,0,0,3,0,2,5,1,0,0,2,15,3,11,0,0,0,0,0,12,0,4,0,16,0,0,18,7,1,0,0,5,0,0,30,54,6,0,2,3,0,4,0,0,27,0,2,524,0,1,0,1,0,0,0,0,0,0,0,0,0,1,1,0,0,0,15,1,2,0,0,0,13,10,0,0,0,0,57,5,2,2,0,0,0,0,0,1,1,0,75,0,33,0,15,4,0,0,0,22,2,0,0,3,0,0,2,3,0,0,20,18,1,0,0,0,0,2,15,0,0,0,7,0,0,2,2,0,4,0,0,8,0,0,0,0,0,0,2,7,3,0,19,1,0,18,3,2,0,0,18,0,21,2,182,5,0,7,1,1,0,13,0,0,2,27,0,0,0,2,22,0,0,0,0,0,0,0,0,1,0,0,0,0,0,0,0,0,0,50,0,24,0,11,6,0,4,0,0,0,0,0,0,0
2021-02-07,0,1,0,0,0,0,3,0,0,0,0,1,0,22,0,0,0,0,0,1,0,0,2,53,0,67,0,0,0,9,0,1,0,53,133,0,4,0,0,35,0,0,0,0,65,0,43,0,2,0,2,0,0,0,0,0,0,1,0,52,0,109,2,2,1,0,0,0,1,1,0,2,0,0,0,0,0,0,8,0,176,4,0,0,6,0,6,3,2,0,0,0,3,6,3,0,0,0,0,3,4,0,4,0,14,0,1,3,3,0,1,0,0,0,0,31,66,10,0,1,3,0,1,0,0,23,0,3,390,0,1,0,0,0,0,0,0,0,0,0,0,0,0,0,0,0,0,6,0,1,0,0,0,4,6,0,0,0,0,65,6,2,1,0,4,0,0,0,3,1,0,71,3,20,0,1,4,3,1,0,29,4,0,0,3,0,0,2,0,0,2,19,13,0,0,0,0,0,2,10,0,0,0,8,1,0,0,4,1,2,0,0,3,0,0,0,0,0,0,2,6,7,0,32,2,0,16,3,4,2,0,14,0,19,4,158,2,0,3,0,1,0,11,0,0,0,20,0,0,0,1,11,2,0,0,0,0,0,0,0,1,0,3,0,0,0,0,0,1,0,24,2,48,0,6,3,0,1,0,0,0,0,0,0,0
2021-02-14,0,2,0,0,0,0,2,0,0,0,0,1,0,23,0,1,0,0,0,0,0,0,2,65,0,55,1,2,1,10,0,0,0,48,151,0,5,0,0,39,0,0,0,0,109,2,28,0,9,1,2,0,0,0,0,0,2,4,0,52,0,104,3,8,4,0,2,0,21,4,0,5,2,0,0,0,0,0,6,0,261,1,0,0,2,0,5,6,2,0,0,0,8,8,3,0,0,0,0,0,11,0,3,0,14,0,1,0,6,3,0,0,1,1,0,27,64,7,0,0,5,1,5,0,0,24,0,2,560,0,2,0,1,0,3,0,0,0,0,0,0,0,0,0,0,0,0,19,0,1,0,0,0,13,3,0,0,0,0,106,11,0,1,0,2,0,0,2,1,0,0,86,1,36,0,3,4,0,1,0,29,1,0,0,4,0,0,0,0,0,1,0,22,0,0,0,3,0,3,12,0,0,0,6,1,0,1,0,0,1,0,0,1,0,0,0,0,0,0,0,10,0,0,22,0,0,27,1,7,1,0,19,0,12,6,203,9,0,6,0,1,0,14,1,0,0,39,0,0,0,3,6,2,0,0,0,0,0,0,0,3,0,2,0,0,0,4,0,0,0,49,6,25,0,3,5,3,1,0,0,0,0,0,0,0
2021-02-21,0,11,0,0,0,0,0,0,0,0,0,0,1,14,0,0,0,0,0,0,0,1,1,25,0,45,0,0,0,8,0,3,0,39,95,0,2,0,0,31,0,0,0,0,73,0,30,0,11,7,0,2,0,0,0,0,0,1,0,15,0,21,6,3,0,0,2,0,1,3,0,5,0,0,0,0,0,0,13,0,223,3,0,2,1,0,0,2,3,0,0,1,6,8,17,1,0,0,0,0,5,1,6,0,15,0,5,3,2,4,2,0,2,1,0,26,44,7,0,0,10,1,1,0,0,23,0,3,387,0,1,0,0,0,0,0,0,0,0,0,0,1,0,0,0,0,0,3,0,2,0,0,0,4,5,0,0,0,0,56,9,0,0,0,1,0,0,0,1,0,0,86,3,17,0,2,4,1,0,0,29,1,0,0,3,0,0,3,1,0,2,19,14,0,0,0,1,0,0,12,1,0,0,8,0,0,0,0,0,2,0,3,7,0,0,3,0,0,0,4,10,3,1,17,2,0,11,1,3,1,0,18,0,10,3,145,7,0,6,0,2,0,5,0,0,0,28,0,0,0,0,13,2,0,0,0,0,0,0,0,7,0,3,1,0,0,4,0,0,0,34,4,25,0,8,1,0,0,0,0,0,0,0,0,0
2021-02-28,0,8,0,0,0,0,3,0,0,0,1,0,1,22,0,0,0,0,0,1,1,0,0,112,0,15,0,0,0,5,0,2,0,28,28,0,11,0,0,20,0,0,0,0,30,0,112,0,1,8,0,4,0,0,0,1,0,15,0,6,1,2,2,4,0,0,0,0,13,5,0,0,4,0,0,0,1,0,12,0,317,3,0,0,0,2,15,12,2,0,0,1,2,5,13,0,0,1,0,3,59,0,1,0,3,0,3,5,5,2,0,0,0,0,0,30,80,2,1,1,6,2,3,0,0,25,0,1,359,0,0,0,0,0,2,0,0,0,0,0,0,1,0,0,0,0,0,12,0,1,0,0,0,12,2,0,0,0,0,97,24,4,2,0,0,0,0,1,3,0,0,65,1,21,0,8,9,0,0,0,27,1,0,0,10,0,0,4,2,0,4,37,26,0,0,0,0,0,1,9,0,0,0,10,0,0,2,0,1,3,0,0,8,0,0,0,0,0,0,4,10,12,1,28,3,0,0,4,5,3,0,19,0,18,4,208,2,0,11,0,2,1,17,0,0,12,27,0,0,0,0,13,6,0,0,0,0,0,0,1,2,0,3,0,0,0,10,0,0,0,47,0,22,0,8,7,0,2,0,0,0,0,0,0,0
2021-03-07,0,0,0,0,0,0,4,0,0,0,0,0,0,13,0,0,0,0,2,0,0,0,0,17,1,1,0,1,1,11,0,3,0,41,36,0,24,0,0,5,0,0,0,0,22,0,127,0,7,1,0,0,0,0,0,0,3,2,0,410,0,8,4,3,0,0,0,1,12,1,0,1,2,0,0,0,0,0,14,0,228,3,0,0,0,0,5,7,0,0,0,0,2,4,2,1,0,0,0,1,3,0,4,0,10,0,3,0,21,5,6,0,0,1,0,175,43,0,0,0,7,1,1,0,0,10,0,3,136,0,3,0,0,0,1,0,0,0,0,0,0,0,0,0,0,0,0,10,0,0,0,0,0,3,2,0,0,0,1,75,7,0,1,0,0,0,0,0,2,0,0,70,3,16,0,3,13,0,0,0,66,1,0,0,5,0,0,7,0,0,4,5,27,1,0,0,0,0,0,7,0,0,0,7,0,0,2,0,0,3,0,0,5,0,0,0,0,0,0,1,2,7,0,7,7,0,13,0,5,1,0,8,0,24,0,185,2,0,4,0,1,2,9,0,0,0,31,0,0,0,3,3,3,0,0,0,0,0,0,1,1,0,3,0,0,0,2,0,0,0,33,0,25,0,2,6,0,0,0,0,0,0,0,0,0
2021-03-14,0,11,0,0,0,0,0,0,0,0,0,0,0,25,0,0,0,0,1,0,0,2,3,41,0,29,0,0,0,1,0,3,1,46,36,0,2,2,0,18,1,0,0,0,17,1,29,1,2,0,1,0,1,0,0,0,0,2,0,30,0,2,1,5,4,0,0,3,3,2,0,0,0,0,0,0,0,0,11,0,195,12,0,0,4,0,3,3,8,0,0,2,2,5,0,0,0,0,0,2,0,0,2,0,4,0,6,0,2,0,1,0,4,0,0,146,0,0,0,0,6,0,7,0,0,22,8,2,158,0,4,0,0,0,0,0,0,1,0,0,0,0,0,0,0,2,0,7,0,0,0,0,0,6,1,0,0,0,0,72,6,2,0,0,0,0,0,0,4,0,0,52,4,4,0,0,0,0,0,0,6,0,0,0,3,0,1,0,0,0,2,13,20,0,0,0,0,0,0,2,0,0,0,4,0,0,0,0,0,0,0,4,6,0,0,0,0,0,0,0,3,10,0,2,0,0,19,2,3,1,0,1,0,9,5,182,1,0,5,0,0,1,2,0,0,0,3,0,0,0,5,7,2,0,0,0,0,0,0,1,0,0,4,0,0,0,3,0,1,0,38,1,22,0,3,0,4,0,0,0,0,0,0,0,0
2021-03-21,0,9,0,1,0,0,0,0,0,0,0,0,0,28,0,0,0,0,3,0,0,0,1,59,0,56,0,0,0,1,0,1,0,49,24,0,5,0,0,39,0,0,0,0,36,0,57,2,0,9,0,0,0,0,0,0,0,1,0,20,0,109,6,0,3,0,1,2,6,7,0,0,0,0,0,0,0,1,20,5,121,0,0,1,0,0,9,5,4,1,0,2,7,6,1,2,0,0,0,6,7,0,3,0,15,0,4,2,6,2,1,0,3,1,0,16,58,5,0,2,7,1,9,0,0,15,0,4,110,0,2,1,0,0,0,0,0,0,0,0,0,0,0,0,0,0,0,0,5,3,0,0,0,64,10,0,0,0,0,18,9,1,1,0,6,1,0,0,4,3,0,31,3,12,1,0,0,0,0,0,36,0,0,0,13,0,1,3,0,0,10,42,20,0,0,0,0,0,4,13,0,0,0,3,0,0,1,0,0,0,0,0,3,0,0,5,2,0,0,0,3,1,0,6,0,0,20,1,3,7,0,4,0,14,5,35,0,0,6,0,0,1,13,0,0,0,5,0,0,0,0,1,1,0,0,0,0,0,0,0,0,0,0,0,0,0,15,0,1,0,33,4,38,0,3,2,0,2,0,0,0,0,0,0,0
2021-03-28,0,0,0,0,0,0,1,0,0,0,0,5,2,12,1,0,0,0,2,1,0,2,4,47,0,41,0,0,0,0,0,2,6,47,65,0,4,0,0,27,0,0,0,0,66,0,58,2,3,3,1,0,0,0,0,0,0,12,0,29,0,76,0,3,0,0,0,0,6,2,0,2,1,0,0,0,0,0,22,2,127,3,0,1,0,0,1,6,6,0,0,2,0,6,6,0,0,0,0,1,0,0,5,0,21,0,3,4,3,0,0,0,0,0,1,38,67,3,0,0,3,1,6,0,1,7,0,1,334,0,0,0,1,3,0,0,0,0,0,0,0,0,0,0,0,0,0,6,0,4,0,0,0,4,3,0,0,0,0,4,6,0,4,0,0,0,0,0,6,2,0,25,2,30,1,3,6,0,0,0,50,1,0,0,3,0,2,1,1,0,9,3,21,0,0,0,0,0,2,8,0,0,1,5,0,0,2,0,0,0,0,0,3,0,0,6,0,0,0,3,8,6,1,36,2,0,7,0,3,3,0,25,0,16,4,21,0,0,10,0,1,1,16,0,0,0,32,0,0,0,0,4,3,0,0,0,0,0,0,0,5,0,5,0,0,0,7,0,0,0,40,0,18,0,1,2,0,1,0,0,0,0,0,0,0
2021-04-04,0,5,0,0,0,1,1,0,0,0,0,1,2,15,1,0,0,1,2,1,0,1,5,48,0,32,0,0,0,3,0,1,0,38,60,0,5,0,0,33,0,0,0,0,91,1,43,6,4,13,0,0,0,2,0,1,0,4,0,19,0,37,6,3,0,0,2,1,3,1,0,2,0,0,0,0,0,0,5,3,144,1,0,0,1,0,8,8,3,0,0,0,2,1,2,0,0,0,0,1,5,0,8,0,6,0,1,2,3,0,0,0,0,2,0,31,45,5,0,0,2,0,3,0,0,23,0,4,431,0,4,0,0,0,0,0,0,0,0,0,0,0,0,1,0,0,1,8,0,2,0,0,0,2,4,0,0,0,0,63,4,0,2,0,0,1,0,0,5,0,0,3,2,16,0,2,3,0,0,0,31,3,0,0,1,0,0,0,0,0,9,39,8,0,0,0,0,0,0,7,0,0,0,1,0,0,1,0,0,12,0,0,3,0,0,8,0,0,0,1,5,13,2,22,0,0,18,2,0,0,0,14,0,3,1,165,4,0,10,0,1,1,9,1,0,0,14,0,0,0,0,1,4,0,0,0,0,0,0,0,4,0,6,0,0,0,2,0,0,0,15,0,23,1,1,3,0,0,0,0,0,0,0,0,0
2021-04-11,0,11,0,0,0,1,1,0,0,0,0,0,0,22,0,0,0,0,0,0,1,1,2,42,0,43,0,0,1,8,0,4,1,41,89,0,4,0,0,41,0,0,0,0,83,0,58,2,4,7,0,0,1,0,0,2,0,3,0,9,0,59,0,1,0,0,2,0,2,4,0,3,0,0,0,0,0,0,6,0,243,2,0,0,0,0,7,4,7,0,0,6,2,3,5,1,0,0,0,0,6,0,4,0,9,0,3,2,3,0,0,0,2,2,0,35,66,4,0,1,7,6,2,0,0,19,0,4,467,0,2,0,0,0,0,0,0,0,0,0,0,0,0,2,0,0,0,8,0,1,0,0,0,8,2,0,0,0,0,84,7,2,0,0,4,0,0,1,2,1,0,53,1,23,1,5,3,0,0,0,58,0,0,0,3,0,1,2,0,0,15,19,10,0,0,0,2,0,0,6,0,0,0,0,0,0,1,5,0,0,0,0,1,0,0,0,0,0,0,2,10,6,0,5,1,0,31,1,2,1,0,20,0,10,3,195,2,0,7,0,1,0,9,0,0,0,17,2,0,0,0,0,0,0,0,0,0,0,0,1,3,0,0,0,0,0,7,0,0,0,19,0,16,1,1,4,0,1,0,0,0,0,0,0,0
2021-04-18,0,0,0,0,0,0,3,0,0,0,0,1,0,13,0,1,0,0,0,0,0,2,0,47,0,26,0,0,0,6,0,0,1,30,167,0,6,0,0,36,0,1,0,0,71,0,35,0,4,11,0,0,2,0,0,0,0,3,0,37,0,65,0,2,0,0,3,1,1,0,0,3,0,0,0,0,0,0,8,0,283,0,0,0,1,0,3,4,3,0,0,2,5,4,5,0,0,0,0,1,5,0,1,0,21,0,1,0,1,2,0,0,0,2,0,22,46,5,0,4,7,4,1,0,0,22,0,0,439,0,1,0,0,0,0,0,0,0,0,0,0,0,0,1,0,0,0,9,0,1,0,0,0,0,8,0,0,0,0,1,5,0,2,0,0,0,0,0,0,0,0,59,1,23,0,2,4,2,0,0,35,2,2,0,4,0,0,1,1,0,14,32,10,0,0,0,0,0,0,7,0,0,1,4,0,0,0,0,1,2,2,0,0,0,0,5,0,0,0,1,7,0,0,30,1,0,26,0,4,2,0,18,0,7,10,165,3,0,13,0,1,0,5,0,0,0,38,0,0,0,2,4,2,0,0,0,0,0,0,0,2,0,0,0,0,0,5,0,0,0,4,4,21,0,1,4,1,0,0,0,0,0,0,0,0
2021-04-25,0,4,0,0,0,0,0,0,0,0,0,2,0,22,3,1,0,0,3,0,0,0,1,32,0,27,0,0,0,5,0,0,2,37,80,0,2,0,0,37,0,0,0,0,57,0,36,1,2,5,0,0,0,0,0,0,0,1,0,17,0,32,6,2,0,0,1,2,0,1,0,2,0,0,0,0,0,0,1,0,268,0,0,0,0,0,10,4,5,0,0,0,4,4,7,0,0,0,0,0,14,0,0,0,22,0,0,3,6,1,0,0,2,0,0,44,34,3,0,1,4,16,0,0,0,21,0,1,413,0,2,0,0,0,0,0,0,0,0,0,0,0,0,1,0,0,0,2,0,0,0,0,0,1,1,0,0,0,0,0,1,0,2,1,1,0,0,0,0,0,0,62,1,2,0,2,6,1,0,0,30,3,0,0,3,0,3,3,0,0,3,22,9,0,0,0,0,0,0,3,0,0,0,2,0,0,0,0,0,4,0,0,0,0,0,2,0,0,0,3,15,0,0,9,0,0,15,0,1,0,0,18,0,3,7,180,1,0,5,0,0,1,7,0,0,3,13,0,0,0,2,0,3,0,0,0,0,0,0,0,8,0,1,0,0,0,1,0,1,0,1,0,9,2,0,1,0,1,0,0,0,0,0,0,0
2021-05-02,0,4,0,0,0,0,0,0,0,0,0,0,0,13,0,0,0,0,0,0,0,0,6,28,0,22,0,0,0,4,0,0,0,29,81,0,1,0,0,19,0,0,0,0,42,0,23,0,0,1,1,0,0,0,0,0,0,3,0,10,0,28,1,3,0,0,0,1,5,3,0,1,0,0,0,0,0,0,4,0,229,6,1,0,3,0,11,6,2,0,0,0,1,4,2,0,0,0,0,0,13,0,1,0,11,0,4,0,2,0,0,0,0,0,0,33,28,1,1,0,2,2,0,0,0,15,0,2,365,0,1,0,0,1,0,0,0,0,0,0,0,0,0,1,0,0,0,4,0,0,0,0,0,0,3,0,0,0,0,0,4,0,1,1,1,0,0,0,2,0,0,61,0,20,0,0,2,1,0,0,29,2,0,0,2,0,1,2,0,0,5,15,5,0,0,0,0,0,0,4,0,1,0,0,0,0,0,0,0,4,0,0,0,0,0,2,0,0,0,1,3,6,0,8,0,0,12,0,1,0,0,10,0,2,3,156,1,0,2,0,0,2,1,0,0,0,9,0,0,0,0,1,1,0,0,0,0,3,0,0,0,0,1,0,0,0,2,0,0,0,4,0,7,0,3,3,0,0,0,0,0,0,0,0,0
2021-05-09,0,2,0,0,0,2,0,0,0,0,0,1,0,14,0,0,0,0,0,0,0,0,1,35,0,7,0,0,0,0,0,0,0,26,87,0,1,0,0,32,0,0,0,0,43,0,46,0,0,7,0,1,0,0,0,0,0,2,1,12,0,29,0,4,0,0,1,0,12,1,0,1,0,0,0,1,0,0,5,0,231,0,0,0,0,0,22,2,0,0,0,0,2,7,6,0,0,0,0,2,2,0,1,0,6,0,0,0,1,2,0,0,0,0,0,10,44,4,0,0,3,0,0,0,0,24,0,6,392,0,0,0,0,2,3,0,0,0,0,0,0,0,0,0,0,0,0,5,0,1,0,0,0,7,2,0,0,0,0,0,5,0,0,0,0,0,0,0,3,1,0,56,2,4,0,1,0,2,0,0,46,2,0,0,0,0,0,0,1,0,5,10,11,0,0,0,0,0,1,4,0,0,0,0,0,0,0,0,1,5,0,0,2,0,0,0,1,0,0,2,4,8,0,7,0,0,16,0,2,1,0,11,0,4,10,141,1,0,8,0,0,1,3,0,0,0,13,0,0,0,0,0,1,0,0,0,0,0,0,0,1,0,0,0,0,0,5,0,0,0,20,0,15,1,2,2,0,0,0,0,0,0,0,0,0
2021-05-16,0,0,0,0,0,0,0,0,0,0,0,0,0,8,0,0,0,0,0,0,0,0,10,27,0,20,0,0,0,7,0,0,0,20,70,0,1,0,0,18,0,0,0,0,50,0,18,0,1,2,0,0,1,0,0,0,0,3,3,14,0,19,0,2,0,0,0,0,1,1,0,2,0,0,0,0,0,0,0,0,252,0,0,0,0,0,20,4,2,0,0,2,1,3,1,0,0,0,0,1,4,0,0,0,12,0,0,0,3,3,0,0,0,0,0,18,37,0,0,0,3,0,0,0,0,17,0,0,309,0,1,1,0,6,0,0,0,0,0,0,0,0,0,1,0,0,0,1,0,0,0,0,0,1,4,0,0,0,0,6,0,0,2,0,0,0,0,0,3,0,0,55,0,5,0,1,0,1,0,0,26,0,0,0,0,0,1,0,0,0,1,17,7,0,0,0,0,0,0,2,0,0,0,2,0,0,1,1,0,2,0,0,3,0,0,0,0,0,0,1,6,5,0,1,0,0,7,1,1,0,0,8,0,0,13,132,3,0,4,0,0,2,6,0,0,0,8,0,1,0,0,0,2,0,0,0,0,0,0,0,0,0,0,0,0,0,2,0,0,0,3,0,5,0,0,3,0,1,0,0,0,0,0,0,0
2021-05-23,0,0,0,0,0,1,11,0,0,0,0,0,0,10,0,0,0,0,0,0,0,1,14,16,0,16,0,0,0,3,0,0,0,18,53,0,2,0,0,14,0,0,0,0,27,0,18,0,0,2,0,0,0,0,0,1,0,0,2,9,0,3,0,0,0,0,2,0,0,0,0,0,1,0,0,0,0,0,0,0,199,0,0,0,0,0,2,5,0,0,0,1,2,1,0,0,0,0,0,0,2,0,1,0,9,0,1,0,0,0,0,0,0,0,0,6,23,1,0,2,2,0,0,0,0,20,0,0,285,0,1,0,0,0,0,0,0,0,0,0,0,0,0,0,0,0,0,0,0,0,0,0,0,0,2,0,0,0,0,19,1,0,0,0,0,0,0,0,2,0,0,49,0,2,0,1,0,0,0,0,15,0,0,0,0,0,0,0,0,0,2,4,3,0,0,0,0,0,0,0,0,0,0,0,0,0,0,0,0,0,0,0,3,0,0,0,0,0,0,0,6,0,0,4,0,0,5,0,0,0,0,7,0,2,11,114,2,0,1,0,0,0,1,0,0,0,4,0,0,0,0,0,1,0,0,0,0,0,0,0,0,0,0,0,0,0,0,0,0,0,1,1,1,0,0,0,0,0,0,0,0,0,0,0,0
2021-05-30,0,0,0,1,0,0,0,0,0,0,0,0,0,7,0,0,0,0,0,0,0,0,3,17,0,5,0,0,0,2,0,0,0,11,26,0,2,0,0,18,0,0,0,0,17,0,10,1,0,2,0,0,0,0,0,0,0,0,0,10,0,4,0,1,0,0,0,0,1,1,0,0,1,0,0,0,0,0,2,3,173,0,0,0,0,0,1,2,0,0,0,2,1,0,0,0,0,0,0,0,2,0,1,0,5,0,0,0,0,0,0,0,0,0,0,14,15,0,0,0,0,0,0,0,0,11,0,0,221,0,2,0,0,0,2,0,0,0,0,0,0,0,0,0,0,0,2,0,0,1,0,0,0,0,0,0,0,0,0,18,3,0,0,0,0,0,0,0,2,0,0,32,1,9,0,0,0,4,0,0,16,0,0,0,0,0,0,0,1,0,2,19,5,0,0,0,0,0,0,0,0,0,0,0,0,0,0,0,0,0,0,0,1,0,0,0,0,0,0,0,0,0,0,2,0,0,5,2,1,0,0,4,0,2,5,93,0,0,1,0,0,0,1,0,0,0,2,0,0,0,0,0,1,0,0,0,0,0,0,0,0,0,2,0,0,0,0,0,0,0,2,1,8,0,0,3,0,0,0,0,0,0,0,0,0
2021-06-06,0,0,0,0,0,1,1,0,0,0,0,0,0,14,0,0,0,0,0,0,0,0,6,21,0,7,0,0,0,4,0,1,0,21,41,0,4,0,0,22,0,2,0,0,20,0,23,0,3,0,0,0,0,0,0,0,2,1,0,2,0,7,1,2,0,0,0,0,1,0,0,0,0,0,0,1,0,0,2,0,164,0,0,0,1,0,8,1,2,0,0,4,2,5,2,0,0,0,0,1,2,0,1,0,4,0,2,0,6,0,0,0,2,0,0,18,9,0,0,0,1,0,1,1,0,8,0,0,340,0,1,0,0,0,1,0,0,0,0,0,0,0,0,1,0,0,0,7,0,0,0,0,0,1,1,0,0,0,0,21,3,0,0,0,0,0,0,0,3,0,0,69,0,13,0,3,3,0,0,0,33,0,0,0,1,0,2,0,0,0,1,12,4,0,0,0,0,0,0,4,0,0,0,2,0,0,0,2,0,5,0,0,0,0,0,0,0,0,0,3,5,0,0,0,0,0,0,1,0,0,0,6,0,0,1,135,1,0,3,0,0,0,3,0,0,0,12,0,0,0,0,0,3,0,0,0,0,0,0,0,1,0,1,0,0,0,1,0,0,0,9,1,3,0,1,5,0,1,0,0,0,0,0,0,0
2021-06-13,0,5,0,0,0,0,0,0,0,0,0,0,0,7,3,0,0,0,2,0,0,0,1,24,1,15,0,0,0,2,0,3,0,14,42,0,0,2,0,23,0,0,0,0,29,1,12,0,4,0,1,0,0,0,0,1,0,3,0,1,0,4,2,1,0,0,0,0,0,0,0,0,0,0,0,0,0,0,0,0,174,1,0,0,0,0,2,2,2,0,0,2,2,1,1,0,0,0,0,0,3,0,2,0,9,0,0,1,0,2,0,0,0,0,0,15,22,2,0,0,0,0,0,0,0,8,0,1,235,0,0,0,0,0,0,0,0,0,0,0,0,0,0,0,0,0,0,0,0,0,0,0,0,0,1,0,0,0,0,20,3,0,0,0,0,0,0,0,0,0,0,50,0,4,0,1,0,8,0,0,25,0,0,0,0,0,0,0,1,0,0,9,3,0,0,0,0,0,0,1,0,0,0,0,2,0,1,5,0,1,0,0,0,0,0,0,0,0,0,1,3,0,0,0,0,0,14,1,0,1,0,11,0,1,5,106,0,0,1,0,0,0,4,0,0,0,3,0,0,0,0,1,1,0,0,0,0,0,0,0,1,0,2,0,0,0,0,0,0,0,4,1,1,0,0,3,0,1,0,0,0,0,0,0,0
2021-06-20,0,0,0,0,0,0,0,1,0,0,0,1,0,3,0,0,0,0,0,0,0,0,0,4,2,3,0,1,0,2,0,0,0,9,15,0,0,1,0,8,0,0,0,0,16,0,18,0,0,0,0,0,0,0,0,0,0,0,0,7,1,5,0,2,0,0,0,0,1,0,0,0,0,0,0,0,0,0,0,0,146,0,0,0,0,0,1,0,1,0,0,0,1,0,1,0,0,0,0,0,1,0,0,0,4,0,0,0,0,0,0,0,0,0,0,6,7,1,0,0,0,0,0,0,0,7,0,0,140,0,0,0,0,0,0,0,0,0,0,0,0,0,0,0,0,0,0,1,0,0,0,0,0,0,0,0,0,0,0,21,0,0,0,0,0,0,0,0,1,0,0,33,0,0,0,0,0,0,0,0,14,0,0,0,0,0,0,0,0,0,0,0,5,0,0,0,0,0,0,0,0,0,0,8,0,0,0,0,0,0,0,0,0,0,0,0,1,0,0,0,1,0,0,1,0,0,2,0,0,0,0,2,0,0,1,81,1,0,1,0,0,0,0,0,0,0,0,0,0,0,0,0,2,0,0,0,0,0,0,0,0,0,0,0,0,0,1,0,0,0,6,0,0,0,0,1,0,0,0,0,0,0,0,0,0
2021-06-27,0,0,0,0,0,0,0,0,0,0,0,0,0,1,0,0,0,0,0,0,0,0,0,8,0,5,0,0,0,0,0,0,0,4,25,0,0,0,0,20,0,0,0,0,13,0,6,0,0,0,0,0,0,0,0,0,0,1,0,3,1,0,0,0,0,0,0,0,0,0,0,0,0,0,0,0,0,0,0,0,140,0,0,0,0,0,4,1,5,0,0,2,0,0,0,0,0,0,0,1,1,0,0,0,1,0,0,0,0,0,0,0,0,0,0,7,14,0,0,0,0,0,0,0,0,6,0,1,148,0,1,0,0,0,0,0,0,0,0,0,0,0,0,0,0,0,0,0,0,0,0,0,0,0,1,0,0,0,0,11,0,0,0,0,0,0,0,0,0,0,0,17,0,0,0,0,2,0,0,0,8,0,0,0,0,0,0,0,0,0,0,7,1,0,0,0,0,0,0,0,0,0,0,1,0,0,0,0,0,0,0,0,0,0,0,0,0,0,0,0,1,0,0,1,0,0,0,0,0,0,0,3,0,0,8,45,0,0,1,0,0,0,0,0,0,0,0,0,0,0,0,0,0,0,0,0,0,0,0,0,0,0,0,0,0,0,0,0,0,0,1,0,0,0,0,0,0,0,0,0,0,0,0,0,0
2021-07-04,0,0,0,0,0,0,0,0,0,0,0,1,0,2,0,0,0,0,0,0,0,0,0,1,0,3,0,1,0,0,0,0,0,5,15,0,0,0,0,5,0,0,0,0,9,0,11,0,0,0,0,0,0,0,0,0,0,0,0,0,0,0,0,2,0,0,0,0,0,0,0,0,0,0,0,0,0,0,0,0,121,0,0,0,1,0,0,0,5,0,0,1,0,0,0,0,0,0,0,0,4,0,0,0,0,0,0,0,0,0,0,0,0,0,0,6,1,0,0,0,0,0,0,0,0,6,0,0,62,0,0,0,0,0,0,0,0,0,0,0,0,0,0,0,0,0,0,0,0,0,0,0,0,0,1,0,0,0,0,10,0,0,0,0,0,0,0,0,0,0,0,12,0,0,0,0,0,0,0,0,17,0,0,0,0,0,0,0,0,0,0,1,0,0,0,0,0,0,0,0,0,0,0,5,0,0,0,0,0,0,0,0,0,0,0,0,0,0,0,0,1,0,0,0,0,0,0,0,0,0,0,0,0,0,0,40,0,0,1,0,0,0,0,0,0,0,0,0,0,0,0,0,0,0,0,0,0,0,0,0,0,0,0,0,0,0,0,0,0,0,0,0,0,0,0,0,0,0,0,0,0,0,0,0,0
2021-07-11,0,0,0,0,0,0,1,0,0,0,0,0,0,6,0,0,0,0,0,0,0,0,0,5,0,7,0,0,0,1,0,0,0,2,17,0,0,1,0,10,0,0,0,0,13,0,2,0,0,0,0,0,0,0,0,0,0,0,0,3,0,0,0,1,0,0,0,0,0,1,0,0,0,0,0,0,0,0,0,0,120,0,0,0,0,0,3,2,3,0,0,0,0,1,0,0,0,0,0,0,2,0,0,0,3,0,0,0,0,0,0,0,0,0,0,14,13,0,1,0,0,0,0,0,0,6,0,0,120,0,0,0,0,0,0,0,0,0,0,0,0,0,0,0,0,0,0,0,0,0,0,0,0,0,0,0,0,0,0,23,1,0,0,0,0,0,0,0,1,0,0,37,0,1,0,0,0,0,0,0,10,0,0,0,0,0,0,0,0,0,0,6,0,0,0,0,0,0,0,0,0,0,0,0,0,0,0,1,0,1,0,0,0,0,0,0,0,0,0,0,3,0,0,0,0,0,1,0,0,0,0,1,0,0,5,64,0,0,1,0,0,0,0,0,0,0,0,0,0,0,0,0,0,0,0,0,0,0,0,0,0,0,0,0,0,0,0,0,0,0,0,0,0,0,0,0,0,0,0,0,0,0,0,0,0
2021-07-18,0,0,0,0,0,0,0,0,0,0,0,0,0,1,0,0,0,0,0,0,0,0,0,4,0,9,0,0,0,2,0,0,0,5,11,0,0,0,0,11,0,0,0,0,11,0,8,0,0,0,0,0,0,0,0,0,0,0,0,0,0,0,0,0,0,0,0,0,0,0,0,0,0,0,0,0,0,0,0,0,87,0,0,0,0,0,1,1,4,0,0,0,0,1,0,0,0,0,0,1,2,0,0,0,0,0,0,1,0,0,0,0,0,0,0,3,11,0,0,0,0,0,0,0,0,6,0,0,74,0,1,0,0,0,0,0,0,0,0,0,0,0,0,0,0,0,1,1,0,0,0,0,0,0,0,0,0,0,0,31,1,0,0,0,0,0,0,0,0,0,0,19,0,1,0,0,0,0,0,0,8,0,0,0,0,0,0,0,0,0,0,0,0,0,0,0,0,0,0,0,0,0,0,0,0,0,0,0,0,3,0,0,0,0,0,0,0,0,0,0,0,0,0,0,0,0,2,0,0,0,0,1,0,0,1,51,0,0,0,0,0,0,0,0,0,0,0,0,0,0,0,0,0,0,0,0,0,0,0,0,0,0,0,0,0,0,0,0,0,0,0,0,0,0,0,0,0,0,0,0,0,0,0,0,0
2021-07-25,0,0,0,0,0,0,0,0,0,0,0,0,0,0,0,0,0,0,0,0,0,0,0,1,0,3,0,0,0,1,0,0,0,2,6,0,0,0,0,5,0,0,0,0,2,0,1,0,0,0,0,0,0,0,0,0,0,0,0,0,0,1,0,0,0,0,0,0,0,0,0,0,0,0,0,0,0,0,0,0,52,0,0,0,0,0,2,0,0,0,0,0,1,0,0,0,0,0,0,0,2,0,0,0,1,0,0,0,0,0,0,0,0,0,0,5,8,0,0,0,0,0,0,0,0,3,0,0,39,0,0,0,0,0,0,0,0,0,0,0,0,0,0,0,0,0,0,0,0,0,0,0,0,0,1,0,0,0,0,17,0,0,0,0,0,0,0,0,0,0,0,10,0,0,0,0,1,0,0,0,4,0,0,0,0,0,0,0,0,0,0,4,0,0,0,0,0,0,0,0,0,0,0,0,0,0,0,0,0,2,0,0,0,0,0,0,0,0,0,0,1,0,0,0,0,0,1,0,0,0,0,0,0,0,2,26,1,0,0,0,0,0,0,0,0,0,0,0,0,0,0,0,0,0,0,0,0,0,0,0,0,0,0,0,0,0,0,0,0,0,0,0,0,0,0,1,0,0,0,0,0,0,0,0,0
2021-08-01,0,0,0,0,0,0,0,0,0,0,0,0,0,0,0,0,0,0,0,0,0,0,0,3,0,4,0,0,0,0,0,0,0,0,10,0,0,0,0,7,0,0,0,0,2,0,4,0,0,0,0,0,0,0,0,0,0,0,0,0,0,0,0,0,0,0,0,0,0,0,0,0,0,0,0,0,0,0,0,0,55,0,0,0,0,0,1,1,1,0,0,0,0,0,0,0,0,0,0,0,1,0,0,0,0,0,0,0,0,0,0,0,0,0,0,2,2,0,0,0,0,0,0,0,0,4,0,0,18,0,0,0,0,0,0,0,0,0,0,0,0,0,0,0,0,0,0,0,0,0,0,0,0,0,0,0,0,0,0,1,0,0,0,0,0,0,0,0,0,0,0,8,0,0,0,0,0,0,0,0,1,0,0,0,0,0,0,0,0,0,0,3,0,0,0,0,0,0,0,0,0,0,0,0,0,0,0,0,0,0,0,0,0,0,0,0,0,0,0,0,0,0,0,0,0,0,1,0,0,0,0,1,0,0,0,10,0,0,0,0,0,0,0,0,0,0,0,0,0,0,0,0,0,0,0,0,0,0,0,0,0,0,0,0,0,0,0,0,0,0,0,0,0,0,0,0,0,0,0,0,0,0,0,0,0
2021-08-08,0,0,0,0,0,0,1,0,0,0,0,0,0,1,0,0,0,0,0,0,0,0,0,3,0,7,0,0,0,2,0,0,0,1,14,0,0,0,0,7,0,0,0,0,5,0,6,0,0,0,0,0,0,0,0,0,0,0,0,1,0,0,0,0,0,0,0,0,0,0,0,0,0,0,0,0,0,0,0,0,81,0,0,0,1,0,1,0,2,0,0,0,1,0,0,0,1,0,0,0,2,0,0,0,1,0,0,0,0,0,0,0,0,0,0,5,3,0,0,0,0,0,0,0,0,4,0,0,93,0,0,0,0,0,0,0,0,0,0,0,0,0,0,0,0,0,0,0,0,0,0,0,0,0,1,0,0,0,0,7,0,0,0,0,0,0,0,0,0,0,0,23,0,0,0,0,4,0,0,0,5,0,0,0,0,0,0,0,0,0,0,7,0,0,0,0,0,0,0,0,0,0,0,0,0,0,0,1,0,0,0,0,0,0,0,0,0,0,0,0,1,0,0,0,0,0,1,0,0,0,0,1,0,0,0,41,0,0,2,0,0,0,0,0,0,0,0,0,0,0,0,0,0,0,0,0,0,0,0,0,0,0,0,0,0,0,1,0,0,0,1,1,0,0,0,0,0,0,0,0,0,0,0,0,0
2021-08-15,0,0,0,0,0,0,1,0,0,0,0,0,0,3,4,0,0,0,0,0,0,0,0,2,0,0,0,0,0,0,0,0,0,2,13,0,2,0,0,4,0,0,0,0,4,0,4,0,0,0,0,0,0,0,0,0,0,1,0,0,1,8,0,2,0,0,0,0,0,0,0,0,0,0,0,0,0,0,0,0,70,1,0,0,1,0,0,0,0,0,0,0,0,0,0,0,0,0,0,0,2,0,0,0,4,0,1,1,1,0,0,0,0,0,0,6,4,0,0,0,1,0,0,0,0,4,0,0,65,0,3,0,0,0,0,0,0,0,0,0,0,0,0,0,0,0,0,0,0,0,0,0,0,0,2,0,0,0,0,9,1,0,0,0,0,0,0,0,1,0,0,16,2,0,0,0,3,0,0,0,7,0,0,0,0,0,0,0,0,0,0,3,0,0,0,0,0,0,0,1,0,0,0,0,0,0,0,0,0,0,0,0,1,0,0,0,0,0,0,0,3,0,0,2,0,0,3,0,0,1,0,5,0,0,1,36,0,0,1,0,0,0,3,0,0,0,0,0,0,0,0,0,0,0,0,0,0,0,0,0,0,0,0,0,0,0,1,0,0,0,5,0,0,0,0,2,0,0,0,0,0,0,0,0,0
2021-08-22,0,4,0,0,0,0,1,0,0,0,0,3,0,4,0,0,0,0,0,0,0,0,0,5,0,6,0,0,0,0,0,0,0,6,15,0,4,0,0,8,0,0,0,0,13,0,3,0,0,0,0,0,0,0,0,0,0,1,0,2,0,14,1,2,0,0,0,0,0,0,0,0,0,0,0,0,0,0,2,0,63,0,0,0,0,0,1,1,5,0,0,0,1,2,2,0,0,0,0,0,3,0,0,0,1,0,1,1,0,0,0,0,0,0,0,6,5,0,0,0,3,0,1,0,0,2,0,1,106,0,0,0,0,0,0,0,0,0,0,0,0,0,0,0,0,0,0,0,0,0,0,0,0,0,4,0,0,0,0,10,1,0,0,0,0,0,0,0,2,0,0,27,1,9,0,0,0,0,0,0,11,0,0,0,0,0,0,0,0,0,0,5,2,0,0,0,0,0,0,6,0,0,0,0,0,0,0,0,0,0,0,0,0,0,0,0,0,0,0,3,0,0,0,5,0,0,4,0,0,0,0,7,0,0,9,36,0,0,0,0,0,0,2,0,0,0,3,0,0,0,0,0,0,0,0,0,0,1,0,0,0,0,0,0,0,0,2,0,0,0,3,1,0,0,0,1,0,0,0,0,0,0,0,0,0
2021-08-29,0,3,0,0,0,2,1,0,0,0,0,1,0,2,0,0,0,0,0,0,0,0,0,6,0,3,0,1,0,2,0,1,0,4,12,0,5,0,0,5,0,0,0,0,7,0,3,0,0,0,0,0,0,0,0,0,0,2,0,0,0,31,0,6,0,0,0,0,4,1,0,1,1,0,0,0,0,0,0,0,48,1,0,0,0,0,1,1,0,0,0,1,3,0,4,0,0,0,0,0,3,0,0,0,0,0,0,2,0,0,0,0,2,0,0,3,6,0,0,0,2,0,0,0,0,1,0,2,95,0,0,0,0,0,1,0,0,0,0,0,0,1,0,0,0,0,0,6,0,0,0,0,0,3,6,0,0,0,0,8,1,0,0,0,0,0,0,0,2,0,0,20,0,9,0,1,3,0,0,0,13,0,0,0,3,0,1,0,0,0,0,2,2,0,0,0,0,0,0,2,0,0,0,0,0,0,0,0,0,3,0,0,2,0,0,2,0,0,0,0,1,1,0,3,2,0,1,1,0,0,0,20,0,0,8,30,2,0,1,0,0,0,5,0,0,3,11,0,0,0,0,0,1,0,0,0,0,0,0,0,2,0,2,0,0,0,3,0,0,0,11,0,8,0,1,1,0,0,0,0,0,0,0,0,0
2021-09-05,0,0,0,0,0,0,0,0,0,0,0,0,0,1,0,0,0,0,0,0,0,0,0,5,1,3,0,0,0,1,0,0,0,4,20,0,4,1,0,0,0,0,0,0,4,0,5,0,2,1,0,1,0,0,0,0,0,0,0,1,0,12,0,4,0,0,0,0,1,0,0,0,1,0,0,0,0,0,0,0,43,1,0,0,0,0,0,0,0,0,0,0,1,1,0,0,0,0,0,0,2,0,0,0,3,0,0,0,0,0,0,0,0,2,0,9,9,4,0,0,1,0,0,0,0,3,0,0,109,0,1,0,0,0,1,0,0,0,0,0,0,0,0,0,0,0,0,0,0,0,0,0,0,0,1,0,0,0,0,9,0,0,0,0,0,0,0,0,1,0,0,11,0,3,0,0,8,0,0,0,16,0,0,0,3,0,0,0,0,0,1,5,0,0,0,0,0,0,0,2,0,0,0,0,1,0,0,0,0,2,0,0,0,0,0,2,0,0,0,0,1,1,0,2,0,0,2,1,1,0,0,9,0,0,0,38,0,0,0,0,0,0,0,0,0,0,3,0,0,0,0,0,0,0,0,0,0,0,0,0,1,0,2,0,0,0,3,0,0,0,2,3,3,0,0,0,0,0,0,0,0,0,0,0,0
2021-09-12,0,3,0,0,0,0,0,0,0,0,0,1,0,6,0,0,0,0,0,0,0,0,0,6,0,4,0,0,0,3,0,0,0,3,29,0,2,1,0,7,0,0,0,0,3,0,0,0,0,0,0,0,0,0,0,0,0,0,0,5,0,13,0,1,0,0,0,1,1,1,0,0,0,0,0,0,0,0,0,0,53,0,0,0,0,0,1,0,4,0,0,0,3,3,3,0,0,0,0,0,3,0,0,0,1,0,0,1,0,0,0,0,0,0,0,5,9,3,0,0,0,0,0,0,0,7,0,0,114,0,2,0,0,0,1,0,0,0,0,0,0,0,0,0,0,0,0,0,0,0,0,0,0,0,1,0,0,0,0,11,5,0,0,0,0,0,0,0,1,0,0,23,0,3,0,2,0,0,0,0,18,0,0,0,4,0,0,0,0,0,0,6,1,0,0,0,0,0,0,0,0,0,0,0,0,0,0,0,0,3,0,0,0,0,0,0,0,0,0,2,5,1,0,5,0,0,4,3,0,0,0,5,0,0,4,48,0,0,0,0,1,0,0,0,0,0,11,0,0,0,0,0,0,0,0,0,0,0,0,0,0,0,1,0,0,0,2,1,0,0,2,0,3,0,0,1,0,0,0,0,0,0,0,0,0
2021-09-19,0,0,0,0,0,0,0,0,0,0,0,0,0,4,0,0,0,0,0,0,0,0,0,9,0,6,0,0,0,1,0,2,0,7,39,0,3,0,0,7,0,0,0,0,15,0,8,0,3,0,0,0,0,0,0,0,0,2,0,0,0,12,1,4,0,0,0,0,0,0,0,1,0,0,0,0,0,0,0,0,107,3,0,0,0,0,5,1,1,0,0,1,3,0,4,0,0,0,0,0,5,0,1,0,0,0,0,0,0,0,0,0,0,0,0,17,14,2,0,0,1,0,0,0,0,4,1,0,142,0,0,0,0,0,1,0,0,0,0,0,0,0,0,0,0,0,0,2,0,0,0,0,0,0,4,0,0,0,0,23,2,0,0,0,0,0,0,0,2,0,0,24,2,7,0,2,0,0,0,0,13,0,0,0,1,0,0,0,0,0,1,4,1,0,0,0,0,0,0,3,0,0,0,0,0,0,0,2,0,5,0,0,0,0,0,1,0,0,0,0,1,1,0,5,1,0,0,1,0,0,0,14,0,0,8,48,2,0,0,0,0,0,2,0,0,0,10,0,0,0,0,0,0,0,0,0,0,0,0,0,0,0,0,0,0,0,1,0,0,0,7,0,9,0,0,1,1,0,0,0,0,0,0,0,0
2021-09-26,0,0,0,0,0,0,0,0,0,0,0,0,0,5,0,0,0,0,0,0,0,0,0,3,0,4,0,0,0,0,0,2,0,4,38,0,4,1,0,11,0,0,0,0,14,0,10,0,0,3,0,0,0,0,0,0,0,1,0,2,0,7,1,1,0,0,0,0,0,0,0,0,0,0,0,0,0,0,1,0,85,1,0,0,0,0,2,0,2,0,0,1,1,1,2,0,0,0,0,0,1,0,0,0,4,0,0,2,0,0,0,0,3,0,0,9,11,1,0,0,2,0,0,0,0,3,0,0,145,0,1,0,0,0,2,0,0,0,0,0,0,0,0,0,0,0,0,4,0,0,0,0,0,5,1,0,0,0,0,15,4,0,0,0,0,0,0,0,2,0,0,18,1,5,0,2,0,0,0,0,12,0,0,0,3,0,0,0,0,0,2,2,0,0,0,0,0,0,0,3,0,0,0,0,0,0,0,0,0,5,0,0,0,0,0,0,0,0,0,1,0,4,0,3,0,0,4,2,0,0,0,9,0,0,1,42,0,0,1,0,0,0,3,0,0,0,11,0,0,0,0,0,1,0,0,0,0,0,0,0,0,0,0,0,0,0,2,0,0,0,9,0,5,0,0,2,0,0,0,0,0,0,0,0,0
2021-10-03,0,1,0,0,0,0,0,0,0,0,0,0,0,12,0,0,0,1,0,0,0,0,0,13,0,9,0,1,0,1,0,1,0,5,63,0,3,3,0,18,0,0,0,0,14,0,8,0,1,4,0,0,0,0,0,0,0,1,0,4,0,22,1,1,0,0,0,0,0,0,0,0,0,0,0,0,0,1,0,0,95,3,0,0,1,0,1,2,1,0,0,0,5,2,4,1,0,0,1,0,3,0,0,0,3,0,0,4,0,1,0,0,0,1,0,2,10,5,0,0,3,0,0,0,0,6,0,0,175,0,1,0,0,0,1,0,0,0,0,0,0,0,0,0,0,0,0,1,1,0,0,0,0,1,5,0,0,0,0,20,1,0,0,0,2,0,0,0,3,0,0,19,2,5,0,2,5,1,0,0,13,0,0,0,2,0,0,0,1,0,0,5,6,0,0,0,1,0,0,2,0,0,0,0,0,0,1,1,1,6,0,0,0,0,0,0,0,0,0,0,0,5,1,0,1,0,6,0,0,0,0,29,0,0,2,51,2,0,0,0,1,0,7,1,0,0,25,0,0,0,0,0,0,0,0,0,1,0,0,0,0,0,3,0,0,0,0,0,0,0,11,2,11,0,0,3,0,0,0,0,0,0,0,0,0
2021-10-10,0,7,0,0,0,0,0,0,0,0,0,0,1,3,1,0,0,0,0,0,0,0,0,15,0,6,0,0,0,0,0,1,0,11,40,0,7,0,0,0,0,0,0,0,5,0,15,0,1,4,0,0,0,0,0,0,0,0,0,4,0,9,0,3,0,0,0,0,0,0,0,1,1,0,0,0,0,0,0,0,80,1,0,0,1,0,3,1,0,0,0,2,0,0,2,0,0,0,0,0,0,0,0,0,3,0,0,0,0,0,0,0,0,0,0,13,17,0,1,0,2,0,0,0,0,3,0,0,124,0,0,0,0,0,0,0,0,0,0,0,0,0,0,0,0,0,0,2,0,0,0,0,0,2,4,0,0,0,0,12,4,0,0,0,1,0,0,0,2,0,0,19,0,7,0,2,3,0,0,0,11,4,0,0,2,0,0,0,0,0,1,0,2,0,0,0,0,0,2,10,0,0,0,1,0,0,0,2,1,3,0,0,0,0,0,0,0,0,0,0,2,7,0,10,0,0,5,1,0,0,0,14,0,6,2,38,1,0,1,0,0,0,4,0,0,0,14,0,0,0,1,0,0,0,0,0,0,0,0,0,0,0,1,0,0,0,3,0,0,0,2,1,6,0,1,3,0,0,0,0,0,0,0,0,0
2021-10-17,0,0,0,0,0,0,0,0,0,0,0,0,0,4,0,0,0,1,0,0,0,0,0,10,0,3,0,0,2,1,0,1,0,13,48,0,6,0,0,11,0,0,0,0,13,0,5,0,0,1,0,0,0,0,0,0,0,0,0,16,0,16,0,1,0,0,0,0,1,1,0,0,0,0,0,0,0,0,0,0,138,3,0,0,0,0,3,2,0,0,0,2,3,1,2,0,0,0,0,0,1,0,0,0,3,0,0,1,0,0,1,0,1,0,0,1,3,1,1,0,2,1,0,0,0,2,0,1,105,0,0,0,0,0,1,0,0,0,0,0,0,0,0,0,0,0,0,6,0,1,0,0,0,1,2,0,0,0,0,15,2,0,1,0,0,0,0,0,0,0,0,16,0,8,0,3,1,1,0,0,5,4,0,0,2,0,0,0,0,0,1,2,2,0,0,0,0,0,0,8,0,0,0,0,0,0,0,0,0,4,0,0,0,0,0,0,0,0,0,2,2,3,0,6,2,0,4,0,1,0,0,10,0,1,2,29,3,0,2,0,1,0,3,0,0,0,12,0,0,0,0,0,0,0,0,0,0,0,0,0,0,0,1,0,0,0,3,0,0,0,8,2,5,0,0,2,0,0,0,0,0,0,0,0,0
2021-10-24,0,0,0,0,0,0,0,0,0,0,0,0,0,7,0,0,0,0,0,0,0,0,0,3,0,12,0,0,2,1,0,0,0,3,53,0,4,0,0,6,0,0,0,0,16,0,9,0,0,0,0,0,0,0,0,0,0,0,0,7,0,24,1,2,0,0,0,0,1,0,0,0,0,0,0,0,0,0,0,0,80,1,0,0,0,0,2,1,0,0,0,1,2,0,3,0,0,0,0,0,5,0,0,0,1,0,0,3,1,0,0,0,1,0,0,10,8,4,0,0,3,0,0,0,0,8,0,0,90,0,1,0,0,0,1,0,0,0,0,0,0,0,0,0,0,0,0,4,0,0,0,0,0,0,8,0,0,0,0,11,5,0,0,0,2,0,0,0,3,0,0,13,0,1,0,0,4,0,0,0,6,6,0,0,5,0,0,0,0,0,0,5,2,0,0,0,0,0,0,3,0,0,0,0,0,0,0,1,0,8,0,0,0,0,0,1,0,0,0,1,0,7,0,8,0,0,8,2,0,0,0,20,0,0,0,49,0,0,2,0,1,0,2,0,0,0,10,0,0,0,1,0,0,0,0,0,0,0,0,0,0,0,0,0,0,0,2,0,0,0,8,0,3,0,0,3,0,0,0,0,0,0,0,0,0
2021-10-31,0,10,0,0,0,2,0,0,0,0,0,0,0,0,0,0,0,3,0,0,0,0,0,54,0,13,0,0,0,1,0,0,0,8,111,0,5,1,0,0,0,0,0,0,27,0,16,0,3,0,0,0,0,0,0,0,0,1,0,99,0,9,0,4,0,0,0,0,2,0,0,0,0,0,0,0,0,0,0,0,95,1,0,0,0,0,3,1,2,0,0,2,2,0,3,0,0,0,0,0,3,0,0,0,9,0,0,1,3,0,0,0,1,0,0,12,30,0,0,0,5,0,2,0,0,4,0,0,87,0,0,0,0,0,0,0,0,0,0,0,0,0,0,0,0,0,0,1,0,0,0,0,0,2,1,0,0,0,0,33,2,2,0,0,4,0,0,0,2,2,0,9,0,9,0,0,0,1,0,0,4,10,0,0,3,0,0,1,0,0,0,6,4,0,0,0,0,0,0,18,0,0,0,2,0,0,0,0,1,3,0,0,1,0,0,0,0,0,0,0,3,7,0,0,2,0,12,2,1,0,0,13,0,8,1,26,2,0,3,0,0,0,3,0,0,0,11,0,0,0,0,0,0,0,0,0,0,0,0,0,0,0,0,0,0,0,1,0,0,0,11,3,12,0,1,2,1,0,0,0,0,0,0,0,0
2021-11-07,0,3,0,0,0,0,1,0,0,0,0,0,0,0,0,0,0,0,0,0,0,1,0,6,0,7,0,0,0,2,0,2,0,4,44,0,12,1,0,12,0,0,0,0,18,0,63,0,0,0,0,0,0,0,0,0,2,4,0,91,0,5,0,12,0,0,0,0,10,2,0,0,1,0,0,0,0,0,0,0,127,38,0,0,4,0,1,1,1,0,0,1,3,0,9,0,0,0,0,0,6,0,0,0,0,0,0,1,6,1,0,0,18,0,0,66,20,3,0,0,8,0,0,0,0,0,0,0,80,0,1,0,0,0,6,0,0,0,0,0,0,0,0,0,0,0,0,5,0,0,0,0,0,43,0,0,0,0,0,59,4,7,1,0,1,0,0,0,3,0,0,7,0,27,0,6,0,3,0,0,17,19,0,0,9,0,0,0,0,0,1,16,5,0,0,0,0,1,1,0,0,0,0,0,1,0,0,0,0,7,0,0,4,0,0,3,0,0,0,0,1,10,0,17,5,0,4,2,2,1,0,23,0,10,0,22,3,0,4,0,1,0,9,1,0,0,38,1,0,0,1,1,0,0,0,0,0,1,0,0,20,0,3,0,0,0,1,0,0,0,28,1,17,2,0,1,5,0,0,0,0,0,0,0,0
2021-11-14,0,0,0,0,0,0,0,0,0,0,0,0,0,0,0,0,0,0,0,0,0,0,0,11,0,0,0,0,0,0,0,2,0,4,23,0,1,0,0,0,0,0,0,0,14,0,0,0,0,0,1,0,0,0,0,0,0,2,0,13,0,3,0,2,0,0,0,0,2,5,0,0,3,0,0,0,0,0,2,0,65,0,0,0,2,0,7,0,3,0,0,4,0,0,6,1,0,0,0,1,0,0,0,0,1,0,0,2,0,0,3,0,2,0,0,20,15,7,0,0,0,0,0,1,0,6,4,0,57,0,5,0,0,0,3,0,0,0,4,0,0,0,0,0,0,0,0,6,0,0,0,0,0,0,1,0,0,0,0,36,4,0,0,0,1,0,0,0,7,0,0,13,0,5,0,4,1,3,0,0,12,7,0,0,1,0,1,0,0,0,0,2,3,0,0,0,0,0,0,0,0,0,0,0,0,0,0,8,0,8,0,5,0,0,0,0,0,0,4,0,1,4,0,8,0,0,0,0,0,1,0,3,0,5,0,13,3,0,4,0,1,0,1,0,0,0,8,0,0,0,0,3,0,0,0,0,0,1,0,0,12,0,5,0,0,0,0,0,0,0,0,0,17,0,0,1,0,0,0,0,0,0,0,0,0
2021-11-21,0,4,0,0,0,0,0,0,0,0,0,0,0,0,0,0,0,0,0,0,0,0,1,21,0,16,0,0,0,0,0,4,0,9,27,0,4,9,0,14,0,0,0,0,12,1,18,0,1,0,0,0,0,0,0,0,0,1,0,17,0,0,0,2,0,0,0,0,3,0,0,1,0,0,0,0,0,0,5,8,56,3,0,0,0,0,0,1,0,0,0,6,0,0,0,0,0,0,0,0,0,0,0,0,8,0,2,0,3,0,0,0,0,0,0,7,16,9,2,0,3,0,0,0,0,5,2,2,221,0,0,1,0,0,3,0,0,0,2,0,0,0,0,0,0,0,0,8,0,0,0,0,0,2,0,0,0,0,0,42,15,3,0,0,3,0,0,0,5,0,0,7,0,7,0,2,6,6,0,0,0,4,0,0,12,0,4,9,0,0,2,11,8,0,0,0,0,0,0,10,0,0,0,1,0,0,0,23,1,6,0,0,5,0,0,4,0,0,0,3,1,9,0,1,0,0,5,1,3,0,0,0,0,9,0,53,3,0,3,0,0,0,5,0,0,0,2,0,0,0,0,1,3,0,0,0,0,0,0,0,3,0,2,0,0,0,5,0,0,0,7,3,28,0,0,15,0,0,0,0,0,0,0,0,0
2021-11-28,0,9,0,0,0,0,2,0,0,0,0,0,0,0,1,0,0,1,0,0,0,0,0,37,0,18,0,0,0,0,0,2,0,10,34,0,4,0,0,28,0,0,0,0,9,0,21,0,3,0,0,0,0,0,0,0,0,6,0,21,0,50,2,2,0,0,0,0,3,1,0,0,0,0,0,0,0,0,3,2,98,1,0,0,0,0,0,1,3,0,0,7,4,0,0,1,0,0,0,0,1,0,0,0,0,0,4,0,1,0,0,0,3,0,0,12,2,4,0,0,1,0,0,0,0,0,2,4,281,0,2,1,0,0,0,0,0,0,2,0,0,0,0,0,0,0,0,0,0,0,0,0,0,5,5,0,0,0,0,53,5,0,0,0,1,0,0,0,1,1,0,25,1,12,0,0,4,3,0,0,29,4,0,0,0,0,1,0,1,0,4,13,9,0,0,0,0,0,0,10,0,0,0,3,0,0,0,0,0,1,0,0,1,0,0,0,0,0,0,2,0,2,0,11,1,0,14,1,1,1,0,10,0,8,0,93,0,0,2,0,0,0,0,0,0,3,3,0,0,0,0,0,3,0,0,0,0,1,0,0,0,0,2,0,0,0,2,0,0,0,31,0,26,0,0,0,0,0,0,0,0,0,0,0,0
2021-12-05,0,14,0,0,0,0,0,0,0,0,0,0,1,0,0,0,8,3,0,0,0,0,0,28,0,23,0,0,0,2,0,0,0,18,69,0,5,0,0,25,0,0,0,0,5,2,23,0,1,0,0,0,1,0,0,0,0,8,0,10,0,35,0,2,0,0,1,0,1,1,0,3,0,0,0,0,0,0,0,1,116,4,0,0,0,0,0,3,3,0,0,8,2,5,0,1,0,0,0,0,0,0,0,0,6,0,2,0,3,1,0,0,0,0,0,19,28,3,0,0,5,0,1,0,0,5,0,4,340,0,1,0,0,0,1,0,0,0,2,0,0,1,0,0,0,0,0,4,0,0,0,0,0,5,1,0,0,0,0,44,6,3,2,0,1,0,0,0,2,1,0,25,1,0,0,0,4,3,0,0,23,9,0,0,2,0,1,2,0,0,1,20,7,0,0,0,0,0,2,10,0,0,0,3,0,0,0,0,0,0,0,0,0,0,0,0,0,0,0,2,2,5,0,13,0,0,7,2,1,1,0,9,0,10,0,95,2,0,3,0,0,0,7,0,0,3,29,0,0,0,0,0,2,0,0,0,0,2,0,0,0,0,1,0,0,0,2,0,0,0,16,4,20,0,0,2,0,1,0,0,0,0,0,0,0
2021-12-12,0,9,0,0,0,0,0,0,0,0,0,0,0,4,1,0,0,0,0,0,0,0,1,29,0,24,0,0,0,2,0,2,0,21,107,0,8,3,0,32,0,0,0,0,7,0,14,0,1,0,0,0,0,0,0,1,0,6,0,13,0,30,0,2,0,0,1,2,0,1,0,0,0,0,0,0,0,0,0,0,209,3,0,0,0,0,0,2,5,0,0,2,5,1,1,3,1,0,1,1,2,0,0,0,8,0,4,0,3,0,0,0,2,0,0,16,31,5,0,0,4,0,1,0,0,9,0,0,347,0,1,0,0,0,1,0,0,0,5,0,0,1,0,0,0,0,0,6,0,1,0,0,0,0,2,0,0,0,0,52,8,0,1,0,0,0,0,0,3,1,0,33,3,4,0,0,0,2,0,0,17,10,0,0,7,0,1,1,0,0,0,19,14,0,0,0,0,0,0,3,0,0,0,3,0,0,0,0,0,0,0,0,1,0,0,0,0,0,0,2,5,4,1,7,2,0,22,1,1,2,0,14,0,7,0,85,0,0,4,0,1,1,6,1,0,0,15,0,0,0,0,0,1,0,0,0,0,0,0,0,1,0,1,0,0,0,3,0,0,0,25,6,13,0,2,0,3,0,0,0,0,0,0,0,0
2021-12-19,0,12,0,0,0,0,0,0,0,0,0,0,0,6,1,0,0,1,0,0,0,0,1,21,0,12,0,2,0,0,0,2,0,20,42,0,0,0,0,16,0,0,0,0,33,0,24,0,0,0,0,0,0,0,0,0,0,3,0,1,0,41,1,2,0,0,2,1,2,1,0,2,0,0,0,0,0,0,0,0,142,3,0,0,0,0,8,3,0,0,0,0,3,3,7,6,0,0,0,1,3,0,0,0,5,0,1,1,5,0,0,0,3,0,0,13,58,3,0,0,8,0,1,0,0,11,0,4,167,0,1,0,0,0,3,1,0,0,1,0,0,1,0,0,0,0,0,4,0,0,0,0,0,5,1,0,0,0,0,18,4,0,0,0,3,0,0,0,5,1,0,13,4,5,0,0,0,0,0,0,33,3,0,0,5,0,3,1,0,0,0,7,5,0,0,0,0,0,2,15,0,0,0,0,0,0,0,0,0,5,0,0,4,0,0,1,0,0,0,0,1,4,0,14,3,0,5,0,0,0,0,13,0,9,0,58,3,0,2,0,0,0,12,0,0,0,45,0,0,0,0,0,1,0,0,0,0,1,0,0,2,0,2,0,0,0,0,0,0,0,36,4,12,0,1,0,0,0,0,0,0,0,0,0,0
2021-12-26,0,11,0,0,0,0,0,0,0,0,0,0,0,0,0,0,0,0,0,0,0,0,8,18,0,12,0,0,0,0,0,1,0,10,14,0,0,0,0,0,0,0,0,0,17,0,0,0,0,0,0,0,0,0,0,0,0,5,0,0,0,22,0,1,0,0,0,0,0,2,0,0,0,0,0,0,0,0,0,0,6,3,0,0,0,0,6,3,0,0,0,1,3,1,0,0,0,0,0,0,0,0,0,0,13,0,3,1,0,0,0,0,2,0,0,9,14,1,0,0,8,1,1,0,0,3,0,2,0,0,0,0,0,0,2,0,0,0,0,0,0,1,0,0,0,0,0,4,0,0,0,0,0,4,0,0,0,0,0,37,4,1,0,0,0,0,0,0,0,0,0,4,4,0,0,0,0,0,0,0,42,2,0,0,1,0,0,0,0,0,0,14,9,0,0,0,0,0,0,2,0,0,0,0,0,0,0,0,2,5,0,0,3,0,0,1,0,0,0,0,0,6,0,13,0,0,0,1,0,0,0,15,0,8,0,0,0,0,4,0,1,0,6,1,0,0,14,0,0,0,0,0,0,0,0,0,0,0,0,0,1,0,0,0,0,0,0,0,0,0,15,6,0,1,5,0,0,0,0,0,0,0,0,0,0
2022-01-02,0,18,0,0,0,0,0,0,0,0,0,0,1,0,0,0,0,0,0,0,1,0,5,38,0,27,0,0,1,0,0,0,0,33,42,0,0,0,0,0,0,0,0,0,20,0,7,0,4,0,1,0,0,0,0,1,0,10,0,29,0,27,0,4,0,0,0,1,9,0,0,1,1,0,0,0,0,1,2,0,86,5,0,0,0,0,5,8,0,0,0,1,5,0,8,0,0,0,0,1,0,0,0,0,17,0,2,0,0,0,0,0,2,0,0,16,47,6,0,0,8,0,3,0,0,17,0,3,191,0,1,0,0,0,2,0,0,0,0,0,0,1,0,0,0,0,0,3,0,0,0,0,0,6,0,0,0,0,0,36,5,1,0,0,0,0,0,0,4,0,0,34,2,0,0,2,4,0,0,0,21,11,0,0,2,0,2,0,0,0,0,18,13,0,0,0,0,1,1,6,0,0,0,3,0,0,0,0,1,5,0,0,3,0,0,4,1,0,1,5,1,3,1,5,0,0,0,1,0,1,0,16,0,8,0,3,2,0,0,0,1,1,12,0,0,0,42,0,0,0,0,0,1,0,0,0,0,1,0,0,0,0,0,0,0,0,0,0,0,0,22,4,16,0,6,0,0,0,0,0,0,0,0,0,0
2022-01-09,0,16,0,0,0,0,1,0,0,0,0,0,2,2,1,0,5,0,3,0,0,0,11,37,0,17,0,1,4,0,0,4,0,19,128,0,7,2,0,26,0,0,0,0,43,0,12,0,4,0,0,0,0,0,0,0,0,10,0,20,0,66,0,3,0,0,0,0,6,1,0,2,0,0,0,0,0,1,10,0,114,0,0,0,0,0,5,5,6,0,0,2,5,3,2,1,0,0,0,0,3,0,0,0,20,5,0,2,1,0,0,0,1,0,0,14,25,6,0,1,9,1,4,1,0,21,0,6,462,0,1,0,0,0,0,0,0,0,7,2,0,1,0,0,0,0,0,7,0,0,0,0,0,8,2,0,0,0,0,53,3,0,1,0,0,0,0,0,6,0,0,57,2,12,0,2,2,3,0,0,46,4,0,0,2,0,2,0,0,0,4,6,8,0,0,0,0,1,0,3,0,0,0,0,2,0,0,0,1,4,0,2,8,0,0,0,0,0,0,6,4,4,1,14,3,0,6,2,0,3,0,20,0,5,6,23,3,0,2,0,1,0,6,0,0,0,18,0,0,0,0,0,1,0,0,0,0,0,0,0,1,0,0,0,0,1,0,0,2,0,24,8,21,1,2,0,0,0,0,0,0,0,0,0,0
2022-01-16,0,12,0,0,0,0,0,0,0,0,0,0,1,9,1,0,0,0,0,0,0,0,1,37,0,25,0,0,1,0,0,0,0,34,188,0,4,3,0,33,0,0,0,0,69,0,30,0,1,0,0,0,0,0,0,0,0,5,0,11,0,34,3,3,0,0,1,1,5,1,0,4,3,1,0,0,0,0,9,1,167,5,0,0,0,0,10,4,6,0,0,8,5,5,3,0,1,0,0,0,5,0,0,0,21,0,2,0,4,1,0,0,4,0,0,13,61,6,2,1,2,1,7,0,0,13,0,4,480,0,2,0,0,0,2,0,0,0,5,1,0,2,0,0,0,1,0,3,0,0,0,0,0,2,3,0,0,0,0,66,9,1,0,0,0,0,0,0,4,1,0,52,2,11,0,0,2,4,0,0,30,10,1,0,1,0,0,0,2,0,3,0,12,0,0,0,0,0,0,3,0,0,1,0,1,0,0,0,0,5,0,0,0,0,0,2,1,0,0,5,1,5,0,10,3,0,18,0,0,0,0,14,0,8,3,100,2,0,3,0,1,0,6,2,0,0,45,0,0,0,0,0,4,0,0,0,1,0,0,0,2,0,1,0,0,0,0,0,0,0,28,1,13,0,5,0,0,0,0,0,0,0,0,0,0
2022-01-23,0,14,0,0,0,0,0,0,0,0,0,0,0,23,1,0,0,0,0,0,0,0,17,47,0,28,0,1,0,2,0,0,1,36,149,0,0,0,0,31,0,0,0,0,78,0,17,0,6,0,0,0,0,0,0,0,0,18,0,23,0,62,2,2,0,0,1,2,2,3,0,2,1,0,0,0,0,0,0,0,199,0,0,0,2,0,3,9,9,0,0,7,2,5,2,0,0,0,0,0,3,0,1,0,27,0,0,3,4,6,0,0,1,0,0,16,49,5,0,0,0,2,2,0,0,24,0,8,390,0,1,1,0,0,1,0,0,0,8,0,0,1,0,0,0,0,0,8,0,0,0,0,0,11,0,0,0,0,0,68,7,0,1,0,1,0,0,0,0,0,0,49,3,26,0,3,2,5,0,0,34,0,0,0,3,1,3,2,4,0,2,26,20,0,0,0,0,0,0,2,0,0,0,3,0,0,0,0,0,4,0,0,2,0,0,1,0,0,0,1,3,10,0,8,2,0,17,2,2,1,0,15,0,5,7,186,1,0,8,0,1,0,11,0,0,3,27,0,1,0,0,13,5,0,0,0,0,1,0,0,2,0,4,0,0,0,0,0,1,0,33,4,23,0,4,4,0,0,0,0,0,0,0,0,0
2022-01-30,0,0,0,0,0,0,0,0,0,0,0,1,2,28,1,0,3,0,0,0,0,0,3,43,0,16,0,0,1,6,0,2,0,41,215,0,5,0,0,46,0,2,0,0,92,0,29,0,4,0,0,0,0,0,0,2,0,20,0,24,0,38,0,6,0,0,2,0,8,1,1,2,3,0,0,0,0,0,0,0,267,4,0,1,0,0,17,7,10,0,0,6,6,6,5,4,0,1,0,1,4,0,0,0,30,0,0,3,0,1,1,0,3,0,0,24,58,4,6,0,7,1,1,0,0,50,0,5,560,0,1,0,0,0,1,0,0,0,0,1,0,1,0,2,0,0,0,9,0,1,0,0,0,1,1,0,0,0,0,77,4,0,1,0,2,0,0,0,4,0,0,75,4,23,0,3,0,5,0,0,59,8,0,0,7,0,1,2,1,0,2,26,26,1,0,0,0,0,1,5,0,0,0,6,0,0,0,0,0,6,0,0,0,0,0,1,0,0,0,1,3,1,0,2,3,0,30,3,5,1,0,28,0,10,14,185,2,0,1,0,1,0,2,0,0,5,53,0,0,0,0,5,3,0,0,0,1,2,0,2,2,0,1,0,0,0,0,0,0,0,30,3,43,0,7,4,0,0,0,0,0,0,0,0,0
2022-02-06,0,19,0,0,0,0,0,0,0,0,0,3,0,27,1,0,0,0,0,0,0,0,3,46,0,36,0,0,0,3,0,0,2,41,189,0,7,1,0,32,0,1,0,0,76,0,15,1,5,2,1,1,1,0,0,2,0,12,0,36,0,46,0,8,0,0,0,2,7,4,0,6,0,0,0,0,0,0,0,0,273,7,0,0,0,0,19,9,7,0,0,4,4,4,5,0,0,0,0,1,6,0,3,0,28,0,1,1,2,6,0,0,3,1,0,21,56,8,3,0,10,4,3,0,0,37,2,15,544,0,2,0,0,0,0,0,0,0,0,0,0,2,0,1,0,0,0,9,0,0,0,0,0,7,1,0,0,0,0,75,2,0,2,0,2,0,0,0,0,0,0,59,6,18,0,6,3,5,0,0,34,19,0,0,7,0,2,2,0,0,0,33,19,0,0,0,0,0,0,6,1,0,0,4,0,0,0,0,2,4,0,0,2,0,0,1,0,0,1,1,7,9,0,6,1,1,18,1,2,1,0,24,0,5,16,167,2,0,4,0,1,0,17,0,0,2,28,0,0,0,0,3,1,0,0,0,1,0,0,0,2,0,0,1,0,0,0,0,3,0,36,4,34,3,5,1,0,0,0,0,0,0,0,0,0
2022-02-13,0,0,0,0,0,0,1,0,0,0,0,0,0,25,4,0,12,0,1,0,0,0,5,39,0,28,0,3,1,1,0,3,0,30,182,0,2,0,0,36,0,1,0,0,61,0,16,0,2,0,0,0,0,0,0,2,0,23,0,8,0,33,0,5,0,0,1,0,4,4,0,3,0,0,0,0,0,0,0,0,324,4,0,2,1,0,6,13,19,0,0,8,5,4,10,1,0,0,0,1,6,0,1,0,20,0,2,3,5,2,1,0,4,0,0,19,43,7,1,0,3,2,0,0,0,28,0,8,424,0,2,0,0,0,1,0,0,0,2,0,0,1,0,0,0,0,0,7,0,0,0,0,0,2,4,0,0,0,0,67,6,0,1,0,2,0,0,0,0,0,0,84,10,19,0,0,0,6,0,0,19,7,0,0,5,0,1,2,2,0,0,8,25,2,0,0,0,0,1,2,0,0,0,5,0,0,0,0,1,5,0,0,5,0,0,2,0,0,0,0,7,8,1,2,1,0,35,1,3,1,0,13,0,12,11,219,1,0,9,0,1,1,4,0,0,3,17,0,0,0,0,9,3,0,0,0,0,0,0,0,3,0,1,0,0,0,0,0,0,0,42,1,30,0,6,1,0,1,0,0,0,0,0,0,0
2022-02-20,0,24,0,0,0,0,0,0,0,0,0,0,2,32,2,0,0,2,0,0,0,0,5,58,0,23,0,0,0,3,0,2,0,55,206,0,4,0,0,39,0,0,0,0,77,0,20,0,3,3,2,0,1,1,0,0,0,16,0,15,0,24,0,6,2,0,3,6,8,2,0,1,0,0,0,0,0,0,3,6,426,6,0,1,0,0,8,14,19,0,0,9,3,6,8,1,1,0,0,1,6,0,1,0,53,0,1,3,2,4,2,0,3,0,0,38,54,7,2,0,4,0,3,0,0,39,4,8,560,0,3,0,1,0,1,0,0,0,0,1,0,2,0,0,0,0,0,5,0,0,0,0,0,4,11,0,0,0,0,96,9,0,0,0,0,0,0,0,5,0,0,104,5,21,0,2,4,5,0,0,67,2,0,0,4,0,0,0,1,0,2,36,26,1,0,0,2,0,1,7,0,0,0,4,0,0,0,0,0,5,0,0,3,0,0,1,0,0,2,1,2,6,0,12,2,0,28,1,4,1,0,34,0,3,15,212,0,0,7,0,1,0,14,0,0,7,9,0,0,0,4,6,1,0,0,0,1,2,0,0,5,0,3,0,0,0,0,0,0,0,33,1,27,0,6,0,2,1,0,0,0,0,0,0,0
2022-02-27,0,0,0,0,0,0,3,0,0,0,0,3,5,33,2,0,0,1,3,0,0,0,4,58,0,22,0,1,2,2,0,0,1,65,241,0,3,0,0,0,0,1,0,0,7,0,16,0,5,2,1,0,1,0,0,6,1,18,0,29,0,55,0,6,0,0,1,0,59,5,0,3,0,0,1,0,0,0,6,0,192,6,0,3,0,0,7,11,21,0,0,9,6,8,9,1,1,0,0,3,9,0,7,0,41,0,0,0,5,7,1,0,5,2,0,38,71,0,1,0,2,0,8,0,0,49,5,3,505,0,4,0,0,0,2,0,0,0,3,2,0,3,0,0,0,0,0,17,1,3,0,0,0,8,2,0,0,0,0,93,9,0,0,0,5,0,0,0,6,2,0,55,16,23,0,0,0,3,0,0,27,12,0,0,16,1,1,1,3,0,0,20,34,5,0,0,2,0,0,9,0,0,1,12,0,0,1,0,0,6,0,0,3,0,0,1,0,0,0,0,4,9,0,2,3,0,45,1,8,1,0,18,0,13,11,194,0,1,13,0,1,1,27,1,0,4,37,0,2,0,2,2,8,0,0,0,0,0,0,0,5,0,4,0,0,0,1,0,4,0,43,9,40,0,11,3,0,0,0,0,0,0,0,0,0
2022-03-06,0,27,1,0,0,0,20,0,0,0,0,2,0,10,1,0,0,0,0,0,0,0,1,126,0,19,0,0,0,6,0,0,1,2,70,0,6,17,0,52,0,0,0,0,64,0,116,0,11,3,3,1,0,0,0,13,4,25,0,34,0,38,2,9,0,0,1,2,9,17,0,3,3,0,1,0,0,0,0,1,329,0,0,0,3,1,7,8,23,0,0,18,13,0,7,2,1,0,0,0,6,0,2,0,14,0,0,0,5,6,2,0,14,2,0,10,30,10,2,2,0,8,8,2,0,8,5,3,419,0,2,2,1,0,8,0,0,0,5,0,0,7,0,0,0,0,0,6,0,0,0,0,0,2,2,0,0,0,0,176,35,7,2,0,2,1,0,0,6,3,0,56,10,0,0,3,0,4,0,0,23,4,0,0,29,0,3,21,3,0,17,78,44,5,0,3,0,0,0,0,0,0,0,0,0,0,0,15,0,6,0,4,2,0,0,0,0,0,10,0,13,8,1,16,2,0,41,1,8,0,0,17,1,4,0,84,0,0,6,0,0,0,22,3,0,19,54,0,0,0,14,5,4,0,0,0,0,2,0,0,1,0,2,0,0,0,7,0,4,0,65,0,44,0,9,6,0,0,0,0,0,0,0,0,0
2022-03-13,0,4,0,0,0,2,6,0,0,0,3,0,4,11,0,0,0,0,1,0,0,1,1,13,0,11,0,0,0,1,0,0,1,23,85,1,10,0,0,9,0,1,0,0,72,0,74,0,0,12,2,0,1,0,0,14,0,39,0,45,0,97,92,0,0,0,3,2,9,5,0,0,1,0,0,0,0,0,27,0,550,29,0,0,1,0,19,2,24,1,0,10,0,0,10,1,1,0,0,2,8,0,0,2,14,0,3,0,20,9,8,0,4,0,0,182,9,7,3,2,6,1,13,0,0,23,16,1,729,0,6,1,0,0,2,0,0,0,2,2,0,3,0,1,0,0,0,0,5,1,0,0,0,14,0,0,0,0,0,97,3,0,2,0,2,1,0,0,9,7,0,71,2,0,0,1,6,23,0,0,4,8,0,0,3,1,0,3,2,0,11,0,16,7,0,2,1,0,10,0,0,0,0,0,0,0,0,30,0,4,0,0,9,0,0,0,0,0,0,0,9,16,0,2,8,0,31,0,6,16,0,45,0,13,0,79,3,1,3,0,2,1,3,0,0,4,3,0,0,0,1,24,6,0,0,0,0,2,0,0,1,0,20,2,0,0,44,0,1,0,46,0,108,0,17,0,13,1,0,0,0,0,0,0,0
2022-03-20,0,18,0,0,0,0,4,0,0,0,0,1,0,10,0,0,10,1,0,0,0,0,1,41,0,35,0,0,18,4,0,0,0,4,94,0,3,0,1,38,0,1,0,0,44,48,17,0,4,0,1,2,11,0,0,25,2,61,0,40,0,83,1,2,2,0,5,1,9,3,0,0,0,0,0,0,0,0,28,2,288,5,0,0,1,1,0,6,15,0,0,8,0,9,0,0,4,0,0,1,4,0,0,0,15,0,4,0,4,3,5,0,1,5,0,76,33,6,0,2,3,1,0,0,1,13,6,2,568,0,3,1,0,0,2,0,0,0,1,1,0,5,0,0,0,0,0,0,0,0,0,0,1,76,0,0,0,0,0,74,10,2,1,0,16,0,0,0,3,0,0,58,0,0,2,0,0,2,0,0,54,10,1,0,0,2,3,4,3,0,7,20,28,0,0,2,0,0,0,7,7,0,0,0,0,0,1,13,0,10,0,0,4,0,0,1,0,0,2,6,12,4,1,10,0,0,57,0,6,0,0,3,0,25,0,165,0,0,5,0,0,1,19,1,0,6,0,0,0,0,0,2,6,0,0,0,0,0,0,0,1,0,2,0,0,0,5,0,0,0,28,1,42,0,7,3,0,0,0,0,0,0,0,0,0
2022-03-27,0,4,0,1,0,3,0,0,0,0,1,0,2,36,0,0,2,2,2,0,0,0,0,44,0,35,0,0,0,3,0,0,0,35,70,0,0,0,2,54,0,0,0,0,26,3,57,0,8,7,4,0,0,0,0,10,0,61,0,38,0,36,0,2,6,0,1,1,14,5,0,0,2,1,0,0,0,0,10,1,216,1,0,0,0,0,3,10,35,0,0,10,0,8,2,3,1,0,0,3,0,0,4,0,7,0,2,0,5,18,2,0,1,0,0,2,59,19,1,3,3,4,4,0,0,26,5,5,587,0,3,0,0,0,2,0,0,0,1,2,0,6,0,1,0,0,0,0,0,0,0,0,0,3,0,0,0,0,0,73,4,0,0,0,6,0,0,0,4,10,0,105,0,2,1,9,4,4,0,0,59,2,0,0,8,0,8,3,1,0,2,12,27,0,1,0,0,0,0,13,0,0,0,6,3,0,3,0,0,6,0,0,5,0,0,0,0,0,0,5,6,12,0,12,1,0,8,1,3,3,0,1,0,10,0,226,0,0,11,0,0,0,13,0,0,1,10,0,0,0,0,35,6,0,0,0,0,1,0,0,0,0,5,0,0,0,4,0,5,0,54,0,56,11,7,5,0,0,0,0,0,0,0,0,0
2022-04-03,0,18,0,0,0,4,0,0,0,0,1,0,3,36,1,0,0,4,0,0,0,0,8,50,0,22,0,0,0,2,0,0,0,63,57,0,4,0,0,45,2,0,0,0,40,4,0,0,0,6,2,3,3,0,0,17,0,19,0,52,0,44,1,2,0,0,1,3,9,2,0,1,1,0,0,0,0,0,8,0,257,4,0,0,0,3,19,20,30,0,0,14,0,2,10,4,1,0,0,5,4,0,4,0,35,1,3,0,2,3,2,0,2,0,0,24,37,26,2,1,2,6,1,0,0,56,5,7,470,0,3,0,0,1,0,0,0,0,0,0,0,2,1,1,0,0,1,0,2,0,1,0,0,0,0,0,0,0,0,91,5,3,2,0,1,0,0,0,5,0,0,96,0,0,0,2,5,0,0,0,49,1,0,0,6,0,2,2,0,0,23,52,26,1,0,0,0,1,0,4,0,0,0,5,2,0,0,0,2,10,0,0,1,0,0,0,0,0,2,0,9,8,0,11,2,0,58,2,3,0,0,17,0,2,17,239,0,0,18,0,0,0,15,0,0,5,0,0,0,0,0,22,8,0,0,0,1,1,0,0,1,0,3,0,0,0,3,0,0,0,26,2,34,8,5,9,0,1,0,0,0,0,0,0,0
2022-04-10,0,13,0,2,0,4,0,0,0,0,0,2,2,47,0,0,6,2,0,0,0,0,6,51,1,27,0,2,2,1,0,4,0,13,153,0,3,0,0,48,1,0,0,0,16,5,42,0,3,19,4,0,3,0,0,20,0,53,0,42,0,22,28,0,0,0,1,3,15,4,0,0,0,0,0,0,0,0,6,2,131,12,0,3,0,2,12,15,21,0,0,5,0,4,9,2,1,0,0,1,6,0,4,0,40,4,4,0,8,7,0,0,6,1,0,40,56,17,2,1,5,7,7,0,0,33,6,8,534,0,3,1,0,1,3,0,0,0,0,1,0,5,0,1,0,0,0,0,1,0,0,0,0,4,0,0,0,0,0,75,6,0,2,0,2,0,0,0,0,4,0,65,0,0,1,1,0,4,0,0,45,8,0,0,11,0,34,5,2,0,20,19,20,8,0,1,0,0,2,25,0,0,0,10,0,0,0,1,1,7,0,0,3,0,0,0,0,0,0,2,7,12,1,20,0,0,22,1,8,1,0,19,0,13,30,215,0,0,12,0,1,0,9,0,0,5,4,0,0,0,1,11,1,0,0,0,0,1,0,0,9,0,2,0,0,7,8,0,1,0,52,7,46,11,4,8,0,0,0,0,0,0,0,0,0
2022-04-17,0,5,0,0,0,0,0,0,0,0,0,0,3,24,1,0,0,1,3,0,0,0,2,28,16,28,0,1,0,0,0,4,0,0,166,0,1,0,0,27,1,3,1,0,30,0,27,0,0,17,1,0,5,0,0,12,0,49,2,10,0,17,28,0,0,0,0,3,18,2,0,3,0,0,0,0,0,0,2,3,130,10,0,1,2,0,11,28,9,0,1,11,0,7,5,1,0,0,1,2,10,0,7,0,38,0,1,0,0,3,12,0,2,0,0,36,25,0,0,1,1,5,2,0,0,34,5,3,421,0,1,0,0,0,1,2,0,0,0,2,0,3,0,1,0,0,1,0,0,1,0,0,0,7,0,0,0,0,0,64,0,0,1,0,2,0,0,0,6,2,0,63,0,0,0,1,0,4,0,0,35,4,0,0,2,0,0,0,4,0,15,9,17,4,0,0,0,1,1,5,0,0,0,5,0,0,1,3,0,10,0,0,2,0,0,3,0,0,2,0,6,1,0,3,0,0,9,4,1,0,0,0,0,0,2,172,1,0,20,0,0,2,7,0,0,0,0,1,0,0,0,12,16,0,0,0,0,1,0,0,6,0,4,0,0,7,1,0,1,0,11,2,29,11,3,4,0,0,0,0,0,0,0,0,0
2022-04-24,0,5,1,0,0,1,0,0,0,0,1,0,1,45,0,0,1,0,0,0,0,0,11,35,2,21,0,1,1,5,0,0,1,3,132,0,7,0,0,56,0,0,0,0,108,0,23,0,7,6,3,15,5,0,0,8,0,14,5,29,0,22,24,0,2,0,0,1,7,2,0,8,0,0,0,0,0,7,3,3,153,9,0,0,0,2,6,22,23,0,1,12,0,8,8,3,1,0,0,0,4,0,6,0,13,0,1,2,0,1,4,0,4,0,0,25,48,0,3,0,0,9,4,0,0,49,2,3,535,0,4,2,0,0,0,0,0,0,0,2,0,3,0,1,0,1,0,4,0,0,0,0,0,1,0,0,0,0,0,75,7,2,2,0,0,0,0,0,5,4,0,58,2,0,1,7,0,3,2,0,60,1,0,0,2,0,2,1,3,0,21,28,17,2,0,0,0,0,0,9,0,0,0,9,0,0,1,10,0,6,1,0,0,0,0,1,0,0,1,4,0,6,1,1,0,0,10,1,5,1,0,3,0,1,12,221,4,0,25,0,1,0,11,7,0,4,1,0,0,0,1,10,6,0,0,0,0,2,0,0,2,0,2,1,0,25,0,2,5,0,17,3,31,7,2,8,0,0,0,0,0,0,0,0,0
2022-05-01,0,16,0,0,0,5,0,0,0,0,0,2,1,32,3,0,6,0,2,0,0,1,7,51,4,31,0,2,0,4,0,5,0,4,145,0,5,1,3,32,2,0,0,0,53,0,20,0,5,1,2,0,0,0,0,14,2,7,1,9,0,31,7,0,2,0,1,1,8,0,0,3,0,0,0,0,0,0,0,0,66,0,1,0,0,0,17,19,21,0,0,16,0,6,4,3,1,0,0,2,12,0,9,0,67,2,1,2,7,3,2,0,2,0,0,34,43,13,7,0,3,2,2,1,0,71,5,8,476,0,0,0,0,0,1,0,0,0,0,2,0,2,0,4,0,0,0,0,1,0,0,0,0,5,0,0,0,0,0,91,11,3,4,0,3,0,0,0,5,0,0,59,6,0,0,5,7,1,0,0,61,4,0,0,7,0,0,0,1,0,1,19,19,7,0,0,0,0,0,12,0,0,0,1,0,0,0,8,1,8,0,0,1,0,0,0,0,0,2,0,9,12,1,3,1,0,6,2,3,1,0,0,0,9,31,235,0,0,10,0,2,1,9,0,0,1,0,1,0,0,0,10,4,0,0,0,0,1,1,0,1,0,2,0,0,2,7,0,2,0,24,4,32,0,5,5,0,0,0,0,0,0,0,0,0
2022-05-08,0,2,0,0,0,0,0,0,0,0,0,9,0,25,10,0,1,0,16,0,0,0,7,37,2,6,1,0,4,9,0,1,0,14,105,0,2,0,0,39,0,0,0,0,61,0,35,0,0,4,1,3,6,0,0,8,2,7,5,44,0,11,14,0,0,0,1,0,3,1,0,1,0,0,0,0,0,0,0,0,177,5,0,8,4,1,7,40,22,0,0,9,0,8,5,3,1,0,0,1,8,0,0,0,26,0,1,1,2,1,5,0,1,0,0,23,23,18,6,1,1,3,1,0,0,54,4,11,527,0,2,0,0,0,1,0,0,0,0,1,0,6,0,1,0,0,0,1,0,0,0,0,0,2,0,0,0,0,0,54,3,0,1,0,0,0,0,0,2,1,0,87,0,0,2,11,0,1,1,0,55,5,0,0,4,1,1,1,0,0,6,23,5,4,0,0,3,0,0,5,0,0,0,7,1,0,0,9,0,5,0,0,0,0,0,1,1,0,1,2,13,9,0,5,0,0,32,1,4,1,0,2,0,0,24,83,3,0,14,0,0,1,8,9,0,3,9,3,0,0,0,26,6,0,0,0,0,1,0,0,1,0,2,0,0,28,0,0,1,0,3,0,8,0,1,6,0,1,0,0,0,0,0,0,0
2022-05-15,0,2,0,0,0,2,0,0,0,0,0,2,2,19,4,0,0,1,0,0,0,0,7,19,5,23,0,0,0,2,0,0,0,1,66,0,4,0,0,15,0,1,0,0,32,0,16,0,0,0,1,0,3,0,0,0,1,1,0,16,0,5,11,0,0,0,1,1,3,0,0,0,0,0,0,0,0,0,0,0,152,7,0,0,0,0,5,11,16,0,0,10,0,2,1,2,0,0,0,0,8,0,4,0,20,0,0,0,0,0,0,0,3,0,0,15,20,6,1,0,0,1,3,0,0,38,2,4,303,0,0,0,0,0,0,0,0,0,0,0,0,4,0,0,0,0,0,0,0,1,0,0,0,0,0,0,0,0,0,37,0,1,2,0,0,0,0,0,3,0,0,74,1,0,0,0,0,2,0,0,40,2,0,0,0,0,0,0,1,0,0,10,4,2,0,0,0,0,0,2,0,0,0,0,1,0,0,2,0,0,0,0,0,0,0,0,1,0,0,0,10,3,0,4,0,0,32,2,1,0,0,4,0,0,27,32,2,0,7,0,0,0,3,3,0,0,0,2,0,0,0,18,3,0,0,0,0,0,0,0,0,0,2,0,0,8,0,0,0,0,10,2,2,0,0,2,0,1,0,0,0,0,0,0,0
2022-05-22,0,0,0,0,0,0,0,0,0,0,0,0,0,11,6,0,0,0,0,0,0,0,3,15,8,5,0,0,0,0,0,0,0,2,38,0,0,0,0,12,2,0,0,0,9,0,17,0,0,0,1,0,1,0,0,3,0,0,0,10,0,1,10,0,0,0,0,0,1,1,0,0,0,0,0,0,0,0,0,0,86,1,0,0,3,2,3,7,1,0,0,2,0,6,0,0,0,0,0,0,2,0,1,0,10,0,0,0,1,0,0,0,0,0,0,5,24,3,0,0,0,2,0,1,1,20,0,2,159,0,0,0,0,0,0,0,0,0,0,0,0,0,0,0,0,0,0,0,0,0,0,0,0,0,0,0,0,0,0,30,0,0,0,0,0,0,0,0,1,0,0,41,0,5,0,0,0,0,5,0,22,0,0,0,0,0,1,0,0,0,0,10,1,0,0,0,1,0,0,1,0,0,0,4,0,0,0,2,0,0,0,0,0,0,0,0,1,0,0,0,3,1,1,0,0,0,10,1,0,0,0,2,0,0,9,35,0,0,4,0,0,0,1,3,0,0,0,0,0,0,0,11,0,0,0,0,0,0,1,0,0,0,0,0,0,8,0,1,0,0,2,0,4,0,0,1,0,0,0,0,0,0,0,0,0
2022-05-29,0,0,0,0,0,0,0,0,0,0,0,0,0,19,0,0,1,0,2,0,0,0,8,20,2,10,0,0,0,4,0,0,0,1,82,0,1,0,0,24,0,0,0,0,21,0,11,0,0,0,0,0,0,0,0,0,0,0,1,0,0,3,1,0,0,0,0,0,0,0,0,0,0,0,0,0,0,0,0,0,60,0,0,0,1,0,10,17,11,0,0,3,0,7,0,0,1,0,0,0,5,0,2,0,21,0,0,0,0,0,0,0,0,0,0,11,16,1,1,0,0,2,0,0,0,35,3,3,300,0,2,0,0,0,0,0,0,0,0,0,0,0,0,0,0,0,1,0,0,0,0,0,0,0,0,0,0,0,0,46,0,0,0,0,0,0,0,0,1,0,0,35,0,0,0,0,3,1,1,0,37,1,0,0,0,0,0,0,0,0,1,4,0,1,0,0,0,0,0,0,0,0,0,3,0,0,0,2,0,1,0,0,0,0,0,0,0,0,0,1,3,0,2,0,0,0,14,2,0,0,0,0,0,0,5,16,0,0,10,0,0,0,1,6,0,0,0,0,0,0,0,7,2,0,0,0,0,0,0,0,1,0,1,0,0,0,0,0,0,0,3,0,1,0,0,3,0,1,0,0,0,0,0,0,0
2022-06-05,0,2,0,0,0,0,0,0,0,0,0,0,0,14,2,0,0,0,0,0,0,1,6,14,2,16,1,0,0,4,0,0,0,1,49,0,0,0,0,11,2,0,0,0,16,0,24,0,0,0,0,1,3,0,0,1,0,3,0,17,0,2,3,0,0,0,0,0,0,0,0,0,1,0,0,0,0,4,0,0,78,0,0,0,0,0,6,4,0,0,0,4,0,2,0,0,0,0,0,1,4,0,2,0,11,0,1,0,0,0,0,0,0,0,0,6,9,0,1,0,0,1,0,0,0,34,0,0,206,0,0,0,0,0,0,0,0,0,0,1,0,0,0,1,0,0,0,0,0,0,0,0,0,0,1,0,0,0,0,34,3,0,0,0,0,0,0,0,0,0,0,23,0,4,1,0,2,0,0,0,30,0,0,0,0,0,0,0,1,0,1,8,0,2,0,0,0,0,0,1,0,0,0,0,0,0,1,2,0,7,0,0,1,0,0,0,0,0,0,0,1,0,0,0,0,0,9,0,1,0,0,0,0,0,13,28,2,0,1,0,0,0,5,1,0,0,2,0,0,0,0,9,2,0,0,0,0,0,1,0,0,0,0,0,0,0,0,0,0,0,9,0,1,0,0,1,0,0,0,0,0,0,0,0,0
2022-06-12,0,0,0,0,0,0,0,0,0,0,0,0,0,15,0,0,0,0,0,0,0,0,3,8,0,11,0,0,0,0,0,0,0,1,36,0,1,0,0,18,0,0,0,0,6,0,11,0,0,0,0,0,0,0,0,0,0,1,0,6,0,0,9,0,0,0,0,1,7,1,0,0,0,0,0,0,0,2,0,0,92,0,0,0,0,0,4,9,1,0,0,3,0,2,0,1,1,0,0,0,5,0,1,0,7,0,0,0,0,0,0,0,0,0,0,3,17,2,3,0,0,3,0,0,0,20,0,0,153,0,0,0,0,0,0,0,0,0,0,1,0,0,0,0,0,0,0,1,0,0,0,0,0,0,1,0,0,0,0,17,0,0,2,0,0,0,0,0,3,0,0,12,0,2,0,3,0,1,0,0,12,0,0,0,0,0,0,0,1,0,0,4,0,1,0,0,0,0,0,0,0,0,0,0,0,0,0,2,0,0,0,0,0,0,0,0,1,0,0,0,0,0,0,0,0,0,5,0,0,0,0,0,0,0,13,31,1,0,2,0,0,0,0,0,0,0,0,0,0,0,0,10,1,0,0,0,0,0,1,0,0,0,0,0,0,0,0,0,0,0,0,0,0,0,0,1,0,0,0,0,0,0,0,0,0
2022-06-19,0,1,0,0,0,0,1,0,0,0,1,0,0,10,0,0,0,0,0,0,0,0,1,7,1,8,0,0,0,2,0,0,0,5,30,0,0,0,0,9,2,0,0,0,7,0,22,0,0,0,0,0,1,0,0,0,0,2,0,0,0,1,5,1,0,0,0,0,0,1,0,0,0,0,0,0,0,1,0,0,66,0,0,0,0,0,5,7,5,0,0,1,0,4,0,0,0,0,0,1,3,0,0,0,9,1,0,0,0,0,0,0,0,0,0,15,10,0,0,0,0,0,0,0,0,18,0,0,168,0,1,0,0,0,0,0,0,0,0,0,0,0,0,0,0,0,0,0,0,0,0,0,0,0,0,0,0,0,0,24,1,0,1,0,0,0,0,0,0,0,0,36,0,1,0,1,0,0,0,0,19,0,0,0,0,0,0,0,0,0,0,5,2,0,0,0,0,0,0,2,0,0,0,0,0,0,0,0,0,0,0,0,0,0,0,0,0,0,0,0,0,0,0,0,0,0,1,1,0,0,0,0,0,0,14,15,2,0,1,0,0,0,2,0,0,0,4,0,0,0,0,7,0,0,0,0,0,0,0,0,0,0,0,0,0,0,0,0,0,0,0,0,2,0,0,0,0,0,0,0,0,0,0,0,0
2022-06-26,0,1,0,0,0,0,0,0,0,0,0,0,0,4,0,0,0,0,0,0,0,0,2,11,5,12,0,3,0,0,0,0,0,2,32,0,5,0,0,15,2,0,0,0,13,0,5,0,1,0,0,0,0,0,0,0,0,0,0,10,0,3,2,4,0,0,1,1,4,1,0,0,0,0,0,0,0,2,0,0,70,2,0,0,0,0,4,11,5,0,0,3,2,2,0,0,0,0,0,1,6,0,0,0,6,1,0,2,0,1,1,0,0,0,0,4,12,1,2,0,0,0,0,0,0,9,0,2,223,0,1,0,0,0,0,0,0,0,0,0,0,2,0,0,0,0,0,3,0,0,0,0,0,0,1,0,0,0,0,35,0,0,1,0,1,0,0,0,1,0,0,44,0,2,0,2,0,0,0,0,21,0,0,0,0,0,0,0,0,0,0,8,0,1,0,0,0,0,0,3,0,0,0,2,0,0,0,0,0,4,0,0,0,0,0,0,0,0,0,0,4,0,0,3,0,0,30,2,0,0,0,4,0,0,10,18,2,0,5,0,0,0,6,0,0,0,10,0,0,0,0,5,0,0,0,0,0,0,0,1,0,0,0,0,0,0,0,0,0,0,8,1,2,0,0,4,0,0,0,0,0,0,0,0,0
2022-07-03,0,0,0,0,0,0,0,0,0,0,0,0,0,12,0,0,0,0,0,0,0,0,3,6,3,9,1,0,1,0,0,0,0,6,37,0,1,0,0,9,1,0,0,0,7,0,8,0,0,1,1,0,7,0,0,1,0,4,2,4,0,6,5,3,0,0,0,1,8,0,0,1,0,0,0,0,0,0,0,0,61,1,0,0,0,0,2,5,4,0,0,0,1,1,0,0,0,0,0,0,4,0,0,0,4,0,0,0,0,0,0,0,0,0,0,9,18,0,1,0,0,3,1,0,0,17,0,1,128,0,2,0,0,0,0,0,0,0,0,0,0,0,0,1,0,0,0,1,0,1,0,0,0,0,1,0,0,0,0,25,0,0,0,0,0,0,0,0,1,0,0,39,0,1,0,0,3,0,1,0,15,0,0,0,0,0,0,1,3,0,0,6,1,0,0,0,0,0,0,3,0,0,0,0,0,0,0,0,0,0,0,0,0,0,0,0,0,0,0,0,1,0,0,3,0,0,8,0,0,0,0,4,0,0,16,24,2,0,4,0,0,0,2,0,0,2,2,0,0,0,0,0,0,0,0,0,0,0,1,0,0,0,0,0,0,0,0,0,0,0,0,0,2,0,0,2,0,0,0,0,0,0,0,0,0
2022-07-10,0,1,0,0,0,0,1,0,0,0,0,0,0,18,1,0,0,0,0,0,0,0,1,7,1,20,0,0,0,2,0,1,0,3,39,0,0,0,0,13,0,0,0,0,8,0,8,0,0,0,0,0,0,0,0,6,1,6,0,2,0,18,0,1,0,0,0,1,2,0,0,1,1,0,0,0,0,1,1,0,39,1,0,1,2,0,8,3,9,0,0,0,0,2,3,0,0,0,0,0,6,0,1,0,4,0,0,0,0,3,0,0,0,0,0,10,22,0,0,0,1,1,0,0,0,15,0,0,222,0,2,0,0,0,0,0,0,0,0,0,0,0,0,0,0,0,0,3,0,0,0,0,0,1,1,0,0,0,0,32,0,0,2,0,2,0,0,0,0,0,0,38,0,0,0,2,0,0,0,0,18,1,0,0,1,0,0,0,0,0,4,5,0,0,0,0,0,0,0,2,0,0,0,1,0,0,0,0,0,1,0,0,2,0,0,1,0,0,0,0,0,0,1,5,1,0,8,0,0,2,0,7,0,0,14,13,2,0,1,0,0,0,3,1,0,0,7,0,0,0,0,0,0,0,0,0,0,1,0,2,0,0,1,0,0,0,0,0,0,0,6,5,6,0,0,1,0,0,0,0,0,0,0,0,0
2022-07-17,0,0,0,0,0,0,0,0,0,0,0,0,0,16,0,0,0,0,0,0,0,0,1,13,3,14,0,0,0,1,0,0,0,8,54,0,0,0,0,17,0,0,0,0,6,0,18,0,0,0,1,0,0,0,0,1,1,9,0,5,0,6,5,0,0,0,0,0,3,2,0,0,0,0,0,0,0,1,1,0,62,0,0,0,0,1,6,10,11,0,0,0,0,2,0,0,0,0,0,1,3,0,0,0,4,0,0,0,1,0,0,0,0,0,0,10,16,0,1,0,1,0,1,0,0,13,0,4,270,0,1,0,0,1,1,0,0,0,0,0,0,0,0,0,0,0,0,1,0,0,0,0,0,0,0,0,0,0,0,39,0,0,1,0,0,0,0,0,1,0,0,28,4,4,0,0,0,1,2,0,17,0,0,0,0,0,1,0,1,0,1,7,0,0,0,0,0,0,0,6,0,0,0,0,0,0,0,0,0,3,0,0,2,0,0,0,0,0,0,0,0,0,0,0,0,0,14,0,0,0,0,2,0,0,5,17,0,0,1,0,0,0,1,1,0,0,7,0,0,0,0,13,2,0,0,0,0,1,0,0,0,0,1,0,0,0,1,0,0,0,6,0,1,1,0,0,0,0,0,0,0,0,0,0,0
2022-07-24,0,3,0,0,0,0,0,0,0,0,0,0,0,18,0,0,0,1,0,0,0,0,1,13,4,13,0,0,0,4,0,0,0,18,54,0,0,0,0,9,2,0,0,0,13,0,9,0,0,3,1,0,0,0,0,0,0,3,1,1,0,12,1,2,0,0,0,3,1,1,0,1,0,0,0,0,0,0,1,0,53,2,0,0,1,0,6,3,10,1,0,0,3,3,2,1,0,0,0,0,6,0,1,0,6,0,0,2,0,0,0,0,0,1,0,9,15,0,2,0,0,0,1,0,0,35,0,1,221,0,2,0,0,0,0,0,0,0,0,0,0,1,0,0,0,0,0,0,0,0,0,0,0,1,0,0,0,0,0,31,0,0,1,0,0,0,0,0,1,0,0,37,0,8,0,3,0,2,0,0,17,0,0,0,0,0,0,0,1,0,0,14,2,1,0,0,0,0,0,3,0,0,0,0,0,0,0,1,1,7,0,0,0,0,0,1,0,0,0,1,3,0,0,0,0,0,17,0,0,0,0,2,0,0,5,16,0,0,1,0,2,0,4,0,0,0,5,0,0,0,0,16,2,0,0,0,0,0,0,0,0,0,2,0,0,1,0,0,0,0,7,0,10,0,0,5,0,0,0,0,0,0,0,0,0
2022-07-31,0,2,0,0,0,0,0,0,0,0,0,0,0,7,2,0,0,0,0,0,0,0,2,12,2,14,0,0,0,0,0,0,0,9,26,0,0,0,0,11,1,0,0,0,7,6,9,0,3,1,0,0,1,0,0,0,0,0,0,1,0,3,0,3,0,0,0,0,0,3,0,0,0,0,0,0,0,0,0,0,77,1,0,0,1,0,3,1,4,0,0,1,0,7,0,4,2,0,0,2,1,0,0,0,6,0,0,0,2,0,0,0,0,0,0,5,15,2,0,0,0,0,1,0,0,12,3,0,161,0,0,0,0,0,0,0,0,0,0,0,0,0,0,0,0,0,0,0,0,0,0,0,0,0,0,0,0,0,0,27,1,0,0,0,1,0,0,0,1,0,0,21,0,2,0,1,0,0,0,0,14,0,0,0,2,0,0,0,1,0,0,6,2,0,0,0,0,0,0,1,0,0,0,1,0,0,0,1,0,1,0,0,0,0,0,0,0,0,0,0,3,0,0,1,0,0,7,1,0,0,0,3,0,0,8,8,0,0,1,0,0,0,0,0,0,0,3,0,0,0,0,8,3,0,0,0,0,0,0,0,0,0,1,0,0,0,0,0,0,0,5,0,4,0,0,1,0,0,0,0,0,0,0,0,0
2022-08-07,0,0,0,0,0,0,0,0,0,0,0,1,0,3,0,0,0,0,0,0,0,0,0,7,0,5,0,0,0,3,0,2,0,11,22,0,0,0,0,17,0,0,0,0,2,0,7,0,0,0,1,0,0,0,0,1,0,1,0,1,0,0,0,6,0,0,0,0,0,0,0,1,0,0,0,0,0,0,0,0,64,1,0,0,0,0,7,4,6,0,0,2,0,3,1,0,0,0,0,1,3,0,0,0,10,0,0,2,0,0,0,0,0,0,0,3,12,3,0,0,1,0,0,0,0,10,0,0,144,0,0,0,0,0,0,0,0,0,0,0,0,0,0,0,0,0,0,0,0,0,0,0,0,0,5,0,0,0,0,6,1,0,0,0,0,0,0,0,1,1,0,17,0,4,0,0,0,0,0,0,14,0,0,0,2,0,0,0,0,0,0,7,0,0,0,0,0,0,0,0,0,0,0,1,0,0,0,1,0,5,0,0,0,0,0,0,0,0,0,0,0,0,0,0,0,0,7,0,1,0,0,3,0,1,14,7,1,0,1,1,0,0,0,0,0,0,5,0,0,0,0,4,0,0,0,0,0,0,0,0,0,0,0,0,0,0,0,0,0,0,5,0,0,0,0,1,0,0,0,0,0,0,0,0,0
2022-08-14,0,0,0,0,0,0,0,0,0,0,0,0,0,1,0,0,0,0,0,0,0,0,1,3,1,13,0,0,0,3,0,0,0,22,30,0,0,0,0,7,0,0,0,0,3,7,15,0,0,0,0,0,3,0,0,1,0,0,0,6,0,0,0,1,0,0,0,0,0,0,0,0,1,0,0,0,0,0,0,0,71,0,0,0,1,0,3,6,7,0,0,4,1,1,0,0,1,0,0,1,0,0,0,0,6,0,0,0,0,1,0,0,0,0,0,3,8,0,0,0,0,0,0,0,0,12,0,1,163,0,0,1,0,0,1,0,0,0,0,0,0,0,0,0,0,0,0,0,0,0,0,0,0,0,2,0,0,0,0,14,1,0,0,0,0,0,0,0,0,0,0,17,0,0,0,0,0,0,0,0,15,0,0,0,0,0,0,0,0,0,0,8,0,0,0,0,0,0,0,1,0,0,0,0,0,0,0,2,0,0,0,0,0,0,0,0,0,0,0,0,0,0,0,0,0,0,4,0,1,0,0,3,0,0,8,11,0,0,2,0,0,0,1,0,0,0,1,0,0,0,0,2,0,0,0,0,0,0,0,0,0,0,0,0,0,0,0,0,0,0,1,1,0,0,0,3,0,0,0,0,0,0,0,0,0
2022-08-21,0,0,0,0,0,0,0,0,0,0,0,1,0,4,0,0,0,0,0,0,0,0,2,7,0,7,0,1,0,0,0,0,0,11,23,0,0,0,0,10,1,0,0,0,3,5,3,0,0,0,0,0,0,0,0,0,0,0,0,0,0,3,0,0,0,0,0,0,0,0,0,0,0,0,0,0,0,0,0,0,68,1,0,0,0,0,5,18,4,0,0,0,0,2,0,0,0,0,0,0,4,0,0,0,5,0,0,0,0,0,0,0,0,0,0,1,6,0,0,0,0,0,0,0,0,5,0,1,101,0,0,0,0,0,0,0,0,0,0,0,0,0,0,0,0,0,0,5,0,0,0,0,0,0,0,0,0,0,0,15,1,0,0,0,0,0,0,0,0,1,0,6,0,4,0,0,1,0,0,0,7,0,0,0,0,0,0,0,0,0,0,8,0,0,0,0,0,0,0,2,0,0,0,0,0,0,0,0,0,1,0,0,0,0,0,0,0,0,0,0,4,0,0,0,0,0,3,0,0,0,0,1,0,0,13,70,1,0,2,0,0,0,0,0,0,0,4,0,0,0,0,2,2,0,0,0,0,0,0,0,0,0,0,0,0,0,0,0,0,0,0,0,0,0,0,0,0,0,0,0,0,0,0,0,0
2022-08-28,0,0,0,0,0,0,0,0,0,0,0,0,0,5,0,0,0,0,0,0,0,0,3,3,0,8,0,0,0,0,0,0,0,8,33,0,0,0,0,11,1,1,0,0,16,9,8,0,0,0,0,0,0,0,0,0,0,1,0,3,0,1,1,2,0,0,1,0,0,0,0,0,0,0,0,1,0,0,0,0,75,0,0,0,0,0,2,3,5,0,0,0,0,6,0,1,2,0,0,0,1,0,0,0,0,0,0,0,0,0,3,0,1,0,0,3,9,0,0,0,1,0,0,0,0,10,0,1,131,0,0,0,0,0,0,0,0,0,0,0,0,1,0,0,0,0,0,1,0,0,0,0,0,0,1,0,0,0,0,15,1,0,1,0,0,0,0,0,0,1,0,15,0,5,0,2,0,0,0,0,8,0,0,0,2,0,0,0,0,0,0,5,0,0,0,0,0,0,0,0,0,0,0,0,0,0,0,1,0,2,0,1,0,0,0,0,0,0,0,0,0,2,0,1,0,0,8,0,0,0,0,4,0,0,10,69,0,0,0,0,0,0,0,1,0,0,1,0,0,0,0,0,1,0,0,0,0,0,0,0,0,0,1,0,0,0,0,0,0,0,1,0,0,0,0,0,0,0,0,0,0,0,0,0,0
2022-09-04,0,0,0,0,0,0,0,0,0,0,0,0,0,4,0,0,0,0,0,0,0,0,0,1,0,5,0,0,0,2,0,0,0,8,22,0,0,0,0,4,0,0,0,0,5,10,4,0,0,0,0,0,0,0,0,0,0,0,0,4,0,0,0,1,0,0,0,0,0,0,0,1,0,0,0,0,0,1,0,0,35,0,0,0,0,0,0,5,1,0,0,1,0,4,0,0,1,0,0,0,0,0,0,0,3,0,0,0,0,0,0,0,0,0,0,1,6,0,0,0,0,0,0,0,0,9,0,1,115,0,0,0,0,0,0,0,0,0,0,0,0,0,0,0,0,0,1,0,0,0,0,0,0,0,0,0,0,0,0,14,2,0,1,0,0,0,0,0,0,0,0,9,0,0,0,0,1,0,0,0,11,0,0,0,0,0,0,0,0,0,0,5,1,0,0,0,1,0,0,0,0,0,0,0,0,0,0,1,0,2,0,0,0,0,0,0,0,0,0,0,2,2,0,0,0,0,3,0,0,0,0,0,0,0,8,40,0,0,2,0,0,0,0,1,0,0,2,0,0,0,0,0,0,0,0,0,0,0,0,0,0,0,0,0,0,0,0,0,0,0,1,0,1,0,0,1,0,0,0,0,0,0,0,0,0
2022-09-11,0,1,0,0,0,0,0,0,0,0,0,0,0,9,0,0,0,0,0,0,0,0,3,1,0,10,0,0,0,0,0,0,0,9,34,0,5,0,0,10,0,0,0,0,9,7,4,0,0,0,0,0,0,0,0,0,0,2,0,2,0,4,0,3,0,0,0,0,1,2,0,1,0,0,0,0,0,0,0,0,50,0,0,0,0,0,2,5,4,0,0,0,0,0,1,0,0,0,0,0,1,0,0,0,0,2,0,0,0,0,1,0,0,0,0,3,14,0,0,0,0,1,0,0,0,11,0,0,160,0,2,0,0,0,0,0,0,0,0,0,0,0,0,0,0,0,1,0,0,0,0,0,0,0,1,0,0,0,0,10,2,0,2,0,0,0,0,0,0,0,0,19,0,2,0,1,0,0,0,0,9,2,0,0,1,0,0,0,0,0,0,1,1,0,0,0,1,0,0,1,0,0,0,0,0,0,0,1,0,1,0,0,0,0,0,0,0,0,1,0,0,3,0,3,0,0,6,0,0,0,0,0,0,2,15,43,0,0,1,0,0,0,0,1,0,0,3,0,0,0,0,9,0,0,0,0,0,0,0,0,0,0,0,0,0,0,0,0,0,0,3,0,1,0,0,5,2,0,0,0,0,0,0,0,0
2022-09-18,0,0,0,0,0,0,0,0,0,0,0,0,0,16,0,0,0,0,0,0,0,0,1,4,1,6,0,0,0,0,0,0,0,5,29,0,3,0,0,6,0,0,0,0,3,7,1,0,0,0,0,0,0,0,0,0,0,4,0,1,0,2,0,2,0,0,0,0,3,0,0,0,0,0,0,0,0,0,0,0,61,0,0,0,0,0,3,5,7,0,0,0,2,2,0,2,1,0,0,0,2,0,0,0,5,0,0,2,1,3,1,0,0,0,0,2,14,2,0,0,1,0,0,0,0,3,0,1,105,0,0,0,0,0,0,0,0,0,0,0,0,0,0,0,0,0,0,1,0,0,0,0,0,0,0,0,1,0,0,9,0,0,0,0,0,0,0,0,0,0,0,35,0,2,0,1,3,0,0,0,7,1,0,0,0,0,0,0,0,0,0,4,0,0,0,0,0,0,2,1,0,0,0,0,0,0,0,0,0,0,0,1,0,0,0,0,0,0,1,0,5,0,0,0,0,0,12,1,0,2,0,5,0,0,9,44,0,0,0,0,0,0,0,1,0,0,2,0,0,0,0,5,1,0,0,0,0,0,0,0,0,0,0,0,0,0,0,0,0,0,3,0,0,0,0,1,0,0,0,0,0,0,0,0,0
2022-09-25,0,0,0,0,0,0,0,0,0,0,0,0,0,12,0,0,0,0,0,0,0,0,1,3,0,15,0,0,0,3,0,0,0,5,26,0,0,0,0,5,0,0,0,0,3,4,2,0,0,0,0,0,1,0,0,0,0,0,0,0,0,0,0,0,0,0,2,0,1,1,0,0,0,0,0,0,0,0,0,0,56,0,0,0,0,0,0,1,6,0,0,0,0,1,0,0,1,0,0,0,1,0,0,0,0,0,0,0,0,1,1,0,0,0,0,1,15,0,0,0,0,0,0,0,0,6,0,0,115,0,0,0,0,0,0,0,0,0,0,0,0,0,0,0,0,0,0,1,0,0,0,0,0,0,1,0,0,0,0,8,2,0,1,0,0,0,0,0,0,0,0,26,1,0,0,1,1,0,0,0,10,0,0,0,1,0,0,0,0,0,0,6,0,1,0,0,0,0,0,1,0,0,0,0,0,0,0,0,0,1,0,0,0,0,0,0,0,0,0,0,0,2,0,4,1,0,3,0,0,0,0,4,0,0,10,48,0,0,0,0,0,0,0,1,0,0,1,0,0,0,0,6,0,0,0,0,0,0,0,0,0,0,0,0,0,0,0,1,0,0,0,0,1,0,0,1,0,0,0,0,0,0,0,0,0
2022-10-02,0,0,0,0,0,0,0,0,0,0,0,0,1,7,0,0,0,0,0,0,0,0,0,6,0,8,0,0,0,1,0,0,0,5,30,0,5,0,0,11,0,0,0,0,8,3,3,0,1,0,0,0,0,0,0,0,0,0,0,0,0,0,0,2,0,0,0,0,1,0,0,0,0,0,0,2,0,0,0,0,55,0,0,0,0,0,4,2,1,0,0,0,0,1,0,0,0,0,0,0,0,0,0,0,6,0,0,2,0,1,0,0,0,0,0,5,6,0,0,0,0,0,0,0,0,5,0,0,165,0,1,0,0,0,1,0,0,0,0,0,0,0,0,0,0,0,0,0,1,0,0,0,0,0,2,0,0,0,0,5,0,0,0,0,0,0,0,0,0,0,0,29,0,0,0,1,0,0,0,0,5,1,0,0,0,0,0,0,0,0,1,11,0,0,0,0,0,0,0,1,0,0,0,0,0,0,0,1,0,0,0,0,0,0,0,0,0,0,0,0,1,0,0,1,0,0,3,1,0,0,0,1,0,0,6,45,1,0,0,0,0,0,0,3,0,0,1,0,0,0,0,4,0,0,0,0,0,0,0,0,0,0,0,0,0,0,0,0,0,0,0,0,0,0,0,1,2,0,0,0,0,0,0,0,0
2022-10-09,0,0,0,0,0,0,0,0,0,0,0,1,0,17,0,0,0,0,0,0,0,0,0,4,0,5,0,0,0,2,0,1,0,4,17,0,0,0,0,11,0,0,0,0,13,4,6,0,0,0,0,0,0,0,0,1,1,2,0,0,0,4,0,1,0,0,0,0,0,0,0,0,0,0,0,0,0,0,0,0,15,0,0,0,1,0,1,2,4,0,0,0,2,1,1,0,0,0,0,0,1,0,0,0,1,0,0,0,0,1,0,0,0,0,0,1,8,0,0,0,0,0,0,0,0,21,0,0,144,0,1,0,0,0,0,0,0,0,0,0,0,1,0,0,0,0,0,1,0,0,0,0,0,0,0,0,0,0,0,12,1,0,0,0,0,0,0,0,2,0,0,30,0,4,0,0,0,0,0,0,12,0,0,0,0,0,0,0,1,0,0,4,0,0,0,0,0,0,0,1,0,0,0,0,0,0,0,0,0,0,0,0,0,0,0,0,0,0,0,0,0,0,0,0,0,0,5,0,0,0,0,3,0,0,12,37,0,0,0,0,0,0,1,0,0,0,1,0,0,0,0,0,0,0,0,0,0,0,0,0,0,0,0,0,0,0,0,0,0,0,0,0,2,0,0,3,0,0,0,0,0,0,0,0,0
2022-10-16,0,0,0,0,0,0,0,0,0,0,0,0,0,19,0,0,0,0,1,0,0,0,2,8,0,16,0,0,0,5,0,0,0,8,61,0,0,1,0,14,0,0,0,0,14,3,8,1,0,0,0,0,0,0,0,0,0,2,0,0,0,5,0,0,0,1,0,0,1,0,0,1,0,0,0,0,0,0,1,0,90,0,0,0,0,0,6,7,6,0,0,1,0,3,0,0,1,0,0,0,4,0,0,0,3,0,0,1,0,0,0,0,0,0,0,8,8,1,0,0,2,1,0,0,0,16,0,0,245,0,0,0,0,0,0,0,0,0,0,0,0,0,0,0,0,0,0,1,0,0,0,0,0,0,2,0,0,0,0,21,1,0,0,0,0,0,0,0,0,0,0,37,0,0,0,0,3,0,0,0,23,1,0,0,0,0,0,0,0,0,1,10,1,0,0,0,0,0,0,0,0,0,0,0,0,0,0,0,0,0,0,0,0,0,0,1,0,0,0,0,0,3,0,1,1,0,0,1,0,0,0,5,0,0,17,44,0,0,1,0,0,0,0,0,0,0,1,0,0,0,0,2,0,0,0,0,0,0,0,0,0,0,0,0,0,0,1,0,1,0,0,0,2,1,0,3,0,0,0,0,0,0,0,0,0
2022-10-23,0,0,0,0,0,0,1,0,0,0,0,0,0,17,0,0,2,0,0,0,0,0,0,9,0,12,0,0,0,1,0,0,0,5,44,0,5,0,0,13,0,1,0,0,19,5,7,0,0,0,1,0,2,0,0,0,0,2,0,3,0,5,1,0,0,0,0,0,2,2,0,0,0,0,0,0,0,0,0,0,91,0,0,0,2,0,2,8,4,0,0,1,3,2,0,0,1,0,0,0,4,0,0,0,6,0,0,0,0,0,0,0,0,0,0,6,26,0,2,0,0,0,0,0,0,21,0,0,263,0,0,1,0,0,0,0,0,0,0,0,0,0,0,0,0,0,0,0,0,0,0,0,0,0,2,0,0,0,0,20,1,3,0,0,0,0,0,0,0,1,0,21,0,3,0,0,0,0,0,0,5,0,0,0,1,0,0,0,0,0,0,6,1,0,0,0,0,0,0,1,0,0,0,0,1,0,0,3,0,0,0,0,0,0,0,0,0,0,0,0,1,0,0,1,0,0,11,1,1,0,0,2,0,0,16,49,1,0,1,0,0,0,1,3,0,0,2,0,0,0,0,2,0,0,0,0,0,0,0,0,0,0,1,0,0,0,2,0,0,0,3,0,0,0,1,0,0,0,0,0,0,0,0,0,0
2022-10-30,0,1,0,0,0,0,0,0,0,0,0,0,0,17,0,0,0,0,0,0,0,0,0,4,0,20,0,0,0,6,0,0,0,11,26,0,5,0,0,0,0,0,0,0,5,2,4,1,0,0,2,0,0,0,0,0,0,3,0,3,0,0,0,1,0,0,1,0,1,4,0,0,0,0,0,0,0,0,0,0,23,0,0,0,0,0,7,8,1,0,0,0,0,3,0,2,1,0,0,2,2,0,0,0,4,0,0,0,0,0,0,0,0,0,0,13,13,2,0,0,0,0,0,0,0,5,0,0,130,0,0,0,0,0,0,0,0,0,0,0,0,0,0,0,0,0,0,0,0,0,0,0,0,0,0,0,0,0,0,20,1,2,1,0,0,0,0,0,1,0,0,20,1,1,0,0,0,0,0,0,4,0,0,0,1,0,1,0,0,0,0,5,1,0,0,0,0,0,0,0,0,0,0,0,0,0,0,0,0,0,0,0,0,0,0,0,0,0,0,0,1,0,0,0,0,0,1,0,0,3,0,2,0,1,0,28,0,0,3,0,0,0,0,0,0,0,1,0,0,0,0,0,0,0,0,0,0,0,0,0,0,0,1,0,0,0,1,0,0,0,3,0,5,0,1,1,0,0,0,0,0,0,0,0,0
2022-11-06,0,0,0,0,0,0,0,0,0,0,0,2,0,12,0,0,0,0,0,0,0,0,0,15,0,8,0,2,0,0,0,0,0,8,14,0,0,0,0,1,0,0,0,0,7,9,12,0,0,0,0,0,0,0,0,0,4,2,0,21,0,0,0,4,0,0,0,0,0,1,0,0,0,0,0,0,0,0,0,0,22,2,0,0,0,0,11,4,0,0,0,0,0,0,0,0,1,0,0,0,5,0,0,0,1,0,0,0,1,0,2,0,0,0,0,39,9,0,0,0,0,0,0,0,0,7,0,0,224,0,0,0,0,0,0,0,0,0,0,0,0,0,0,0,0,0,0,0,0,0,0,0,0,4,0,0,0,0,0,26,2,1,0,0,0,0,0,0,0,0,0,11,0,0,0,0,0,0,0,0,3,0,0,0,0,0,0,0,0,0,1,5,0,0,0,0,0,0,0,0,0,0,0,0,0,0,0,4,0,1,0,0,0,0,0,0,0,0,0,0,0,4,0,0,0,0,2,5,0,0,0,2,0,3,0,14,0,0,1,0,0,0,0,0,0,0,0,0,0,0,0,5,0,0,0,0,0,0,0,0,0,0,1,0,0,0,0,0,1,0,0,0,1,0,0,1,2,0,0,0,0,0,0,0,0
2022-11-13,0,0,0,0,0,0,0,0,0,0,0,1,0,1,0,0,0,0,0,0,0,0,1,10,0,0,0,0,0,1,0,0,0,18,7,0,0,0,0,2,1,0,0,0,4,4,2,0,0,0,2,0,0,0,0,0,0,0,1,0,0,0,0,0,0,0,2,0,0,0,0,0,0,0,0,0,0,0,0,0,16,0,0,0,0,1,0,3,1,0,0,0,0,0,0,0,1,0,0,0,0,0,0,0,9,0,0,1,0,3,0,0,0,0,0,5,1,0,0,0,0,0,0,0,0,6,1,0,416,0,1,0,0,0,0,0,0,0,0,0,0,0,0,0,0,0,0,0,0,0,0,0,0,0,1,0,0,0,0,8,0,0,2,0,0,0,0,0,0,0,0,6,0,0,0,0,0,0,0,0,1,0,0,0,1,0,1,1,0,0,0,4,2,0,0,0,0,0,0,0,0,0,0,0,0,0,0,1,0,1,0,0,0,0,0,0,0,0,0,0,0,2,0,4,1,0,2,0,0,1,0,0,0,0,0,5,0,0,6,0,0,0,0,2,0,0,0,0,0,0,0,11,0,0,0,0,0,0,0,0,0,0,1,0,0,0,0,0,1,0,0,0,3,0,0,6,0,0,0,0,0,0,0,0,0
2022-11-20,0,0,0,0,0,0,0,0,0,0,0,0,0,14,0,0,0,0,0,0,0,0,0,11,0,16,0,0,0,2,0,0,0,17,14,0,0,0,0,2,1,0,0,0,1,6,0,0,0,0,1,0,0,0,0,0,0,1,0,0,0,0,0,1,0,0,0,0,1,1,0,0,0,0,0,0,0,0,0,0,25,0,0,0,0,0,1,3,9,0,0,0,0,5,0,0,2,0,0,0,0,0,0,0,2,0,0,0,1,1,3,0,0,0,0,1,12,0,0,0,0,0,0,0,0,29,5,0,325,0,1,0,0,0,0,0,0,0,0,0,0,0,0,0,0,0,0,1,0,2,0,0,0,0,0,0,0,0,0,4,3,0,1,0,0,0,0,0,0,0,0,6,0,2,0,1,1,0,0,0,26,0,0,0,3,0,2,0,1,0,0,6,0,0,0,0,0,0,0,2,0,0,0,0,0,0,0,2,0,0,0,0,2,0,0,0,0,0,0,0,1,4,0,0,0,0,2,1,0,0,0,0,0,0,0,23,0,0,7,0,1,0,0,0,0,0,0,0,0,0,0,3,0,0,0,0,0,1,0,0,0,0,4,0,0,0,0,0,0,0,0,0,5,0,0,7,0,0,0,0,0,0,0,0,0
2022-11-27,0,0,0,0,0,0,0,0,0,0,0,0,0,39,0,0,0,0,0,0,0,0,0,17,0,14,0,0,0,3,0,0,0,20,62,0,1,0,0,16,0,0,0,0,1,5,5,0,0,0,0,0,0,0,0,2,0,1,0,0,0,14,1,2,0,0,0,2,1,3,0,1,0,0,0,5,0,0,0,0,22,0,0,0,0,0,14,11,14,0,0,2,0,3,3,0,3,0,0,0,2,0,0,0,7,0,0,0,1,3,0,0,2,0,0,10,37,3,0,0,0,0,0,0,0,47,0,1,473,0,0,0,0,0,1,0,0,0,0,0,0,0,0,0,0,0,0,1,1,0,0,0,0,0,2,0,0,0,0,37,2,3,2,0,0,0,0,0,0,0,0,2,0,6,0,0,0,0,0,0,22,3,0,0,5,0,0,0,1,0,1,15,3,0,0,0,0,0,0,4,0,0,0,0,0,0,0,2,0,0,0,0,0,0,0,0,0,0,0,0,1,2,0,3,0,0,3,1,1,0,0,4,0,1,0,66,0,0,8,0,0,0,0,3,0,0,10,0,0,0,0,2,0,0,0,0,0,0,0,1,0,0,0,0,0,1,0,0,0,0,3,1,18,0,0,0,0,0,0,0,0,0,0,0,0
2022-12-04,0,0,0,0,0,0,0,0,0,0,0,0,0,37,0,0,0,0,2,0,0,0,4,26,1,32,0,0,0,4,0,0,0,15,101,0,3,0,0,32,0,3,0,0,14,10,8,0,0,1,3,0,1,0,0,0,0,6,0,6,0,22,1,2,0,0,1,1,4,2,0,0,0,0,0,0,0,0,0,0,79,1,1,0,0,0,9,17,22,0,0,4,2,6,2,0,1,0,0,1,5,0,0,0,20,0,0,1,2,2,0,0,0,2,0,11,25,3,1,0,0,0,0,0,0,36,0,0,438,0,0,0,0,0,0,0,0,0,0,0,0,0,0,0,0,0,0,8,0,0,0,0,0,0,6,0,0,0,0,30,2,1,0,0,1,0,0,0,0,0,0,33,1,12,0,1,3,0,0,0,22,1,0,0,4,0,6,0,0,0,0,14,2,0,0,0,0,0,1,1,0,0,0,0,0,0,0,6,0,0,0,0,0,0,0,0,0,0,0,1,0,4,0,6,2,0,7,1,0,1,0,4,0,1,0,76,0,0,2,0,0,0,1,6,0,0,9,0,0,0,0,2,1,0,0,0,0,0,0,3,0,0,0,0,0,2,0,0,0,0,4,1,3,0,0,1,0,0,0,0,0,0,0,0,0
2022-12-11,0,5,0,0,0,0,0,0,0,0,0,0,0,56,1,0,0,0,0,0,0,0,6,15,0,9,0,0,0,2,0,0,0,20,73,0,0,0,0,8,1,0,0,0,38,7,8,1,0,1,2,0,1,0,0,0,1,5,0,3,0,21,0,3,0,0,0,1,2,1,0,1,0,0,0,0,0,0,1,0,70,0,0,0,0,0,4,9,12,0,0,6,5,3,1,0,5,0,0,1,3,0,0,0,25,0,2,1,0,2,0,0,0,0,0,11,13,6,1,0,4,0,0,0,0,34,0,1,404,0,1,0,0,0,1,0,0,0,0,0,0,0,0,0,0,0,0,7,0,0,0,0,0,0,3,0,0,0,0,38,5,3,0,0,0,0,0,0,1,0,0,36,2,11,0,0,0,0,0,0,26,1,0,0,3,0,0,0,2,0,2,16,3,0,0,0,1,0,1,3,0,0,0,0,1,0,0,5,1,6,0,0,0,0,0,0,0,0,0,0,0,3,0,6,0,0,6,1,1,0,0,3,0,4,5,86,2,0,8,0,0,0,1,0,0,0,12,0,0,0,0,0,2,0,0,0,0,0,0,0,0,0,0,0,0,0,1,2,1,0,7,0,11,0,0,2,0,0,0,0,0,0,0,0,0
2022-12-18,0,3,0,0,0,0,0,0,0,0,0,0,0,31,0,0,0,0,0,0,0,0,4,29,0,22,0,0,0,1,0,1,0,16,20,0,0,0,0,4,1,0,0,0,22,4,12,0,0,0,0,0,0,0,0,1,0,1,0,2,0,26,0,1,0,0,0,0,0,2,0,0,0,0,0,0,0,0,0,0,72,1,0,0,0,0,13,13,0,0,0,3,1,6,0,1,2,0,0,0,10,0,0,0,9,0,0,0,0,1,1,0,0,0,0,5,40,5,0,0,1,0,0,0,0,37,0,2,252,0,1,1,0,0,0,0,0,0,0,0,0,3,0,0,0,0,0,2,0,0,0,0,0,0,4,0,0,0,0,36,1,3,1,0,0,0,0,0,0,0,0,37,0,14,0,0,0,0,0,0,24,1,0,0,3,0,2,0,2,0,0,13,1,0,0,0,0,0,0,0,0,0,0,0,0,0,0,2,0,5,0,0,2,0,0,0,1,0,0,0,2,0,0,6,0,0,11,0,0,0,0,3,0,5,0,56,2,0,7,0,1,0,5,2,0,0,10,0,0,0,0,0,0,0,0,0,0,1,0,3,0,0,2,0,0,0,0,1,1,0,20,2,12,0,0,3,0,0,0,0,0,0,0,0,0
2022-12-25,0,5,0,0,0,0,3,0,0,0,0,0,0,0,1,0,0,0,0,0,0,0,0,18,0,29,0,0,0,0,0,0,1,15,26,0,0,0,0,6,0,0,0,0,20,0,0,0,0,0,0,0,0,0,0,0,2,0,0,0,0,15,0,1,0,0,0,2,6,2,0,0,0,0,0,0,0,0,0,0,8,4,0,0,0,0,7,16,0,1,0,2,3,4,1,0,2,0,0,0,2,0,1,0,11,0,2,1,0,2,0,0,2,0,0,5,30,2,0,0,2,0,0,0,0,8,0,1,0,0,0,0,0,0,0,0,0,0,0,0,0,0,0,0,0,0,0,4,0,0,0,0,0,2,4,0,0,0,0,29,4,0,1,0,0,0,0,0,0,0,0,13,0,10,0,0,3,0,0,0,34,4,0,0,4,0,1,0,5,0,0,5,1,0,0,0,0,0,0,0,0,0,0,0,0,0,0,1,0,3,0,0,0,0,0,0,0,0,0,2,0,2,0,9,1,0,3,1,0,0,0,5,0,4,0,13,1,0,1,0,0,0,0,0,0,0,6,0,0,0,0,0,0,0,0,0,0,2,0,0,0,0,0,0,0,0,0,0,0,0,10,3,0,0,0,4,0,0,0,0,0,0,0,0,0
2023-01-01,0,0,0,0,0,0,0,0,0,0,0,0,0,3,0,0,2,0,4,0,0,0,1,17,0,29,0,2,0,0,0,1,0,14,27,0,0,2,0,14,1,0,0,0,34,1,8,0,3,0,0,0,0,0,0,0,0,7,0,15,0,14,2,0,0,0,1,1,1,5,0,1,0,0,0,0,0,0,0,0,104,1,0,0,0,0,13,8,0,0,0,1,5,3,3,0,6,0,0,1,9,0,1,0,23,0,2,1,0,2,0,0,0,0,0,6,45,4,0,0,1,0,0,0,0,22,0,3,144,0,2,0,0,0,2,0,1,0,0,0,0,0,0,0,0,0,0,2,0,0,0,0,0,0,2,0,0,0,0,41,3,4,0,0,0,0,0,1,0,0,0,55,2,15,0,0,4,0,0,0,14,3,0,0,12,1,1,1,3,0,0,0,4,2,0,0,0,0,0,3,0,0,0,0,0,0,0,4,0,5,0,0,0,0,0,0,0,0,0,0,0,0,0,12,1,0,8,2,1,0,0,9,0,5,0,13,4,0,10,0,1,0,4,2,0,0,15,0,0,0,0,0,0,0,0,0,0,0,0,0,0,0,0,0,0,0,3,0,4,0,14,0,0,0,3,4,2,1,0,0,0,0,0,0,0
2023-01-08,0,2,0,0,0,0,1,0,0,0,0,0,0,35,0,0,0,0,6,0,0,0,22,16,1,43,0,0,0,0,0,0,0,12,49,0,0,1,1,11,3,1,0,0,28,5,13,1,0,3,2,0,0,0,0,0,0,2,0,14,0,24,2,2,0,0,0,0,0,2,0,0,0,0,0,0,0,0,0,0,134,0,0,0,0,0,8,14,7,0,0,2,3,10,2,1,7,0,0,1,4,0,5,0,15,0,4,0,0,2,0,0,3,0,0,13,32,5,5,0,2,0,0,0,0,30,0,3,283,0,0,0,0,0,0,0,0,0,0,0,0,0,0,0,0,0,0,9,0,0,0,0,0,0,7,0,0,0,0,50,7,0,3,0,0,0,0,0,2,1,0,64,0,10,0,1,1,0,0,0,12,3,0,0,9,0,1,1,0,0,0,8,4,1,2,0,0,0,0,16,0,0,0,0,0,0,0,6,1,7,0,0,0,0,0,0,0,0,0,1,1,3,0,13,0,0,15,0,0,0,0,4,0,5,23,11,4,0,11,1,1,0,0,1,0,0,15,0,0,0,0,3,1,0,0,0,0,1,0,1,0,0,3,0,0,0,0,0,0,0,13,0,21,0,1,3,0,0,0,0,0,0,0,0,0
2023-01-15,0,7,0,0,0,0,0,0,0,0,0,0,2,69,2,0,0,1,0,0,0,0,10,38,2,44,0,1,0,2,0,1,0,59,137,0,4,0,0,13,0,1,0,0,73,2,33,1,1,3,6,0,2,0,0,2,0,14,0,18,0,21,2,0,1,0,2,0,0,4,0,1,0,0,0,0,0,0,2,0,255,0,0,0,1,0,17,21,6,0,0,4,6,11,3,1,5,0,0,1,4,0,8,0,29,0,2,2,1,3,2,0,0,0,0,13,70,5,8,0,1,0,3,0,0,97,0,2,312,0,0,0,0,0,0,0,0,0,0,0,0,3,0,0,0,0,0,6,0,1,0,0,0,0,8,0,0,0,0,39,5,4,7,0,0,0,0,0,0,3,0,91,2,21,0,0,5,0,0,0,16,2,0,0,4,0,2,2,0,0,0,17,4,1,0,3,1,0,0,15,0,0,0,1,0,0,0,4,0,6,0,0,3,0,0,0,1,0,0,3,5,0,0,10,3,0,21,0,4,1,0,3,0,3,43,84,3,0,16,0,1,0,4,6,0,0,22,0,0,0,2,3,0,0,0,0,0,0,0,0,0,0,1,0,0,0,1,0,4,0,14,2,15,0,1,9,0,3,0,0,0,0,0,0,0
2023-01-22,0,7,0,0,0,0,0,0,0,0,0,0,1,49,0,0,0,1,0,0,0,0,9,20,5,54,0,0,1,4,0,1,1,35,168,0,0,1,0,19,1,3,0,0,114,4,15,0,2,1,3,1,0,0,0,3,2,10,0,23,0,18,1,3,0,0,3,2,10,2,0,0,0,0,0,0,0,1,0,0,261,0,0,0,2,0,11,33,7,1,0,7,2,15,3,0,6,0,0,1,5,0,5,0,31,0,1,1,2,1,4,2,1,0,0,15,32,3,8,0,2,0,1,0,0,102,1,4,365,0,0,0,0,0,1,0,0,0,3,0,0,2,0,0,0,0,0,8,0,4,0,0,0,2,4,0,0,0,0,34,6,5,3,0,1,2,0,0,1,0,0,77,2,22,0,2,0,1,0,0,18,4,0,0,10,0,2,2,3,0,0,24,4,0,0,2,2,0,1,8,0,0,0,2,0,0,0,4,0,7,0,0,2,0,0,0,0,0,1,1,5,0,0,6,0,0,21,0,0,0,0,7,0,9,27,113,4,0,13,0,0,0,13,13,0,0,26,0,0,0,1,7,3,0,0,0,0,2,0,1,0,0,3,0,0,0,2,0,1,0,19,5,24,0,2,4,1,3,0,0,0,0,0,0,0
2023-01-29,0,9,0,0,0,0,0,0,0,0,0,0,1,43,0,0,0,0,0,0,0,0,8,23,0,50,0,2,1,7,0,1,0,33,135,0,0,0,0,13,3,0,0,0,77,9,38,0,1,1,3,0,0,0,0,0,0,8,0,21,0,17,7,2,0,0,4,0,12,2,0,0,2,0,0,0,0,4,0,0,211,0,0,0,0,1,9,18,11,0,1,9,5,15,3,3,6,0,0,1,7,0,3,0,28,0,2,3,3,3,0,3,1,0,0,17,51,0,4,0,3,1,1,1,0,77,0,4,353,0,1,0,0,0,0,0,0,0,6,0,0,4,0,0,0,0,0,4,0,1,0,0,0,0,16,0,0,0,0,9,9,0,5,0,1,1,0,1,2,0,0,78,3,21,0,2,2,0,1,0,13,3,0,1,9,0,4,1,2,0,2,22,5,0,0,1,0,0,2,10,0,0,2,2,0,0,0,4,3,7,0,0,4,0,0,0,0,0,0,4,3,0,2,18,0,0,10,1,1,0,0,7,0,4,41,147,8,0,28,0,1,0,3,7,0,0,20,0,0,0,1,15,7,0,0,0,0,0,0,10,0,0,3,0,0,0,2,0,3,0,25,5,17,3,5,5,0,1,0,0,0,0,0,0,0
2023-02-05,0,8,0,0,0,1,0,0,0,0,0,0,2,54,0,0,1,0,0,0,0,0,30,25,6,55,0,1,1,7,0,0,2,60,145,0,0,1,0,14,1,0,0,0,82,5,14,0,3,2,10,0,0,0,0,4,2,11,1,11,0,31,5,1,2,0,3,2,5,1,0,2,0,0,0,0,0,9,1,0,350,0,0,2,0,0,14,21,18,0,2,9,10,21,5,0,9,0,0,1,8,0,2,0,48,0,3,1,4,2,1,2,0,0,0,20,56,2,5,0,2,1,2,1,0,84,2,9,438,0,2,0,0,1,0,1,0,0,4,0,0,0,0,1,0,0,1,11,0,5,0,0,0,4,31,0,0,0,0,35,2,4,3,0,2,0,0,0,1,4,0,112,3,30,0,9,0,0,0,0,20,3,0,0,6,0,0,3,3,0,4,29,10,1,0,1,1,0,3,10,1,0,0,4,0,0,1,4,1,11,0,0,2,0,0,0,0,0,1,2,9,4,0,9,2,0,29,1,7,0,0,8,0,7,67,159,1,0,14,0,1,0,11,7,1,0,40,0,0,0,2,22,10,0,0,0,0,7,0,4,0,0,4,0,0,0,2,1,0,0,22,7,27,1,1,10,0,3,0,0,0,0,0,0,0
2023-02-12,0,6,0,0,0,2,0,0,0,0,0,0,2,69,2,0,6,0,0,1,1,2,12,35,5,59,0,0,3,2,0,3,0,52,114,0,0,0,0,22,0,2,0,0,70,4,58,1,5,5,8,0,0,0,0,0,1,19,1,13,0,16,0,0,0,1,1,1,13,5,0,2,0,0,1,0,0,12,1,2,282,5,0,0,0,0,9,51,6,0,0,5,4,18,6,0,7,0,0,5,7,0,3,0,18,0,3,1,2,1,0,0,2,2,0,14,45,4,4,0,0,2,6,0,0,88,0,5,419,0,1,1,0,0,0,0,0,0,6,1,0,0,0,0,0,0,0,14,0,2,0,0,0,1,16,0,0,0,0,21,10,2,4,0,1,0,0,2,3,0,0,86,1,22,0,5,0,2,1,0,18,5,0,0,7,1,1,2,3,0,2,25,7,0,0,1,0,0,3,12,0,0,0,2,1,0,0,8,0,15,0,0,0,0,0,4,0,0,1,3,8,10,3,14,0,0,27,0,0,0,0,16,0,4,44,163,3,0,27,0,1,0,3,10,0,0,22,0,1,0,2,11,12,0,0,0,0,7,0,4,0,0,0,0,0,0,1,1,2,0,38,4,20,0,1,4,0,0,0,0,0,0,0,0,0
2023-02-19,0,7,0,0,0,2,0,0,0,0,0,0,3,78,6,0,0,0,0,2,0,0,3,21,2,38,0,0,2,9,0,0,0,28,133,0,4,0,0,11,1,1,0,0,51,5,3,0,1,0,5,0,0,0,0,3,0,11,0,14,0,27,7,0,0,1,2,0,4,3,0,0,0,0,0,0,0,10,0,0,117,0,0,0,2,0,10,21,0,0,0,5,2,37,5,1,5,0,0,2,5,0,3,0,45,0,6,0,4,2,0,0,1,0,0,8,37,6,0,0,2,7,1,0,0,95,1,8,210,0,2,1,0,0,0,0,0,0,5,0,0,0,0,0,0,0,1,0,1,0,0,0,0,6,11,0,0,0,0,27,3,0,7,0,0,0,0,1,1,0,0,83,2,26,0,2,0,0,0,0,14,3,0,0,12,0,1,0,2,0,3,28,6,2,0,5,0,0,1,9,0,0,0,2,2,0,2,3,0,6,0,0,0,0,0,0,0,0,0,1,10,0,0,8,0,0,36,2,6,0,0,0,0,7,0,155,3,0,14,0,2,0,14,6,0,0,28,0,1,0,1,5,10,0,0,0,0,4,0,5,0,0,5,0,0,0,0,1,1,0,16,5,34,3,6,10,0,0,0,0,0,0,0,0,0
2023-02-26,0,5,0,0,0,1,0,0,0,0,0,0,8,60,0,0,1,0,0,8,0,0,0,125,4,60,0,0,0,4,0,1,0,66,171,0,19,3,0,9,1,0,0,0,97,8,44,0,1,2,0,0,0,0,0,0,10,23,0,23,0,16,29,15,3,0,3,1,30,3,0,0,4,0,0,0,0,14,0,0,312,0,0,1,0,0,17,28,3,0,0,2,8,11,3,1,4,0,0,2,3,0,0,1,26,0,0,0,3,2,1,0,3,0,0,100,73,7,5,0,2,2,3,0,0,25,3,21,551,0,1,0,0,1,0,1,0,0,7,0,0,0,0,1,0,0,1,0,0,0,0,0,0,48,13,0,0,0,0,92,12,2,5,0,2,0,0,0,3,4,0,94,6,25,0,6,0,0,2,0,14,3,1,0,8,1,0,4,2,0,4,58,18,2,0,3,0,0,2,8,0,0,0,8,0,0,0,9,0,23,0,10,1,0,0,0,1,1,5,2,9,3,0,3,0,0,26,2,4,0,0,3,0,5,2,179,1,0,27,0,1,3,12,5,0,13,21,0,1,0,0,11,5,0,0,0,0,5,1,7,2,1,2,0,0,0,0,1,1,0,21,0,19,2,1,5,0,2,0,0,0,0,0,0,0
2023-03-05,0,16,0,0,0,15,2,0,0,0,0,0,10,3,17,0,2,0,2,2,1,1,3,62,6,34,0,0,1,0,0,2,0,68,182,0,7,0,0,54,0,1,0,0,93,18,149,0,1,1,13,0,3,1,0,3,2,39,0,405,0,8,0,6,3,0,4,3,7,2,0,0,2,0,0,0,1,20,1,0,274,17,0,0,8,0,8,29,3,0,0,3,1,4,4,8,2,0,0,3,2,0,2,0,10,0,1,0,13,0,6,0,2,0,0,201,15,7,7,0,0,6,1,1,0,14,5,28,311,0,1,0,0,1,1,0,0,0,0,0,0,1,0,0,0,0,0,22,0,2,0,0,0,0,8,0,0,0,0,62,6,3,6,0,1,0,0,1,1,11,0,124,11,9,0,4,1,1,1,0,16,15,0,0,9,0,0,6,1,0,3,5,17,1,0,4,0,0,0,23,0,0,0,5,1,0,1,29,0,10,0,3,2,0,0,1,1,1,0,0,3,17,0,0,9,0,11,6,1,13,0,10,0,10,4,98,8,0,19,0,0,0,19,7,0,5,25,0,0,0,3,20,0,0,0,0,0,4,0,8,3,0,12,0,0,0,0,2,1,0,102,0,60,1,1,9,14,1,0,0,0,0,0,0,0
2023-03-12,0,25,0,0,0,0,2,0,0,0,0,0,0,69,7,0,7,4,2,1,0,1,0,46,2,4,0,1,1,0,0,2,1,99,48,0,6,0,1,40,2,0,0,0,40,0,68,1,1,5,4,1,9,1,0,7,2,6,0,52,0,2,7,2,2,0,2,2,13,16,0,1,0,0,0,3,0,12,1,0,282,0,0,2,1,4,5,25,11,0,1,0,7,8,0,0,6,0,1,2,7,0,0,0,37,0,30,0,3,0,4,0,8,0,0,2,67,0,6,0,0,2,0,0,0,8,0,1,428,0,3,1,0,1,2,0,0,0,0,0,0,5,0,1,0,0,0,0,0,4,0,0,0,3,9,0,0,0,0,1,6,2,3,0,4,0,0,5,6,0,0,145,2,3,6,1,0,0,0,0,12,0,0,0,21,1,0,4,5,0,0,40,7,1,1,0,0,0,0,12,0,0,0,8,0,0,1,1,0,8,0,0,1,0,0,0,1,0,2,0,9,3,2,12,2,0,25,0,7,1,0,4,0,1,7,92,2,0,25,0,1,0,0,15,0,0,9,0,0,0,5,11,4,0,0,0,0,0,0,2,0,0,0,0,0,0,2,2,1,0,24,1,34,0,0,34,0,1,0,0,0,0,0,0,0
2023-03-19,0,0,0,0,0,0,0,0,0,1,0,0,2,71,6,0,3,2,0,2,0,0,0,30,5,39,0,0,0,8,0,1,0,63,6,0,7,2,3,11,0,4,0,0,29,8,26,1,3,6,6,0,16,1,0,5,2,15,1,52,0,21,2,2,1,0,1,0,9,2,1,0,0,0,0,0,0,4,2,1,134,0,1,0,0,7,5,8,36,0,0,12,8,13,8,1,5,0,0,8,6,0,2,0,17,0,2,0,1,3,1,0,5,1,0,6,30,3,4,0,3,5,0,0,0,51,2,5,395,0,1,0,0,0,0,0,0,0,6,0,0,6,0,2,0,0,0,30,0,3,0,0,0,3,0,0,0,0,0,37,6,4,2,0,0,0,0,3,6,0,0,88,1,20,2,1,3,0,0,0,23,2,0,0,0,0,3,0,5,0,0,41,11,5,0,0,0,0,0,7,0,0,0,2,0,0,0,7,1,3,0,0,5,0,0,0,0,0,2,2,5,8,3,16,2,0,28,2,0,1,0,2,0,12,5,84,1,0,12,2,1,0,4,6,0,0,43,0,0,0,0,15,8,0,0,0,0,8,0,7,0,0,1,0,0,0,1,1,2,0,43,4,29,4,0,0,0,0,0,0,0,0,0,0,0
2023-03-26,0,6,0,0,0,0,2,0,0,2,1,1,3,65,11,0,3,2,0,2,0,1,27,36,5,56,0,2,2,3,0,4,0,75,107,0,5,2,0,14,3,1,0,0,21,13,59,0,5,2,2,0,23,0,0,6,1,12,3,58,0,18,6,6,1,0,2,5,12,4,0,1,6,0,0,0,0,4,0,1,199,0,0,0,0,2,17,35,27,0,0,9,14,7,7,4,3,0,0,5,9,0,7,0,24,0,6,1,4,3,0,0,0,1,0,21,36,7,9,2,1,5,9,0,0,109,3,17,417,0,2,0,0,0,0,0,0,0,5,1,0,12,0,0,0,0,2,4,1,1,0,0,1,0,12,0,0,1,0,20,2,0,6,0,2,0,0,1,2,5,0,92,0,29,1,1,15,0,0,0,31,8,0,0,11,0,3,2,3,0,5,14,15,2,0,0,0,0,6,12,0,0,0,1,0,0,0,3,3,11,0,2,0,0,1,1,0,0,0,3,13,13,4,24,0,2,57,2,7,1,0,19,0,6,44,92,4,0,24,1,1,0,12,12,0,3,13,0,0,0,0,26,6,0,0,0,0,0,0,5,0,0,4,0,0,0,0,1,3,0,35,9,33,1,9,6,1,1,0,0,0,0,0,0,0
2023-04-02,0,5,0,0,0,0,3,0,0,0,0,0,2,66,5,0,0,1,2,0,1,6,9,19,8,47,0,0,0,4,0,2,0,41,145,0,0,0,0,11,1,0,0,0,9,3,13,1,2,1,8,0,0,2,0,2,4,15,0,37,0,26,6,4,4,0,3,1,5,2,0,1,0,0,0,0,0,7,3,0,87,0,0,2,6,2,17,29,23,0,0,18,9,14,6,0,7,0,0,4,3,0,3,0,43,2,2,0,2,3,3,0,3,0,0,22,35,3,6,2,5,4,0,0,0,69,1,19,385,0,2,1,0,0,3,0,0,0,2,0,0,3,0,0,0,0,0,5,0,2,0,0,0,8,22,0,0,0,0,10,4,0,2,0,4,5,0,2,0,0,0,63,4,27,5,7,6,0,0,0,15,4,0,0,9,0,2,4,3,0,4,27,11,5,0,1,0,0,2,3,0,0,0,9,0,0,1,7,0,2,0,0,2,0,0,1,0,0,1,0,14,9,1,6,0,0,32,2,8,1,0,3,0,7,41,41,4,0,8,0,0,0,11,1,0,4,26,0,0,0,5,8,2,0,0,0,0,4,1,4,0,0,2,0,0,0,4,1,1,0,34,4,28,4,5,6,0,2,0,0,0,0,0,0,0
2023-04-09,0,6,0,0,0,0,4,0,0,0,6,0,2,43,8,0,3,0,1,2,0,2,23,33,15,56,0,0,3,4,0,1,0,55,142,0,7,0,0,18,2,2,0,0,27,7,49,0,4,9,1,2,12,0,0,9,3,7,2,40,0,15,2,2,1,0,0,2,5,5,0,2,1,0,0,0,0,16,1,0,164,0,0,0,2,0,10,28,21,0,0,10,7,11,5,0,6,0,0,2,12,0,8,0,15,1,6,0,2,3,1,0,3,0,0,22,46,9,8,0,1,0,1,1,0,81,0,29,410,0,3,1,0,0,2,0,0,0,4,0,0,4,0,0,0,0,0,6,0,2,0,0,2,0,9,0,0,0,0,1,5,0,5,0,0,1,0,0,4,2,0,61,3,28,1,4,5,0,1,0,29,3,0,0,9,0,1,2,3,0,1,33,16,4,0,2,0,0,2,25,1,0,0,1,0,0,0,5,1,9,0,1,1,0,0,3,0,0,0,0,16,6,1,14,0,1,48,1,2,0,0,8,0,7,39,130,2,0,16,0,1,1,10,8,0,4,20,0,0,0,0,13,1,0,0,0,0,6,1,8,2,0,2,0,0,0,2,0,0,0,37,5,26,3,5,4,0,0,0,0,0,0,0,0,0
2023-04-16,0,8,0,0,0,0,4,0,0,0,4,0,0,73,9,0,0,0,0,2,0,6,21,24,7,43,0,2,2,12,0,5,0,66,96,0,2,1,0,9,2,3,0,0,40,6,8,0,4,19,3,4,13,0,0,2,0,26,0,39,0,9,3,3,1,0,2,3,6,4,0,2,0,0,0,0,0,8,7,1,217,2,0,1,3,0,8,30,21,0,0,7,9,7,6,2,10,0,0,8,5,0,4,0,14,0,0,0,3,3,2,0,2,2,0,20,36,4,11,0,1,6,4,1,0,97,0,7,369,0,1,0,0,0,0,0,1,0,5,0,0,5,0,0,0,0,0,0,1,0,0,0,0,1,13,0,0,0,0,0,4,0,3,0,0,0,0,1,4,2,0,30,2,21,2,2,7,0,0,0,13,2,0,0,18,0,5,2,1,0,0,28,9,3,0,5,0,0,0,9,0,0,0,1,0,0,0,5,1,4,0,0,1,0,0,1,0,0,0,0,11,4,0,1,0,0,58,2,1,2,0,6,0,5,46,163,2,0,18,0,0,0,12,10,0,12,23,0,0,0,0,3,9,0,0,0,0,5,0,6,2,0,5,0,0,0,0,0,1,0,32,8,23,2,4,4,0,1,0,0,0,0,0,0,0
2023-04-23,0,2,0,0,0,0,4,0,0,0,0,0,3,46,3,0,0,0,0,0,0,1,21,28,3,36,1,5,1,6,0,0,0,61,67,0,0,0,0,12,3,0,0,0,28,4,41,1,3,2,3,1,7,0,0,1,0,26,0,41,0,2,8,1,2,0,1,6,7,2,0,4,0,0,0,5,0,5,0,1,145,0,0,0,0,0,6,21,18,0,0,9,8,11,1,0,4,0,0,2,5,0,3,0,21,0,0,1,3,1,0,0,0,0,0,9,29,2,10,0,1,0,0,0,0,47,0,10,376,0,3,0,0,0,0,0,0,0,1,0,0,3,0,0,0,0,0,2,0,0,0,0,0,4,6,0,0,0,0,0,4,0,2,0,0,1,0,0,0,10,0,50,4,20,4,1,0,0,2,0,19,2,0,0,12,0,0,0,2,0,0,19,4,2,0,1,1,0,0,9,0,0,0,0,0,0,0,4,1,5,0,1,0,0,0,1,2,0,0,1,17,4,2,3,2,0,44,1,1,0,0,9,0,0,12,158,0,0,29,0,1,0,7,4,0,3,12,0,0,0,4,5,2,0,0,0,0,3,0,4,0,0,0,0,0,0,0,0,0,0,42,0,0,1,1,5,0,0,0,0,0,0,0,0,0
2023-04-30,0,5,0,0,0,0,2,0,0,0,10,2,2,53,4,0,0,0,2,0,0,1,22,23,9,32,0,1,1,10,0,1,0,51,124,0,5,0,0,14,1,0,0,0,20,3,8,0,1,1,7,0,14,0,0,0,0,2,0,22,0,5,5,3,1,0,4,2,2,1,0,2,0,0,0,0,0,1,2,0,148,4,0,0,1,2,11,27,37,0,0,2,0,4,1,0,2,0,0,0,5,0,4,0,18,0,3,0,2,4,0,0,3,0,0,15,34,2,14,0,2,0,3,1,0,69,1,9,390,0,1,0,0,0,0,2,0,0,0,0,0,5,0,0,0,0,0,0,0,0,0,0,0,2,1,0,0,0,0,0,0,0,2,0,0,0,0,2,0,2,0,59,1,17,0,1,2,0,4,0,12,3,0,0,11,0,5,0,9,1,0,14,4,2,0,0,0,0,0,6,0,0,0,8,0,0,0,4,2,5,1,2,1,0,0,0,1,0,0,0,4,3,6,1,1,0,42,2,2,0,0,0,0,4,7,107,0,0,18,0,0,0,7,4,0,0,14,0,0,0,2,8,3,0,0,0,7,3,1,3,0,0,3,0,0,8,0,1,1,0,27,2,4,1,1,5,0,0,0,0,0,0,0,0,0
2023-05-07,1,6,0,1,0,0,4,0,0,0,3,5,2,57,28,0,0,0,0,0,1,1,22,34,7,47,0,1,1,7,0,0,0,79,125,0,5,0,0,11,1,0,0,0,51,2,64,0,1,2,6,2,20,0,0,4,3,12,0,22,0,7,11,0,0,0,4,3,6,5,0,3,1,0,0,0,0,11,0,0,192,0,0,3,0,0,8,30,27,2,0,7,7,19,3,1,5,0,0,3,3,0,14,0,21,0,1,0,2,4,0,0,2,1,0,17,34,6,14,0,3,1,4,1,1,72,0,16,450,0,1,0,0,1,0,0,0,0,2,0,0,5,0,0,1,0,0,4,0,2,0,0,1,1,9,0,1,0,0,0,9,2,5,0,3,4,0,1,1,0,0,52,2,22,0,3,4,0,4,0,19,4,0,0,17,0,9,0,1,0,0,26,7,1,0,0,1,0,2,11,0,0,0,8,0,0,0,4,1,6,0,0,1,0,0,0,0,0,0,1,21,6,3,7,0,0,42,2,3,2,0,8,0,9,15,128,0,0,32,0,7,0,12,7,0,3,29,0,0,0,1,10,1,0,0,0,0,2,1,8,2,0,1,0,0,6,0,0,1,0,37,3,11,3,2,5,6,1,0,0,0,0,0,0,0
2023-05-14,5,0,0,0,0,0,0,0,0,0,1,1,0,51,7,0,0,0,0,0,0,1,18,14,6,16,0,0,0,4,0,0,0,42,43,0,3,1,0,16,3,2,0,0,12,2,8,0,0,0,4,1,3,0,0,1,1,5,0,25,0,0,1,1,1,0,2,2,2,0,0,0,12,0,0,2,0,7,0,3,80,1,0,0,2,0,13,22,19,0,0,4,3,12,0,0,3,0,0,2,3,0,3,0,11,0,0,1,0,0,0,0,1,1,0,9,12,1,11,0,0,3,0,0,0,42,1,6,364,0,0,0,0,0,0,0,0,0,0,0,0,1,0,1,0,0,0,0,0,3,0,0,0,0,1,0,0,0,0,0,0,0,2,0,0,0,0,0,0,0,0,40,2,8,0,0,1,0,2,0,10,1,0,0,1,0,0,0,3,0,1,15,1,0,0,0,0,0,1,0,0,1,0,0,0,0,0,1,0,0,0,0,1,0,0,0,2,0,0,0,14,7,1,1,0,0,22,0,2,1,0,2,0,0,13,58,1,0,16,0,0,0,1,6,0,0,5,0,0,0,1,4,3,0,0,0,0,1,0,6,0,0,1,0,0,5,4,0,0,0,11,0,0,2,0,1,3,0,0,0,0,0,0,0,0
2023-05-21,0,0,0,0,0,0,0,0,0,0,1,0,1,31,6,0,0,0,0,0,0,0,12,18,1,14,0,0,0,3,0,0,0,27,75,0,5,1,0,9,0,0,0,0,7,2,11,0,1,0,6,0,3,0,0,1,0,15,0,18,0,1,1,0,0,0,1,1,4,0,0,1,1,0,0,5,0,2,1,0,73,2,0,0,0,0,2,11,29,0,1,2,0,3,0,0,1,0,1,3,7,0,4,0,6,0,4,0,2,1,0,0,1,0,0,8,16,2,5,0,0,1,0,0,0,34,0,3,315,0,1,0,0,0,0,0,0,0,1,0,0,1,0,0,1,0,0,3,0,0,0,0,0,0,3,0,0,0,0,2,0,0,1,0,0,0,0,1,1,1,0,52,0,3,0,1,5,0,0,0,8,1,0,0,2,0,0,1,0,0,0,14,0,1,0,0,0,0,1,4,0,0,0,0,0,0,0,4,0,2,0,0,0,0,0,0,0,0,0,0,8,2,2,1,0,0,29,0,2,0,0,2,0,0,10,75,0,0,9,0,0,0,2,1,0,1,8,0,0,0,1,7,1,0,0,0,0,0,0,3,0,0,0,0,0,6,0,0,0,0,8,0,0,0,0,1,2,0,0,0,0,0,0,0,0
2023-05-28,0,5,0,0,0,0,1,0,0,0,3,0,0,45,4,0,0,0,0,0,0,6,15,18,4,24,0,0,0,9,0,1,0,38,74,0,2,1,0,15,0,0,0,0,12,7,0,0,2,0,5,0,5,0,0,1,0,8,0,10,0,2,2,0,0,0,1,3,2,2,1,2,0,0,0,0,0,5,1,0,85,1,0,0,0,4,4,18,33,0,0,3,5,9,3,2,3,0,1,2,5,2,3,0,9,0,0,3,3,2,3,0,0,0,0,10,10,2,11,0,1,2,1,0,0,57,3,4,354,0,1,0,0,0,0,0,0,0,0,0,0,0,0,0,0,0,0,0,0,1,0,0,0,4,3,0,0,0,0,0,1,0,3,0,0,0,0,0,3,1,0,58,0,17,0,0,3,0,2,0,15,1,0,0,8,0,1,2,3,0,0,21,1,0,0,0,0,0,1,2,0,0,1,0,1,0,0,1,1,4,0,0,0,0,0,0,0,0,0,0,16,3,1,0,0,0,28,0,1,0,0,4,0,0,43,78,1,0,20,0,0,0,0,1,0,2,17,0,0,0,1,6,5,0,0,0,0,1,0,3,0,0,1,0,0,2,0,0,0,0,20,0,11,0,2,6,2,0,0,0,0,0,0,0,0
2023-06-04,0,0,0,0,0,0,1,0,0,0,0,0,0,39,0,0,0,0,0,0,0,7,16,13,6,16,0,0,0,0,0,0,0,37,54,0,1,0,0,18,0,0,0,0,3,2,30,1,1,1,0,0,6,0,0,2,1,4,0,5,0,3,2,3,0,0,1,0,1,1,0,0,0,0,0,4,0,0,0,0,73,0,0,0,0,0,6,13,5,0,0,4,1,9,0,0,0,0,0,0,5,1,3,0,9,0,0,0,4,2,0,0,0,0,0,8,10,6,12,0,0,0,1,0,0,59,0,3,263,0,0,0,0,0,1,0,0,0,0,0,0,2,0,0,0,0,0,2,0,1,0,0,0,0,9,0,0,0,0,9,3,0,1,0,0,0,0,0,1,0,0,33,0,9,0,0,1,0,0,0,5,0,0,0,8,0,0,1,2,0,0,13,0,0,0,3,1,0,0,3,0,0,0,0,0,0,0,1,0,2,0,0,0,0,0,2,0,0,0,0,2,5,0,1,0,0,23,0,0,0,0,2,0,0,40,51,0,0,14,0,0,0,1,2,0,2,13,0,0,0,3,6,1,0,0,0,0,1,0,1,0,0,3,0,0,0,0,0,0,0,19,1,0,1,1,5,0,0,0,0,0,0,0,0,0
2023-06-11,0,2,0,0,0,0,0,0,0,0,1,0,3,26,2,0,0,0,0,0,0,0,11,7,0,10,0,0,0,8,0,0,0,21,41,0,0,0,0,11,0,0,0,0,5,2,7,0,0,0,6,0,1,0,0,0,0,1,0,2,0,3,1,0,0,0,1,2,1,0,0,2,0,0,0,0,0,0,0,2,31,0,0,0,0,0,4,12,14,0,0,1,2,2,1,0,4,0,0,1,4,0,1,0,7,0,0,0,0,0,0,0,0,0,0,1,7,0,4,0,3,2,0,0,0,39,2,3,231,0,3,0,0,0,0,0,0,0,0,0,0,1,0,0,0,0,0,0,0,1,0,0,0,0,3,0,0,0,0,2,1,0,2,0,0,1,0,0,0,0,0,34,0,11,0,0,0,0,2,0,3,2,0,0,5,0,0,1,3,0,0,13,1,0,2,2,0,0,0,1,0,0,0,0,0,0,0,2,0,0,0,0,0,0,0,0,0,0,0,0,4,3,0,0,0,0,3,0,0,0,0,0,0,0,7,52,0,0,4,0,0,0,0,0,0,1,8,0,0,0,2,1,0,0,0,0,0,0,1,1,0,0,0,0,0,1,0,0,0,0,6,0,0,0,0,2,0,0,0,0,0,0,0,0,0
2023-06-18,0,0,0,0,0,0,1,0,0,0,0,0,0,13,0,0,0,1,0,0,0,1,2,8,7,3,0,0,0,6,0,0,0,22,15,0,0,0,0,2,0,1,0,0,1,1,15,0,0,0,2,0,0,0,0,0,0,0,0,3,0,0,0,2,0,0,1,0,0,0,0,0,0,0,0,5,0,1,0,0,78,0,0,0,0,0,3,4,8,0,0,2,0,3,0,0,1,0,0,1,1,0,0,0,8,0,0,0,0,1,0,0,0,0,0,9,12,0,1,0,0,0,0,0,0,14,0,2,156,0,0,0,0,0,0,0,0,0,0,0,0,0,0,0,0,0,0,0,0,1,0,0,0,0,2,0,0,0,0,9,0,0,2,0,0,0,0,1,1,0,0,24,0,4,1,0,3,0,1,0,1,1,0,0,1,0,0,0,0,0,0,7,1,0,0,0,0,0,0,2,0,0,0,3,0,0,0,0,0,0,0,0,0,0,0,0,0,0,0,0,1,2,3,0,0,0,10,0,0,0,0,0,0,0,12,49,0,0,5,0,0,0,1,3,0,0,0,0,0,0,0,7,0,0,0,0,0,0,0,1,0,0,0,0,0,0,0,0,0,0,0,0,0,0,0,0,0,0,0,0,0,0,0,0,0
2023-06-25,0,0,0,0,0,0,0,0,0,0,1,0,1,22,0,0,0,0,0,0,0,1,12,5,2,7,0,0,0,16,0,0,0,19,46,0,0,0,0,10,0,1,0,0,8,4,17,0,0,0,1,0,2,0,0,0,0,3,0,11,0,1,0,0,0,0,0,0,2,1,0,0,0,0,0,5,2,0,0,0,101,1,0,0,0,0,6,16,17,0,0,2,0,3,0,0,6,0,0,0,3,0,0,0,6,0,0,1,0,0,0,0,0,0,0,10,9,1,3,0,1,3,0,0,0,34,0,1,242,0,0,0,0,0,0,0,0,0,0,0,0,2,0,0,0,0,0,3,0,0,0,0,0,0,2,0,0,0,0,2,0,0,1,0,0,0,0,0,1,0,0,67,0,9,1,0,1,0,1,0,13,2,0,0,1,0,0,0,2,0,0,15,0,0,0,0,0,0,1,5,0,0,0,0,0,0,0,1,0,2,0,0,0,0,0,0,0,0,0,0,3,3,2,2,0,0,26,0,0,0,0,1,0,0,5,57,0,0,11,0,2,0,0,0,0,3,4,0,0,0,0,3,0,0,0,0,0,0,0,0,0,0,0,0,0,0,0,0,0,0,4,0,0,1,0,1,0,0,0,0,0,0,0,0,0
2023-07-02,0,3,0,0,0,1,0,0,0,0,1,0,1,17,0,0,0,1,0,0,0,1,8,13,0,9,0,0,0,11,0,2,0,14,33,0,2,0,0,13,0,0,0,0,5,0,13,0,0,0,2,0,3,0,0,1,0,3,0,7,0,5,2,1,0,0,1,1,3,0,0,0,0,0,0,0,0,0,0,0,54,0,0,0,1,0,6,10,9,0,0,1,1,0,5,0,5,0,0,1,5,1,4,0,14,0,0,0,0,0,3,0,0,0,0,7,16,1,3,0,0,1,0,0,0,30,0,2,225,0,1,0,0,0,0,0,0,0,0,0,0,0,0,0,0,0,0,4,0,1,0,0,0,1,5,0,0,0,0,8,1,5,0,0,0,0,0,0,0,2,0,23,0,2,0,0,0,0,0,0,10,0,0,0,6,0,0,0,2,0,0,8,1,0,0,0,0,0,0,2,0,0,0,0,0,0,0,1,0,2,0,0,0,0,0,0,1,0,0,0,6,3,0,2,1,0,13,0,0,0,0,7,0,0,45,40,0,0,10,0,0,0,2,3,0,0,13,0,0,0,1,1,1,0,0,0,0,0,0,1,0,0,0,0,0,3,0,0,0,0,14,0,16,1,0,2,1,0,0,0,0,0,0,0,0
2023-07-09,0,3,0,0,0,1,0,0,0,0,0,0,1,19,0,0,0,0,0,0,0,2,9,3,13,9,0,0,0,7,0,0,0,10,30,0,0,0,0,5,1,2,0,0,0,5,1,0,0,0,1,0,0,0,0,0,0,3,0,2,0,0,0,1,0,0,1,0,2,0,0,2,0,0,0,0,0,0,0,0,24,0,0,0,0,0,3,9,5,0,0,2,0,2,0,0,0,0,0,0,0,0,6,0,4,0,0,0,1,0,0,0,1,0,0,7,15,1,5,0,0,5,0,0,0,32,0,1,222,0,1,0,0,0,0,0,0,0,0,0,0,0,0,0,0,0,0,0,0,0,0,0,0,0,2,0,0,0,0,6,1,0,2,0,0,0,0,0,1,0,0,22,0,4,0,0,2,0,1,0,8,1,0,0,8,0,0,0,0,0,0,10,0,0,0,0,0,0,0,0,0,0,0,0,0,0,0,2,0,1,0,0,0,0,0,0,0,0,0,1,0,1,0,1,0,0,9,0,0,0,0,3,0,0,10,43,0,0,5,0,1,0,5,0,0,0,15,0,0,0,1,0,0,0,0,0,0,0,0,0,0,0,0,0,0,0,0,0,0,0,4,0,0,0,0,2,0,1,0,0,0,0,0,0,0
2023-07-16,0,1,0,0,0,0,0,0,0,0,0,0,0,15,0,0,0,0,0,0,0,0,3,11,3,7,0,0,0,4,0,0,0,14,14,0,1,0,0,4,0,0,0,0,0,0,24,0,0,0,1,0,1,0,0,1,0,1,0,5,0,0,1,0,0,0,0,2,0,0,0,0,0,0,0,0,0,2,0,0,48,0,1,0,0,0,1,0,3,0,0,1,1,3,0,0,7,0,1,0,3,0,5,0,2,0,0,0,0,0,0,0,1,0,0,4,12,0,3,0,2,0,0,0,0,9,4,0,164,0,0,0,0,0,0,0,0,0,0,0,0,0,0,0,0,0,0,0,0,0,0,0,0,0,0,0,0,0,0,14,0,0,1,0,0,0,0,0,0,0,0,10,0,0,0,0,0,0,0,0,0,0,0,0,0,0,0,0,0,0,0,8,0,0,0,0,0,0,0,0,0,0,0,0,0,0,0,1,0,1,0,0,0,0,0,0,0,0,0,0,0,2,1,0,0,0,4,0,0,0,0,2,0,0,22,25,2,0,2,0,2,0,0,0,0,0,2,0,0,0,1,0,0,0,0,0,0,0,0,1,0,0,1,0,0,0,0,0,0,0,2,0,9,1,0,2,2,0,0,0,0,0,0,0,0
2023-07-23,0,2,0,0,0,0,0,0,0,0,0,0,0,13,0,0,0,0,0,0,0,1,2,1,2,1,0,0,0,8,0,0,0,8,31,0,1,1,0,2,0,0,0,0,1,2,2,0,0,0,3,0,1,0,0,2,0,2,0,5,0,2,0,1,0,0,0,1,0,1,0,0,0,0,0,3,0,0,0,0,76,0,0,0,1,0,4,6,2,0,0,1,0,1,0,0,3,0,0,0,2,0,1,0,6,0,0,0,0,1,0,0,0,0,0,4,5,2,2,0,0,0,1,0,0,20,0,2,152,0,0,0,0,0,1,0,0,0,0,0,0,0,0,0,0,0,0,0,1,0,0,0,0,0,2,0,0,0,0,5,0,0,1,0,0,0,0,0,0,0,0,24,0,1,0,0,0,0,0,0,6,1,0,0,1,0,0,0,0,0,0,18,0,0,0,0,0,0,0,0,0,0,0,0,0,0,0,0,0,1,0,0,0,0,0,0,0,0,0,0,2,3,0,0,0,0,1,0,0,0,0,0,0,0,18,20,2,0,6,0,0,0,2,1,0,1,12,0,0,0,0,4,1,0,0,0,0,0,0,4,0,0,1,0,0,1,0,0,0,0,2,0,8,0,0,1,0,0,0,0,0,0,0,0,0
2023-07-30,0,2,0,0,0,2,0,0,0,0,0,0,0,11,0,0,0,1,0,0,0,1,1,6,3,5,0,0,0,6,0,0,0,6,24,0,2,0,0,6,0,0,0,0,2,1,10,0,0,1,3,0,1,1,0,2,2,1,0,1,0,0,3,3,0,0,0,2,2,0,0,0,1,0,0,3,0,0,0,0,48,0,0,0,0,0,5,3,7,0,0,1,2,1,2,0,2,0,0,1,5,0,0,0,5,0,0,1,0,2,1,0,0,0,0,1,13,1,2,0,0,0,0,0,0,25,0,2,134,0,0,0,0,0,0,0,0,0,0,0,0,0,0,0,0,0,0,1,0,0,0,0,0,0,5,0,0,0,0,6,1,0,1,0,1,0,0,0,2,0,0,17,0,5,1,0,1,0,0,0,3,0,0,0,2,0,0,0,0,0,0,3,0,0,0,0,0,0,0,6,0,0,0,0,0,0,0,2,0,5,0,1,0,0,0,0,0,0,0,0,0,0,0,0,0,0,7,0,1,0,0,0,0,0,17,24,0,0,2,0,0,0,4,1,0,1,6,0,0,0,0,0,0,0,0,0,0,0,0,1,0,0,1,0,0,0,0,0,0,0,4,0,8,2,0,1,0,0,0,0,0,0,0,0,0
2023-08-06,0,0,0,0,0,1,0,0,0,0,0,0,0,12,1,0,0,0,0,0,0,1,2,1,1,7,0,0,0,3,0,1,0,7,17,0,3,0,0,4,0,0,0,0,5,3,6,0,3,0,0,0,1,0,0,0,0,2,0,2,0,7,1,2,0,0,0,1,1,0,0,0,0,0,0,2,0,1,0,0,21,0,0,0,0,2,2,0,12,0,0,1,4,2,0,1,1,0,0,0,2,0,0,0,2,0,0,0,0,0,0,0,0,0,0,6,8,2,5,0,0,0,0,0,0,23,3,1,150,0,2,0,0,0,1,0,0,0,0,0,0,0,0,0,0,0,0,1,0,0,0,0,0,0,0,0,0,0,0,5,1,2,0,0,0,0,0,0,0,0,0,33,0,4,0,0,0,0,0,0,7,3,0,0,1,0,0,2,1,0,0,16,0,0,0,0,0,0,0,6,0,0,0,0,0,0,0,2,0,1,0,4,1,0,0,0,0,0,0,0,3,2,0,5,0,0,7,1,0,0,0,2,0,0,25,34,3,0,3,0,8,0,2,0,0,3,9,0,0,0,0,6,0,0,0,0,0,0,0,2,0,0,0,0,0,0,0,0,0,0,2,1,5,1,0,4,0,0,0,0,0,0,0,0,0
2023-08-13,0,1,0,0,0,0,0,0,0,0,2,0,0,24,1,0,0,3,0,0,0,0,2,10,0,5,0,1,0,5,0,0,0,10,22,0,1,0,0,4,1,0,0,0,3,4,13,0,0,0,5,0,0,0,0,0,0,4,0,0,0,4,1,1,0,0,0,1,5,0,0,0,0,0,0,5,0,0,0,0,110,1,0,0,3,1,6,6,15,0,0,0,1,3,0,0,6,0,0,0,4,0,1,0,8,0,0,0,0,1,0,0,1,0,0,5,12,2,2,0,0,0,0,0,0,20,0,0,283,0,1,0,0,1,1,0,0,0,0,1,0,1,0,0,0,0,0,14,0,1,0,0,0,0,1,0,0,0,0,10,0,0,1,0,1,0,0,0,1,0,0,16,0,6,1,0,4,0,1,0,8,0,0,0,1,0,0,0,1,0,0,1,0,0,0,0,1,0,1,3,0,0,0,0,0,0,0,0,0,2,0,0,0,0,0,0,0,0,0,0,6,0,0,0,2,0,11,0,0,2,0,1,0,0,23,29,0,0,4,0,1,0,2,1,0,1,12,0,0,0,2,18,0,0,0,0,0,0,0,0,0,0,1,0,0,0,0,0,0,0,4,0,5,0,0,5,0,0,0,0,0,0,0,0,0
2023-08-20,0,2,0,0,0,0,0,0,0,0,1,0,0,23,2,0,0,1,0,0,0,0,4,2,3,16,0,0,0,4,0,0,0,9,40,0,3,0,0,9,0,0,0,0,2,0,5,0,0,0,5,1,2,0,0,1,0,2,0,0,0,3,0,5,0,0,0,1,2,1,0,0,0,0,0,4,0,1,0,0,91,0,0,0,0,0,7,5,7,0,0,3,2,7,0,2,3,0,0,0,6,0,1,0,12,0,0,0,0,1,1,0,0,0,0,4,6,2,1,0,0,1,0,1,0,17,3,0,246,0,1,0,0,0,0,0,0,0,0,0,0,1,0,0,0,0,0,4,0,1,0,0,0,0,3,0,0,0,0,5,1,1,2,0,0,0,0,0,0,0,0,28,0,2,0,1,1,0,0,0,11,0,0,0,2,0,0,0,0,0,0,13,0,0,0,0,3,0,0,5,0,0,0,0,0,0,0,2,0,2,0,0,0,0,0,0,0,0,0,0,0,1,0,0,0,0,9,0,0,0,0,3,0,0,14,38,0,0,7,0,0,0,0,0,0,0,7,0,0,0,1,5,2,0,0,0,0,0,1,0,0,0,0,0,0,0,0,0,0,0,2,1,5,0,1,2,1,0,0,0,0,0,0,0,0
2023-08-27,0,3,0,0,0,0,0,0,0,0,0,0,0,15,0,0,0,0,0,0,0,0,3,4,0,4,0,0,0,5,0,0,0,9,27,0,2,0,0,7,0,1,0,0,3,3,15,0,0,0,1,0,2,0,0,0,0,2,0,2,0,2,2,4,0,0,1,0,1,0,0,0,0,0,0,4,0,1,0,0,80,0,0,0,0,0,4,5,5,0,0,2,1,0,0,0,2,0,0,0,3,0,1,0,6,0,0,0,4,1,0,0,0,0,0,3,5,2,2,0,0,1,0,0,0,15,0,0,138,0,1,0,0,0,0,0,0,0,0,0,0,0,0,0,0,0,1,0,0,0,0,0,0,0,2,0,0,0,0,9,1,0,0,0,0,0,0,1,0,0,0,10,0,5,0,0,0,0,2,0,4,0,0,0,3,0,0,0,1,0,0,8,0,0,0,0,0,0,0,4,0,0,0,0,0,0,0,1,0,2,0,0,0,0,0,0,0,0,0,0,1,0,0,0,0,0,5,1,0,0,0,2,0,0,17,32,1,0,3,0,0,0,0,3,0,1,13,0,0,0,0,5,1,0,0,0,0,0,0,0,0,0,0,0,0,0,0,1,0,0,2,0,3,0,0,3,0,0,0,0,0,0,0,0,0
2023-09-03,0,1,0,0,0,0,0,0,0,0,0,0,0,10,0,0,0,0,0,0,0,1,6,5,10,8,0,0,0,3,0,1,0,8,47,0,3,0,0,3,0,0,0,0,1,1,5,0,1,0,4,0,2,0,0,0,0,0,0,0,0,0,0,0,0,0,1,0,1,1,0,1,0,0,0,5,0,0,0,0,39,0,0,0,0,0,2,4,5,0,1,3,2,3,0,0,4,0,0,0,3,1,2,0,6,0,0,0,2,0,0,0,0,0,0,3,4,4,3,0,0,0,0,0,0,18,0,1,198,0,0,0,0,0,0,0,0,0,0,0,0,1,0,0,0,0,0,1,0,0,0,0,0,0,3,0,0,0,0,4,1,0,1,0,0,0,0,0,0,2,0,17,1,2,0,0,0,1,1,0,12,0,0,0,1,0,0,1,0,0,0,9,0,0,0,0,0,0,0,0,1,0,0,0,0,0,0,0,0,1,0,0,0,0,0,0,0,0,0,0,4,0,1,0,0,0,3,0,1,0,0,1,0,0,2,13,0,0,7,0,0,0,2,2,0,1,14,0,0,0,1,11,1,0,0,0,0,0,0,1,0,0,0,0,0,0,0,0,0,0,3,0,4,0,0,1,2,0,0,0,0,0,0,0,0
2023-09-10,0,3,0,0,0,1,4,0,0,0,0,0,0,25,1,0,0,1,0,0,0,0,4,10,6,12,0,0,0,5,0,3,0,19,57,0,2,1,0,7,0,0,0,0,3,4,6,0,2,1,2,1,4,0,0,0,0,2,0,7,0,16,1,0,0,0,4,0,4,0,0,1,0,0,0,5,0,0,0,0,72,0,0,0,0,4,6,9,6,0,0,2,4,6,3,0,8,0,0,0,2,0,1,0,14,0,1,1,1,4,2,0,0,1,0,8,9,2,3,0,1,1,0,0,0,13,0,1,298,0,1,0,0,0,2,0,0,0,0,0,0,0,0,0,0,0,0,9,0,0,0,0,0,0,6,0,0,0,0,11,3,2,2,0,2,0,0,1,0,0,0,34,0,3,0,1,0,0,0,0,8,0,0,0,2,0,0,0,0,0,0,9,1,0,0,0,0,0,1,5,0,0,0,0,0,0,0,2,1,5,0,4,0,0,0,0,0,0,0,0,3,6,1,0,1,0,3,1,0,1,0,10,0,1,22,31,0,0,9,0,0,0,0,0,0,2,9,0,0,0,1,6,1,0,0,0,0,0,1,0,0,0,0,0,0,0,0,0,1,0,3,0,9,1,0,4,0,0,0,0,0,0,0,0,0
2023-09-17,0,6,0,0,0,3,1,0,0,0,2,0,0,22,0,0,0,0,0,0,0,0,6,6,4,11,0,0,0,3,0,0,0,10,40,0,3,0,0,10,0,0,0,0,5,5,6,0,0,3,2,0,6,0,0,1,1,0,0,4,0,3,0,2,0,0,3,0,4,2,0,1,0,0,0,5,0,1,0,0,61,0,0,0,0,0,6,16,7,0,0,3,0,5,2,0,5,0,0,0,4,0,0,0,7,0,0,0,1,3,0,0,1,0,0,2,10,0,8,0,0,0,0,0,0,9,0,1,274,0,1,0,0,0,0,0,0,0,0,0,0,2,0,0,0,0,0,0,0,0,0,0,0,2,0,0,0,0,0,3,1,0,2,0,0,0,0,0,1,0,0,36,1,5,0,0,2,0,0,0,13,0,0,0,4,0,0,0,2,0,0,13,0,0,0,2,0,0,2,2,0,0,0,0,0,0,0,3,2,4,0,0,1,0,0,0,0,0,1,0,2,2,0,0,0,0,6,3,1,0,0,8,0,0,14,30,0,0,8,0,1,0,3,4,0,0,12,0,0,0,0,6,1,0,0,0,0,0,0,0,1,0,0,0,0,1,2,0,0,0,7,1,11,1,0,1,1,0,0,0,0,0,0,0,0
2023-09-24,0,4,0,0,0,2,2,0,0,0,1,0,3,52,3,0,0,2,0,0,0,0,7,11,7,8,0,0,0,27,0,1,0,18,72,0,4,0,0,4,0,0,0,0,12,3,24,0,2,0,2,0,10,0,0,5,0,7,0,4,0,21,0,0,0,0,3,0,7,1,0,0,6,0,0,5,0,1,0,0,50,2,0,0,0,2,4,14,8,0,0,4,1,7,1,0,1,0,0,2,5,0,0,0,18,0,1,0,1,4,2,1,0,0,0,5,17,7,4,0,0,1,0,0,0,22,0,9,363,0,1,0,0,0,1,0,0,0,0,0,0,4,0,2,0,0,0,6,0,0,0,0,0,1,3,0,0,0,0,12,4,3,5,0,0,0,0,2,1,0,0,47,0,10,0,2,2,1,1,0,7,0,0,0,4,0,4,0,3,0,0,19,1,0,0,2,0,0,2,5,0,0,0,0,0,0,0,0,0,3,0,0,0,0,0,0,0,0,0,1,4,1,1,2,3,0,3,2,1,0,0,1,0,1,45,41,2,0,11,0,1,0,3,0,0,2,15,0,0,0,1,7,5,0,0,0,0,1,0,1,0,0,2,0,0,4,2,1,2,0,4,3,21,0,0,1,0,0,0,0,0,0,0,0,0
2023-10-01,0,3,0,0,0,0,1,0,0,0,1,0,0,31,1,0,0,3,0,0,0,0,13,12,1,20,0,0,1,3,0,0,0,21,47,0,5,0,0,12,1,1,0,0,16,4,8,0,3,1,0,0,1,0,0,2,1,2,0,3,0,21,0,5,1,0,2,0,1,1,0,2,3,0,0,5,0,1,0,0,64,0,0,0,0,0,7,11,6,0,0,4,4,5,1,1,7,0,0,2,4,0,1,0,8,0,0,1,0,3,0,0,1,0,0,6,15,4,8,0,0,0,2,0,0,29,0,2,297,0,1,0,0,0,0,0,0,0,0,0,0,2,0,1,0,0,0,1,0,0,0,0,0,0,11,0,0,0,0,7,3,0,3,0,0,0,0,0,0,0,0,19,1,9,0,1,2,0,2,0,4,1,0,0,3,0,0,0,1,0,0,20,2,0,0,1,0,0,0,6,0,0,0,1,0,0,0,1,2,5,0,0,0,0,0,0,0,0,0,0,2,3,0,0,0,0,5,1,0,2,0,5,0,0,34,44,0,0,15,0,1,0,3,2,0,0,15,0,0,0,0,9,1,0,0,0,0,0,0,1,0,0,1,0,0,1,0,0,0,0,7,3,9,1,0,1,0,0,0,0,0,0,0,0,0
2023-10-08,0,1,0,0,0,2,2,0,0,0,0,0,0,18,0,0,0,0,0,0,0,0,9,8,0,10,0,2,0,5,0,1,0,10,48,0,0,0,0,7,0,1,0,0,6,2,15,0,0,1,5,0,8,0,0,0,0,3,0,0,0,4,5,0,0,0,2,0,3,0,0,0,0,0,0,5,0,1,0,0,55,0,0,0,1,0,5,9,11,0,0,2,2,3,4,3,3,0,0,1,3,0,0,0,6,0,0,0,3,2,0,0,1,0,0,2,13,2,4,1,0,0,1,0,0,22,0,4,242,0,2,1,0,0,0,0,0,0,0,0,0,1,0,0,0,0,0,8,1,0,0,0,0,1,4,0,0,0,0,9,5,0,3,0,2,0,0,0,2,0,0,22,0,12,0,1,0,0,1,0,8,1,0,0,2,0,0,2,0,0,0,4,2,0,0,2,0,0,1,4,0,0,0,0,0,0,0,2,0,3,0,1,0,0,0,0,0,0,0,0,4,2,0,1,0,0,4,1,0,0,0,13,0,4,18,22,1,0,4,0,0,0,6,0,0,2,11,0,0,0,2,6,1,0,0,0,0,0,0,3,0,0,0,0,0,1,0,0,0,0,5,1,16,0,1,6,2,0,0,0,0,0,0,0,0
2023-10-15,0,4,0,0,0,1,1,0,0,0,0,1,0,31,0,0,0,0,0,0,0,0,4,8,1,12,0,0,0,8,0,0,0,13,46,0,3,0,0,6,0,0,0,0,5,2,2,0,1,0,2,0,1,0,0,0,0,1,0,1,0,4,0,2,0,0,1,0,2,1,0,1,1,0,0,3,0,1,0,4,89,0,0,0,1,0,6,8,9,0,0,2,2,3,2,0,2,0,0,1,4,0,1,0,13,0,0,0,3,3,0,0,1,0,0,2,9,4,3,0,0,0,0,0,0,11,0,5,214,0,1,0,0,0,1,0,0,0,0,0,0,1,0,0,0,0,0,4,0,1,0,0,0,0,0,0,0,0,0,4,0,0,4,0,0,0,0,0,0,0,0,41,0,7,0,2,1,0,0,0,5,0,0,0,2,0,1,1,2,0,0,5,2,0,0,0,0,0,0,3,0,0,0,0,0,0,0,0,0,3,0,0,1,0,0,0,0,0,0,0,4,1,1,0,0,0,8,0,0,0,0,1,0,1,25,22,2,0,6,0,1,0,3,0,0,2,7,0,0,0,0,6,2,0,0,0,0,0,0,0,0,0,3,0,0,0,1,0,0,0,1,0,3,0,1,2,0,1,0,0,0,0,0,0,0
2023-10-22,0,6,0,0,0,0,2,0,0,0,0,1,0,35,0,0,0,0,0,0,0,0,15,12,3,12,0,0,0,4,0,1,0,10,51,0,3,0,0,15,0,0,0,0,7,9,15,1,0,2,3,0,0,0,0,1,1,2,0,3,0,13,2,1,0,0,0,0,6,1,0,2,1,0,0,7,0,1,0,2,75,9,0,0,1,0,8,12,3,0,0,1,3,5,1,0,5,0,0,4,3,0,1,0,5,0,0,0,1,1,3,0,2,0,0,3,10,4,5,0,1,0,3,0,0,29,0,5,254,0,0,0,0,0,0,0,0,0,0,0,0,2,0,0,0,0,0,4,0,1,0,0,0,1,13,0,0,0,0,7,2,0,1,0,0,0,0,2,0,0,0,30,1,15,0,0,0,0,0,0,14,0,0,0,6,0,0,0,1,0,0,7,0,0,0,0,0,0,2,21,0,0,0,0,0,0,0,2,0,4,0,1,1,0,0,0,1,0,0,2,3,6,0,4,2,0,10,2,0,0,0,9,0,2,22,28,0,0,3,0,2,0,2,1,0,1,9,0,0,0,4,5,1,0,0,0,0,0,0,3,0,0,1,0,0,0,1,0,0,0,9,2,7,2,3,3,0,0,0,0,0,0,0,0,0
2023-10-29,0,4,0,0,0,1,2,0,0,0,0,2,0,50,1,0,0,0,0,0,0,0,11,10,0,15,0,1,0,12,0,0,0,24,82,0,0,0,0,10,0,0,0,0,10,0,13,0,1,2,3,0,3,0,0,0,2,2,0,0,0,10,0,1,0,0,1,0,2,1,0,2,0,0,0,4,0,0,0,2,20,3,0,0,0,0,15,10,0,0,0,1,2,2,2,0,3,0,0,3,3,0,4,0,18,0,1,0,1,1,0,0,1,0,0,10,16,2,5,0,0,0,1,0,0,32,1,5,315,0,0,0,0,0,0,0,0,0,0,0,0,1,0,0,0,0,0,6,0,0,0,0,0,1,9,0,0,0,0,7,3,4,1,0,1,0,0,1,0,0,0,35,0,9,0,0,0,0,0,0,10,1,0,0,5,0,2,2,1,0,0,10,1,0,0,0,0,0,1,9,0,0,0,0,0,0,0,0,0,1,0,0,0,0,0,0,1,0,0,2,1,3,1,0,0,0,9,0,0,1,0,1,0,2,19,43,2,0,6,0,0,0,1,3,0,2,21,0,0,0,0,5,0,0,0,0,0,1,0,0,0,0,2,0,0,0,0,0,0,0,8,0,5,0,0,8,1,0,0,0,0,0,0,0,0
2023-11-05,0,3,0,0,0,1,0,0,0,0,0,0,0,42,0,0,0,5,0,0,0,0,11,11,1,9,0,0,1,13,0,0,0,27,78,0,4,0,0,10,0,1,0,0,5,6,28,0,0,2,1,0,4,0,0,1,0,2,0,6,0,10,1,1,3,0,1,0,4,1,0,2,0,0,0,3,0,0,0,5,90,0,0,0,2,0,3,17,7,0,0,7,4,3,0,0,2,0,0,0,2,0,3,0,6,0,0,0,1,3,0,0,3,0,0,10,12,3,2,0,2,0,1,0,0,26,1,1,445,0,2,0,0,0,1,0,0,0,0,0,0,1,0,0,0,0,0,9,1,0,0,0,0,4,7,0,0,1,0,25,5,0,1,0,2,0,0,4,0,0,0,32,2,8,0,2,0,0,0,0,12,4,0,0,4,0,1,0,1,0,0,19,2,0,0,0,0,0,0,8,0,0,0,0,0,0,0,1,0,0,0,0,0,0,0,0,0,0,0,0,8,5,1,4,0,0,15,4,0,1,0,10,0,0,29,32,0,0,12,0,3,0,4,1,0,2,4,0,0,0,0,8,3,0,0,0,0,0,0,3,1,0,3,0,0,0,0,0,1,0,9,0,6,0,0,2,2,0,0,0,0,0,0,0,0
2023-11-12,0,4,0,0,0,2,0,0,0,0,1,2,0,54,0,0,0,1,0,0,0,0,12,7,0,17,0,2,0,8,0,1,0,21,84,0,5,0,0,14,0,1,0,0,17,5,7,0,0,1,0,0,4,0,0,0,1,3,0,0,0,5,1,0,0,0,0,0,0,2,0,1,2,0,0,4,0,0,0,2,17,1,0,0,0,0,12,17,8,0,0,4,2,5,3,0,9,0,0,3,5,0,2,0,11,0,1,0,2,1,0,0,0,0,0,4,15,7,7,0,0,0,4,0,0,47,0,4,422,0,0,0,0,0,0,0,0,0,0,0,0,0,0,0,0,0,0,6,0,1,0,0,0,0,7,0,0,0,0,7,5,0,8,0,2,0,0,1,4,3,0,29,1,17,0,0,1,0,0,0,8,4,0,0,4,0,1,0,1,0,0,27,2,0,0,1,0,0,1,4,0,0,0,0,0,0,0,3,0,5,0,0,4,0,0,0,0,0,0,0,0,3,0,3,0,0,15,0,1,0,0,7,0,5,18,66,0,0,5,0,0,0,3,0,0,1,18,0,0,0,2,5,1,0,0,0,0,2,0,1,0,0,3,0,0,0,0,0,0,0,11,0,0,2,2,4,0,0,0,0,0,0,0,0,0
2023-11-19,0,6,0,0,0,1,8,0,0,0,2,0,0,42,0,0,0,2,4,0,0,0,22,23,2,30,0,0,2,14,0,0,0,26,92,0,2,0,0,18,0,3,0,0,38,4,31,0,4,1,4,0,7,0,0,3,1,3,0,52,0,10,4,2,2,0,9,0,7,1,0,2,1,0,0,2,0,0,2,5,164,5,0,0,1,1,10,27,7,0,1,9,8,14,8,0,9,0,0,0,4,0,4,0,26,0,0,0,0,3,7,0,0,0,0,22,25,4,11,1,3,1,2,0,0,50,0,2,533,0,0,0,0,0,0,0,0,0,2,0,1,1,0,0,0,0,0,21,0,1,0,0,0,2,5,0,0,0,0,21,1,5,15,0,1,0,0,30,2,3,0,63,0,17,0,3,0,0,0,0,21,1,0,0,13,0,3,1,3,0,2,21,5,0,0,2,1,0,0,8,0,0,0,0,0,0,0,3,1,4,0,0,0,0,0,3,0,0,0,1,6,3,0,3,1,0,20,0,1,1,0,11,0,4,30,48,3,0,12,0,4,0,13,11,0,7,14,0,0,0,0,17,4,0,0,0,0,0,0,4,0,0,3,0,0,0,0,0,1,0,13,0,15,3,1,6,4,1,0,0,0,0,0,0,0
2023-11-26,0,7,0,0,0,2,0,0,0,0,0,2,0,46,3,0,0,0,0,0,0,0,10,11,3,16,0,0,0,4,0,1,0,31,77,0,2,0,0,7,0,1,0,0,18,5,6,0,1,4,0,0,0,0,0,3,1,3,0,15,0,25,0,1,3,0,0,0,4,1,0,2,0,0,0,0,0,0,0,5,50,0,0,0,0,2,9,15,5,0,1,3,3,7,0,4,5,0,0,2,6,0,0,0,22,0,1,0,1,0,0,0,1,0,0,3,9,6,7,0,3,2,2,0,0,55,1,1,391,0,1,0,0,0,0,0,0,0,1,0,0,2,0,0,0,0,0,9,0,0,0,0,0,0,8,0,0,0,0,11,7,0,4,0,1,1,0,1,0,0,0,43,1,15,0,1,1,0,0,0,9,0,0,0,5,0,1,3,1,0,0,19,6,0,0,0,0,0,0,12,0,0,1,0,0,0,0,4,0,5,0,0,1,0,0,0,0,0,0,2,9,7,1,5,0,0,10,1,0,0,0,5,0,5,22,45,3,0,5,0,1,0,4,1,0,1,16,0,0,0,1,6,3,0,0,0,2,0,0,2,0,0,2,0,0,0,0,0,3,0,8,0,23,3,1,8,0,1,0,0,0,0,0,0,0
2023-12-03,0,5,0,0,0,1,0,0,0,0,3,2,1,61,0,0,0,2,1,0,0,0,16,34,3,24,0,0,1,4,0,1,2,37,103,0,4,2,0,19,0,2,0,0,65,8,34,0,3,0,8,0,11,0,0,0,1,4,0,14,0,11,4,0,2,0,11,0,8,2,0,3,1,0,0,5,0,0,0,5,129,2,0,0,0,1,14,25,2,0,3,6,5,14,1,0,15,0,0,0,6,0,1,0,28,0,0,1,0,0,3,0,1,0,0,7,14,8,9,0,1,4,3,0,0,60,0,4,570,0,0,0,0,0,1,0,0,0,1,0,0,3,0,0,0,0,0,11,0,2,0,0,0,2,19,0,0,0,0,15,7,4,6,0,2,1,0,6,1,1,0,51,0,28,0,4,2,0,0,0,19,3,0,0,6,0,1,0,2,0,2,18,0,0,0,0,0,0,0,11,0,0,0,0,0,0,0,3,2,2,0,5,1,0,0,1,2,0,0,0,6,7,1,6,0,0,7,0,2,2,0,12,0,6,8,92,3,0,11,0,2,0,7,6,0,3,12,0,0,0,1,10,4,0,0,0,0,3,0,5,0,0,2,0,0,0,1,0,0,0,28,0,8,2,1,9,0,0,0,0,0,0,0,0,0
2023-12-10,0,7,0,0,0,4,0,0,0,0,2,0,0,74,0,1,0,0,0,0,0,0,28,26,3,24,0,0,2,9,0,0,0,43,172,0,2,0,0,15,0,0,0,0,53,7,20,0,2,0,0,0,7,0,0,0,2,3,0,45,0,6,0,2,1,0,10,0,0,0,0,2,0,0,0,2,0,1,2,4,112,2,0,0,0,1,9,16,8,0,0,6,5,22,3,0,8,0,0,2,6,0,2,0,17,0,2,0,1,6,1,0,3,0,0,4,13,7,7,0,3,3,4,0,2,48,0,0,510,0,0,0,0,0,2,0,0,0,0,0,0,4,0,0,0,0,0,9,1,0,0,0,0,3,10,0,0,0,0,14,1,0,6,0,1,0,0,3,1,3,0,47,0,9,0,6,0,0,0,1,18,2,0,0,4,0,2,0,5,0,0,42,1,0,0,0,0,0,1,10,0,0,0,0,0,0,0,3,1,7,0,1,3,0,0,0,1,0,0,0,8,6,1,7,0,0,30,0,0,3,0,5,0,6,21,93,4,0,0,0,1,1,5,4,0,2,31,0,0,0,1,5,5,0,0,0,0,2,0,5,0,0,3,0,0,0,0,0,2,0,13,0,11,6,2,4,0,0,0,0,0,0,0,0,0
2023-12-17,0,16,0,0,0,2,2,0,0,0,2,0,0,59,0,1,0,0,0,0,0,0,16,21,0,12,0,0,2,5,0,3,0,32,24,0,3,1,0,20,0,2,0,0,20,3,30,0,1,0,1,0,12,0,0,1,0,10,0,36,0,16,0,0,0,0,5,1,7,3,0,1,0,0,0,2,0,1,2,2,65,0,1,0,0,4,9,4,0,0,0,4,11,2,9,0,11,0,0,4,5,0,2,0,14,0,0,3,0,3,5,0,2,2,0,2,9,7,7,0,3,0,0,0,0,41,0,11,373,0,0,1,0,0,0,0,0,0,2,0,0,6,0,0,0,0,0,8,0,0,0,0,0,1,13,0,0,0,0,23,10,1,8,1,1,0,0,8,1,1,0,56,0,13,0,3,2,0,0,0,18,5,0,0,7,0,3,1,2,0,0,14,8,0,0,0,0,0,3,3,0,0,0,0,0,0,0,6,0,3,0,0,2,0,0,1,0,0,0,0,5,6,0,5,0,0,14,2,1,0,0,17,0,9,17,6,1,0,13,0,7,0,10,6,0,5,17,0,0,0,4,0,5,0,0,0,0,0,0,2,0,0,3,0,0,0,2,0,2,0,32,3,7,1,4,6,1,0,0,0,0,0,0,0,0
2023-12-24,0,7,0,0,0,2,0,0,0,0,0,0,0,0,0,1,0,0,0,0,0,0,13,24,1,16,0,2,1,6,0,1,0,10,31,0,4,2,0,0,0,2,0,0,21,8,0,0,0,0,0,0,13,0,0,0,1,10,0,11,0,0,5,0,0,0,3,0,9,1,0,1,0,0,0,0,0,2,0,2,0,2,0,0,0,2,6,5,0,0,0,0,4,0,3,0,12,0,0,4,0,0,1,0,10,0,2,0,0,0,1,0,1,1,0,1,20,10,0,0,3,7,0,0,0,41,0,11,0,0,0,0,0,0,0,0,0,0,0,0,0,5,0,0,0,0,0,14,0,0,0,0,0,3,8,0,0,0,0,9,1,0,5,1,0,0,0,5,1,2,0,32,0,0,0,6,3,0,0,0,9,3,0,0,4,0,3,2,2,0,0,11,5,0,0,0,0,0,0,9,0,0,0,0,0,0,0,2,2,3,0,0,0,0,0,1,0,0,0,0,0,7,3,6,0,0,21,2,0,0,0,0,0,7,0,1,2,0,0,0,2,0,0,4,0,4,27,0,0,0,0,0,3,0,0,0,0,0,1,2,0,0,0,0,0,1,0,0,2,0,19,3,0,0,3,5,0,0,0,0,0,0,0,0,0
2023-12-31,0,8,0,0,0,1,0,0,1,0,0,0,1,0,0,0,0,0,0,0,0,0,29,18,4,14,0,0,4,0,0,1,1,26,18,0,2,3,0,4,1,0,0,0,16,4,0,0,0,2,2,0,13,0,0,0,0,12,0,47,0,0,2,0,0,0,1,0,3,1,0,1,0,0,0,0,0,3,0,0,57,0,0,0,0,4,0,8,0,1,0,2,10,0,5,3,7,0,0,3,0,0,0,0,10,0,0,2,0,0,0,0,2,1,0,4,24,9,1,0,0,1,0,0,0,51,0,12,121,0,0,0,0,0,0,0,0,0,0,0,0,7,0,0,0,0,0,14,0,1,0,0,0,3,4,0,0,0,0,8,4,0,5,0,0,0,0,7,2,1,0,30,0,0,0,2,0,0,0,0,13,3,0,0,4,0,4,2,0,0,0,0,11,0,1,1,2,0,7,5,0,0,0,0,0,0,0,0,0,5,0,1,3,0,0,1,0,0,0,0,0,5,1,6,0,0,12,2,0,2,0,21,0,2,0,1,1,0,0,0,3,0,1,5,0,5,13,0,0,0,0,0,11,0,0,0,0,0,1,2,0,0,0,0,0,0,0,0,0,0,18,5,0,0,4,5,0,0,0,0,0,0,0,0,0
2024-01-07,0,9,0,1,0,11,6,0,0,0,0,2,2,13,1,0,0,0,0,1,0,2,2,88,15,30,0,2,7,18,0,10,1,25,95,0,5,6,0,18,1,1,0,0,27,8,54,0,3,18,8,0,8,0,0,6,14,16,0,184,0,10,4,0,10,0,2,1,6,5,1,3,4,0,0,5,0,2,4,3,138,0,0,0,3,6,9,14,6,0,0,9,16,1,11,4,10,0,0,2,7,0,2,0,36,0,7,1,11,0,8,0,4,0,0,12,96,14,1,0,4,2,0,0,0,32,2,18,561,1,0,1,0,0,0,0,0,0,0,0,0,7,0,0,0,0,0,25,0,1,0,0,0,0,33,0,0,0,0,65,9,1,3,0,0,2,0,8,4,3,0,34,1,7,0,4,2,0,0,0,23,4,0,0,10,0,5,14,1,0,0,127,13,5,2,3,1,0,4,14,0,0,1,0,0,0,0,0,1,7,0,7,3,1,0,2,0,0,4,8,2,13,3,0,0,0,4,3,2,12,0,9,0,3,16,7,20,0,0,0,2,0,28,18,0,8,42,0,1,0,0,1,3,0,0,0,0,3,4,0,0,0,0,0,0,0,3,0,1,0,33,7,42,0,6,4,2,0,0,0,0,0,0,0,0
2024-01-14,0,8,0,0,0,0,1,0,0,0,1,0,1,27,0,0,0,0,0,1,0,0,2,6,4,4,0,4,5,5,0,3,1,54,166,0,12,0,0,15,1,1,1,0,14,7,109,0,4,10,11,0,1,0,0,0,3,20,0,23,0,3,5,10,1,0,10,2,10,3,0,6,8,0,0,5,0,3,4,0,121,3,0,0,0,3,5,11,10,0,0,15,13,0,6,0,19,0,0,6,4,0,1,0,36,0,13,0,0,0,3,0,1,0,0,81,8,18,2,0,2,5,0,0,0,5,0,21,620,0,5,1,0,1,1,0,0,0,0,0,0,1,0,0,0,0,0,13,0,3,0,0,0,4,17,0,0,0,0,18,4,3,11,0,0,1,0,2,3,1,0,22,3,25,0,19,0,0,0,0,11,2,1,0,20,0,6,2,2,0,0,0,25,1,0,0,1,0,5,26,3,0,0,2,0,0,0,0,4,10,0,2,4,0,0,9,1,0,1,0,6,6,0,1,0,0,9,10,1,0,0,9,0,26,12,84,4,0,8,0,7,0,3,14,0,7,23,0,0,0,0,7,4,0,0,0,0,2,2,0,1,0,9,0,0,1,0,1,6,0,82,5,21,0,11,6,6,0,0,0,0,0,0,0,0
2024-01-21,0,15,0,1,0,4,28,0,0,0,5,1,0,12,0,0,0,0,0,1,0,0,0,32,16,25,0,3,3,13,0,2,1,72,193,0,19,1,0,30,1,5,0,0,32,6,63,0,0,13,1,0,4,0,0,2,1,15,0,65,0,0,2,0,0,0,5,0,2,3,1,2,0,0,0,0,0,25,5,3,132,2,0,0,3,4,12,13,9,2,4,12,7,0,9,2,4,0,0,8,15,1,3,0,61,0,7,2,4,8,4,0,0,4,0,22,26,12,0,0,6,1,6,0,0,71,9,22,315,0,0,0,0,1,11,0,0,0,2,0,2,8,0,1,0,0,0,14,0,0,0,0,0,56,10,0,0,0,0,38,6,0,2,0,0,0,0,2,12,7,0,16,5,14,2,11,1,10,0,0,7,6,0,0,0,0,14,0,8,0,2,41,48,0,1,0,1,0,4,8,0,0,0,3,0,0,0,0,2,16,0,0,3,0,0,5,0,0,0,3,1,5,1,0,0,0,0,0,5,2,0,43,0,0,0,73,9,0,14,0,7,0,8,13,0,9,16,0,1,0,0,13,2,0,0,0,14,1,1,0,2,0,0,0,0,8,13,0,1,0,40,7,27,3,12,0,14,0,0,0,0,0,0,0,0
2024-01-28,0,44,0,0,0,4,0,0,0,0,3,2,0,29,11,0,2,0,0,0,0,0,0,28,8,38,0,0,2,20,0,0,2,50,145,0,4,2,0,36,0,4,1,0,43,10,61,0,2,8,0,0,2,1,0,2,1,11,0,59,0,1,19,2,0,0,6,1,20,14,0,3,6,0,0,0,0,27,19,1,120,3,0,0,0,1,0,43,4,0,2,1,6,12,2,0,2,0,0,10,12,0,1,0,66,0,2,1,2,1,0,0,2,0,0,10,26,6,3,0,0,1,5,2,0,72,0,8,673,0,4,0,0,2,2,0,0,0,0,0,1,15,0,1,0,0,0,10,3,0,0,0,0,0,7,0,0,0,0,15,1,0,5,1,0,0,0,2,2,0,0,26,3,11,1,3,4,0,1,0,12,3,0,0,9,0,17,2,6,0,1,17,32,0,0,0,2,0,1,8,0,0,0,15,1,0,0,14,2,1,0,3,2,0,0,6,1,0,1,1,11,5,1,5,1,0,11,1,3,1,0,4,0,0,3,46,4,0,19,0,4,0,6,9,0,2,5,0,0,0,15,7,9,0,0,0,0,10,1,0,0,0,4,0,0,1,0,0,0,0,28,5,10,2,5,21,0,0,0,0,0,0,0,0,0
2024-02-04,0,14,0,0,0,2,3,0,1,0,4,0,0,13,4,0,1,2,0,0,0,1,23,28,6,25,0,0,2,9,0,0,4,59,143,0,0,1,0,8,0,1,0,0,7,9,24,0,6,0,5,0,0,0,0,4,2,12,3,22,0,20,1,0,0,0,11,0,6,4,0,2,0,0,0,0,0,5,2,6,106,21,0,0,0,1,16,38,1,0,1,10,3,8,4,0,8,0,0,2,4,0,2,0,31,0,3,0,4,5,0,1,8,1,0,22,17,11,5,1,3,4,0,0,0,92,0,8,308,0,3,0,0,0,2,1,0,0,6,0,0,0,0,0,0,0,0,22,0,1,0,0,0,5,16,0,0,0,0,37,4,4,6,0,9,0,0,4,2,1,0,60,3,16,0,13,9,0,3,0,0,7,0,0,11,0,0,1,3,0,2,29,29,3,0,0,2,0,2,6,3,0,0,6,2,0,2,0,2,4,0,0,0,0,0,6,1,0,0,0,6,12,3,4,8,0,31,1,5,1,0,5,0,12,31,17,7,0,16,0,3,0,10,6,0,4,10,0,0,0,3,14,6,0,0,0,2,2,0,0,0,0,1,0,0,0,1,0,2,0,48,7,15,1,0,0,2,3,0,0,0,0,0,0,0
2024-02-11,0,14,0,0,0,2,1,0,0,0,8,1,3,91,16,1,0,0,0,0,0,1,19,32,6,20,0,0,4,1,0,0,3,26,148,0,0,0,1,0,0,1,0,0,0,9,0,0,4,1,8,1,13,0,0,4,4,15,0,0,0,15,9,2,2,0,15,2,7,2,0,3,0,0,1,5,0,3,1,1,69,2,0,2,0,5,11,48,0,0,4,14,12,19,9,1,8,0,0,7,11,0,13,1,38,0,2,0,3,3,5,0,2,0,0,7,31,12,3,0,5,3,0,0,0,106,0,13,402,0,2,0,0,0,0,0,0,0,5,0,0,6,0,0,0,0,1,12,1,2,0,0,0,0,9,0,0,0,0,23,9,0,4,0,4,0,0,1,4,1,0,69,0,11,0,3,0,0,1,0,0,3,0,0,6,0,0,2,10,0,4,33,21,1,0,0,4,0,2,11,0,0,0,7,2,1,0,0,3,5,0,0,5,0,0,3,1,0,0,1,10,0,1,0,0,0,39,2,10,1,0,0,0,6,20,8,7,0,18,0,5,0,2,20,0,4,30,0,1,0,3,5,17,0,0,0,0,6,0,0,0,0,3,0,0,2,4,0,5,0,42,9,5,9,0,0,0,2,0,0,0,0,0,0,0
2024-02-18,0,12,0,2,0,2,2,0,0,1,6,2,0,91,24,0,3,0,1,0,0,1,16,14,14,0,1,0,0,9,0,7,9,47,152,0,1,6,1,2,0,3,0,0,8,8,33,0,4,12,4,0,21,0,0,7,5,25,0,64,0,10,5,2,4,0,16,1,13,3,0,4,0,0,1,3,0,2,3,3,182,6,0,0,0,1,12,32,1,0,2,6,11,21,4,1,7,0,0,10,5,0,13,0,30,0,2,0,7,3,8,0,5,3,0,0,19,7,11,0,0,8,2,0,0,92,4,20,437,0,0,1,0,0,0,2,0,0,5,0,0,3,0,2,0,0,0,10,0,4,0,0,0,3,4,1,0,0,0,23,4,0,12,0,3,0,0,1,4,2,0,78,2,20,1,4,5,3,7,0,0,6,0,0,7,0,0,3,8,0,3,31,21,3,1,0,7,0,6,13,0,0,0,14,0,0,0,0,2,3,0,0,0,0,0,2,1,0,0,0,24,9,3,12,1,0,26,0,7,2,0,2,0,3,36,20,6,0,15,0,5,1,9,8,0,1,30,0,2,0,1,6,12,0,0,0,2,2,4,1,1,0,5,0,2,2,3,1,5,0,39,8,28,0,0,5,0,0,0,0,0,0,0,0,0
2024-02-25,0,9,0,0,1,3,1,0,1,6,5,5,3,83,8,0,0,0,1,1,0,4,19,39,26,3,0,1,3,10,0,2,1,58,139,0,0,0,0,24,1,6,0,0,51,10,22,0,4,12,0,0,9,0,0,10,4,19,0,60,0,15,12,2,0,0,8,3,8,4,0,1,1,0,0,3,0,6,4,3,203,10,1,1,0,8,16,42,4,0,1,5,8,15,2,0,7,0,1,6,7,0,10,0,38,2,1,0,0,5,4,0,1,1,1,1,25,12,15,1,5,6,6,0,1,93,0,18,523,0,0,0,0,0,1,0,0,0,3,0,0,10,0,4,0,0,2,13,1,1,0,0,0,5,16,0,0,0,0,21,3,2,3,0,2,2,0,4,3,1,0,84,9,21,1,5,9,0,1,0,7,3,0,0,7,0,10,2,6,0,5,28,18,1,0,0,2,0,4,14,1,0,0,7,1,0,0,0,3,7,0,2,4,0,0,7,1,0,0,2,1,7,4,6,0,0,30,2,3,0,0,16,1,10,26,31,5,0,4,0,4,1,25,20,0,3,35,0,0,0,2,3,10,0,0,0,10,0,2,8,0,0,3,0,0,1,3,1,2,0,55,0,20,2,0,8,1,0,0,0,0,0,0,0,0
2024-03-03,0,9,0,0,0,5,1,0,1,0,7,0,3,101,15,0,12,0,2,0,1,2,32,19,7,0,0,1,1,16,0,0,4,32,122,0,3,0,0,16,0,14,0,1,48,11,17,0,3,22,8,0,14,0,0,12,0,17,0,66,1,11,7,0,2,0,11,1,12,3,0,3,0,0,0,3,0,1,3,2,114,7,1,0,0,3,14,35,14,0,2,11,10,15,12,2,8,0,0,9,1,0,4,2,25,0,1,0,5,3,1,1,6,0,1,4,25,9,21,1,4,3,0,0,1,88,3,28,466,0,1,2,0,1,1,0,0,0,2,2,0,7,0,0,0,0,0,13,1,0,0,0,0,2,16,1,0,0,0,25,10,0,11,0,3,4,0,5,0,0,0,77,5,17,0,3,3,0,5,0,0,3,0,0,6,0,4,1,4,1,5,30,29,1,0,0,5,1,1,7,0,0,0,28,3,0,0,0,4,8,0,3,4,0,0,2,1,0,0,0,10,10,3,11,1,1,27,1,4,3,0,4,0,9,0,18,7,0,4,0,4,0,24,29,0,4,28,0,0,0,1,4,6,0,0,0,20,0,0,19,0,0,5,0,0,4,3,0,3,0,30,0,21,5,0,10,0,0,0,0,0,0,0,0,0
2024-03-10,0,11,0,0,0,0,2,0,0,1,3,0,3,96,5,0,0,3,1,1,0,4,29,31,3,6,0,0,1,8,0,5,0,34,137,0,1,0,0,0,2,10,0,0,42,9,0,0,1,30,10,1,10,0,0,14,0,23,0,79,0,9,6,1,2,0,12,1,14,3,0,2,2,0,0,4,0,0,5,5,153,7,0,0,0,7,24,50,9,0,3,12,23,25,0,1,8,0,1,8,19,0,5,1,31,0,2,0,3,5,2,0,5,42,0,0,14,9,19,3,4,3,7,1,0,91,2,26,494,0,3,5,0,1,1,0,0,0,3,0,0,7,0,4,0,0,0,7,0,2,0,0,0,6,12,0,0,0,0,21,10,0,10,0,1,0,0,5,3,3,0,95,5,15,0,3,4,0,2,0,0,0,0,0,13,0,0,0,4,0,1,29,22,0,0,6,5,0,1,34,0,0,0,26,5,0,1,0,3,6,1,0,3,0,0,3,1,0,0,3,11,5,1,9,0,0,24,0,11,1,0,14,0,9,1,31,6,0,0,0,5,0,33,8,0,1,10,0,1,0,3,5,6,0,0,0,2,4,0,19,0,0,1,0,1,1,6,0,22,0,41,9,26,0,1,9,3,1,0,0,0,0,0,0,0
2024-03-17,0,8,0,0,0,4,0,0,0,0,6,0,2,116,10,0,3,2,2,0,0,1,19,24,12,0,0,0,1,10,0,2,2,33,148,0,5,3,0,2,2,12,0,1,64,8,11,0,5,15,8,7,10,0,0,7,0,18,0,62,0,9,7,2,0,0,11,3,19,10,0,4,0,0,0,7,0,5,5,5,91,7,0,2,0,3,19,43,18,1,6,20,14,25,0,0,6,0,2,12,11,0,16,1,47,0,7,0,5,6,2,0,2,0,1,0,24,11,25,2,6,3,3,0,0,127,0,43,604,0,2,4,0,0,2,0,0,0,0,0,0,9,0,1,0,0,1,0,0,5,0,0,0,4,5,3,0,0,0,23,3,0,14,0,0,1,0,4,2,0,0,83,5,15,0,4,3,3,0,0,0,7,0,0,9,3,6,3,9,0,8,38,29,2,0,1,3,0,4,5,0,0,0,22,3,0,0,0,3,5,2,0,3,0,0,4,2,0,0,0,17,6,3,10,1,0,28,2,9,2,0,4,0,1,9,24,4,0,6,0,5,1,17,19,0,4,35,0,0,0,5,1,2,0,0,0,7,5,1,25,0,0,5,0,1,1,3,0,7,0,41,7,23,4,4,5,0,3,0,0,0,0,0,0,0
2024-03-24,0,10,0,1,0,0,1,0,1,0,1,0,3,89,17,0,5,0,2,1,0,2,20,22,9,6,0,0,0,12,0,4,0,40,94,0,2,2,0,0,1,15,0,0,34,5,0,0,0,23,3,2,10,0,0,14,0,18,0,50,0,20,6,1,4,0,7,2,2,2,0,4,5,0,0,3,0,3,16,1,58,4,1,0,0,0,21,30,16,2,9,9,7,22,0,3,7,0,2,4,8,0,3,0,4,1,1,2,1,2,3,0,0,0,0,2,18,7,27,0,1,9,7,0,0,73,0,17,413,0,2,2,0,0,1,0,0,0,2,0,0,6,0,3,0,0,0,5,1,1,0,0,1,0,13,0,0,0,0,0,5,1,7,0,0,2,0,12,0,1,0,64,2,7,8,3,10,3,1,0,0,1,0,0,15,0,6,0,6,0,10,19,27,2,0,2,6,0,0,10,2,0,0,14,5,0,0,0,3,4,0,0,7,0,0,0,1,0,0,2,12,6,2,8,0,0,29,2,7,1,0,11,0,13,2,13,4,0,2,0,5,0,12,7,0,2,20,0,1,0,2,4,12,0,0,0,1,0,3,16,0,0,3,0,4,6,3,1,3,0,47,7,25,2,5,3,0,1,0,0,0,0,0,0,0
2024-03-31,0,11,0,0,0,1,0,0,1,1,2,1,2,75,11,0,2,0,1,1,0,4,19,0,13,0,0,0,1,9,2,1,1,26,106,0,1,0,0,1,4,0,0,0,30,9,8,0,0,17,10,2,8,0,0,2,0,15,0,20,0,8,7,1,3,0,9,1,10,5,1,3,0,0,1,3,0,5,4,3,71,5,0,0,0,3,17,38,14,0,6,3,7,22,0,3,8,0,2,7,4,0,11,1,4,2,2,2,5,4,2,0,7,0,2,0,33,9,22,0,3,10,2,0,0,85,0,20,487,0,2,2,0,0,1,0,0,0,2,0,0,9,0,3,0,0,0,0,1,0,0,0,0,3,9,1,0,0,0,9,3,0,9,0,3,2,0,6,1,2,0,74,5,12,2,3,8,0,3,0,0,7,0,0,5,5,4,4,5,0,3,24,21,0,0,0,10,0,2,5,0,3,0,7,1,0,1,0,2,5,0,0,1,0,0,0,0,0,0,4,2,2,4,6,0,0,18,1,8,2,0,8,0,7,0,7,6,0,5,0,4,0,12,15,0,5,18,0,0,0,2,0,1,1,0,0,2,0,4,24,1,0,2,0,2,2,4,1,4,0,31,8,8,1,3,9,0,1,0,0,0,0,0,0,0
2024-04-07,0,9,0,0,0,4,0,0,0,0,1,0,6,89,27,0,1,0,2,0,0,2,20,3,11,1,0,0,3,19,0,1,3,25,119,0,4,0,0,0,2,0,1,0,42,7,0,0,0,9,0,12,10,0,0,14,0,24,3,28,0,9,6,2,1,0,20,2,6,3,0,3,0,0,0,1,0,4,8,3,111,7,0,3,0,6,18,22,11,0,5,10,6,31,1,1,8,1,2,6,12,0,9,2,15,0,2,3,5,5,0,0,3,1,3,0,31,15,25,0,2,10,1,0,0,103,2,30,517,0,3,1,0,0,2,0,0,0,2,1,0,0,0,2,0,0,3,2,1,3,0,0,0,4,8,4,0,0,0,0,7,0,4,0,1,0,0,8,0,2,0,80,2,10,1,4,3,3,0,0,0,8,0,0,9,5,0,1,20,0,6,25,42,3,0,2,8,0,4,14,1,0,0,4,1,0,1,0,9,4,2,0,5,0,0,0,6,0,0,0,2,8,1,12,2,0,22,2,15,0,0,7,0,5,2,16,6,0,11,0,4,0,1,23,0,2,25,0,1,0,4,2,0,0,0,0,4,0,2,21,3,0,3,0,0,2,0,0,2,0,60,6,19,8,5,10,3,1,0,0,0,0,0,0,0
2024-04-14,0,16,0,1,0,2,0,0,0,0,6,0,2,74,20,0,1,0,0,0,0,2,25,0,25,0,1,2,1,9,0,4,1,34,121,0,2,0,0,7,4,0,1,0,39,7,22,0,0,24,5,8,2,0,0,6,1,4,2,42,0,0,5,0,4,0,9,0,6,4,0,4,0,0,0,0,0,2,4,2,180,2,1,0,0,6,21,29,9,0,7,7,6,25,0,4,6,0,0,11,5,0,15,0,9,0,1,2,2,6,0,0,3,2,0,1,26,8,23,0,4,5,0,0,0,101,0,15,584,0,3,0,0,1,2,2,0,0,3,0,0,5,0,1,0,1,0,0,1,0,0,0,0,3,0,2,0,0,0,8,0,3,1,0,6,0,0,3,0,0,0,62,0,21,5,6,1,0,1,0,0,2,0,0,4,0,0,2,14,0,4,51,8,1,0,1,6,0,0,11,1,0,1,8,2,0,1,0,3,7,1,0,3,0,0,1,0,0,0,3,11,6,4,8,0,0,30,0,11,2,0,8,0,5,0,10,5,0,5,0,5,0,0,14,0,3,41,0,3,0,4,5,0,0,0,0,1,4,2,30,4,0,4,0,0,2,4,1,4,0,27,6,5,0,3,12,0,1,0,0,0,0,0,0,0
2024-04-21,0,9,0,0,0,3,1,0,0,2,2,0,2,50,3,0,0,0,0,0,0,1,20,4,10,1,0,1,0,6,0,0,0,10,58,0,0,0,0,0,1,0,0,0,9,1,23,0,0,18,2,11,0,0,0,2,2,2,0,50,0,0,5,0,0,0,3,2,6,1,0,3,0,0,0,0,0,1,7,4,100,1,0,0,3,7,16,6,5,0,0,8,6,15,0,2,2,0,1,4,10,0,12,0,12,1,0,2,2,3,0,1,2,0,1,0,16,2,13,0,0,7,0,0,0,53,0,45,385,0,2,3,0,0,1,0,0,0,3,1,0,5,0,0,1,1,0,1,0,3,0,0,1,1,0,0,0,0,0,0,4,0,4,0,1,0,0,5,0,2,0,49,0,3,3,3,3,2,2,0,0,2,0,0,6,0,0,0,5,0,6,10,6,0,0,1,4,0,0,5,0,0,0,8,1,0,2,0,2,1,0,2,3,0,0,0,3,0,0,1,6,4,3,4,1,0,19,3,6,0,0,9,0,1,0,20,1,0,2,0,4,0,0,11,0,3,20,1,0,0,0,2,0,0,0,0,1,0,1,11,3,0,0,0,1,3,2,0,5,0,15,6,13,0,6,5,0,2,0,0,0,0,0,0,0
2024-04-28,0,7,0,0,0,1,2,0,0,1,3,0,1,74,14,0,2,0,0,0,0,0,16,0,2,0,0,3,0,12,0,2,0,24,121,0,0,3,0,2,1,0,0,0,5,6,0,0,0,22,4,0,0,0,0,6,6,9,0,44,0,0,5,0,1,0,18,1,7,3,0,3,1,0,0,0,0,6,5,2,147,1,0,0,0,1,18,8,7,0,10,5,3,22,0,0,8,0,0,6,5,0,5,0,7,3,0,1,3,3,4,0,2,0,0,2,10,5,16,0,2,3,2,0,0,101,0,6,559,1,2,0,0,0,2,1,0,0,4,2,0,9,0,0,3,0,0,0,0,2,0,0,0,3,0,1,0,0,0,8,3,3,3,0,2,0,0,1,1,1,0,61,0,13,15,3,2,0,1,0,0,4,0,0,6,0,0,5,0,0,3,40,10,1,0,0,4,0,0,18,0,1,1,1,1,0,1,0,4,5,0,0,3,0,0,0,3,0,0,0,0,6,3,7,4,0,5,1,2,2,0,6,0,6,0,16,2,0,7,0,4,0,3,17,0,2,32,0,0,0,3,4,0,0,0,0,2,3,2,21,3,0,2,0,0,1,0,1,6,0,35,5,7,1,3,12,0,2,0,0,0,0,0,0,0
2024-05-05,0,10,0,0,0,3,1,0,0,2,6,0,2,75,30,0,2,0,3,0,1,8,18,4,30,0,0,2,1,7,0,2,1,28,105,0,0,4,1,0,2,0,2,0,12,5,40,0,0,11,6,24,0,6,0,6,0,4,2,55,0,2,14,0,2,0,9,0,7,6,2,3,1,0,6,0,0,3,5,2,110,1,0,0,5,4,17,15,10,0,13,5,2,20,0,5,0,0,0,7,10,0,9,0,25,3,0,2,3,1,4,1,3,0,0,1,13,5,24,1,2,5,0,3,0,61,0,26,376,0,1,2,0,1,0,3,0,0,2,8,0,9,0,0,2,0,0,4,0,0,0,0,1,0,0,0,0,0,0,2,5,1,6,0,2,1,0,4,2,1,0,57,4,17,1,4,19,0,0,0,23,2,0,0,6,1,0,3,1,1,1,22,24,2,0,1,5,0,0,10,0,0,0,7,3,0,0,0,3,6,2,0,5,1,0,0,2,0,0,3,3,7,1,9,0,0,41,3,5,2,0,4,0,5,0,20,0,0,8,0,3,2,0,12,0,1,0,0,1,0,2,3,0,0,0,0,0,2,4,25,7,2,1,1,1,0,3,1,8,0,38,0,15,2,4,0,2,2,0,0,0,0,0,0,0
2024-05-12,0,6,0,0,0,3,1,0,0,0,1,0,0,57,8,0,0,2,0,0,1,5,13,0,16,0,0,1,0,8,0,3,1,22,104,1,3,0,0,5,2,0,2,0,9,5,0,0,3,5,0,11,0,0,0,6,3,6,0,22,0,0,7,3,0,0,3,1,11,4,1,2,0,0,1,0,0,2,2,2,117,3,0,0,0,4,18,4,7,2,10,7,0,16,0,4,0,0,0,3,6,0,10,0,17,3,0,1,1,2,0,0,1,1,1,4,19,1,19,0,3,3,0,0,0,64,0,15,568,0,2,0,1,0,0,0,0,0,2,4,17,6,0,0,1,0,0,0,0,0,0,0,0,2,0,3,0,0,0,5,5,2,4,0,1,0,0,3,1,1,0,51,0,6,7,0,0,0,2,0,15,2,0,0,7,0,0,1,1,0,0,23,12,0,0,0,3,0,0,0,0,0,0,11,3,0,5,0,2,5,0,0,2,1,1,0,0,0,0,3,0,4,5,4,2,0,13,1,7,0,0,4,0,6,2,21,0,0,5,0,6,0,1,3,0,1,7,0,1,2,1,1,0,0,0,0,1,1,1,16,3,0,2,0,1,0,3,0,6,0,23,0,7,0,2,8,0,1,0,0,0,0,0,0,0
2024-05-19,0,7,0,0,0,0,0,0,0,0,0,0,0,50,5,0,0,1,0,0,0,1,0,6,3,1,0,0,0,10,0,0,2,24,59,0,0,0,0,0,1,0,0,0,17,0,28,0,0,2,4,5,0,0,0,2,2,22,0,53,0,1,3,0,0,0,7,1,6,0,0,1,0,0,0,0,0,2,1,0,159,2,0,0,0,4,9,3,1,0,0,1,2,10,0,0,1,0,0,3,8,0,4,0,15,0,0,0,2,2,0,0,2,0,0,4,11,1,18,0,1,1,0,0,0,45,0,20,330,0,4,1,0,0,0,0,0,0,0,1,0,0,0,0,0,0,0,7,0,0,0,0,0,1,0,0,0,0,0,0,1,0,3,0,0,2,0,2,4,0,0,35,0,2,0,0,1,0,0,0,27,0,0,0,3,0,0,1,0,0,0,19,12,0,0,1,3,0,0,0,1,0,0,5,1,0,0,0,1,5,0,0,2,0,0,0,0,0,0,5,4,1,2,3,2,0,7,1,10,0,0,3,0,0,0,21,0,0,3,0,1,0,0,1,0,3,0,1,0,0,2,10,0,0,0,0,3,1,1,5,1,0,1,0,0,1,0,0,4,0,0,0,0,0,0,5,0,0,0,0,0,0,0,0,0
2024-05-26,0,0,0,0,0,1,0,0,0,0,1,0,0,35,0,0,0,0,0,0,0,2,0,0,3,0,0,0,1,7,0,0,0,19,44,0,0,1,0,0,0,21,0,0,4,1,10,1,0,0,2,0,0,0,0,4,2,2,0,12,0,0,2,0,2,0,4,0,0,0,0,1,0,0,0,2,0,1,0,1,58,0,0,0,1,0,17,4,4,0,0,1,8,9,0,1,0,0,1,1,5,0,1,0,2,0,0,0,0,0,0,0,0,0,0,0,11,1,14,0,0,0,0,0,0,50,0,11,252,0,0,0,0,0,0,0,0,0,0,0,0,4,0,0,0,0,0,0,0,0,0,0,0,4,0,0,0,0,0,7,0,2,3,0,2,1,0,0,0,0,0,19,0,2,0,0,0,0,0,0,4,0,0,0,0,0,0,0,0,0,0,10,6,0,0,0,1,0,0,13,0,0,0,11,0,0,0,0,2,2,0,0,2,0,0,0,0,0,0,0,9,3,1,1,0,0,3,0,3,2,0,0,0,1,3,5,0,0,0,0,1,0,0,4,0,0,0,0,0,0,0,1,0,0,0,0,0,0,0,5,0,0,0,0,1,1,0,0,1,0,1,0,3,3,1,3,2,0,0,0,0,0,0,0,0
2024-06-02,0,4,0,0,0,1,0,0,0,0,0,0,0,36,7,0,0,0,0,0,0,0,0,0,0,1,0,0,0,8,0,0,0,16,52,0,1,0,0,0,0,0,0,0,2,0,22,0,0,2,2,3,0,0,0,2,0,0,0,16,0,2,4,0,0,0,5,0,0,0,0,0,0,0,0,0,0,0,1,0,102,1,1,0,3,1,9,1,6,0,0,1,3,8,0,0,0,0,0,3,1,0,9,0,9,1,0,0,0,0,0,0,0,0,0,2,4,1,6,0,0,1,0,0,0,17,0,4,182,0,1,0,0,0,0,0,0,0,0,0,24,2,0,3,1,0,0,3,0,1,0,0,0,0,0,0,1,0,0,0,1,0,3,0,0,1,1,1,1,0,0,44,1,1,1,0,3,0,1,0,14,0,0,0,0,0,0,0,2,0,1,7,2,0,0,1,0,0,0,19,0,0,0,3,1,0,0,0,0,0,0,0,0,0,0,0,0,0,0,0,5,0,1,0,0,0,9,1,1,0,0,0,0,0,4,11,0,0,1,0,0,0,0,2,0,0,0,1,0,0,0,2,0,0,0,0,1,0,0,2,0,0,0,0,0,0,0,0,1,0,0,0,0,0,0,1,0,1,0,0,0,0,0,0,0
2024-06-09,0,6,0,0,0,1,0,0,0,0,2,0,0,50,6,0,0,0,0,0,0,2,0,0,5,0,0,0,0,13,0,0,1,18,65,0,0,0,0,0,2,2,0,0,1,2,5,0,0,4,6,1,0,0,0,4,1,0,0,4,0,0,1,0,0,0,5,0,3,0,0,1,0,0,0,0,0,1,5,0,64,1,0,0,0,0,16,4,5,0,0,3,0,7,0,0,0,0,0,2,3,0,15,0,7,0,0,0,2,1,0,0,2,0,0,1,9,4,17,0,0,1,8,0,0,53,0,8,305,0,2,0,0,0,1,0,1,0,2,1,0,6,0,2,1,0,0,0,0,0,0,0,0,2,0,0,0,0,0,4,0,0,2,0,0,1,0,0,1,0,0,54,0,6,0,0,0,0,1,0,21,0,0,0,3,1,0,0,0,0,0,24,7,0,0,0,0,0,0,3,0,0,0,8,1,0,1,0,1,2,0,0,1,0,0,0,0,0,0,2,6,3,1,2,3,0,15,1,1,1,0,4,0,2,3,4,0,0,6,0,3,0,1,6,0,0,3,2,0,0,0,1,0,0,0,0,4,0,1,13,0,0,0,0,0,0,0,0,0,0,1,1,7,2,1,9,0,0,0,0,0,0,0,0,0
2024-06-16,0,3,0,0,0,3,0,0,0,0,1,0,2,56,7,0,1,0,2,0,1,1,0,1,1,0,0,0,1,11,0,1,0,21,83,0,0,3,0,0,1,11,0,0,0,0,14,0,0,0,7,0,0,0,0,3,2,1,0,0,0,4,2,0,1,0,12,0,2,3,0,0,0,0,0,0,0,0,0,3,50,0,0,0,1,5,10,3,7,0,0,3,0,12,0,0,0,0,0,2,3,0,12,1,9,0,0,0,3,1,0,0,1,0,0,2,19,3,13,0,0,1,3,0,0,70,0,10,376,0,0,0,0,1,0,0,0,0,3,2,0,9,0,0,0,0,0,1,0,4,0,0,0,1,0,0,0,0,0,11,1,0,0,0,0,0,0,4,2,1,0,50,0,6,0,0,3,0,1,0,29,1,0,0,2,0,0,0,0,0,0,13,2,0,0,0,0,0,0,5,0,0,0,18,1,0,0,0,2,3,0,0,2,0,0,0,0,0,0,1,11,2,2,0,0,0,19,2,2,0,0,0,0,7,0,9,2,0,3,0,2,0,8,11,0,1,0,0,0,0,4,0,0,0,0,0,1,1,0,17,0,1,0,0,0,0,0,0,1,0,0,7,1,4,4,4,0,0,0,0,0,0,0,0,0
2024-06-23,0,1,0,0,0,1,0,0,0,0,0,0,0,51,8,0,2,0,0,0,0,2,0,0,3,0,0,1,2,5,0,1,0,17,57,0,0,0,0,1,0,10,0,0,0,3,7,0,1,0,3,0,0,0,0,0,0,4,0,6,0,0,1,0,2,0,7,0,4,1,0,0,0,0,0,0,0,1,2,0,69,2,0,0,1,0,16,17,9,0,7,2,1,11,0,2,0,0,0,2,2,0,6,0,2,0,0,0,2,1,0,0,1,0,0,0,13,7,26,0,2,0,2,0,0,52,0,9,333,0,0,0,0,0,1,0,0,0,0,0,4,5,0,0,0,0,0,0,0,0,0,0,0,2,0,0,0,0,0,18,1,0,10,0,1,0,0,0,2,2,0,38,0,3,0,0,4,0,0,0,11,0,0,0,3,0,0,1,0,0,0,17,2,0,0,2,0,0,0,0,0,0,0,0,0,0,0,0,1,3,0,0,1,0,0,3,0,0,0,2,8,4,1,10,0,0,9,2,2,0,0,3,0,2,12,4,0,0,3,0,0,0,5,3,0,1,5,0,0,1,2,0,0,0,0,0,4,0,0,6,2,0,0,0,0,0,0,0,0,0,0,3,7,1,0,5,0,0,0,0,0,0,0,0,0
2024-06-30,0,1,0,0,0,1,3,0,0,0,1,0,0,24,2,0,0,0,0,0,0,0,4,0,2,0,0,0,0,5,0,0,0,12,19,0,0,0,0,0,0,1,0,0,1,0,17,0,0,0,2,3,0,0,0,0,0,0,0,16,0,0,0,0,0,0,1,0,0,0,0,0,0,0,0,0,0,1,1,0,60,0,0,0,2,0,10,3,6,0,0,0,0,8,0,0,0,0,0,1,3,0,5,0,13,0,0,0,0,0,0,0,0,0,0,2,9,0,4,0,0,0,0,0,0,14,0,4,155,0,0,0,0,0,0,0,0,0,2,0,0,0,0,0,0,0,0,1,0,0,0,0,0,0,0,0,0,0,0,2,0,0,0,0,0,1,0,0,0,0,0,5,1,0,0,0,1,0,0,0,4,0,0,0,0,0,0,0,3,0,1,12,3,7,0,1,4,0,0,0,0,0,0,0,0,0,0,0,0,0,0,0,2,0,0,0,0,0,0,0,1,0,0,0,0,0,0,0,0,0,0,0,0,0,4,5,0,0,0,0,0,0,1,0,0,1,0,0,0,0,0,1,0,0,0,0,1,0,0,1,0,0,0,0,0,0,0,0,0,0,0,0,0,0,3,0,0,0,0,0,0,0,0,0,0
2024-07-07,0,1,0,0,0,0,0,0,0,0,0,0,0,12,0,0,0,0,0,0,0,0,0,0,0,0,0,0,0,4,0,0,0,4,26,1,0,0,0,0,0,0,0,0,0,2,2,0,0,0,0,0,0,0,0,0,0,0,0,5,0,0,0,0,0,0,1,0,0,0,0,0,0,0,0,0,0,0,0,0,39,0,0,0,0,0,2,4,3,0,0,0,0,4,0,2,0,0,0,0,0,0,5,0,10,0,0,0,0,1,0,0,0,0,0,2,8,0,2,0,0,0,0,0,0,12,0,2,104,0,0,0,0,0,0,0,0,0,0,0,0,2,0,0,0,0,0,0,0,0,0,0,0,0,0,0,0,0,0,2,1,0,0,0,0,0,0,0,0,0,0,6,0,0,0,0,0,0,0,0,4,0,0,0,1,0,0,0,2,0,0,5,1,0,0,0,0,0,0,4,0,0,0,0,1,0,0,0,1,1,0,0,1,0,0,1,0,0,0,0,0,0,1,0,0,0,0,2,0,0,0,0,0,1,4,5,0,0,0,0,0,0,0,0,0,1,0,0,0,0,0,0,0,0,0,0,1,0,0,0,0,0,0,0,0,0,0,0,0,0,0,1,1,0,0,2,0,0,0,0,0,0,0,0,0
2024-07-14,0,0,0,0,0,0,0,0,0,0,0,0,0,11,2,0,0,0,0,0,0,1,0,5,0,0,0,0,0,6,0,0,0,3,9,0,0,0,0,0,0,0,0,0,0,0,12,0,0,0,2,0,0,0,0,0,0,0,0,7,0,0,0,0,0,0,0,0,0,0,0,0,0,0,0,0,0,0,0,0,57,0,0,0,0,0,2,18,1,0,0,0,0,1,0,0,0,0,0,3,3,0,11,0,14,0,0,0,0,0,0,0,0,0,0,0,5,0,3,0,0,0,0,0,0,11,0,4,109,0,0,0,0,0,0,0,0,0,1,0,0,1,0,0,0,0,0,0,0,0,0,0,0,0,1,0,0,0,0,1,0,0,2,0,0,0,0,0,0,0,0,9,0,0,0,0,0,0,0,0,2,0,0,0,0,0,0,0,0,0,0,1,0,0,0,0,0,0,0,4,0,0,0,1,1,0,0,0,0,0,0,0,0,0,0,0,0,0,0,0,3,0,0,0,0,0,0,0,2,0,0,0,0,0,1,7,0,0,0,0,0,0,1,3,0,0,0,0,0,0,0,0,0,0,0,0,0,0,0,0,0,0,0,0,0,0,0,0,0,0,2,0,0,0,0,1,0,0,0,0,0,0,0,0,0
2024-07-21,0,0,0,0,0,0,0,0,0,0,0,0,0,20,0,1,0,0,3,0,0,1,4,0,0,0,0,0,0,10,0,0,0,8,25,0,0,0,0,2,0,0,0,0,1,2,6,0,1,0,2,0,0,0,0,0,0,0,0,4,0,1,0,1,0,0,4,1,0,0,0,0,0,0,0,0,0,1,0,0,84,0,0,0,0,1,3,6,5,0,0,2,0,1,0,0,0,0,0,0,3,0,4,0,10,0,0,0,0,0,0,0,1,0,0,1,4,0,5,0,0,0,0,0,0,22,0,0,193,0,1,0,0,0,0,0,0,0,0,0,0,6,0,0,0,0,0,1,0,0,0,0,0,0,1,0,0,0,0,5,0,0,1,0,0,0,0,0,0,0,0,24,0,0,0,0,0,1,0,0,8,0,0,0,0,0,0,0,0,0,0,3,0,0,0,0,2,0,0,5,0,0,0,5,0,0,0,0,0,0,0,0,0,0,0,0,0,0,1,0,3,0,1,0,0,0,0,0,0,0,0,0,0,0,4,11,0,0,4,0,0,0,1,0,0,0,0,0,0,0,0,2,0,0,0,0,1,0,0,3,0,0,0,0,0,0,0,0,0,0,0,0,0,0,1,0,0,0,0,0,0,0,0,0,0
2024-07-28,0,0,0,0,0,0,0,0,0,0,0,0,0,20,0,0,0,0,0,0,0,0,0,4,0,2,0,0,0,8,0,0,0,7,23,0,0,0,0,0,0,1,0,0,0,0,4,0,1,1,3,0,0,0,0,0,0,0,0,6,0,4,1,0,0,0,1,0,0,0,0,2,0,0,0,0,0,2,0,0,62,0,0,0,0,3,5,7,4,0,0,2,2,1,0,0,0,0,0,1,1,0,2,0,12,0,0,0,0,0,0,0,0,0,0,2,5,1,4,0,0,0,1,0,0,13,0,0,154,0,0,0,0,1,0,0,0,0,0,0,1,2,0,0,0,0,0,3,0,0,0,0,0,0,4,0,0,0,0,3,0,0,1,0,0,0,0,0,1,0,0,26,1,1,0,0,0,0,0,0,7,0,0,0,1,0,0,0,1,0,1,3,0,0,1,0,2,0,1,0,0,0,0,2,0,0,1,0,0,0,0,0,1,0,0,1,0,0,0,2,0,0,1,0,0,0,8,0,0,0,0,2,0,1,3,15,0,0,2,0,0,0,2,1,0,0,2,0,0,0,0,0,0,0,0,0,0,0,0,2,0,0,2,0,0,0,0,0,0,0,0,0,1,0,0,3,0,0,0,0,0,0,0,0,0
2024-08-04,0,3,0,0,0,0,0,0,0,0,0,0,0,18,4,0,0,0,0,0,0,0,0,0,0,0,0,1,0,7,0,0,0,9,31,0,0,0,0,6,1,2,0,0,1,0,5,0,1,0,0,0,0,0,0,1,0,0,0,5,0,1,0,1,0,0,2,0,0,0,0,1,0,0,0,0,0,0,0,1,38,0,0,0,0,2,8,7,2,0,0,2,1,5,0,0,1,0,0,0,1,0,3,0,7,0,0,0,0,0,0,0,0,0,0,6,1,0,3,0,0,1,0,0,0,16,0,4,161,0,0,0,0,0,0,0,0,0,0,0,0,5,0,0,0,0,0,0,0,0,0,0,0,0,1,0,0,0,0,7,0,0,5,0,0,1,0,1,0,1,0,26,0,1,0,1,0,1,0,0,7,0,0,0,0,0,0,0,2,0,0,8,1,2,0,0,2,0,0,4,0,0,0,0,0,0,1,0,0,0,0,0,0,0,0,1,0,0,0,0,2,0,1,0,0,0,3,0,0,0,0,2,0,0,1,18,2,0,3,0,1,0,0,1,0,0,4,0,0,0,0,1,0,0,0,0,1,0,0,1,0,0,3,0,0,0,0,0,0,0,1,0,2,0,0,0,0,0,0,0,0,0,0,0,0
2024-08-11,0,0,0,0,0,0,0,0,0,0,1,0,1,8,2,0,0,0,0,0,0,0,0,0,0,1,0,0,0,2,0,0,0,7,6,0,0,0,0,1,0,0,0,0,0,0,2,0,0,0,1,1,0,0,0,0,0,0,0,1,0,3,1,0,0,0,0,0,1,1,0,0,0,0,0,0,0,0,0,0,17,0,0,0,0,1,5,7,1,0,0,1,0,0,0,0,0,0,0,2,2,0,2,0,5,0,0,1,0,0,0,0,0,0,0,4,7,0,3,0,0,1,0,0,0,9,0,0,87,0,0,0,0,0,0,0,0,0,0,0,0,0,0,0,0,0,0,1,0,0,0,0,0,0,0,0,0,0,0,1,0,0,1,0,0,0,0,0,0,0,0,11,0,0,0,0,0,0,0,0,6,0,0,0,0,0,0,0,1,0,0,4,0,0,0,0,1,0,0,8,0,0,0,0,0,0,0,0,0,0,0,0,0,0,0,1,0,0,0,0,4,0,0,0,2,0,0,0,0,0,0,0,0,0,3,11,0,0,3,0,0,0,1,0,0,0,0,0,0,0,0,1,0,0,0,0,0,0,0,1,0,0,0,0,0,0,0,0,0,0,0,0,0,1,0,0,0,0,0,0,0,0,0,0,0
2024-08-18,0,1,0,0,0,0,2,0,0,0,0,1,0,12,1,0,0,0,0,0,0,1,0,0,2,0,0,0,1,3,0,0,0,4,19,0,0,0,0,1,0,0,0,0,1,0,1,0,0,1,1,1,1,0,0,0,0,0,0,0,0,1,1,1,0,0,0,0,0,0,0,0,0,0,0,0,0,1,0,0,14,0,0,0,0,2,0,0,1,0,0,0,0,1,0,0,1,0,0,0,1,0,6,0,4,0,0,0,0,0,0,0,0,0,0,0,5,0,0,0,0,0,0,0,0,20,0,0,94,0,1,0,0,0,0,0,0,0,1,0,0,2,0,0,0,0,0,0,0,0,0,0,0,0,0,0,0,0,0,2,0,0,0,0,0,0,0,0,0,0,0,26,0,2,1,0,0,0,0,0,6,0,0,0,3,0,2,1,1,0,0,3,0,0,0,0,2,0,0,2,0,0,0,0,0,0,0,0,0,0,0,0,0,0,0,0,0,0,0,0,0,0,0,0,0,0,3,0,0,0,0,0,0,0,0,14,0,0,1,0,0,0,0,3,0,0,1,0,0,0,0,0,0,0,0,0,0,0,0,2,0,0,0,0,0,0,0,0,0,0,2,0,0,0,0,2,0,0,0,0,0,0,0,0,0
2024-08-25,0,1,0,0,0,0,0,0,0,0,0,0,0,5,0,0,0,0,0,0,0,0,0,1,1,0,0,0,0,2,0,0,0,3,23,0,0,0,0,3,1,0,0,0,0,0,9,0,0,0,2,0,0,0,0,0,0,0,0,2,0,0,0,0,0,0,1,1,1,0,0,0,0,0,0,0,0,0,0,0,23,0,0,0,1,0,7,8,2,0,0,3,1,2,0,0,0,0,0,0,0,0,1,0,10,0,1,0,0,0,0,0,0,1,0,1,8,0,4,0,0,0,1,0,0,18,0,0,89,0,0,0,0,0,0,0,0,0,1,0,0,1,0,0,0,0,0,0,0,0,0,0,0,0,0,0,0,0,0,2,0,0,0,0,0,0,0,0,1,0,0,10,0,1,0,0,0,0,0,0,3,0,0,0,2,0,0,0,3,0,0,2,1,0,0,0,1,0,0,7,0,0,0,0,0,0,0,1,0,0,0,0,0,0,0,0,0,0,0,0,0,0,0,0,0,0,4,0,0,0,0,0,0,0,3,16,1,0,0,0,0,0,1,1,0,1,0,0,0,0,0,1,1,0,0,0,1,0,0,0,0,0,0,0,0,0,0,0,0,0,2,0,2,0,0,0,0,0,0,0,0,0,0,0,0
2024-09-01,0,2,0,0,0,0,0,0,0,0,0,0,0,22,3,0,0,0,0,0,0,0,0,0,0,0,0,0,0,1,0,0,0,3,39,0,0,0,0,4,0,1,0,0,3,1,0,0,0,1,3,0,1,0,0,0,0,0,2,1,0,0,0,1,0,0,6,0,1,3,0,0,0,0,0,0,0,0,0,0,23,0,0,0,1,0,3,4,2,0,0,5,0,3,0,0,1,0,0,0,1,0,3,0,9,0,0,1,0,2,0,1,0,0,0,1,1,0,1,0,0,0,1,0,0,11,0,1,114,0,1,0,0,0,0,0,0,0,1,0,0,2,0,0,1,0,0,0,0,0,0,0,0,0,0,0,0,0,0,2,0,0,2,0,0,0,0,0,1,0,0,19,0,0,0,0,0,0,0,0,9,0,0,0,2,0,2,0,1,0,1,4,1,0,0,0,2,0,0,4,0,0,0,0,0,0,0,0,0,3,0,0,1,0,0,0,0,0,0,0,3,0,0,0,0,0,1,0,0,0,0,0,0,0,5,14,2,0,0,0,0,0,0,0,0,2,0,0,0,0,0,0,1,0,0,0,0,0,0,1,0,0,0,0,0,0,0,0,0,0,10,0,1,0,0,3,0,0,0,0,0,0,0,0,0
2024-09-08,0,3,0,0,0,2,0,0,0,0,0,0,0,24,0,0,0,0,2,0,0,0,0,15,0,2,0,0,0,4,0,0,0,8,33,0,0,0,0,8,1,1,0,0,4,2,2,0,0,6,0,0,0,0,0,0,0,0,0,3,0,5,0,2,0,0,0,0,3,0,0,0,0,0,0,0,0,0,1,0,21,1,0,0,1,0,8,15,3,0,0,1,1,3,0,0,0,0,0,0,2,0,1,0,15,0,0,2,0,0,0,0,0,0,0,2,7,0,5,0,0,0,0,0,0,24,0,3,193,0,0,0,0,0,0,0,0,0,2,0,1,5,0,0,2,0,0,3,0,1,0,0,0,0,1,0,0,0,0,4,0,2,3,0,0,0,0,1,0,0,0,27,0,0,0,0,0,1,2,0,10,1,0,0,3,0,2,0,2,0,1,8,5,0,0,0,0,0,1,20,0,0,0,2,0,0,1,1,0,2,0,0,0,0,0,0,0,0,0,1,0,2,0,0,0,0,0,0,0,1,0,4,0,0,3,19,3,0,3,0,1,0,2,1,0,0,6,0,0,0,0,0,6,0,0,0,1,0,0,3,0,0,1,0,0,0,0,0,1,0,5,0,1,0,0,2,0,0,0,0,0,0,0,0,0
2024-09-15,0,8,0,0,0,0,1,0,0,0,1,0,0,5,0,0,0,0,0,0,0,0,0,0,0,2,0,0,0,1,0,0,1,10,19,0,0,0,0,11,0,9,0,0,4,3,16,0,2,0,0,0,0,0,0,0,1,7,1,37,0,0,0,4,0,0,8,0,1,0,0,2,3,0,0,0,0,0,1,0,28,1,0,0,1,0,4,0,5,1,0,0,2,5,0,0,2,0,0,3,4,0,0,0,15,0,2,0,0,4,0,1,0,0,0,40,7,0,3,0,1,0,0,0,0,32,0,1,199,0,0,0,0,0,0,0,0,0,2,0,0,0,0,0,0,0,0,2,0,0,0,0,0,0,5,0,0,0,0,22,0,0,1,0,0,0,0,0,1,1,0,24,2,0,0,2,0,0,0,0,5,0,0,0,1,0,0,0,0,0,0,9,4,0,0,1,2,0,1,5,0,0,0,2,0,0,0,1,0,0,0,0,1,0,0,4,0,0,0,1,0,0,0,0,0,0,6,1,1,0,0,11,0,1,0,29,1,0,4,0,3,0,0,2,0,0,8,0,0,0,1,0,5,0,0,0,0,0,0,1,1,0,0,0,0,0,0,0,0,0,5,0,1,0,0,2,8,1,0,0,0,0,0,0,0
2024-09-22,0,0,0,0,0,0,5,0,0,0,0,0,1,6,0,0,0,0,0,0,0,0,0,0,0,4,0,0,0,1,0,0,0,11,50,0,1,1,0,7,0,3,0,0,12,4,17,1,0,0,7,0,0,0,0,0,1,0,0,19,0,0,3,2,0,0,1,1,2,2,0,0,0,0,0,0,0,3,0,2,29,1,0,0,3,0,21,0,4,0,0,3,0,5,1,0,1,0,0,2,2,0,0,0,20,2,0,1,0,0,2,0,0,0,0,55,1,2,7,0,0,1,0,0,0,21,0,0,264,0,0,0,0,0,0,0,0,0,2,0,0,1,0,0,0,0,0,3,0,0,0,0,0,0,1,0,0,0,0,23,3,0,4,0,0,0,0,0,1,1,0,19,1,2,0,3,0,1,2,0,17,0,0,0,3,0,5,3,0,0,0,0,1,0,0,0,2,0,0,17,0,0,0,0,0,0,0,0,0,3,0,2,0,0,0,0,0,0,0,3,4,1,2,0,0,0,6,0,2,0,0,0,0,0,0,25,1,0,2,0,1,0,0,3,0,3,17,0,0,0,3,1,1,0,0,0,1,1,1,2,0,0,1,0,0,0,0,0,0,0,11,0,7,0,0,3,2,0,0,0,0,0,0,0,0
2024-09-29,0,1,0,1,0,0,1,0,0,0,0,0,0,2,0,0,0,0,0,0,0,0,0,5,0,7,0,0,0,0,0,0,0,6,7,0,3,1,0,7,0,0,0,0,4,0,0,1,0,0,2,0,1,0,0,0,0,2,2,3,0,0,0,0,0,0,5,1,2,0,0,0,0,0,0,0,0,0,5,2,6,0,0,0,0,1,4,4,4,0,1,2,0,5,0,6,3,0,1,6,0,0,0,0,21,0,1,2,0,3,0,0,0,0,0,1,8,2,9,0,0,0,0,0,0,20,0,2,117,0,2,0,0,0,1,0,0,1,0,0,0,0,0,3,0,0,0,0,0,0,0,0,0,0,6,0,0,0,0,11,2,0,2,0,1,0,0,0,1,0,0,9,0,1,0,3,0,0,1,0,0,1,0,0,0,0,0,1,0,0,1,13,0,0,0,0,3,0,0,3,0,1,0,1,0,0,0,0,0,1,0,0,0,0,0,0,0,0,0,1,2,0,2,2,0,0,4,1,0,0,0,1,0,0,0,18,2,0,6,0,1,0,1,1,0,0,9,0,0,0,1,2,4,0,0,0,0,1,0,0,0,0,1,0,0,0,0,0,0,0,9,0,3,0,0,1,1,0,0,0,0,0,0,0,0
2024-10-06,0,4,0,0,0,0,0,0,0,0,0,1,0,35,0,0,0,0,0,0,0,0,0,9,0,1,0,0,0,8,0,0,0,2,11,0,0,1,0,7,0,1,0,0,3,5,10,1,0,2,3,0,0,0,0,2,1,0,0,1,0,2,0,2,0,0,0,0,2,1,0,1,0,0,0,0,0,1,0,0,22,0,0,0,1,0,7,3,2,0,1,0,5,5,1,0,0,0,0,3,0,0,4,0,11,0,0,0,0,2,0,0,0,1,0,6,12,3,4,0,0,0,0,0,0,27,0,7,8,0,1,2,0,0,0,1,0,0,0,0,0,0,0,0,0,0,0,2,0,0,0,0,0,0,1,0,0,0,0,6,1,3,2,0,0,0,0,1,0,0,0,0,1,2,0,1,0,0,0,0,0,0,0,0,5,0,0,0,0,0,0,6,4,0,0,0,2,0,1,18,0,0,0,3,0,0,0,0,0,2,0,0,5,0,0,2,0,0,0,0,0,0,0,2,0,0,0,0,1,2,0,2,0,0,0,22,0,0,0,0,0,0,2,2,0,1,2,0,0,0,0,0,6,0,0,0,3,0,1,0,0,0,2,0,0,0,0,0,1,0,6,1,6,0,1,4,0,0,0,0,0,0,0,0,0
2024-10-13,0,5,0,0,0,1,0,0,0,0,0,2,0,25,3,0,0,0,0,0,0,0,6,6,0,7,0,1,3,3,0,0,0,17,53,0,0,2,0,10,0,3,0,0,3,1,5,0,2,7,3,0,4,0,0,0,0,3,0,18,0,1,1,2,0,0,2,0,1,0,0,1,0,0,0,0,0,0,0,0,44,1,0,0,1,0,9,11,7,0,3,1,2,6,1,2,2,0,0,3,3,0,3,0,29,0,1,0,0,0,0,0,3,0,0,8,15,2,11,0,2,0,1,0,0,41,0,15,341,1,1,0,0,0,0,0,0,0,2,0,1,9,0,1,0,0,0,2,1,0,0,0,0,1,4,0,0,0,0,19,3,0,1,0,0,0,0,1,0,1,0,7,0,10,0,2,2,0,0,0,15,0,0,0,3,0,0,4,2,0,0,8,2,0,0,0,4,0,1,11,0,0,0,6,0,0,0,1,0,0,0,0,1,0,0,1,0,0,0,3,0,3,4,4,2,0,3,0,1,0,0,4,0,0,0,24,3,0,5,0,1,0,2,2,0,2,8,0,0,0,0,1,6,0,0,0,0,0,1,3,0,0,0,0,0,0,0,0,0,0,8,1,2,0,2,8,0,0,0,0,0,0,0,0,0
2024-10-20,0,1,0,0,0,0,3,0,0,0,1,2,1,46,1,0,0,0,0,0,0,0,3,9,0,10,0,0,2,14,0,0,0,15,77,0,1,0,0,5,0,2,0,0,1,3,6,0,1,3,4,1,4,0,0,0,0,0,0,19,0,4,1,0,0,0,2,0,1,2,0,2,0,0,0,0,0,2,1,3,32,1,0,1,2,2,8,21,9,0,2,3,0,4,0,0,4,0,0,0,2,0,2,0,24,0,0,1,0,0,1,0,0,2,0,11,16,7,10,0,1,1,2,0,0,31,0,9,366,0,1,1,0,0,1,0,0,0,0,0,1,6,0,0,0,0,0,5,0,1,0,0,0,1,1,0,0,0,0,3,1,0,3,0,1,0,0,1,1,0,0,23,2,3,0,2,0,0,1,0,12,2,0,0,6,0,0,0,2,0,1,13,1,0,0,1,1,0,0,4,1,0,0,4,1,0,0,1,0,0,0,0,0,0,1,2,0,0,0,1,5,0,1,0,2,0,7,2,1,0,0,3,0,0,3,26,1,0,13,0,0,0,6,2,0,1,9,0,0,0,0,1,7,0,0,0,2,0,1,6,1,0,1,0,0,0,0,0,0,0,11,4,4,3,0,6,2,0,0,0,0,0,0,0,0
2024-10-27,0,3,0,0,0,0,0,0,0,0,2,1,0,22,0,0,0,0,0,0,0,0,10,9,2,11,0,0,2,15,0,0,0,11,86,0,0,1,0,10,0,4,0,0,14,7,6,0,3,7,4,0,2,0,0,2,0,0,2,25,0,8,4,2,1,0,7,0,2,1,0,2,0,0,0,0,0,0,0,2,24,1,0,0,1,0,12,11,0,0,2,1,3,6,1,0,7,0,0,6,6,0,3,0,17,0,3,0,0,0,2,0,2,1,0,5,10,0,12,0,3,0,2,0,0,39,0,13,379,0,0,1,0,0,0,0,0,0,0,0,0,5,0,0,0,0,0,2,1,0,0,0,0,1,3,0,0,0,0,19,2,0,3,0,2,0,0,4,0,2,0,61,0,4,0,0,1,0,0,0,12,0,0,0,3,0,1,1,3,0,0,6,6,0,0,0,3,0,0,15,0,0,0,10,1,0,0,3,0,0,0,0,4,0,0,0,0,0,0,1,3,5,4,6,2,0,14,0,0,0,0,0,0,3,5,39,0,0,4,0,1,0,3,1,0,0,8,0,0,0,0,0,6,0,0,0,0,3,0,5,0,0,3,0,0,0,3,0,0,0,7,3,10,2,3,2,2,0,0,0,0,0,0,0,0
2024-11-03,0,4,0,0,0,2,0,0,0,0,0,1,0,26,1,0,0,0,0,0,0,0,9,4,1,20,0,0,2,12,0,0,0,26,105,0,1,0,0,13,0,3,0,0,21,4,13,0,2,0,0,0,5,0,0,2,2,0,0,23,0,10,3,2,1,0,5,1,3,2,1,1,0,0,1,0,0,3,0,1,42,1,1,0,0,0,8,30,2,0,4,2,0,4,1,2,4,0,1,7,5,0,3,0,31,0,0,0,0,0,0,0,0,1,0,12,32,4,18,0,2,1,1,0,0,65,0,12,378,0,2,2,0,0,0,0,0,0,2,0,3,6,0,0,0,0,0,5,0,1,0,0,0,2,1,0,0,0,0,10,0,0,1,0,0,0,0,2,1,1,0,56,0,12,1,3,2,0,0,0,14,2,0,0,4,0,0,1,3,0,2,19,4,0,0,2,1,0,0,10,0,0,0,2,2,0,0,1,1,3,0,1,1,0,0,2,0,0,0,3,7,2,1,2,1,0,9,1,3,0,0,0,0,0,10,66,4,0,12,0,2,0,4,2,0,1,7,0,0,0,1,3,8,0,0,0,1,2,1,4,2,0,1,0,0,0,0,0,2,0,7,4,3,1,3,5,0,1,0,0,0,0,0,0,0
2024-11-10,0,4,0,0,0,1,0,0,0,0,2,2,2,17,1,0,0,0,3,0,0,0,12,7,0,18,0,0,1,12,0,0,0,21,68,0,3,2,0,10,0,0,0,0,9,6,8,0,1,8,4,2,9,0,0,3,1,1,0,16,1,15,4,2,0,0,4,0,5,1,0,0,0,0,0,0,0,0,1,3,18,1,0,0,0,0,12,9,5,0,2,6,10,8,2,0,4,0,0,4,7,0,3,0,23,2,3,0,1,0,2,1,2,1,0,13,19,6,19,0,2,0,0,0,0,58,0,12,533,0,1,0,0,0,0,0,0,0,1,1,1,6,0,0,0,0,0,6,1,0,0,0,0,0,9,0,0,0,0,22,3,0,2,0,0,0,0,1,0,0,0,46,5,6,0,2,2,0,0,0,14,1,0,0,4,0,2,1,3,0,3,13,10,1,0,0,3,0,0,12,0,0,0,16,1,0,0,0,2,5,0,0,1,0,0,2,0,0,1,3,2,6,1,7,0,0,11,3,0,0,0,6,0,1,17,46,3,0,18,0,4,0,11,0,0,1,12,0,0,0,0,2,8,0,0,0,6,0,0,6,0,0,0,0,0,0,0,0,3,0,8,3,9,3,4,8,2,0,0,0,0,0,0,0,0
2024-11-17,0,3,0,0,0,0,1,0,0,0,1,1,0,39,2,0,0,0,0,0,0,0,8,9,0,16,0,0,1,5,0,0,1,27,80,0,3,0,0,9,0,0,0,0,12,6,12,0,2,3,0,0,4,0,0,1,0,0,0,14,0,4,4,2,0,0,9,0,6,3,0,2,0,0,0,0,0,7,0,0,1,0,0,0,0,1,12,19,5,0,2,3,2,4,3,3,4,0,0,3,2,0,2,0,28,0,0,1,3,0,1,0,0,7,0,12,18,3,16,0,2,0,1,0,0,59,0,8,380,0,1,0,0,0,0,0,0,0,1,0,2,0,0,1,0,0,0,5,0,1,0,0,0,6,8,0,0,0,0,10,2,0,8,0,2,0,0,4,2,0,0,49,2,13,0,1,0,0,0,0,20,1,0,0,2,0,2,0,5,0,2,12,6,0,0,0,0,0,1,9,2,0,0,3,2,0,0,0,4,4,0,1,2,0,0,1,0,0,0,3,5,4,5,3,3,0,8,2,0,0,0,4,0,0,7,44,4,0,9,0,3,0,9,0,0,3,3,1,1,0,3,3,10,0,0,0,1,1,0,3,0,0,4,0,0,0,1,0,0,0,6,4,5,1,2,2,0,1,0,0,0,0,0,0,0
2024-11-24,0,11,0,0,0,0,0,1,0,0,3,4,0,22,10,0,0,0,2,0,0,0,9,17,2,20,0,0,3,17,0,0,1,26,93,0,4,2,0,10,1,2,0,0,21,3,21,0,5,5,5,0,12,0,0,2,1,2,2,23,0,17,3,3,1,0,1,1,7,3,0,2,0,0,0,0,0,2,0,3,79,2,0,0,6,1,7,23,3,2,5,4,0,8,0,7,7,0,0,8,3,0,4,0,35,2,0,1,3,0,2,0,3,1,0,5,29,8,29,0,1,0,0,0,1,56,0,15,495,0,3,2,0,0,0,0,0,0,2,0,2,3,0,1,0,0,0,10,0,0,0,0,0,5,10,0,0,0,0,19,2,2,1,0,0,0,0,1,1,2,0,67,2,9,0,2,0,2,2,0,14,3,0,0,5,0,1,0,1,1,0,15,6,0,0,2,0,0,0,25,0,0,0,12,0,0,0,0,2,3,1,0,7,0,0,3,1,0,1,5,12,12,2,13,4,0,5,0,0,1,0,9,0,2,20,75,5,0,4,0,3,0,11,9,0,3,19,0,2,1,2,4,0,0,0,0,3,0,1,16,3,0,3,0,0,0,0,0,1,0,15,4,6,6,3,11,3,0,0,0,0,0,0,0,0
2024-12-01,0,9,0,0,0,3,2,0,0,0,0,2,0,47,10,0,0,0,3,0,0,0,12,20,3,22,0,0,3,9,0,3,1,26,106,0,3,0,0,17,2,0,0,0,30,6,27,0,3,9,5,1,13,0,0,4,2,0,0,37,0,9,1,2,0,0,9,0,2,5,0,2,0,0,0,0,0,6,3,0,49,0,0,0,0,1,12,26,7,1,2,7,3,11,0,3,5,0,2,12,9,0,3,1,53,0,1,0,1,0,1,0,2,0,0,24,27,0,22,0,2,1,5,0,1,74,0,12,512,0,3,1,0,0,0,0,0,0,0,0,3,11,0,0,0,0,0,10,2,1,0,0,1,4,12,0,0,0,0,27,2,3,2,0,1,2,0,2,2,0,0,71,3,7,0,9,0,0,0,0,21,3,0,0,2,0,3,3,0,0,0,22,10,0,0,0,6,0,2,10,3,0,0,0,2,0,2,2,0,0,0,0,1,0,0,1,0,0,0,5,4,6,8,6,6,0,15,1,3,0,0,3,0,3,32,92,5,0,10,0,2,0,10,8,0,2,14,0,1,0,0,8,14,0,0,0,2,1,0,9,0,0,5,0,0,0,2,1,0,0,17,5,12,2,2,9,0,3,0,0,0,0,0,0,0
2024-12-08,0,5,0,0,0,0,0,0,1,0,1,0,1,20,8,0,0,0,0,0,0,0,13,15,3,15,0,1,1,7,0,2,0,27,86,0,4,0,0,9,2,3,0,0,19,6,13,0,4,2,4,1,21,0,0,4,0,4,1,23,0,24,7,2,0,0,8,0,7,2,0,0,0,1,0,0,0,2,0,3,22,5,0,0,4,0,9,32,5,0,2,4,2,11,5,3,11,0,0,10,5,0,3,0,48,0,4,3,0,1,3,0,1,2,0,12,23,5,23,0,4,0,0,0,0,63,0,23,426,0,2,4,0,0,0,1,0,0,3,0,5,13,0,3,0,0,0,12,0,0,0,0,0,5,7,0,0,0,0,14,4,0,3,0,0,0,0,1,3,0,0,73,2,13,0,2,4,0,0,0,18,0,0,0,6,3,7,0,1,0,1,26,7,1,0,1,5,0,0,10,0,0,0,5,3,0,1,0,2,4,0,0,4,0,0,1,0,0,0,1,2,6,3,8,2,0,9,1,3,1,0,7,0,3,20,66,7,0,2,0,4,0,6,9,0,2,18,0,0,0,2,6,17,0,0,0,2,0,0,9,0,0,2,0,0,0,0,1,1,0,20,5,5,1,1,9,4,4,0,0,0,0,0,0,0
2024-12-15,0,9,0,0,0,2,0,0,0,0,3,1,0,31,4,0,0,0,0,0,0,0,14,12,0,17,0,1,2,3,0,1,0,44,69,0,3,0,0,8,0,2,0,0,13,6,21,0,4,8,0,0,5,0,0,3,1,0,0,33,0,5,1,3,0,0,6,0,8,0,0,0,0,0,1,0,0,3,3,2,44,0,0,0,0,2,8,26,0,0,7,9,4,9,0,0,5,0,0,3,7,0,2,0,32,0,2,0,4,0,0,0,0,1,0,13,22,4,14,0,2,0,3,1,0,45,0,21,439,0,0,0,0,0,0,0,0,0,1,0,4,5,0,0,0,0,0,8,0,0,0,0,0,3,15,0,0,0,0,20,3,0,6,0,1,0,0,4,2,0,0,40,1,7,0,1,0,0,1,0,14,2,0,0,8,9,0,2,2,0,0,20,8,0,0,0,3,0,0,4,0,0,0,3,0,0,0,3,0,2,0,0,2,0,0,3,0,0,0,2,3,5,1,6,0,0,10,2,2,0,0,11,0,0,13,65,2,0,4,0,3,0,8,5,0,1,15,0,0,0,0,0,8,0,0,0,3,0,0,14,0,0,3,0,0,0,0,0,1,0,8,4,11,5,1,6,1,1,0,0,0,0,0,0,0
2024-12-22,0,9,0,0,0,0,0,0,0,0,0,0,0,0,4,0,0,0,0,0,0,0,0,0,0,12,0,1,0,0,0,1,0,0,21,0,4,0,0,0,0,0,0,0,2,8,0,0,2,1,0,0,4,0,0,0,2,1,0,2,0,1,0,2,0,0,6,0,4,5,0,0,0,0,0,0,0,3,0,1,0,5,0,0,0,0,9,15,0,0,4,4,2,8,0,0,8,0,0,4,5,0,0,0,27,0,1,0,0,3,0,0,4,0,0,4,12,9,0,0,2,1,0,0,0,45,0,11,0,0,2,3,0,0,0,0,0,0,0,0,0,7,0,0,0,0,0,7,0,1,0,0,0,4,6,0,0,0,0,4,2,0,2,0,0,0,0,3,0,0,0,0,0,5,0,0,0,0,0,0,10,1,0,0,4,1,2,0,0,0,0,0,8,0,0,1,7,0,0,5,0,0,0,0,0,0,0,2,0,0,0,0,4,0,0,3,0,0,0,0,0,3,2,3,3,0,0,0,0,0,0,0,0,3,0,0,7,0,0,0,4,0,0,4,0,0,12,0,0,0,0,0,8,0,0,0,9,0,0,0,0,0,0,0,0,0,0,0,0,0,21,6,8,3,4,3,1,0,0,0,0,0,0,0,0
2024-12-29,0,0,0,0,0,1,0,0,0,0,0,0,0,0,0,0,0,0,0,0,0,0,0,0,0,14,0,0,0,0,0,0,2,0,20,0,0,0,0,0,0,0,0,0,0,5,0,0,0,0,0,0,0,0,0,0,0,0,0,0,0,25,0,1,0,0,0,1,3,0,0,0,0,0,1,0,0,0,0,0,1,1,0,0,0,0,10,15,0,0,0,0,1,3,2,0,6,0,0,2,0,0,0,0,8,0,4,0,0,6,2,0,0,0,0,0,16,0,0,0,1,0,1,0,0,22,0,2,0,0,0,0,0,0,0,0,0,0,0,0,0,0,0,0,0,0,0,8,0,2,0,0,0,0,5,0,0,0,0,3,0,0,11,0,0,0,0,0,0,0,0,0,0,4,0,0,0,0,0,0,0,4,0,0,0,0,0,0,0,0,0,0,3,0,0,3,1,0,1,4,0,0,0,0,0,0,0,3,0,1,0,0,0,0,0,3,0,0,0,0,0,0,0,9,1,0,0,0,0,0,0,0,0,0,0,0,0,0,0,0,4,0,0,0,0,3,0,0,0,0,0,0,3,0,0,0,2,1,0,0,0,0,0,0,0,0,0,0,0,0,7,7,0,5,0,0,2,0,0,0,0,0,0,0,0
2025-01-05,0,4,0,0,0,0,0,0,0,1,0,0,1,8,6,0,0,0,1,0,0,0,0,7,0,15,0,2,2,2,0,0,3,6,35,0,2,0,0,5,1,1,0,0,6,4,5,0,7,2,0,0,25,0,0,2,0,3,0,25,0,14,2,1,0,0,3,1,7,3,0,0,0,0,0,2,0,3,0,2,53,2,1,0,0,1,6,27,0,0,0,4,6,9,3,0,0,1,0,6,1,1,2,0,27,0,5,0,0,2,2,0,3,1,0,2,19,9,1,1,3,1,6,0,0,56,0,15,39,0,0,1,0,1,1,0,0,0,0,0,0,5,0,0,0,0,1,6,0,2,0,0,0,0,5,0,0,0,0,29,3,0,0,0,0,5,0,1,0,0,0,2,3,3,0,5,3,0,0,0,0,4,0,0,4,2,5,1,0,0,0,19,7,0,0,0,3,0,0,29,0,0,0,0,0,0,0,2,0,3,3,0,4,3,0,1,2,0,0,1,1,8,4,8,1,0,1,2,1,0,0,3,0,1,0,22,8,0,0,0,8,0,9,6,0,0,1,0,0,0,0,2,8,0,0,0,7,0,1,4,0,0,0,0,0,0,0,1,1,0,17,10,0,4,5,0,1,0,0,8,0,0,15,0,0
2025-01-12,0,1,0,2,0,0,0,0,0,0,0,5,1,47,6,0,0,0,8,0,0,2,0,7,12,24,0,1,2,20,0,0,2,26,112,0,6,0,0,18,2,0,0,0,11,8,19,0,0,15,2,2,1,0,0,2,1,4,1,44,0,20,2,0,0,0,1,0,7,3,0,0,0,0,0,4,0,5,0,0,43,1,0,1,1,2,16,20,1,0,0,2,6,17,1,0,0,0,0,13,8,0,3,0,41,2,1,0,0,3,0,0,0,4,0,19,17,8,23,0,2,2,2,0,0,63,0,25,449,0,1,0,0,0,0,2,0,0,0,1,3,4,0,0,0,0,2,2,0,1,0,0,0,4,11,1,0,0,0,18,3,0,2,0,0,0,0,4,0,2,0,41,2,5,0,3,0,3,0,0,2,3,0,0,4,0,5,2,2,0,0,31,11,0,0,0,5,0,3,16,2,0,0,1,4,0,0,1,3,4,0,0,4,0,0,3,1,0,0,3,1,4,4,8,1,0,9,0,4,0,0,10,0,0,29,6,8,0,10,0,9,0,7,3,0,3,2,0,1,0,5,2,24,0,0,0,1,5,0,9,0,0,2,0,0,0,0,1,7,0,15,9,7,3,2,10,2,0,0,0,0,0,9,0,2
2025-01-19,0,14,0,3,0,0,1,0,0,0,5,0,1,48,2,0,2,0,1,2,0,1,5,0,5,25,1,3,3,26,0,1,4,41,157,0,3,0,0,25,2,9,2,0,29,5,25,0,8,14,9,0,0,2,0,6,6,6,3,38,0,13,4,0,0,0,8,3,5,4,0,1,0,1,0,0,0,5,3,1,78,2,0,1,2,1,14,12,1,0,0,4,5,12,3,6,0,0,0,10,9,0,8,0,43,0,3,0,0,3,4,0,4,2,0,32,27,14,26,0,5,4,0,0,0,85,0,12,570,0,1,0,0,0,1,3,0,0,3,1,8,6,0,4,0,0,1,6,0,2,0,0,0,3,9,0,0,1,0,19,2,0,7,0,0,1,0,7,0,0,0,83,2,8,0,5,4,0,8,0,10,2,0,0,3,4,3,2,3,0,1,64,24,0,0,0,7,0,1,13,5,0,1,2,4,0,0,4,0,7,0,0,2,0,0,3,1,0,2,4,11,10,6,16,2,1,40,1,1,0,0,11,0,7,34,18,8,0,24,0,6,2,8,13,0,4,7,0,1,0,3,6,16,0,0,0,2,2,0,26,0,0,4,0,0,0,3,4,2,0,25,10,14,1,5,6,2,2,0,12,0,1,12,0,1
2025-01-26,0,8,0,1,0,0,7,0,0,1,3,12,0,21,0,0,0,0,1,0,0,3,2,182,0,32,1,4,11,21,0,2,4,34,237,0,2,0,0,30,0,18,1,0,58,32,62,0,6,14,3,3,12,1,0,8,12,22,6,75,0,9,2,13,13,0,12,3,9,3,0,2,11,0,0,3,0,44,4,3,120,6,0,1,1,1,22,45,11,0,0,13,19,23,20,10,0,0,0,19,31,0,4,0,66,3,3,2,0,9,13,0,1,0,0,206,125,13,60,0,4,5,1,0,0,116,0,28,481,0,1,3,0,0,0,3,0,0,0,2,8,6,0,2,0,0,2,15,0,2,0,0,0,29,15,3,0,0,0,69,3,0,4,0,0,1,0,4,0,2,0,34,2,4,0,19,0,2,2,1,14,1,0,0,31,2,2,2,2,0,8,118,23,2,0,0,8,0,2,71,11,0,3,30,0,0,2,1,0,4,0,0,10,0,0,18,4,0,1,6,9,12,2,11,4,0,6,1,2,1,0,17,0,4,3,89,30,0,14,0,6,0,26,12,0,5,32,0,2,0,4,26,8,0,0,0,0,4,0,22,3,0,22,0,0,2,0,3,4,0,149,8,61,3,0,9,20,2,0,2,0,0,9,0,2
2025-02-02,0,75,0,0,0,10,8,0,1,1,3,6,3,22,1,0,2,0,0,0,0,0,2,44,0,1,0,3,4,7,0,0,0,17,263,0,5,7,0,15,4,1,0,0,29,10,16,0,2,3,1,7,20,0,0,9,0,84,16,313,0,0,37,0,1,0,10,0,15,13,0,7,5,0,2,0,0,19,17,3,124,70,0,1,0,5,28,7,14,1,0,1,5,25,6,4,0,0,0,11,6,0,0,2,82,0,12,1,4,7,12,1,3,0,1,65,1,6,55,1,9,1,3,0,0,87,4,78,125,1,1,2,0,0,5,2,0,0,2,0,2,17,0,5,1,0,4,25,0,1,0,0,0,24,20,0,0,0,0,82,6,2,10,0,0,2,0,1,3,0,0,17,0,19,0,9,0,23,0,0,36,4,0,0,0,9,0,16,1,0,0,24,33,0,0,0,8,0,2,10,2,0,1,39,0,0,5,11,0,6,0,6,9,0,0,7,3,0,0,5,7,18,5,2,20,0,5,17,0,13,0,29,0,10,4,18,11,0,23,0,9,1,6,15,0,10,6,0,0,0,7,6,10,0,0,0,3,3,0,27,2,0,5,0,0,4,4,3,2,0,40,1,18,0,0,5,0,0,0,0,0,0,11,0,2
2025-02-09,0,11,0,2,0,4,0,0,1,2,2,1,0,6,0,0,2,8,1,0,0,2,0,19,0,34,0,0,1,1,0,1,1,13,162,0,3,0,0,4,2,0,0,0,6,8,19,0,5,3,3,1,15,0,0,8,4,10,1,64,0,5,1,0,2,0,15,1,6,4,0,2,0,0,0,2,3,1,3,2,83,3,0,3,9,3,12,32,1,0,0,4,9,8,3,4,0,0,0,15,4,1,1,0,56,2,0,3,23,1,3,1,9,0,1,4,36,8,32,0,7,1,2,0,0,65,0,5,625,0,2,0,0,0,2,3,0,0,9,2,2,0,0,9,0,0,1,10,0,1,0,0,0,3,18,0,0,0,0,21,13,0,1,0,6,0,0,0,0,0,0,3,0,5,0,4,0,1,0,0,0,0,0,0,18,4,5,2,0,0,1,27,18,0,0,0,13,0,3,48,5,0,0,23,0,3,1,6,1,5,3,0,5,0,0,2,1,0,0,6,7,8,10,0,0,0,4,2,2,0,0,0,0,8,1,16,5,0,18,0,9,0,4,21,0,3,3,0,0,0,2,8,13,0,0,0,8,0,1,7,2,2,2,0,0,0,0,1,10,0,18,0,12,2,1,20,4,3,0,0,0,0,4,0,1
2025-02-16,0,11,0,1,0,1,0,0,0,2,4,0,0,1,1,0,0,0,0,0,1,1,0,30,0,27,0,1,2,19,1,4,0,14,124,0,6,0,0,15,1,10,1,0,4,10,34,0,8,24,6,2,18,1,0,24,1,12,3,52,0,29,3,2,2,0,18,5,9,6,0,0,1,0,0,2,0,5,4,4,109,5,2,1,0,3,15,31,2,1,0,2,11,17,9,6,0,0,0,19,11,0,9,0,38,1,3,0,3,2,2,1,4,3,0,18,42,6,33,0,2,10,5,0,1,121,0,51,590,0,2,2,0,10,1,1,0,0,3,1,5,10,1,3,0,1,0,32,2,1,0,0,0,6,25,0,0,0,0,71,4,3,6,0,4,0,0,8,0,0,0,6,2,7,2,6,5,3,3,0,9,8,0,0,5,8,0,0,0,0,3,46,37,0,0,0,9,0,0,15,5,0,0,27,1,0,0,2,0,6,0,0,5,1,0,3,1,0,0,5,11,7,5,0,5,0,39,2,7,0,0,9,0,8,19,17,9,0,13,0,8,0,13,10,0,3,10,3,1,0,0,23,0,0,0,0,7,1,0,23,0,0,4,0,2,5,3,1,8,0,33,9,14,10,0,2,3,3,0,4,0,0,24,0,3
2025-02-23,0,10,0,0,0,2,1,0,0,2,3,0,1,53,8,0,5,0,12,0,0,4,7,38,6,40,0,3,4,27,0,4,3,10,84,0,6,0,0,27,1,10,0,0,15,7,49,0,1,19,9,2,15,3,0,8,4,4,3,71,0,29,11,0,0,0,14,4,5,4,0,3,0,0,1,3,0,8,4,3,89,3,0,3,3,5,10,37,7,0,0,18,7,8,6,3,0,1,0,15,13,0,12,0,39,1,6,0,2,5,3,3,2,1,0,21,57,14,46,0,7,5,2,0,2,66,0,24,46,0,3,2,0,6,0,2,0,0,0,1,8,1,0,2,0,2,2,7,1,2,0,0,1,10,13,2,0,0,0,33,1,0,3,0,0,0,0,10,0,0,0,92,1,11,1,5,1,6,1,0,4,3,0,0,12,5,0,2,7,0,6,41,23,0,0,0,9,0,3,47,7,0,0,21,0,1,1,4,5,4,0,0,3,0,0,7,0,0,2,4,8,14,10,8,3,0,24,1,8,0,0,16,0,10,17,13,0,0,17,0,7,0,14,13,0,2,8,0,0,0,2,16,0,0,0,0,2,0,1,17,3,0,0,0,1,2,0,2,8,0,32,11,20,9,5,12,3,4,0,7,0,0,6,0,2
2025-03-02,0,15,0,2,0,1,0,0,0,0,1,0,2,15,5,0,4,0,0,1,0,2,2,28,0,24,0,2,4,12,0,3,5,7,132,0,6,3,0,11,0,9,0,0,17,7,1,0,3,25,6,1,14,0,0,3,3,3,0,25,0,28,9,2,4,0,14,2,9,2,0,0,0,0,1,4,0,5,6,2,30,5,0,5,1,3,5,40,0,0,0,7,7,7,5,4,0,3,0,16,7,0,10,0,39,2,0,0,4,0,2,0,2,9,0,0,36,7,0,0,5,5,0,0,0,84,0,14,345,0,1,6,1,2,3,2,0,0,2,2,0,9,0,0,0,0,0,14,1,2,0,0,0,4,2,0,0,0,0,28,1,0,7,0,6,0,0,8,0,0,0,36,0,7,2,1,0,3,0,1,6,4,0,0,7,3,0,2,9,0,8,33,24,0,0,0,18,0,0,12,5,0,0,16,2,0,1,0,8,6,5,1,5,0,1,5,0,0,0,6,4,0,4,13,1,0,36,3,5,0,0,15,0,11,1,4,6,0,14,0,7,0,7,14,0,5,4,0,1,1,5,7,11,0,0,0,10,1,0,16,0,0,1,0,3,3,3,1,16,0,27,9,13,3,5,0,1,1,0,8,0,1,15,0,2
2025-03-09,0,11,0,1,0,1,0,1,0,2,0,0,2,42,1,1,0,0,0,0,0,1,3,24,2,10,0,2,6,16,0,6,2,26,127,0,2,4,0,15,0,19,1,0,19,6,51,0,6,15,5,1,12,0,0,8,2,12,1,25,0,21,6,2,0,0,16,7,12,4,0,0,0,1,1,4,0,0,8,3,95,4,1,10,2,5,10,37,8,0,0,12,8,16,5,6,0,3,0,8,9,1,23,0,41,2,1,0,3,6,2,1,2,1,0,6,55,5,8,0,5,4,0,0,0,111,0,28,472,0,2,3,0,4,1,3,0,0,0,2,0,12,0,5,0,0,2,10,0,1,0,0,1,7,19,2,0,0,0,39,3,0,12,0,0,0,0,5,0,0,0,60,0,6,4,4,3,3,0,0,13,1,0,0,10,3,2,1,8,0,0,13,14,0,0,0,14,0,1,14,3,1,0,16,1,0,1,1,3,5,1,3,1,0,0,1,1,0,0,4,4,10,10,11,5,0,28,2,5,1,0,7,0,0,9,11,5,0,18,0,9,0,12,7,0,1,5,0,3,0,2,17,14,0,0,0,4,3,1,25,0,0,3,0,1,2,0,2,31,0,24,9,14,8,4,2,0,4,0,7,0,1,9,0,1
2025-03-16,0,10,0,3,0,3,0,0,0,2,4,0,0,29,3,1,2,0,0,0,1,0,3,22,12,26,0,1,3,37,1,0,1,16,117,0,5,4,0,9,3,11,0,0,30,5,25,0,2,18,10,7,10,0,0,5,1,7,2,21,0,13,4,5,0,0,18,3,6,2,1,2,0,1,0,0,0,0,4,0,113,2,1,3,0,4,6,30,13,1,0,12,11,10,4,8,0,2,0,13,10,0,23,1,39,2,0,0,3,0,6,0,4,2,0,18,33,6,32,0,1,11,0,0,0,63,3,31,488,1,2,2,0,0,0,0,0,0,0,1,2,7,0,2,1,0,1,12,0,2,0,0,0,4,1,9,1,0,0,58,1,3,4,0,3,0,1,8,0,3,0,78,4,4,4,7,0,0,0,0,13,5,0,0,3,4,3,2,7,0,6,43,23,0,0,0,9,0,0,32,3,0,0,15,3,0,0,2,3,2,1,3,3,1,0,6,3,0,0,5,14,4,5,10,6,0,33,1,4,1,0,15,0,8,42,13,4,0,9,0,5,0,8,4,1,2,8,0,2,0,0,7,14,0,0,0,5,6,1,25,0,0,3,0,1,3,0,0,27,0,13,9,23,7,3,7,2,0,1,4,0,0,18,0,0
2025-03-23,0,5,0,0,0,2,0,0,0,0,4,0,1,25,7,0,0,0,4,4,0,1,7,32,10,19,0,0,2,27,1,4,1,14,114,0,6,3,0,11,2,20,0,0,30,7,43,0,6,21,2,4,12,1,0,17,1,4,2,8,0,11,10,0,2,0,12,2,4,3,2,1,0,0,3,0,0,0,5,3,69,5,1,8,0,3,10,19,8,0,0,12,4,9,4,3,0,0,2,7,1,0,10,0,32,2,2,0,1,2,4,1,3,2,0,19,42,3,23,0,4,2,0,1,0,58,2,28,877,0,1,2,1,0,1,0,0,0,0,0,6,8,0,1,0,0,0,6,1,3,0,0,0,2,9,0,0,0,0,19,3,0,1,0,2,0,0,6,0,0,0,50,4,7,11,0,4,0,0,2,9,1,0,0,11,2,0,0,5,0,1,25,9,0,0,0,11,0,0,10,5,0,0,22,1,0,0,3,7,1,1,1,7,0,0,6,1,0,0,5,3,7,3,5,3,0,27,2,3,0,0,8,0,8,18,5,4,0,11,0,5,0,5,9,0,4,2,0,1,0,4,5,1,0,0,0,6,4,2,40,0,0,1,0,2,3,0,0,13,0,21,8,6,4,6,0,1,2,0,4,0,0,4,0,1
2025-03-30,0,15,0,1,0,3,0,0,0,1,2,9,2,34,13,0,0,0,0,1,1,5,1,22,10,34,0,1,3,31,0,2,2,8,118,0,2,5,0,19,3,16,0,2,38,9,16,0,11,22,2,6,12,1,0,18,2,16,2,75,0,17,8,3,0,0,12,7,9,4,3,3,0,0,0,1,0,0,8,0,97,3,4,5,1,6,11,43,14,3,0,18,8,14,2,8,0,1,0,17,1,1,17,2,37,2,3,1,2,4,5,2,4,1,0,8,51,15,34,1,6,5,0,11,1,88,4,34,523,0,1,1,0,4,1,0,0,1,1,1,8,4,0,1,0,1,0,17,0,1,0,0,0,5,13,2,0,0,0,48,3,2,4,0,4,0,0,3,0,0,0,82,1,9,8,5,2,0,0,2,15,3,0,0,8,1,5,3,11,0,6,35,29,2,0,0,19,0,0,11,2,0,1,8,1,1,0,5,4,4,0,4,2,1,3,1,4,0,0,1,5,13,4,9,3,0,41,2,8,0,0,22,0,4,17,10,13,0,19,0,8,1,14,9,0,2,4,0,3,0,0,15,6,0,0,0,10,5,2,42,6,0,0,0,3,5,0,2,13,0,22,10,13,8,7,14,1,5,0,12,0,0,24,0,4
2025-04-06,0,7,0,2,0,1,1,0,0,2,4,2,2,23,14,0,1,0,0,0,0,3,7,26,15,32,0,1,1,45,1,0,2,13,114,0,3,4,0,5,1,12,0,1,41,3,23,0,5,16,6,5,14,0,0,5,3,10,1,29,0,19,3,4,0,0,19,3,6,3,0,0,0,1,1,0,0,2,3,5,77,1,0,2,1,2,12,23,6,1,0,15,4,11,8,2,0,0,0,25,6,0,20,0,38,2,2,0,1,3,4,0,2,1,0,3,43,1,18,0,6,8,0,8,2,66,2,21,376,0,0,2,0,0,2,0,0,1,0,2,10,4,0,1,1,0,2,11,0,0,0,0,0,4,4,5,1,0,0,25,2,0,7,0,0,1,0,2,0,0,0,52,3,3,30,9,2,1,1,0,16,4,0,0,8,2,6,1,12,0,3,22,21,1,0,0,11,0,2,39,4,2,0,43,0,0,1,2,1,0,3,2,8,0,1,6,9,0,0,4,5,5,4,8,2,0,27,1,1,1,0,10,0,5,20,7,0,0,11,0,4,0,4,4,0,2,10,1,6,0,0,8,7,0,0,0,5,3,1,47,3,0,3,0,2,1,0,2,25,0,7,8,13,3,4,4,2,1,0,3,0,0,14,0,0
2025-04-13,0,8,0,0,0,4,0,0,0,1,2,0,1,34,6,2,0,0,2,0,0,4,5,19,24,23,1,1,3,52,0,2,5,21,111,0,5,5,0,6,4,13,0,0,35,4,21,2,6,6,2,2,5,1,0,7,2,8,1,53,0,6,11,3,0,0,11,2,4,1,0,0,0,1,0,0,0,6,1,0,72,3,1,1,0,1,11,27,20,2,0,9,2,11,0,0,0,1,1,9,7,0,29,0,44,3,3,0,1,7,4,0,2,1,0,2,28,3,30,0,5,3,0,8,0,81,3,37,496,0,3,5,0,11,0,0,0,2,0,2,9,9,0,3,0,0,1,4,1,2,0,0,0,6,2,2,0,0,0,40,0,2,2,0,1,1,0,4,0,3,0,72,4,6,11,6,5,1,0,0,13,2,0,0,5,0,0,2,8,0,1,35,21,1,0,0,16,0,0,13,1,0,0,25,0,0,2,0,0,0,3,2,0,0,0,3,5,0,0,6,16,8,3,6,1,0,31,1,5,0,0,32,0,5,30,10,3,0,1,0,5,0,7,5,0,2,7,0,1,0,3,2,3,0,0,0,6,4,3,27,0,0,1,0,1,2,0,1,19,0,9,6,8,3,4,10,3,0,0,8,0,0,4,0,1
2025-04-20,0,9,0,3,0,0,0,0,1,0,0,0,0,25,8,0,0,0,0,0,0,1,3,23,43,29,1,19,2,39,0,3,2,9,129,0,0,7,0,7,1,0,0,0,13,5,10,0,1,15,3,4,10,5,0,0,2,6,1,44,0,19,0,0,1,0,23,3,12,4,0,0,0,1,1,0,0,1,7,0,67,2,0,3,3,3,14,21,2,2,0,11,5,21,0,8,0,0,2,10,5,0,8,0,32,1,2,0,4,5,3,0,4,0,0,3,42,8,30,0,3,6,0,8,0,96,2,26,433,0,3,1,0,0,1,0,0,0,0,1,7,6,0,4,0,0,0,5,1,5,0,0,0,2,1,2,2,0,0,26,3,0,1,0,4,0,0,2,0,0,0,62,0,9,3,3,5,1,0,0,7,3,0,0,7,1,5,0,3,1,3,13,19,0,0,0,15,0,0,15,3,0,0,30,1,0,0,0,3,3,2,1,0,0,0,2,3,0,0,0,1,7,7,9,2,0,17,0,5,1,0,6,0,7,19,35,0,0,1,0,5,0,11,5,0,1,1,1,1,0,0,10,1,1,0,0,7,8,0,22,0,0,2,0,3,2,0,2,19,0,8,6,4,2,6,8,1,3,1,8,0,0,13,0,0
2025-04-27,0,8,0,0,0,1,11,0,1,0,2,0,0,35,6,0,0,0,1,0,1,0,0,13,1,27,0,2,0,16,0,2,1,8,83,0,3,4,0,8,0,8,0,0,13,4,4,0,3,10,3,0,4,1,0,0,0,2,3,22,0,7,9,3,0,0,6,6,11,1,1,2,0,0,0,0,0,3,2,2,50,3,0,0,0,0,10,34,4,1,0,8,3,11,1,2,0,0,3,14,10,0,26,0,12,0,0,1,0,3,2,0,1,1,0,0,22,5,25,0,2,3,0,13,1,56,1,32,377,0,1,3,0,0,0,0,0,0,0,2,4,5,0,0,0,0,0,11,0,3,0,0,0,3,6,3,1,0,0,24,2,0,5,0,0,0,0,5,0,0,0,48,0,6,1,5,0,0,0,0,12,5,1,0,5,0,0,5,10,0,4,31,15,0,0,0,11,0,2,14,1,0,0,16,2,0,0,3,0,1,0,0,2,1,0,2,0,0,2,0,2,6,5,9,0,0,28,2,1,0,0,19,0,2,17,50,7,0,0,0,4,0,6,8,0,2,1,2,1,0,0,16,2,0,0,0,4,10,0,45,0,0,3,0,0,0,0,1,0,0,2,7,8,5,1,10,1,1,0,5,1,0,6,1,2
2025-05-04,0,2,0,1,0,1,0,0,0,0,1,0,0,30,2,0,0,0,1,0,0,1,3,17,27,20,0,3,2,46,0,1,1,8,80,0,4,3,0,8,2,10,0,0,22,0,22,0,4,6,6,2,9,2,0,2,0,0,0,32,0,8,0,1,1,0,18,4,4,1,0,1,0,0,0,0,0,4,6,1,77,2,0,2,0,2,14,27,10,0,0,18,2,19,1,2,0,0,2,11,12,2,18,0,23,1,0,0,0,5,3,0,1,0,0,0,0,4,19,2,1,5,0,12,0,87,1,15,301,3,1,0,0,2,1,0,0,0,0,0,3,3,0,0,1,0,2,5,0,0,0,0,0,3,3,0,1,0,0,23,0,1,3,0,0,0,0,3,0,1,0,56,0,1,0,2,0,0,0,0,15,0,0,1,8,0,0,0,8,0,4,24,10,0,0,0,11,0,0,10,0,0,0,28,0,0,1,2,1,0,0,2,6,1,0,2,0,0,0,1,5,5,5,0,0,0,20,2,6,0,0,0,0,2,12,83,2,0,0,0,3,0,1,3,0,2,3,0,0,0,4,6,4,0,0,0,2,4,1,48,0,0,3,0,2,4,0,1,0,0,1,7,1,3,3,5,1,1,0,7,0,0,5,0,0
2025-05-11,0,6,0,2,0,1,0,0,1,0,1,1,1,48,8,1,0,2,0,1,0,12,0,21,14,28,1,1,0,32,1,0,1,18,117,0,3,4,0,9,0,13,0,1,24,5,13,0,0,4,8,0,7,2,0,1,0,0,1,32,0,6,11,2,0,0,19,3,9,1,0,1,0,1,2,0,0,4,0,3,83,3,1,2,0,2,13,35,10,1,0,17,8,18,4,3,0,0,4,28,13,0,38,1,38,3,0,0,4,1,1,0,3,0,0,4,0,5,31,1,3,11,0,7,0,98,3,23,399,0,2,1,0,2,0,0,0,0,0,0,4,5,0,3,0,0,2,12,0,0,0,0,1,4,3,6,0,0,0,51,2,0,10,0,1,0,0,4,0,0,0,66,0,2,5,0,3,0,0,1,12,1,0,0,2,1,2,3,14,0,1,29,8,0,0,0,17,0,0,38,1,0,0,38,2,0,1,0,1,0,3,2,1,0,0,5,3,0,0,3,5,7,10,6,4,0,36,3,2,0,0,2,0,4,24,58,0,0,0,0,6,0,3,1,0,1,1,0,3,0,2,12,22,0,0,0,7,2,0,70,0,0,0,0,1,1,0,3,0,0,1,4,10,2,1,7,1,3,0,4,0,0,9,0,0
2025-05-18,0,4,1,2,0,0,2,0,1,0,1,0,0,31,1,1,0,2,0,1,0,10,4,31,8,29,0,1,1,7,0,2,3,20,124,0,2,4,0,14,0,12,0,1,48,3,22,0,0,6,2,4,4,2,0,2,1,0,1,34,0,8,5,2,0,0,20,6,2,3,2,2,3,0,1,0,0,2,1,1,51,0,1,2,0,6,16,31,9,1,0,15,8,8,0,0,0,0,3,12,11,0,26,0,29,0,2,0,1,1,0,1,3,0,0,3,17,3,31,0,1,10,0,8,0,86,0,12,545,1,1,2,0,0,0,1,0,1,0,0,6,7,0,4,1,0,1,4,0,0,0,0,0,3,2,1,3,0,0,16,0,0,5,0,0,0,0,3,0,2,0,84,0,1,3,1,1,0,0,0,11,2,0,0,1,0,4,0,12,0,0,30,11,0,0,0,14,0,1,10,1,0,1,19,3,0,4,1,3,0,1,0,2,0,0,2,7,0,0,4,8,5,6,3,1,0,40,1,2,0,0,7,0,3,25,80,3,0,3,0,5,0,4,4,0,5,0,0,0,0,0,11,18,0,0,0,2,2,0,69,0,1,1,0,3,1,0,8,0,0,4,5,3,2,2,7,1,3,0,5,0,0,7,0,0
2025-05-25,0,5,0,2,0,2,1,0,0,0,3,0,0,41,9,0,2,0,3,0,2,1,6,7,8,22,0,0,0,20,0,2,3,13,92,0,0,3,0,6,1,8,0,0,21,3,13,1,0,6,4,2,11,0,0,0,1,6,1,29,0,8,4,2,0,0,9,2,9,0,2,0,0,0,2,0,0,4,0,2,99,1,0,1,0,10,6,30,10,0,0,8,1,15,2,0,0,0,3,10,5,1,30,0,20,1,0,0,0,4,4,0,3,1,0,1,26,2,22,0,3,6,7,3,0,66,0,13,483,0,2,0,0,3,0,0,0,0,0,0,5,9,0,1,0,0,0,8,0,0,0,0,0,3,8,0,0,0,0,53,0,1,2,0,0,1,0,4,0,5,0,81,0,7,7,1,4,0,0,1,18,0,1,0,1,0,0,3,4,0,3,30,5,0,0,0,13,0,1,40,4,0,1,16,4,0,2,3,0,4,1,0,2,0,0,4,2,3,0,3,1,7,3,9,3,0,8,0,3,0,0,14,0,7,10,87,6,0,2,0,7,0,5,5,0,0,0,0,1,0,1,12,5,0,0,0,8,3,5,45,0,2,2,0,0,1,0,3,0,0,10,4,6,3,2,8,0,3,0,3,0,0,7,0,1
2025-06-01,0,1,0,0,0,0,0,0,0,0,0,0,0,11,2,1,0,0,0,0,0,1,13,18,1,13,0,1,0,16,0,0,1,7,43,0,0,0,0,8,0,5,0,0,5,0,27,0,0,4,4,1,1,0,0,0,0,0,0,7,0,0,0,0,0,0,8,1,0,0,0,0,0,0,0,0,0,0,2,0,64,0,0,1,0,5,5,10,5,1,0,5,1,1,0,0,0,0,0,0,3,1,14,0,28,2,0,0,0,0,1,0,0,0,0,3,28,3,9,1,0,8,0,0,1,36,0,6,236,0,1,0,0,0,1,0,0,0,0,1,2,0,0,0,0,0,1,0,0,0,0,0,0,2,0,0,1,0,0,14,0,0,1,0,0,0,0,1,0,1,0,62,1,0,2,0,1,0,0,0,8,0,0,0,0,0,1,0,6,0,0,10,2,0,0,0,8,0,0,0,0,0,0,0,2,0,0,0,0,0,0,0,0,0,0,4,0,0,0,0,5,3,2,0,0,0,35,0,0,0,0,2,0,0,13,52,0,0,1,0,2,0,0,5,0,1,0,0,0,0,0,3,5,0,0,0,3,0,0,23,0,1,1,0,0,0,0,0,1,0,3,1,0,0,1,0,0,0,0,0,0,0,5,0,0
2025-06-08,0,2,0,0,0,2,0,0,0,0,1,0,1,29,3,0,0,0,2,0,0,4,7,6,2,13,1,0,0,0,0,0,0,8,61,0,0,1,0,11,0,4,0,0,11,0,6,0,4,3,10,0,3,0,0,1,0,0,0,9,0,1,2,0,0,0,6,0,0,1,0,0,0,0,0,3,0,3,0,0,56,0,0,0,0,1,9,9,5,0,0,4,1,4,0,0,0,0,0,1,4,1,12,0,18,0,1,0,0,0,0,0,2,0,0,3,27,4,16,0,0,3,1,0,0,51,3,15,315,0,1,0,0,0,0,0,0,0,0,0,2,5,0,0,0,0,0,3,0,2,0,0,0,1,1,0,0,0,0,5,0,0,0,0,0,0,0,0,0,2,0,43,1,1,2,0,0,0,0,0,16,0,0,0,0,0,4,0,1,0,0,42,2,0,0,0,0,0,0,18,1,0,0,0,1,0,0,0,0,0,0,0,1,1,0,0,5,0,0,1,2,5,8,0,1,0,14,1,2,0,0,4,0,2,17,46,2,0,0,0,1,0,0,1,0,0,1,0,0,0,4,5,4,0,0,0,1,0,0,29,0,0,0,0,0,0,0,1,0,0,2,2,0,0,2,2,2,1,0,0,0,0,4,0,0
2025-06-15,0,0,0,1,0,1,0,0,0,0,0,0,0,22,0,0,0,0,0,0,0,0,2,23,0,11,0,0,0,14,0,0,0,4,35,0,0,0,0,6,0,4,0,0,7,0,21,0,1,0,0,1,2,0,0,1,0,0,0,5,0,3,0,1,0,0,7,0,0,0,0,0,0,0,0,0,0,0,0,0,38,0,0,0,0,0,5,15,2,0,0,0,0,2,2,0,0,0,0,5,6,0,3,0,21,0,0,0,0,0,0,0,1,0,0,1,28,1,9,0,0,5,0,0,0,47,0,8,136,0,0,1,0,1,0,0,0,0,0,0,1,2,0,0,0,0,0,3,0,0,0,0,0,1,0,0,0,0,0,1,0,0,0,0,0,1,0,0,0,0,0,34,0,0,3,0,1,0,0,0,3,0,0,0,1,0,0,0,1,0,0,16,1,0,0,0,11,0,0,4,0,0,0,0,0,0,0,0,0,0,0,0,0,0,0,0,0,0,0,0,1,1,3,0,0,0,4,0,0,0,0,3,0,2,5,26,0,0,1,0,0,0,0,2,0,0,0,0,0,0,0,8,0,0,0,0,0,0,0,21,0,0,2,0,0,0,0,0,0,0,2,0,0,0,1,1,1,0,0,0,0,0,2,0,0
2025-06-22,0,1,0,0,0,0,0,0,0,0,0,0,0,22,1,0,0,0,1,0,0,4,8,5,0,13,0,3,0,14,0,0,0,2,63,0,0,0,0,7,0,8,0,0,4,0,16,0,0,1,0,1,3,1,0,2,0,0,0,4,0,2,2,0,0,0,13,1,0,0,0,1,0,0,0,0,0,0,0,0,27,0,0,1,0,5,2,7,4,0,0,4,0,5,0,3,0,0,0,8,4,0,14,0,16,0,0,0,0,0,0,0,0,0,0,0,29,0,6,0,1,1,0,1,1,42,0,3,212,1,0,0,0,3,0,0,0,0,0,0,3,2,0,0,0,0,1,1,0,0,0,0,0,2,1,0,0,0,0,1,0,0,1,0,0,0,0,0,0,0,0,56,0,0,0,0,2,0,0,0,13,0,0,0,0,0,0,0,2,0,0,27,3,0,0,0,0,0,0,3,0,0,0,0,1,0,0,0,0,0,0,1,0,0,0,0,1,0,0,3,2,2,1,2,1,0,8,1,0,0,0,1,0,2,16,25,1,0,0,0,0,0,0,1,0,0,2,0,0,0,0,3,4,0,0,0,2,0,0,32,0,1,0,0,0,0,0,0,0,0,0,0,0,0,0,0,0,0,0,0,0,0,2,0,0
2025-06-29,0,0,0,0,0,0,0,0,0,0,0,0,0,8,3,0,0,0,2,0,0,0,0,6,0,4,0,0,0,7,0,0,0,5,17,0,0,0,0,0,0,0,0,0,1,0,25,0,0,0,0,0,0,0,0,0,0,0,0,2,0,0,0,0,0,0,0,0,0,0,0,0,0,0,0,0,0,0,0,0,46,0,0,0,0,0,4,6,5,0,0,4,0,0,0,0,0,0,0,1,2,0,3,0,6,0,0,0,0,0,0,0,0,0,0,1,21,2,4,0,0,1,0,0,0,10,0,0,71,0,0,0,0,0,0,0,0,0,0,0,0,0,0,0,0,0,0,0,0,1,0,0,0,0,0,0,0,0,0,1,0,0,1,0,0,0,0,0,0,0,0,14,0,0,0,0,0,0,0,0,0,0,0,0,0,0,0,0,0,0,0,5,1,1,0,0,2,0,0,0,0,0,0,0,0,0,0,0,0,0,0,0,0,0,0,0,0,0,0,0,0,1,0,0,0,0,0,0,1,0,0,3,0,0,5,19,0,0,1,0,0,0,0,2,0,0,0,0,0,0,0,1,3,0,0,0,0,0,0,5,0,0,0,0,0,0,0,0,0,0,0,0,0,0,0,0,0,0,0,0,0,0,1,0,0
2025-07-06,0,0,0,0,0,0,0,0,0,0,0,0,0,4,2,0,0,0,0,0,0,1,0,1,0,1,0,0,0,15,0,0,0,3,11,0,1,0,0,0,0,0,0,0,0,0,1,0,0,0,0,2,0,0,0,0,0,0,0,2,0,0,0,0,0,0,2,0,0,0,0,0,0,0,0,0,0,1,0,0,61,0,0,0,1,2,2,5,2,1,0,1,0,3,0,0,0,0,0,2,3,0,5,0,20,0,0,0,0,0,0,0,0,0,0,0,3,0,4,0,0,1,0,0,0,13,2,1,79,0,0,0,0,0,0,0,0,0,0,0,1,0,0,0,0,0,0,0,0,1,0,0,0,0,0,0,0,0,0,3,0,0,1,0,0,0,0,0,0,0,0,27,0,0,0,0,0,0,0,0,3,0,0,0,0,0,0,0,0,0,0,6,0,0,0,0,1,0,0,8,0,0,0,0,0,0,0,0,0,0,0,0,0,0,0,0,0,0,0,0,2,0,2,0,0,0,0,0,0,0,0,1,0,0,4,15,0,0,0,0,0,0,0,0,0,0,0,0,0,0,0,5,2,0,0,0,0,0,0,1,0,0,0,0,1,0,0,0,0,0,0,0,0,0,0,1,0,2,0,0,0,0,0,0,0
2025-07-13,0,0,0,1,0,0,0,0,0,0,0,0,0,8,0,0,0,0,8,0,0,0,0,2,0,0,0,0,0,27,0,0,0,0,25,0,0,0,0,4,0,0,0,0,0,0,6,0,0,0,0,0,0,0,0,0,0,0,0,1,0,0,1,0,0,0,2,1,1,0,0,0,0,0,0,0,0,1,0,0,24,0,0,0,0,0,2,17,2,0,0,4,0,5,0,0,0,0,0,3,3,1,4,0,16,0,0,0,0,0,0,0,0,0,0,2,11,0,8,0,0,0,0,0,0,11,0,1,101,0,0,0,0,0,0,0,0,0,0,0,1,0,0,0,0,0,0,0,0,0,0,0,0,0,1,0,0,0,0,0,0,0,0,0,0,0,0,0,0,0,0,44,0,0,0,0,0,0,0,0,7,0,0,0,0,0,2,0,1,0,0,2,0,0,0,0,4,0,0,1,0,0,0,0,0,0,0,0,0,0,0,0,0,0,0,0,0,0,0,0,2,0,2,0,0,0,3,0,0,0,0,0,0,0,6,26,0,0,0,0,0,0,0,1,0,0,0,0,0,0,0,2,0,0,0,0,0,0,0,1,0,0,0,0,0,0,0,0,0,0,0,0,1,0,0,1,0,1,0,0,0,0,1,0,0
2025-07-20,0,1,0,0,0,0,0,0,0,0,0,0,0,9,0,0,0,0,5,0,0,1,0,3,0,3,0,0,0,28,0,0,0,1,25,0,0,0,0,6,0,3,0,0,0,0,10,0,0,0,0,0,0,0,0,0,0,0,0,1,0,0,1,0,0,0,5,0,0,0,0,0,0,0,0,0,0,1,0,0,19,1,0,0,0,2,4,7,0,0,0,3,1,1,0,0,0,0,0,1,3,0,2,0,12,0,0,0,0,0,0,0,1,0,0,2,25,1,2,0,0,1,0,0,0,24,0,0,85,0,0,1,0,0,0,0,0,0,0,0,0,0,0,0,0,0,0,0,0,0,0,0,0,0,0,0,0,0,0,4,0,0,0,0,0,0,0,0,0,0,0,36,0,0,0,0,0,0,0,0,7,0,0,0,0,0,0,0,0,0,0,11,0,0,1,0,3,0,0,1,0,0,0,0,0,0,0,0,0,0,0,2,0,0,0,0,1,0,0,0,0,1,0,0,0,0,1,0,0,0,0,1,0,0,6,33,0,0,0,0,0,0,2,0,0,0,1,0,0,0,0,2,0,0,0,0,0,0,0,2,0,0,0,0,0,0,0,0,1,0,0,0,0,0,0,0,0,0,0,0,0,0,0,0,0
2025-07-27,0,1,0,0,0,0,0,0,0,0,0,0,0,3,0,0,0,0,1,0,0,1,0,3,0,5,0,0,0,3,0,0,0,5,19,0,0,0,0,5,2,0,0,0,2,0,10,0,0,0,0,0,0,0,0,1,0,0,0,2,0,0,0,1,0,0,4,0,0,0,0,0,0,0,0,0,0,0,0,0,19,0,0,0,0,0,3,10,2,0,0,4,1,0,0,0,0,0,0,5,2,0,2,0,4,0,0,0,0,0,0,0,0,0,0,0,28,0,8,0,0,0,0,0,0,20,0,5,72,0,0,0,0,0,0,0,0,0,0,0,0,0,0,0,0,0,0,0,0,0,0,0,0,0,3,0,0,0,0,3,0,0,1,0,0,0,0,0,0,0,0,20,0,0,0,0,0,0,0,0,9,0,0,0,0,0,0,0,0,0,0,9,0,0,0,0,2,0,0,2,0,0,0,0,1,0,0,0,0,0,0,0,0,0,0,0,0,0,1,0,2,0,3,0,0,0,2,0,0,0,0,0,0,0,10,13,1,0,0,0,0,0,0,1,0,0,0,0,0,0,0,2,1,0,0,0,0,0,0,0,0,0,0,0,0,0,0,0,0,0,2,0,1,1,0,0,0,1,0,0,0,0,2,0,0
2025-08-03,0,0,0,0,0,0,0,0,0,0,0,0,0,1,0,0,0,0,1,0,0,0,1,1,0,0,0,0,0,9,0,0,0,8,14,0,0,0,0,4,1,0,0,0,1,1,4,0,0,0,0,0,0,0,0,0,0,0,0,1,0,0,0,0,0,0,0,0,1,1,0,0,0,0,0,0,0,0,0,1,8,0,0,0,0,0,5,2,4,0,0,5,0,0,0,0,0,0,0,0,3,0,0,0,4,0,0,0,0,0,0,0,0,0,0,2,10,0,2,0,0,0,0,0,0,15,0,1,47,0,0,0,0,1,0,0,0,0,0,0,0,0,0,0,0,0,0,0,0,0,0,0,0,0,1,0,0,0,0,5,0,0,0,0,0,0,0,0,0,0,0,19,0,1,0,0,0,0,0,0,3,2,0,0,1,0,0,0,1,0,0,5,0,0,0,0,0,0,0,8,0,0,0,0,0,0,0,0,0,0,0,0,0,0,0,0,0,0,0,1,2,0,1,0,0,0,0,0,0,0,0,0,0,1,2,4,0,0,0,0,0,0,0,0,0,2,0,0,0,0,1,0,2,0,0,0,0,0,0,1,0,0,0,0,0,0,0,0,1,0,0,0,0,0,0,5,0,0,0,0,0,0,0,0,0
2025-08-10,0,0,0,0,0,0,0,0,0,0,0,0,0,8,0,0,0,0,1,0,0,0,0,1,0,3,0,0,0,4,0,0,0,4,3,0,1,0,0,0,0,0,0,0,0,0,4,0,0,0,2,0,0,0,0,0,0,0,0,6,1,0,0,0,0,0,5,0,1,1,0,0,0,0,0,0,0,1,0,0,34,0,0,0,1,2,1,1,1,0,0,0,0,4,0,0,0,0,0,2,1,0,3,0,11,0,0,0,0,0,0,0,0,0,0,0,15,0,3,0,0,1,0,0,0,15,1,0,67,0,0,0,0,0,0,0,0,0,0,0,0,0,0,0,0,0,0,0,0,0,0,1,0,0,0,0,0,0,0,4,0,0,0,0,0,0,0,0,0,0,0,18,0,0,0,0,0,0,0,0,2,0,0,0,0,0,0,0,0,0,0,7,0,0,0,0,0,0,0,3,0,0,0,0,1,0,0,0,0,0,0,0,0,0,0,0,0,0,0,0,0,1,1,0,0,0,0,0,0,0,0,4,0,0,4,10,0,0,1,0,0,0,0,0,0,1,0,0,0,0,0,0,0,0,0,0,0,0,0,1,0,0,0,0,0,0,0,0,0,0,0,0,0,1,0,0,0,0,0,0,0,0,2,0,0
2025-08-17,0,3,0,0,0,0,0,0,0,0,0,0,0,5,0,0,0,0,2,0,0,5,0,1,6,1,0,1,0,5,0,0,0,2,2,0,0,0,0,0,0,4,0,0,0,0,3,0,0,0,0,0,1,0,0,0,0,0,0,2,0,0,2,2,0,0,5,0,0,0,0,0,0,0,0,0,0,1,0,0,26,0,0,0,0,2,3,2,0,0,0,0,0,5,0,0,0,0,0,0,1,0,5,0,10,0,0,0,0,0,0,0,0,0,0,0,9,0,1,0,0,1,1,2,0,21,1,0,91,0,0,0,0,1,0,0,0,0,0,0,0,0,0,0,0,0,0,1,0,0,0,0,0,1,0,0,0,0,0,6,0,0,0,0,0,0,0,0,0,0,0,21,0,0,0,0,0,0,0,0,0,0,0,0,0,0,0,0,1,0,0,4,0,0,0,0,0,0,0,2,0,0,0,0,1,0,0,0,0,0,0,0,1,0,0,1,0,0,0,0,2,0,1,0,1,0,1,2,1,0,0,2,0,0,6,14,0,0,0,0,1,0,0,0,0,1,0,0,0,0,0,4,1,0,0,0,2,0,0,1,0,0,0,0,0,0,0,0,0,0,3,0,0,0,2,0,3,0,0,0,0,0,0,0,0
2025-08-24,0,0,0,0,0,1,0,0,0,0,0,0,0,10,0,0,0,0,0,0,0,0,0,5,13,8,0,2,0,4,0,0,0,1,3,0,0,0,0,1,0,5,0,0,2,0,5,0,0,0,2,1,1,0,0,0,3,0,0,3,0,2,0,1,0,0,1,0,0,0,0,0,0,0,0,0,0,0,1,1,7,0,0,0,1,0,3,11,1,0,0,1,0,3,0,0,0,0,0,7,3,0,2,0,7,0,2,0,0,0,0,0,0,0,0,0,9,0,5,0,1,1,1,0,0,25,0,0,94,0,0,0,0,0,0,0,0,0,0,0,1,0,0,0,0,0,0,4,0,0,0,0,0,0,0,0,0,0,0,0,0,0,1,0,0,0,0,1,0,0,0,27,0,0,0,0,2,0,0,0,0,0,0,0,3,0,0,0,1,0,0,6,2,0,0,0,0,0,0,3,0,0,0,0,0,0,0,1,0,0,0,0,0,0,0,0,0,0,0,0,0,3,0,0,1,0,0,1,1,0,0,6,0,0,2,9,0,0,1,0,0,0,0,0,0,0,0,0,0,0,0,0,0,0,0,0,0,0,0,2,0,0,0,0,0,1,0,0,1,0,0,0,0,0,0,0,0,0,0,0,0,0,0,0,0
2025-08-31,0,2,0,0,0,2,0,0,0,0,0,0,2,10,0,0,0,0,12,0,0,0,0,0,9,1,0,0,0,7,0,0,0,1,22,0,0,1,0,2,0,9,0,0,16,0,1,0,0,1,2,0,0,1,0,0,0,0,0,4,0,3,0,0,0,0,5,1,1,0,0,0,0,0,0,0,0,2,0,0,10,0,0,0,2,0,0,7,2,0,0,1,0,5,0,0,0,0,0,0,0,0,5,0,8,0,2,0,0,0,0,0,0,0,0,2,7,0,10,0,0,2,0,1,0,27,0,3,177,0,2,0,0,0,0,0,0,1,0,0,1,0,0,0,0,0,0,2,0,0,0,0,0,0,0,0,2,0,0,4,1,0,1,0,0,0,0,1,0,1,0,35,0,0,1,0,0,0,0,0,3,0,0,0,1,0,0,1,4,0,0,5,2,0,0,0,0,0,0,7,1,0,0,0,0,0,0,0,0,0,0,0,2,0,0,0,0,0,0,0,4,1,3,1,2,0,1,2,0,0,0,1,0,1,5,13,0,0,1,1,2,0,1,3,0,0,0,0,0,0,0,7,2,0,0,0,0,0,0,0,0,0,0,0,0,0,0,0,0,0,1,0,0,1,0,3,1,0,0,5,0,0,0,0,0
2025-09-07,0,1,0,0,0,0,2,0,0,0,0,0,0,16,1,0,0,0,1,0,0,0,0,23,12,8,0,0,0,5,0,0,0,6,14,0,0,0,0,4,0,9,0,0,8,0,5,0,1,3,4,0,6,0,0,0,0,0,0,3,0,9,0,2,0,0,3,0,3,1,1,0,0,0,0,0,0,1,0,0,9,0,0,0,1,0,2,7,1,0,0,1,0,2,0,0,0,0,0,1,2,0,4,0,15,1,0,0,0,0,0,0,1,4,0,1,9,1,12,0,0,2,0,0,0,15,1,11,108,0,1,0,0,0,0,0,0,0,0,0,0,0,0,0,0,0,0,5,0,0,0,0,0,0,0,0,2,0,0,17,0,0,1,0,0,0,0,0,0,0,0,28,0,1,2,2,2,0,0,0,1,0,0,0,0,0,1,0,1,0,0,3,5,0,0,0,2,0,0,18,2,0,0,0,0,0,0,0,0,0,0,1,2,0,0,0,0,0,0,0,2,3,0,0,1,0,1,3,1,0,0,1,0,1,5,10,7,0,3,0,1,0,5,0,0,0,0,0,0,0,0,1,2,0,0,0,1,0,0,0,0,0,0,0,0,0,0,0,2,0,6,0,0,1,4,0,1,0,0,0,0,0,4,0,0
2025-09-14,0,0,0,0,0,0,0,0,0,0,0,0,1,6,0,0,0,0,5,0,0,0,1,0,0,2,0,0,0,1,0,1,0,3,80,0,0,1,0,3,0,1,0,0,7,0,4,0,1,5,0,0,2,0,0,0,0,0,0,0,0,5,0,0,0,0,3,2,2,0,0,0,0,0,0,0,0,0,1,3,8,0,1,0,0,0,5,5,4,0,0,2,3,3,0,3,0,0,0,1,1,0,3,0,13,1,0,0,1,2,0,0,1,0,0,1,5,0,4,0,0,3,0,0,0,18,1,4,145,0,0,0,0,0,0,0,0,0,0,0,0,0,0,1,0,0,0,2,0,0,0,0,0,3,0,0,0,0,0,5,0,0,0,0,0,0,0,0,0,0,0,24,0,3,0,0,0,0,0,0,2,0,0,0,2,0,0,0,0,0,1,5,2,0,1,0,2,0,0,11,0,0,0,0,0,0,0,0,0,0,0,1,1,0,0,0,0,0,0,2,4,3,0,4,1,0,4,0,2,0,0,4,0,2,4,12,2,0,1,0,0,0,2,0,0,0,0,0,0,0,0,2,1,0,0,0,1,0,0,1,0,0,0,0,0,0,0,0,0,0,0,0,2,0,0,0,0,0,0,0,0,0,1,0,0
2025-09-21,0,2,0,0,0,0,0,0,0,0,0,0,0,19,0,0,0,0,5,0,0,0,0,23,0,11,0,0,1,3,0,1,0,6,13,0,0,0,0,4,0,7,0,0,5,2,11,0,0,1,0,1,2,0,0,0,0,1,1,1,0,3,1,3,0,0,5,1,1,0,0,1,2,0,0,0,0,1,2,0,17,0,0,0,0,0,3,5,6,0,0,0,0,8,0,0,0,0,0,3,0,0,3,0,13,0,1,0,0,2,0,0,0,1,0,0,8,2,12,0,2,3,0,0,0,25,0,4,210,0,1,0,0,0,0,0,0,0,0,0,0,0,0,1,0,0,0,3,0,0,0,0,0,2,0,0,1,0,0,1,3,0,2,0,0,2,0,0,0,0,0,29,0,1,0,0,2,0,2,0,4,1,0,0,0,0,0,0,0,0,0,7,3,0,0,0,1,0,1,6,0,0,0,0,0,0,0,0,0,0,0,0,0,0,0,0,0,0,0,1,4,2,0,1,3,0,11,0,0,0,0,0,0,0,9,25,0,0,4,0,1,0,1,2,0,2,0,0,0,0,0,0,6,0,0,0,0,0,0,1,0,0,0,0,2,0,0,0,0,0,1,0,2,0,6,1,2,0,0,0,0,0,2,0,1
2025-09-28,0,1,0,0,0,0,0,0,0,0,0,0,0,9,0,0,0,0,2,0,0,0,1,2,0,11,0,0,2,10,0,0,0,0,217,0,0,2,0,2,0,3,0,0,4,0,4,0,1,2,0,0,1,0,0,0,0,0,0,2,0,3,0,2,0,0,5,2,3,0,0,0,0,0,0,0,0,1,0,0,17,0,0,0,1,1,8,9,4,0,0,0,1,1,1,0,0,0,0,2,2,0,2,0,10,0,0,0,0,0,0,0,0,0,0,0,7,1,3,0,0,0,0,0,0,55,0,2,182,0,0,1,0,0,0,0,0,0,0,0,0,0,0,0,0,0,1,1,0,0,0,0,0,1,1,0,2,0,0,2,0,0,2,0,0,0,0,1,0,0,0,25,0,0,0,0,0,0,0,0,2,0,0,0,3,0,0,0,0,0,0,10,2,0,0,0,0,0,1,3,0,0,0,0,1,0,0,1,0,0,0,0,2,0,0,0,0,0,0,2,1,2,1,0,1,0,2,2,0,0,0,3,0,2,8,13,0,0,3,0,1,0,1,0,0,0,0,0,0,0,0,0,4,0,0,0,0,0,0,1,0,0,0,0,0,0,0,0,0,0,0,0,3,0,1,2,0,0,0,0,0,0,1,0,0
2025-10-05,0,2,0,0,0,0,2,0,0,0,0,0,0,32,1,0,0,0,5,0,0,0,1,35,0,20,0,0,3,16,0,1,0,3,29,0,0,3,0,6,1,9,0,0,16,3,9,0,2,5,3,0,6,0,0,0,1,2,0,6,0,9,3,0,0,0,3,0,6,0,0,3,2,0,0,0,0,1,0,1,15,1,0,0,3,0,8,13,2,1,0,0,1,2,0,0,0,0,0,0,3,0,5,0,28,0,0,0,0,0,2,0,1,2,0,4,17,2,17,0,0,1,0,0,0,49,0,3,288,0,1,0,0,0,0,0,0,0,0,0,0,0,0,0,0,0,0,1,1,0,0,0,0,3,3,0,0,0,0,4,0,2,2,0,0,1,0,0,0,0,0,41,0,2,2,1,1,0,0,0,9,0,0,0,3,0,0,0,5,0,1,7,2,0,0,0,3,0,0,7,0,0,0,1,0,0,0,3,2,1,1,0,0,0,0,2,1,0,0,1,2,3,1,1,0,0,4,2,2,1,0,2,0,2,11,29,4,0,0,0,5,0,2,1,0,0,0,0,0,0,1,2,8,0,0,0,2,0,0,3,0,0,1,0,1,0,0,0,0,0,1,1,4,2,3,0,2,0,0,0,0,0,3,0,1
2025-10-12,0,1,0,0,0,3,0,0,0,0,0,0,0,14,3,0,0,0,12,0,0,0,1,1,0,11,0,0,2,12,0,1,1,6,225,0,0,0,0,5,0,0,0,0,5,2,4,0,0,1,2,0,0,0,0,0,1,0,0,3,0,4,1,1,0,0,7,1,0,0,0,0,0,0,0,0,0,1,2,1,25,1,0,0,0,3,4,7,3,0,0,3,1,5,0,0,0,0,0,6,3,0,1,0,18,0,0,0,0,2,0,0,0,1,0,4,16,1,13,0,0,1,1,0,0,34,0,7,261,0,0,0,0,0,0,0,0,0,0,0,0,8,0,0,0,0,0,0,0,2,0,0,0,2,4,0,0,0,0,5,0,0,2,0,0,0,0,1,0,0,0,39,0,6,0,0,2,0,0,0,9,1,0,0,1,0,0,0,3,0,0,5,1,0,0,0,0,0,0,20,0,0,0,0,0,0,1,1,4,0,0,0,1,0,0,1,0,0,0,0,1,2,1,1,0,0,9,3,0,0,0,4,0,2,8,25,0,0,11,0,2,0,4,1,0,2,0,0,0,0,1,0,5,0,0,0,0,0,0,0,0,0,0,0,0,0,0,0,4,0,2,0,0,0,1,0,0,0,0,1,0,0,2,0,0
2025-10-19,0,3,0,0,0,0,0,0,0,0,0,0,0,22,0,0,0,0,4,0,0,0,0,40,0,8,0,1,0,9,0,0,1,3,34,0,0,1,0,9,0,2,0,0,3,4,7,0,0,1,1,0,6,1,0,0,0,0,0,4,0,3,0,1,0,0,2,0,3,2,0,0,0,0,0,1,0,1,0,0,9,0,0,0,0,2,0,12,1,0,0,6,0,6,0,0,0,0,0,3,1,0,2,0,9,0,0,0,1,1,0,0,0,0,0,0,11,0,8,0,1,1,0,0,0,25,0,3,209,0,0,0,0,0,0,0,0,0,0,0,0,11,0,0,0,0,0,0,0,0,0,0,0,1,6,0,0,0,0,0,0,0,1,0,0,0,0,0,0,0,0,32,1,3,0,2,1,0,0,1,6,0,0,0,2,0,1,0,0,0,1,3,1,1,0,0,0,0,0,4,0,0,0,1,0,0,1,0,1,1,0,0,0,0,0,3,0,0,0,2,1,0,1,2,1,0,9,1,0,0,0,3,0,1,7,20,1,0,4,1,2,0,1,1,0,1,0,0,0,0,3,2,7,0,0,0,2,0,0,5,0,0,0,0,0,0,0,0,0,0,1,0,1,0,1,0,1,0,0,0,0,0,4,0,0
2025-10-26,0,0,0,0,0,0,1,0,0,0,1,0,0,17,0,0,0,0,7,0,0,2,0,4,0,8,0,0,0,8,0,1,0,2,44,0,0,0,0,5,0,4,0,0,7,2,7,0,0,1,2,0,4,0,0,0,1,0,1,3,0,5,0,0,0,0,9,0,0,0,0,0,0,0,0,0,0,1,0,0,7,1,0,0,0,1,0,14,6,0,0,4,0,5,0,0,0,0,0,5,2,0,1,0,7,0,0,0,0,0,1,0,0,0,0,2,15,3,7,0,0,1,1,2,0,45,1,6,325,0,0,1,0,0,0,0,0,0,0,0,1,5,0,0,0,0,0,2,0,0,0,0,0,1,4,0,0,0,0,7,1,0,0,0,0,0,0,0,0,0,0,25,0,0,0,0,0,0,0,0,8,0,0,0,1,0,0,0,2,0,1,5,2,0,0,0,1,0,0,5,0,0,0,3,0,0,0,2,0,0,0,0,0,0,0,2,0,0,1,2,1,2,1,4,0,0,1,0,0,0,0,6,0,0,5,10,0,0,1,0,2,0,1,4,0,0,0,0,0,0,2,2,14,0,0,0,0,0,0,0,0,0,1,0,0,0,0,0,3,0,0,0,0,1,0,0,0,0,0,0,0,0,4,0,0
2025-11-02,0,4,0,0,0,1,0,0,0,0,0,0,1,25,12,0,0,0,4,0,0,0,0,46,0,17,0,0,2,18,0,2,0,5,43,0,0,2,0,7,0,4,0,0,4,2,17,0,0,3,2,0,9,0,0,0,2,1,0,6,0,11,1,3,0,0,5,2,2,0,0,0,0,0,0,0,0,0,0,1,24,0,0,0,0,0,1,21,4,0,0,5,0,11,2,0,0,0,0,8,1,0,0,0,37,0,1,0,1,2,0,0,2,0,0,3,25,7,27,0,0,1,1,0,0,51,0,13,324,0,0,0,0,0,0,0,0,0,0,0,2,1,0,0,0,0,0,7,0,0,0,0,0,0,2,0,0,0,0,13,1,2,1,0,0,0,0,2,0,0,0,31,0,2,1,0,2,0,0,0,11,0,0,0,5,1,0,0,2,0,1,15,2,0,0,0,3,0,0,7,2,0,0,14,0,0,0,3,1,0,1,0,0,0,0,0,0,0,0,0,13,5,4,1,1,0,8,0,0,0,0,7,0,5,9,69,2,0,3,0,6,0,3,4,1,1,0,0,0,0,0,1,15,0,0,0,0,0,0,3,0,0,1,0,0,0,0,0,2,0,5,0,1,0,1,4,2,0,0,5,0,0,3,0,1
2025-11-09,0,2,0,0,0,0,0,0,0,0,0,0,0,23,4,0,0,0,11,0,0,0,3,2,0,18,0,0,0,3,0,1,0,1,386,0,0,0,0,2,0,7,0,0,6,3,2,2,0,2,2,0,9,0,0,1,0,2,1,5,0,4,0,2,0,0,2,1,6,1,0,0,0,0,0,0,0,1,0,0,11,1,0,0,0,2,7,12,3,0,0,4,1,8,0,1,0,0,0,6,2,0,0,0,13,0,1,1,1,0,0,0,0,0,0,1,15,0,10,0,3,3,0,0,0,45,0,5,289,0,1,1,0,0,0,0,0,0,2,0,3,0,0,1,1,0,0,0,0,0,0,0,0,4,2,0,0,0,0,8,1,0,4,0,1,0,0,3,1,0,0,28,0,1,0,0,0,0,0,0,9,0,0,0,1,0,0,0,3,0,0,7,5,0,0,0,0,0,0,7,0,0,0,2,0,0,0,1,2,0,0,0,0,0,0,0,0,0,0,2,3,2,0,1,0,0,9,2,0,1,0,3,0,0,17,2,5,0,8,0,1,0,5,2,0,1,0,0,0,0,0,4,8,0,0,0,0,0,0,1,0,0,2,0,0,1,0,0,10,0,2,4,2,3,0,4,0,1,0,3,0,0,3,0,0
2025-11-16,0,3,0,0,0,1,0,0,0,0,0,0,3,38,0,1,0,0,0,1,0,0,1,41,0,16,0,0,0,22,0,0,0,3,50,0,0,1,0,9,0,5,0,0,10,2,10,0,0,3,5,0,8,0,0,1,2,0,1,7,0,11,0,0,0,0,5,1,2,2,0,0,0,0,0,0,0,0,0,2,2,2,0,0,0,5,0,26,3,0,0,8,3,11,2,0,0,0,0,9,8,0,2,0,22,0,0,0,1,2,1,0,1,0,0,0,22,1,17,0,1,0,2,0,0,38,0,6,325,0,0,1,0,0,0,0,0,0,2,0,2,3,0,0,0,0,0,2,2,0,0,0,0,0,4,0,0,0,0,12,2,0,0,0,0,0,0,3,0,0,0,26,0,2,0,2,1,0,0,0,6,0,0,0,6,2,0,0,2,0,0,12,0,0,0,0,0,0,1,7,2,0,0,5,0,0,1,1,2,0,0,0,4,0,0,1,1,0,0,2,1,3,1,5,0,0,6,0,0,0,0,3,0,3,12,3,4,0,3,0,6,0,1,1,0,1,2,0,0,0,0,1,13,0,0,0,0,0,2,3,0,0,0,0,0,0,0,0,2,0,5,3,4,2,2,0,1,0,0,7,0,0,1,0,0
2025-11-23,0,1,0,0,0,1,2,0,0,0,0,0,0,15,1,0,0,0,0,0,0,0,5,9,0,20,0,0,2,14,0,0,0,1,433,0,0,2,0,9,0,3,0,0,21,2,7,1,0,5,3,0,6,1,0,0,0,0,1,9,0,10,3,0,2,0,8,2,3,1,0,0,0,0,0,0,0,5,0,0,15,1,0,0,0,0,3,13,5,0,0,7,1,23,0,0,0,0,0,5,2,0,2,0,23,0,1,0,0,3,1,0,0,0,0,3,19,6,28,0,1,3,1,0,0,53,0,7,370,0,1,0,0,0,0,0,0,0,0,0,1,4,0,0,0,0,1,2,0,2,0,0,0,0,3,0,0,0,0,25,1,0,0,0,0,0,0,3,0,0,0,36,0,2,0,1,0,0,5,0,5,0,0,0,2,0,0,0,3,0,0,3,0,0,0,0,0,0,1,10,1,0,0,6,0,0,1,2,2,0,0,0,0,0,0,2,0,0,0,4,8,2,5,3,0,0,8,1,0,0,0,6,0,2,15,1,2,0,4,0,4,0,1,1,0,1,1,0,0,0,0,6,20,0,0,0,0,0,0,1,0,0,0,0,0,1,0,0,6,0,9,3,3,2,0,1,0,0,0,2,0,0,2,0,0
2025-11-30,0,3,0,0,0,2,0,0,0,0,0,0,0,33,0,0,1,0,1,0,0,2,1,50,0,22,0,0,0,17,0,0,0,4,90,0,0,0,0,4,0,7,0,0,17,3,12,0,1,3,4,0,13,0,0,0,0,0,0,13,0,11,0,0,0,0,10,0,5,2,0,0,0,0,0,0,0,1,1,1,13,4,0,0,0,3,3,22,4,1,0,6,1,14,2,0,0,0,0,7,2,1,2,0,40,0,1,0,3,3,0,0,0,0,0,1,37,5,19,0,3,4,3,1,1,67,0,15,391,0,0,0,0,0,0,0,0,0,2,0,0,1,0,0,1,0,1,6,0,2,0,0,0,0,7,0,0,0,0,18,2,2,1,0,2,0,0,4,0,0,0,53,1,0,1,2,3,0,0,0,6,1,0,0,6,1,0,0,3,0,0,14,0,0,0,0,0,0,1,9,1,0,0,17,0,0,0,4,0,0,0,0,0,0,0,0,0,0,0,3,3,7,1,5,2,0,14,1,0,0,0,9,0,2,10,3,3,0,4,0,8,0,0,1,0,2,1,0,1,0,0,6,22,0,0,0,3,0,0,2,0,0,1,0,0,1,0,0,8,0,6,6,0,1,1,4,2,0,0,1,0,0,9,0,1
2025-12-07,0,2,0,0,0,1,1,0,0,0,1,0,0,22,3,1,0,0,5,0,0,1,7,8,0,25,0,0,1,11,0,0,0,5,77,0,0,0,0,6,0,5,0,0,33,5,9,0,2,7,3,1,10,1,0,0,0,0,1,3,0,11,0,1,0,0,6,1,7,3,0,0,0,0,0,0,0,4,0,0,10,2,0,0,0,4,2,16,2,2,0,6,3,3,1,0,0,0,0,15,3,0,2,0,35,0,3,3,1,4,1,0,0,1,0,4,19,9,18,0,2,3,3,3,0,45,0,25,359,0,0,1,0,0,0,0,0,0,1,0,1,1,0,0,2,0,0,0,0,1,0,0,0,1,10,0,0,0,0,21,0,0,1,0,0,1,0,3,0,1,0,58,6,8,1,3,1,0,0,0,9,3,0,0,3,0,0,0,4,0,0,10,0,0,0,0,0,0,1,6,3,0,0,11,0,0,0,0,0,0,0,0,0,0,0,7,0,0,0,1,1,10,2,9,0,0,15,2,1,0,0,10,0,4,9,105,6,0,12,0,4,0,0,5,0,2,0,0,0,0,0,4,16,0,0,0,1,0,1,2,0,0,0,0,0,2,0,0,66,0,4,7,6,3,4,4,1,0,0,6,0,0,9,0,0
2025-12-14,0,7,0,0,0,0,0,0,0,0,1,0,0,30,2,0,2,0,6,0,0,0,3,63,0,18,0,0,0,9,0,0,0,4,73,0,0,3,0,11,0,9,0,1,23,4,10,0,0,2,6,0,7,0,0,1,0,4,1,18,0,10,0,2,2,0,5,1,2,1,0,0,0,0,0,0,0,1,0,2,12,2,0,0,0,0,0,11,4,1,0,10,2,12,1,0,0,0,2,13,7,1,5,0,30,0,0,0,0,0,0,0,0,0,0,6,31,2,21,0,1,4,0,0,0,39,0,11,155,0,0,2,0,0,0,0,0,0,0,0,5,0,0,0,0,0,0,16,0,1,0,0,0,3,7,0,0,0,0,20,2,0,1,0,0,0,0,3,1,1,0,36,0,3,0,1,0,1,0,0,5,0,0,0,6,1,0,0,3,0,0,9,2,0,0,0,0,0,0,11,2,0,2,4,0,0,0,3,0,0,0,0,2,0,0,1,0,0,0,2,0,3,3,5,1,0,19,1,0,0,0,3,0,6,0,4,1,0,13,0,4,0,5,3,0,0,3,0,3,0,0,0,18,0,0,0,0,0,1,8,0,0,1,0,0,1,0,0,0,0,8,3,5,4,3,6,1,0,0,6,0,0,11,0,0
2025-12-21,0,0,0,0,0,0,0,0,0,0,0,0,0,0,0,0,0,0,4,0,0,0,5,8,0,13,0,0,0,0,0,0,1,2,16,0,0,1,0,0,0,1,1,0,0,2,0,0,0,7,0,0,5,0,0,0,0,4,0,7,0,7,0,2,0,0,6,0,5,2,0,0,0,0,0,0,0,1,0,0,0,3,1,0,0,0,0,9,0,0,0,0,1,8,2,0,0,0,0,10,0,1,0,0,14,0,2,0,0,0,1,0,1,0,0,0,0,7,13,0,0,0,0,0,0,27,0,5,0,0,0,0,0,0,0,0,0,0,0,0,0,0,0,0,0,0,0,0,0,0,0,0,0,0,4,0,0,0,0,6,0,1,0,0,0,1,0,1,0,2,0,0,0,4,0,1,0,0,0,0,0,4,0,0,0,1,0,0,1,0,0,0,3,0,0,0,0,0,0,7,2,0,0,0,0,0,0,0,0,0,0,0,0,0,0,2,0,0,0,0,0,5,3,7,0,0,0,0,0,0,0,10,0,0,0,3,0,0,6,0,4,0,0,0,0,2,0,0,0,0,0,0,16,0,0,0,5,2,0,2,0,0,0,0,0,0,0,0,0,0,7,5,2,1,3,0,0,0,0,0,0,0,0,0,0
2025-12-28,0,0,0,0,0,0,3,0,0,0,0,0,0,0,0,0,0,0,1,0,1,3,7,11,0,2,0,0,0,0,0,3,1,0,21,0,0,1,0,0,0,7,0,0,0,3,0,0,0,0,0,0,15,0,0,0,0,5,0,0,0,10,0,0,0,0,5,2,5,3,0,0,0,0,0,0,0,6,0,1,0,4,0,0,0,0,0,24,0,1,0,2,4,12,3,0,0,0,0,14,0,0,0,0,10,1,4,0,0,0,0,0,1,0,0,0,0,10,0,0,5,1,0,0,0,28,0,17,8,1,0,1,0,1,0,0,0,0,0,0,0,0,0,0,0,0,0,3,0,4,0,0,0,0,5,0,0,0,0,14,2,0,0,0,0,0,0,4,0,3,0,0,0,3,0,0,0,0,0,0,0,4,0,0,0,1,0,0,1,0,0,0,4,0,0,0,0,0,1,10,4,0,0,0,0,0,0,2,0,0,5,0,0,0,0,4,0,0,0,0,0,0,5,10,1,0,0,0,0,1,0,9,0,0,0,0,0,0,4,0,4,0,0,5,0,3,0,0,0,0,0,0,30,0,0,0,3,0,0,0,0,0,0,0,0,1,0,0,0,0,15,0,0,3,3,0,0,0,0,7,0,0,2,0,1
2026-01-04,0,3,0,0,0,0,0,0,0,0,0,0,2,0,4,0,0,0,1,0,0,0,9,17,0,0,0,2,0,0,0,0,0,0,38,0,0,0,0,1,0,6,0,0,3,7,11,1,0,13,0,1,9,0,0,2,0,1,0,53,0,15,1,1,0,0,5,0,2,3,0,0,0,0,0,2,0,5,0,0,1,5,0,0,3,0,2,15,2,1,0,0,4,8,2,8,0,0,2,15,4,0,1,0,23,0,1,0,0,3,2,0,3,0,0,2,22,5,0,0,2,0,2,0,0,18,0,13,25,1,1,1,0,1,0,0,0,0,0,0,3,3,0,0,0,0,0,10,0,0,0,0,0,0,4,1,0,0,0,8,0,0,3,0,0,0,0,6,0,3,0,11,0,8,0,3,0,1,0,0,5,2,0,0,1,2,0,0,2,0,1,4,10,0,0,0,0,0,0,6,4,0,0,0,0,0,0,3,0,0,2,0,0,1,0,4,0,0,0,0,1,8,5,10,1,0,2,2,0,0,0,13,0,0,0,23,0,0,8,0,6,1,5,1,0,3,2,0,2,0,0,0,12,0,0,0,1,1,0,0,5,0,0,0,0,1,0,0,18,0,5,0,0,3,7,0,1,0,0,8,0,0,2,0,0
2026-01-11,0,2,0,0,0,0,0,0,0,0,0,0,0,40,3,0,1,0,2,0,0,7,10,55,0,24,1,0,2,41,0,2,1,4,57,0,0,1,0,12,0,5,0,0,130,3,9,0,0,14,6,0,14,2,0,0,0,3,0,80,0,16,2,0,0,0,9,0,9,4,0,0,0,0,0,3,0,4,1,2,16,3,0,0,2,5,2,47,10,2,0,1,3,11,3,1,0,0,2,15,4,2,7,0,56,1,0,1,0,5,1,1,2,5,0,3,34,3,26,0,3,1,3,1,0,47,0,21,325,0,1,1,0,0,0,0,0,0,4,0,2,1,0,0,0,0,0,11,0,2,0,0,0,6,1,0,0,1,0,79,2,0,3,0,0,0,0,8,0,3,0,23,1,7,0,0,1,0,0,0,12,1,0,0,5,2,5,0,2,0,0,11,9,0,0,0,8,0,0,5,4,0,0,3,1,0,0,3,0,0,4,0,3,0,0,2,0,0,1,1,1,5,6,12,3,0,8,1,0,0,0,12,0,2,0,8,10,0,11,0,5,2,6,1,0,2,0,0,1,0,0,5,33,0,0,0,2,1,0,3,4,0,0,0,0,0,0,0,118,0,13,4,2,5,1,2,1,0,0,3,0,0,10,0,0
2026-01-18,0,8,0,0,0,0,2,0,0,0,2,0,4,39,3,1,0,2,4,0,0,6,13,22,0,18,0,6,2,28,0,1,1,6,115,0,0,4,0,22,0,10,0,0,64,8,26,1,0,13,7,3,11,0,0,13,0,11,0,35,0,10,6,0,0,0,10,0,3,4,0,0,6,0,0,2,0,6,0,0,17,4,0,0,3,13,4,15,1,0,0,15,4,0,1,6,0,0,4,17,5,1,5,0,35,1,2,0,2,0,2,0,0,0,0,1,65,5,34,0,4,1,1,4,0,50,0,19,488,0,3,0,0,1,0,0,0,0,3,0,6,5,0,2,1,0,3,12,0,1,0,0,0,7,3,1,0,0,0,26,2,0,2,0,0,1,0,3,0,3,0,21,2,4,0,6,3,0,0,1,14,1,0,0,8,0,0,0,9,0,0,17,18,4,1,0,11,0,1,10,6,0,1,4,1,0,0,5,4,0,5,0,2,1,0,5,1,0,0,3,14,8,4,6,2,0,31,0,0,2,0,23,0,6,0,181,9,0,13,0,3,4,8,12,0,2,19,0,2,0,0,14,34,0,0,0,8,0,1,15,0,0,2,0,1,0,0,0,36,0,11,4,15,6,3,2,1,2,0,17,0,0,27,0,1
2026-01-25,3,16,0,0,0,0,0,0,0,0,2,0,1,17,1,0,0,1,5,0,0,16,0,120,0,14,2,4,19,44,0,5,0,11,52,0,0,1,0,15,0,16,0,0,26,7,17,0,0,7,5,3,2,0,0,6,7,13,0,18,0,4,3,2,1,0,10,0,13,2,0,2,4,0,1,5,0,24,8,3,11,4,0,0,5,1,1,1,9,1,0,1,12,87,0,2,0,0,4,18,0,0,6,0,44,3,3,0,1,8,7,0,3,0,0,0,47,7,30,0,0,6,0,3,0,25,0,21,462,0,0,1,0,0,2,1,0,0,2,0,6,1,0,3,0,0,0,3,0,3,0,0,0,6,10,0,0,0,0,54,3,0,2,0,0,2,0,2,0,4,0,30,4,5,4,4,0,0,1,1,20,1,0,0,1,3,0,0,2,0,0,4,7,0,0,0,4,0,2,19,2,0,1,30,0,0,0,0,4,1,3,0,1,0,0,2,1,0,2,1,1,4,1,4,2,0,15,0,0,0,0,11,0,2,0,6,6,0,14,0,4,0,6,11,0,5,10,0,6,0,0,11,47,0,0,0,2,2,0,9,0,0,2,0,0,1,0,2,2,0,21,6,9,2,1,1,0,0,0,10,0,0,12,0,1
2026-02-01,0,5,0,0,0,3,2,0,0,0,3,0,0,22,3,3,2,1,4,0,3,8,1,11,0,20,0,4,5,30,0,7,1,39,0,0,0,2,0,9,0,16,0,0,49,3,41,0,0,2,9,2,0,0,0,0,0,19,0,20,0,1,3,1,8,0,16,2,6,4,1,0,3,0,0,3,0,8,1,7,87,4,2,0,0,7,21,31,13,2,0,10,7,6,10,8,0,0,4,18,3,0,7,0,60,1,8,0,5,0,0,0,3,0,0,66,1,14,49,0,7,4,3,3,1,58,0,5,319,0,2,0,0,0,0,0,0,0,0,0,6,11,0,2,2,0,2,22,0,3,0,0,0,9,2,0,0,0,0,34,5,0,9,0,2,1,0,0,1,0,0,3,1,7,4,6,0,0,0,3,15,2,0,0,0,12,5,0,2,0,2,0,18,0,0,0,0,0,4,24,7,0,1,78,0,0,0,2,0,1,3,3,4,0,0,9,5,0,0,9,1,8,0,1,5,0,3,0,0,0,0,7,0,10,0,71,11,0,32,0,4,1,7,25,0,5,0,0,2,1,0,15,63,0,0,0,1,0,2,19,2,2,16,0,0,0,0,1,94,0,12,9,62,2,1,3,9,0,0,5,0,0,3,0,1
2026-02-08,0,9,0,0,0,3,3,0,2,0,2,0,0,15,0,2,0,0,0,0,1,14,2,60,0,3,0,0,2,2,0,2,1,17,0,0,15,1,0,0,0,24,0,0,18,12,39,0,7,3,6,1,13,0,0,5,0,25,0,232,0,0,18,2,3,0,8,7,2,7,2,1,1,0,0,0,0,5,6,0,140,8,0,3,0,0,3,44,12,3,0,27,4,3,5,23,0,2,0,32,4,0,4,1,74,3,1,2,5,0,0,0,2,5,0,168,48,7,25,1,1,11,0,0,1,65,2,8,29,0,5,0,0,0,2,0,0,0,11,0,8,0,0,0,0,1,1,6,3,5,0,0,0,11,8,0,0,1,0,64,2,7,6,0,0,3,0,0,0,0,0,0,5,9,4,6,0,2,0,2,0,0,0,0,20,1,0,1,0,0,1,8,16,1,0,0,0,0,3,12,8,0,1,30,0,0,4,5,0,1,0,0,2,0,0,5,1,0,0,1,2,10,5,5,0,0,0,14,18,4,0,28,0,3,0,23,8,0,33,0,7,0,26,3,0,5,0,0,3,0,0,23,59,0,0,0,0,3,0,29,5,0,0,0,0,0,2,0,41,0,1,0,9,0,0,17,1,2,0,0,0,0,0,0,2
2026-02-15,2,4,0,0,0,2,1,0,0,0,0,0,3,0,3,4,2,0,5,0,0,11,0,25,1,22,0,2,4,1,0,1,0,7,0,0,0,2,0,28,0,19,0,0,11,4,5,0,0,0,8,2,16,0,0,7,0,3,0,25,0,22,4,3,0,0,13,5,10,3,0,0,0,0,0,5,0,3,1,2,0,16,1,0,0,0,6,52,1,3,0,17,9,0,5,3,0,0,2,14,2,0,5,0,58,1,3,0,2,0,1,0,5,0,0,50,51,6,43,2,0,9,0,5,1,206,4,25,506,0,3,0,0,0,0,0,0,0,1,0,1,3,0,0,2,0,1,6,0,5,0,0,0,2,9,0,0,0,0,76,0,0,3,0,1,4,0,3,12,4,0,2,7,13,7,1,0,0,0,2,11,7,0,0,2,2,0,28,1,0,4,17,14,0,0,0,0,0,2,19,7,0,0,43,2,0,2,2,0,1,3,0,1,0,0,11,4,0,0,4,5,11,3,13,2,0,0,2,0,0,0,5,0,4,0,49,8,0,35,0,4,0,3,22,0,0,43,0,5,0,0,12,57,0,0,0,0,1,4,34,0,2,3,0,0,0,0,0,108,0,20,0,11,4,0,0,1,3,0,0,1,0,18,0,0
2026-02-22,0,11,0,0,0,0,5,0,0,0,1,0,1,8,2,6,0,0,6,0,3,8,0,53,5,34,0,0,1,17,0,1,0,11,0,0,3,2,0,16,0,17,1,0,176,9,24,1,1,1,4,3,11,1,0,4,0,0,0,77,0,5,5,1,0,0,17,6,0,3,2,0,2,0,0,6,0,14,4,0,26,3,0,13,0,0,4,45,0,3,0,2,6,3,5,4,0,4,7,22,5,1,17,0,77,1,1,0,3,0,1,0,1,1,0,108,82,7,17,0,5,7,0,0,0,71,0,28,637,0,1,1,0,0,0,1,0,0,3,0,0,5,0,1,0,0,0,12,1,5,0,0,0,5,8,3,0,0,0,42,2,0,4,0,0,4,0,7,0,3,0,113,0,5,7,3,4,0,1,0,12,3,0,0,8,1,1,2,0,0,1,8,4,0,0,0,0,0,0,9,7,0,1,16,0,0,4,2,0,0,2,0,4,0,0,1,1,0,0,4,11,6,10,2,0,0,1,4,0,0,0,5,0,6,0,194,5,0,25,2,6,1,13,8,0,3,0,0,1,1,0,19,49,0,0,0,0,1,2,25,0,0,1,0,2,0,0,1,47,0,5,8,19,5,3,2,1,3,0,1,0,0,8,0,4
2026-03-01,0,3,1,1,0,3,0,0,1,0,2,0,0,34,4,3,1,0,3,0,2,12,7,20,4,26,0,1,2,48,0,3,0,17,0,0,5,3,0,19,0,0,0,0,124,11,10,1,6,20,4,4,7,1,0,2,0,1,0,24,0,33,4,2,0,0,11,0,0,1,2,1,0,0,0,5,0,6,2,3,25,3,0,5,0,0,7,40,1,6,0,23,6,58,2,6,0,0,2,16,4,1,10,0,45,2,4,0,1,6,2,0,1,0,0,5,37,9,38,0,0,7,0,3,0,6,0,12,625,0,0,3,0,9,0,0,0,0,0,0,5,6,0,4,1,0,4,9,0,3,0,0,1,6,4,0,0,0,0,42,1,0,4,0,1,0,0,4,0,2,0,4,3,2,5,1,0,0,0,0,15,0,0,0,4,1,0,3,6,0,2,12,19,0,0,0,0,0,2,8,0,0,1,40,0,0,0,3,0,0,5,0,2,1,0,3,3,1,0,2,8,14,2,17,2,0,6,4,0,0,0,14,0,3,0,71,12,0,34,0,5,0,8,8,0,3,5,0,1,0,0,9,23,0,0,0,0,0,0,28,0,0,0,0,0,3,0,0,0,0,0,5,13,3,5,4,3,0,1,0,0,0,2,0,0
2026-03-08,1,9,1,4,0,3,0,0,0,0,4,0,1,54,1,2,8,0,4,0,1,14,3,56,2,25,0,0,6,62,1,2,5,7,0,0,5,0,0,17,0,24,0,1,0,8,15,1,0,3,1,2,18,3,0,7,0,20,0,102,0,21,3,3,0,0,18,4,0,4,1,4,0,0,0,7,0,10,2,1,23,6,0,3,1,0,5,45,4,7,0,18,6,1,5,6,0,0,6,23,4,1,20,1,47,6,5,0,4,3,1,0,1,6,0,8,58,14,27,0,5,9,6,0,0,1,0,29,477,0,1,3,0,17,0,1,0,0,2,0,7,5,0,1,0,0,4,31,0,3,0,0,0,4,6,1,0,0,0,57,3,2,3,0,0,1,1,12,1,3,0,0,9,6,8,1,5,2,1,1,14,0,0,0,6,2,7,4,7,0,1,18,4,0,0,0,0,0,2,12,6,0,3,31,0,0,3,4,1,3,6,1,3,0,0,4,1,2,0,2,3,0,5,7,4,0,25,2,57,0,0,12,0,8,0,42,10,0,8,2,2,0,14,9,0,2,2,0,0,0,5,10,50,0,0,0,4,1,0,34,0,1,0,0,1,3,0,0,0,0,6,7,21,10,2,9,0,1,0,4,0,0,3,1,4
2026-03-15,0,4,0,5,0,4,0,0,2,0,1,0,3,43,7,0,2,0,6,0,2,15,13,19,14,21,0,0,6,59,0,2,6,11,0,0,2,2,0,17,0,19,0,0,85,7,8,3,5,0,8,2,20,0,0,6,0,0,0,142,0,37,2,3,0,0,17,2,14,1,3,4,11,0,0,4,0,4,0,3,18,4,0,6,0,0,6,47,9,4,0,11,4,1,3,5,0,3,4,27,11,1,27,0,34,0,0,0,1,5,0,0,2,0,1,62,41,13,34,0,4,9,0,0,2,298,0,35,548,0,2,1,0,3,0,0,0,0,2,0,7,4,0,1,0,0,4,5,0,4,0,0,1,7,9,0,2,1,0,61,1,0,4,0,0,3,0,7,2,1,0,6,0,4,8,5,4,0,0,0,11,3,0,0,8,3,0,5,16,0,0,18,14,0,0,0,0,0,2,9,1,0,1,13,1,1,2,2,2,1,4,0,3,0,0,3,3,3,0,4,0,7,15,10,0,0,23,3,0,0,0,12,0,8,1,25,14,0,17,0,4,1,13,13,0,2,55,0,1,0,1,8,38,0,0,1,1,1,2,43,0,0,2,0,0,3,0,2,0,0,44,4,22,0,5,5,3,0,0,3,0,0,0,1,1
2026-03-22,0,8,0,3,0,3,3,0,0,0,2,0,2,54,13,2,0,0,5,1,2,14,11,69,15,29,0,1,4,53,1,1,3,32,0,0,7,2,0,8,0,15,0,0,87,10,21,3,4,0,6,1,10,2,0,3,0,3,0,148,0,12,4,5,0,0,24,1,0,3,2,3,0,0,0,5,0,14,0,0,16,3,2,3,0,0,4,64,14,3,0,16,9,3,8,4,0,0,8,28,13,2,34,2,66,4,0,1,7,5,4,0,2,0,0,132,57,6,32,0,3,10,2,1,0,5,0,44,609,0,2,1,0,4,2,0,0,1,4,0,7,8,0,1,1,0,4,23,0,4,0,0,0,5,10,2,0,0,0,30,4,0,4,0,1,2,0,11,0,2,0,130,0,9,9,3,2,0,4,5,6,4,0,1,6,2,0,5,9,1,4,11,21,0,0,0,0,0,0,9,8,0,4,2,3,2,3,1,3,2,6,0,5,0,0,5,5,2,0,2,7,10,8,8,4,0,34,3,0,1,0,35,0,4,7,192,4,0,23,4,5,0,14,14,0,0,1,0,4,0,3,10,41,0,0,0,8,2,3,37,0,1,0,0,2,4,0,1,0,0,2,5,17,0,4,0,0,5,1,15,0,0,21,0,0
2026-03-29,2,2,0,6,0,3,0,0,0,0,3,0,1,46,2,1,0,0,6,1,0,21,6,17,20,28,0,0,3,55,0,2,4,14,0,0,1,2,0,25,0,15,2,0,0,7,7,1,4,39,2,12,18,3,0,8,0,5,0,76,0,15,5,3,4,5,8,6,2,2,2,6,1,0,0,5,0,0,2,2,0,5,1,1,0,0,3,60,11,3,0,10,8,1,5,2,0,1,6,29,4,0,10,1,27,4,4,1,2,5,4,0,1,0,0,7,37,8,33,2,2,10,0,5,0,5,0,38,571,0,2,0,0,3,0,0,0,0,0,0,7,8,0,0,0,1,2,11,0,6,0,0,1,6,13,1,0,0,0,19,1,2,2,0,2,2,0,4,2,0,0,0,1,3,6,4,6,0,0,2,0,5,0,0,6,2,0,0,7,1,4,13,21,0,0,0,0,0,0,9,4,0,2,17,3,2,0,2,6,0,1,0,6,0,0,4,0,2,0,4,2,11,4,9,0,0,13,2,0,0,0,2,0,6,3,22,1,0,17,1,4,1,6,4,0,3,4,0,1,0,5,10,39,0,0,0,7,2,3,46,4,0,0,0,2,2,0,2,0,0,5,2,21,0,4,0,0,3,0,2,0,0,0,0,1
2026-04-05,2,6,0,3,0,3,1,0,2,0,5,0,0,51,2,4,5,0,8,0,2,0,9,38,12,19,0,0,3,48,0,3,4,19,0,0,0,6,0,18,0,21,0,1,2,15,14,0,5,1,2,11,13,7,0,9,0,0,0,78,0,29,2,0,3,2,20,3,13,2,0,1,0,0,0,3,0,7,0,2,0,6,0,6,0,0,3,30,13,1,0,14,8,0,2,1,0,0,9,0,6,0,23,2,76,3,0,0,1,5,11,0,2,4,0,5,71,0,42,1,0,13,0,2,0,2,0,17,286,0,0,1,0,7,0,0,0,1,0,0,11,7,0,2,0,0,0,25,1,3,0,0,0,3,6,3,2,0,0,44,3,0,4,0,0,0,0,6,2,1,0,3,10,4,9,5,0,0,5,1,0,2,0,0,5,3,0,3,6,0,4,8,17,0,0,0,0,0,0,8,12,2,1,22,4,0,0,4,6,1,5,0,2,0,0,2,0,0,0,3,7,9,5,9,3,0,0,2,55,3,0,0,0,5,6,68,0,0,21,1,6,0,8,12,0,2,2,0,1,0,0,12,52,0,0,0,11,4,2,38,0,1,0,0,0,2,0,1,0,0,0,0,11,6,0,14,1,1,0,2,0,0,1,0,0
2026-04-12,2,0,0,0,0,2,0,0,1,0,4,0,3,1,0,1,0,0,6,0,0,0,10,18,0,19,0,0,0,27,0,0,0,6,0,0,0,3,0,0,0,16,0,0,0,0,0,0,0,0,4,2,14,1,0,5,0,0,0,85,0,0,4,3,0,1,10,3,0,0,0,7,2,0,0,0,0,0,0,0,0,0,0,2,0,0,0,0,8,0,0,12,6,0,6,5,0,0,0,0,0,0,6,1,8,2,3,0,0,4,1,0,2,0,0,9,0,0,37,0,0,8,1,0,0,147,0,5,5,0,0,4,0,4,0,0,0,1,0,0,0,4,0,1,0,0,0,13,0,1,0,0,0,5,5,0,0,0,0,51,1,0,0,0,0,3,0,0,0,0,0,6,0,0,0,0,0,0,1,0,0,2,0,0,0,2,0,0,0,0,0,0,0,0,0,0,0,0,0,7,2,0,3,28,1,0,4,2,0,0,0,0,5,0,0,6,0,0,0,4,1,0,4,0,0,0,0,0,0,0,0,0,0,0,9,11,0,0,12,1,5,0,0,1,0,2,48,0,0,0,0,22,0,0,0,1,8,0,0,37,0,0,0,0,0,1,0,1,1,0,0,0,0,0,0,0,0,1,0,10,0,0,0,0,2
2026-04-19,0,0,0,0,0,0,0,0,0,0,0,0,0,0,0,0,0,0,0,0,0,0,0,0,0,0,0,0,0,0,0,0,0,0,0,0,0,0,0,0,0,0,0,0,0,0,0,0,0,0,0,0,0,0,0,0,0,0,0,0,0,0,0,0,0,0,0,0,0,0,0,0,0,0,0,0,0,0,0,0,0,0,0,0,0,0,0,0,7,0,0,0,0,0,0,0,0,0,0,0,0,0,0,0,4,0,0,0,0,0,0,0,0,0,0,0,0,0,0,0,0,0,0,0,0,0,0,0,1,0,0,0,0,0,0,0,0,0,0,0,0,0,0,0,0,0,0,0,0,0,0,0,0,0,0,0,0,0,0,0,0,0,0,0,0,0,0,0,0,0,0,0,0,0,0,0,0,0,0,0,0,0,0,0,0,0,0,0,0,0,0,0,0,0,0,0,0,0,0,0,0,0,0,0,0,0,0,0,0,0,0,0,0,0,0,0,0,0,0,0,0,0,0,0,0,0,0,0,0,0,0,0,0,0,0,0,0,0,0,0,0,0,0,0,0,0,0,0,0,0,0,0,0,0,0,0,0,0,0,25,0,0,0,0,0,0,0,0,0,0,0,0,0,0,0,0,0,0,0,0,0,0,0,0,0
2026-04-26,0,0,0,0,0,0,0,0,0,0,0,0,0,0,0,0,0,0,0,0,0,0,0,0,0,0,0,0,0,0,0,0,0,0,0,0,0,0,0,0,0,0,0,0,0,0,0,0,0,0,0,0,0,0,0,0,0,0,0,0,0,0,0,0,0,0,0,0,0,0,0,0,0,0,0,0,0,0,0,0,0,0,0,0,0,0,0,0,0,0,0,0,0,0,0,0,0,0,0,0,0,0,0,0,0,0,0,0,0,0,0,0,0,0,0,0,0,0,0,0,0,0,0,0,0,0,0,0,0,0,0,0,0,0,0,0,0,0,0,0,0,0,0,0,0,0,0,0,0,0,0,0,0,0,0,0,0,0,0,0,0,0,0,0,0,0,0,0,0,0,0,0,0,0,0,0,0,0,0,0,0,0,0,0,0,0,0,0,0,0,0,0,0,0,0,0,0,0,0,0,0,0,0,0,0,0,0,0,0,0,0,0,0,0,0,0,0,0,0,0,0,0,0,0,0,0,0,0,0,0,0,0,0,0,0,0,0,0,0,0,0,0,0,0,0,0,0,0,0,0,0,0,0,0,0,0,0,0,0,0,0,0,0,0,0,0,0,0,0,0,0,0,0,0,0,0,0,0,0,0,0,0,0,0,0
2026-05-03,0,0,0,0,0,0,0,0,0,0,0,0,0,0,0,0,0,0,0,0,0,0,0,0,0,0,0,0,0,0,0,0,0,0,0,0,0,0,0,0,0,0,0,0,0,0,0,0,0,0,0,0,0,0,0,0,0,0,0,0,0,0,0,0,0,0,0,0,0,0,0,0,0,0,0,0,0,0,0,0,0,0,0,0,0,0,0,0,0,0,0,0,0,0,0,0,0,0,0,0,0,0,0,0,0,0,0,0,0,0,0,0,0,0,0,0,0,0,0,0,0,0,0,0,0,0,0,0,0,0,0,0,0,0,0,0,0,0,0,0,0,0,0,0,0,0,0,0,0,0,0,0,0,0,0,0,0,0,0,0,0,0,0,0,0,0,0,0,0,0,0,0,0,0,0,0,0,0,0,0,0,0,0,0,0,0,0,0,0,0,0,0,0,0,0,0,0,0,0,0,0,0,0,0,0,0,0,0,0,0,0,0,0,0,0,0,0,0,0,0,0,0,0,0,0,0,0,0,0,0,0,0,0,0,0,0,0,0,0,0,0,0,0,0,0,0,0,0,0,0,0,0,0,0,0,0,0,0,0,0,0,0,0,0,0,0,0,0,0,0,0,0,0,0,0,0,0,0,0,0,0,0,0,0,0
2026-05-10,0,0,0,0,0,0,0,0,0,0,0,0,0,1,0,0,0,0,0,0,0,0,0,0,0,0,0,0,0,0,0,0,0,0,0,0,0,0,0,0,0,0,0,0,0,0,0,0,0,0,0,0,0,0,0,0,0,0,0,0,0,0,0,0,0,0,0,0,0,0,0,0,0,0,0,0,0,0,0,0,0,0,0,0,0,0,0,0,0,0,0,0,0,0,0,0,0,0,0,0,0,0,0,0,0,0,0,0,0,0,0,0,0,0,0,0,0,0,0,0,0,0,0,0,0,0,0,0,0,0,0,0,0,0,0,0,0,0,0,0,0,0,0,0,0,0,0,0,0,0,0,0,0,0,0,0,0,0,0,0,0,0,0,0,0,0,0,0,0,0,0,0,0,0,0,0,0,0,0,0,0,0,0,0,0,0,0,0,0,0,0,0,0,0,0,0,0,0,0,0,0,0,0,0,0,0,0,0,0,0,0,0,0,0,0,0,0,0,0,0,0,0,0,0,0,0,0,0,0,0,0,0,0,0,0,0,0,0,0,0,0,0,0,0,0,0,0,0,0,0,0,0,0,0,0,0,0,0,0,0,0,0,0,0,0,0,0,0,0,0,0,0,0,0,0,0,0,0,0,0,0,0,0,0,0
2026-05-17,0,0,0,0,0,0,0,0,0,0,0,0,0,1,0,0,0,0,0,0,0,0,0,0,0,0,0,0,0,0,0,0,0,0,0,0,0,0,0,0,0,0,0,0,0,0,0,0,0,0,0,0,0,0,0,0,0,0,0,0,0,0,0,0,0,0,0,0,0,0,0,0,0,0,0,0,0,0,0,0,0,0,0,0,0,0,0,0,0,0,0,0,0,0,0,0,0,0,0,0,0,0,0,0,0,0,0,0,0,0,0,0,0,0,0,0,0,0,0,0,0,0,0,0,0,0,0,0,0,0,0,0,0,0,0,0,0,0,0,0,0,0,0,0,0,0,0,0,0,0,0,0,0,0,0,0,0,0,0,0,0,0,0,0,0,0,0,0,0,0,0,0,0,0,0,0,0,0,0,0,0,0,0,0,0,0,0,0,0,0,0,0,0,0,0,0,0,0,0,0,0,0,0,0,0,0,0,0,0,0,0,0,0,0,0,0,0,0,0,0,0,0,0,0,0,0,0,0,0,0,0,0,0,0,0,0,0,0,0,0,0,0,0,0,0,0,0,0,0,0,0,0,0,0,0,0,0,0,0,0,0,0,0,0,0,0,0,0,0,0,0,0,0,0,0,0,0,0,0,0,0,0,0,0,0
2026-05-24,0,0,0,0,0,0,0,0,0,0,0,0,0,0,0,0,0,0,0,0,0,0,0,0,0,0,0,0,0,0,0,0,0,0,0,0,0,0,0,0,0,0,0,0,0,0,0,0,0,0,0,0,0,0,0,0,0,0,0,0,0,0,0,0,0,0,0,0,0,0,0,0,0,0,0,0,0,0,0,0,0,0,0,0,0,0,0,0,0,0,0,0,0,0,0,0,0,0,0,0,0,0,0,0,0,0,0,0,0,0,0,0,0,0,0,0,0,0,0,0,0,0,0,0,0,1,0,0,0,0,0,0,0,0,0,0,0,0,0,0,0,0,0,0,0,0,0,0,0,0,0,0,0,0,0,0,0,0,0,0,0,0,0,0,0,0,0,0,0,0,0,0,0,0,0,0,0,0,0,0,0,0,0,0,0,0,0,0,0,0,0,0,0,0,0,0,0,0,0,0,0,0,0,0,0,0,0,0,0,0,0,0,0,0,0,0,0,0,0,0,0,0,0,0,0,0,0,0,0,0,0,0,0,0,0,0,0,0,0,0,0,0,0,0,0,0,0,0,0,0,0,0,0,0,0,0,0,0,0,0,0,0,0,0,0,0,0,0,0,0,0,0,0,0,0,0,0,0,0,0,0,0,0,0,0
2026-05-31,0,0,0,0,0,0,0,0,0,0,0,0,0,0,0,0,0,0,0,0,0,0,0,0,0,0,0,0,0,0,0,0,0,0,0,0,0,0,0,0,0,0,0,0,0,0,0,0,0,0,0,0,0,0,0,0,0,0,0,0,0,0,0,0,0,0,0,0,0,0,0,0,0,0,0,0,0,0,0,0,0,0,0,0,0,0,0,0,0,0,0,0,0,0,0,0,0,0,0,0,0,0,0,0,0,0,0,0,0,0,0,0,0,0,0,0,0,0,0,0,0,0,0,0,0,0,0,0,0,0,0,0,0,0,0,0,0,0,0,0,0,0,0,0,0,0,0,0,0,0,0,0,0,0,0,0,0,0,0,0,0,0,0,0,0,0,0,0,0,0,0,0,0,0,0,0,0,0,0,0,0,0,0,0,0,0,0,0,0,0,0,0,0,0,0,0,0,0,0,0,0,0,0,0,0,0,0,0,0,0,0,0,0,0,0,0,0,0,0,0,0,0,0,0,0,0,0,0,0,0,0,0,0,0,0,0,0,0,0,0,0,0,0,0,0,0,0,0,0,0,0,0,0,0,0,0,0,0,0,0,0,0,0,0,0,0,0,0,0,0,0,0,0,0,0,0,0,0,0,0,0,0,0,0,0
2026-06-07,0,0,0,1,0,0,0,0,0,0,0,0,0,0,0,0,0,0,0,0,0,0,0,2,0,0,0,0,0,0,0,0,0,0,0,0,0,0,0,0,0,0,0,0,0,0,0,0,0,0,5,0,0,0,0,0,0,0,0,1,0,3,0,0,0,0,7,1,0,0,0,0,0,0,0,0,0,0,0,0,0,0,0,0,0,0,0,0,7,0,0,0,0,0,0,0,0,0,0,0,0,0,0,0,4,0,0,0,0,0,0,0,0,0,0,1,0,0,0,0,0,6,0,0,0,0,0,0,1,0,0,0,0,2,0,0,0,0,0,0,0,0,0,0,0,0,0,0,0,1,0,0,0,0,0,0,0,0,0,0,0,0,0,0,0,0,0,0,0,0,0,5,0,0,0,0,0,0,0,0,0,0,0,0,0,0,0,0,4,0,0,8,0,0,0,0,0,0,0,0,0,0,0,0,0,0,0,0,0,0,0,0,0,0,0,0,0,0,0,0,2,0,2,0,0,0,0,0,0,0,0,0,0,0,0,7,0,0,3,0,0,0,0,0,0,0,1,0,0,0,0,1,0,0,0,0,0,0,0,18,0,0,0,0,0,0,0,0,0,0,0,0,0,0,0,0,0,0,0,0,0,0,0,0,0
2026-06-14,0,0,0,0,0,0,0,0,0,0,0,0,0,0,0,0,0,0,0,0,0,0,0,0,0,0,0,0,0,0,0,0,0,0,0,0,0,0,0,0,0,0,0,0,0,0,0,0,0,0,0,0,0,0,0,0,0,0,0,0,0,0,0,0,0,0,0,0,0,0,0,0,0,0,0,0,0,0,0,0,0,0,0,0,0,0,0,0,0,0,0,0,0,0,0,0,0,0,0,0,0,0,0,0,0,0,0,0,0,0,0,0,0,0,0,0,0,0,0,0,0,0,0,0,0,0,0,0,0,0,0,0,0,0,0,0,0,0,0,0,0,0,0,0,0,0,0,0,0,0,0,0,0,0,0,0,0,0,0,0,0,0,0,0,0,0,0,0,0,0,0,0,0,0,0,0,0,0,0,0,0,0,0,0,0,0,0,0,0,0,0,0,0,0,0,0,0,0,0,0,0,0,0,0,0,0,0,0,0,0,0,0,0,0,0,0,0,0,0,0,0,0,0,0,0,0,0,0,0,0,0,0,0,0,0,0,0,0,0,0,0,0,0,0,0,0,0,0,0,0,0,0,0,0,0,0,0,0,0,0,0,0,0,0,0,0,0,0,0,0,0,0,0,0,0,0,0,0,0,0,0,0,0,0,0
2026-06-21,0,0,0,0,0,0,0,0,0,0,0,0,0,0,0,0,0,0,0,0,0,0,0,0,0,0,0,0,0,0,0,0,0,0,0,0,0,0,0,0,0,0,0,0,0,0,0,0,0,0,0,0,0,0,0,0,0,0,0,0,0,0,0,0,0,0,0,0,0,0,0,0,0,0,0,0,0,0,0,0,0,0,0,0,0,0,0,0,0,0,0,0,0,0,0,0,0,0,0,0,0,0,0,0,0,0,0,0,0,0,0,0,0,0,0,0,0,0,0,0,0,0,0,0,0,0,0,0,0,0,0,0,0,0,0,0,0,0,0,0,0,0,0,0,0,0,0,0,0,0,0,0,0,0,0,0,0,0,0,0,0,0,0,0,0,0,0,0,0,0,0,0,0,0,0,0,0,0,0,0,0,0,0,0,0,0,0,0,0,0,0,0,0,0,0,0,0,0,0,0,0,0,0,0,0,0,0,0,0,0,0,0,0,0,0,0,0,0,0,0,0,0,0,0,0,0,0,0,0,0,0,0,0,0,0,0,0,0,0,0,0,0,0,0,0,0,0,0,0,0,0,0,0,0,0,0,0,0,0,0,0,0,0,0,0,0,0,0,0,0,0,0,0,0,0,0,0,0,0,0,0,0,0,0,0
2026-06-28,0,0,0,0,0,0,0,0,0,0,0,0,0,0,0,0,0,0,0,0,0,0,0,0,0,0,0,0,0,0,0,0,0,0,0,0,0,0,0,0,0,0,0,0,0,0,0,0,0,0,0,0,0,0,0,0,0,0,0,0,0,0,0,0,0,0,0,0,0,0,0,0,0,0,0,0,0,0,0,0,0,0,0,0,0,0,0,0,0,0,0,0,0,0,0,0,0,0,0,0,0,0,0,0,0,0,0,0,0,0,0,0,0,0,0,0,0,0,0,0,0,0,0,0,0,0,0,0,0,0,0,0,0,0,0,0,0,0,0,0,0,0,0,0,0,0,0,0,0,0,0,0,0,0,0,0,0,0,0,0,0,0,0,0,0,0,0,0,0,0,0,0,0,0,0,0,0,0,0,0,0,0,0,0,0,0,0,0,0,0,0,0,0,0,0,0,0,0,0,0,0,0,0,0,0,0,0,0,0,0,0,0,0,0,0,0,0,0,0,0,0,0,0,0,0,0,0,0,0,0,0,0,0,0,1,0,0,0,0,0,0,0,0,0,0,0,0,0,0,0,0,0,0,0,0,0,0,0,0,2,0,0,0,0,0,0,0,0,0,0,0,0,0,0,0,0,0,0,0,0,0,0,0,0,0
2026-07-05,0,0,0,0,0,0,0,0,0,0,0,0,0,0,0,0,0,0,0,0,0,0,0,0,0,0,0,0,0,0,0,0,0,0,0,0,0,0,0,0,0,0,0,0,0,0,0,0,0,0,0,0,0,0,0,0,0,0,0,0,0,0,0,0,0,0,0,0,0,0,0,0,0,0,0,0,0,0,0,0,0,0,0,0,0,0,0,0,0,0,0,0,0,0,0,0,0,0,0,0,0,0,0,0,0,0,0,0,0,0,0,0,0,0,0,0,0,0,0,0,0,0,0,0,0,0,0,0,0,0,0,0,0,0,0,0,0,0,0,0,0,0,0,0,0,0,0,0,0,0,0,0,0,0,0,0,0,0,0,0,0,0,0,0,0,0,0,0,0,0,0,0,0,0,0,0,0,0,0,0,0,0,0,0,0,0,0,0,0,0,0,0,0,0,0,0,0,0,0,0,0,0,0,0,0,0,0,0,0,0,0,0,0,0,0,0,0,0,0,0,0,0,0,0,0,0,0,0,0,0,0,0,0,0,0,0,0,0,0,0,0,0,0,0,0,0,0,0,0,0,0,0,0,0,0,0,0,0,0,0,0,0,0,0,0,0,0,0,0,0,0,0,0,0,0,0,0,0,0,0,0,0,0,0,0
2026-07-12,0,0,0,0,0,0,0,0,0,0,0,0,0,0,0,0,0,0,0,0,0,0,0,0,0,0,0,0,0,0,0,0,0,0,0,0,0,0,0,0,0,0,0,0,0,0,0,0,0,0,0,0,0,0,0,0,0,0,0,0,0,0,0,0,0,0,0,0,0,0,0,0,0,0,0,0,0,0,0,0,0,0,0,0,0,0,0,0,0,0,0,0,0,0,0,0,0,0,0,0,0,0,0,0,3,0,0,0,0,0,0,0,0,0,0,0,0,0,0,0,0,0,0,0,0,0,0,0,0,0,0,0,0,0,0,0,0,0,0,0,0,0,0,0,0,0,0,0,0,0,0,0,0,0,0,0,0,0,0,0,0,0,0,0,0,0,0,0,0,0,0,0,0,0,0,0,0,0,0,0,0,0,0,0,0,0,0,0,0,0,0,0,0,0,0,0,0,0,0,0,0,0,0,0,0,0,0,0,0,0,0,0,0,0,0,0,0,0,0,0,0,0,0,0,0,0,0,0,0,0,0,0,0,0,0,0,0,0,0,0,0,0,0,0,0,0,0,0,0,0,0,0,0,0,0,0,0,0,0,2,0,0,0,0,0,0,0,0,0,0,0,0,0,0,0,0,0,0,0,0,0,0,0,0,0
2026-07-19,0,0,0,0,0,0,0,0,0,0,0,0,0,11,0,0,0,0,3,0,0,1,3,6,1,0,0,0,0,7,0,0,0,0,0,0,0,0,0,0,0,0,0,0,0,0,0,0,0,0,0,0,0,0,0,0,0,0,0,3,0,0,1,2,0,0,0,0,0,0,0,0,0,0,0,0,0,0,0,0,2,0,0,0,0,0,0,0,0,2,0,1,0,0,0,0,0,0,0,1,4,0,0,0,21,0,0,0,0,0,0,0,0,0,0,0,8,0,3,0,0,0,0,0,0,0,0,6,155,0,0,0,0,0,0,0,0,0,0,0,0,0,0,0,0,0,0,0,0,0,0,0,0,0,1,0,0,0,0,3,0,0,1,0,0,0,0,0,0,0,0,4,0,0,2,0,0,0,0,0,0,1,0,0,0,0,0,0,0,0,0,0,0,0,0,0,0,0,0,0,0,0,0,0,0,0,0,0,0,0,0,1,0,0,0,0,0,0,0,0,1,0,1,0,0,0,4,0,0,0,0,0,0,0,0,12,0,0,0,0,0,0,0,0,0,1,1,0,0,0,0,5,1,0,0,0,0,0,0,5,0,1,0,0,0,0,0,0,1,0,0,0,0,0,0,0,0,0,0,0,0,0,3,0,0
2026-07-26,0,0,0,0,0,0,0,0,0,0,0,0,0,0,0,0,0,0,0,0,0,0,0,0,0,0,0,0,0,0,0,0,0,0,0,0,0,0,0,0,0,0,0,0,0,0,0,0,0,0,0,0,0,0,0,0,0,0,0,0,0,0,0,0,0,0,0,0,0,0,0,0,0,0,0,0,0,0,0,0,0,0,0,0,0,0,0,0,0,0,0,0,0,0,0,0,0,0,0,0,0,0,0,0,0,0,0,0,0,0,0,0,0,0,0,0,0,0,0,0,0,0,0,0,0,0,0,0,0,0,0,0,0,0,0,0,0,0,0,0,0,0,0,0,0,0,0,0,0,0,0,0,0,0,0,0,0,0,0,0,0,0,0,0,0,0,0,0,0,0,0,0,0,0,0,0,0,0,0,0,0,0,0,0,0,0,0,0,0,0,0,0,0,0,0,0,0,0,0,0,0,0,0,0,0,0,0,0,0,0,0,0,0,0,0,0,0,0,0,0,0,0,0,0,0,0,0,0,0,0,0,0,0,0,0,0,0,0,0,0,0,0,0,0,0,0,0,0,0,0,0,2,0,0,0,0,0,0,0,0,0,0,0,0,0,0,0,0,0,0,0,0,0,0,0,0,0,0,0,0,0,0,0,0,0
2026-08-02,0,0,0,0,0,0,0,0,0,0,0,0,0,0,0,0,0,0,0,0,0,0,4,1,0,0,0,0,0,0,0,0,0,0,0,0,0,0,0,0,0,2,0,0,0,0,0,0,0,2,0,0,0,0,0,0,0,0,0,3,0,0,0,0,0,0,1,3,0,0,0,0,0,0,0,0,0,0,0,0,0,0,0,1,0,0,1,0,0,2,0,4,0,0,0,0,0,0,0,5,0,0,1,0,5,0,2,0,0,0,0,0,0,0,0,0,0,0,16,0,1,3,0,0,0,0,0,1,142,0,0,0,0,1,0,0,0,0,0,0,0,0,0,0,0,0,0,0,0,0,0,0,0,0,0,0,0,0,0,0,0,0,0,0,0,1,0,0,0,0,0,1,0,0,0,0,0,0,0,0,0,0,0,0,0,0,0,0,3,0,0,8,0,0,0,0,0,0,0,0,0,0,0,0,0,0,0,0,0,0,0,0,0,0,0,0,0,0,0,0,0,0,3,0,0,0,0,0,0,0,0,0,0,0,0,3,0,0,1,0,0,0,0,6,0,0,2,0,0,0,0,8,0,0,0,0,0,0,0,5,0,0,0,0,0,0,0,0,3,0,0,0,0,0,0,0,0,0,0,0,0,0,0,0,0
