Semana,ALTO URUGUAI CATARINENSE,ALTO VALE DO ITAJAÍ,ALTO VALE DO RIO DO PEIXE,CARBONÍFERA,EXTREMO OESTE,EXTREMO SUL CATARINENSE,FOZ DO RIO ITAJAÍ,GRANDE FLORIANÓPOLIS,LAGUNA,MEIO OESTE,MÉDIO VALE DO ITAJAÍ,NORDESTE,OESTE,PLANALTO NORTE,SERRA CATARINENSE,VALE DO ITAPOCU,XANXERÊ
2014-01-05,46.780174,37.71627,42.571877,30.426136,10.817708,30.657408,13.942307,31.126812,31.04861,34.25,21.430555,4.925,19.086805,39.87899,34.750828,14.463235,27.71875
2014-01-12,19.568966,63.319443,45.2375,55.125,9.911458,55.208332,19.711538,23.699276,38.28472,28.644531,44.336113,38.15,12.628472,48.86436,32.53063,29.845589,21.129808
2014-01-19,2.5905173,3.1785715,3.7390625,27.147728,1.0286459,19.648148,0.7692308,7.3514495,7.6597223,4.1679688,2.85,5.23,2.3298612,2.0345745,6.040563,5.4191175,3.3701923
2014-01-26,10.38362,0.578373,5.596875,8.025568,2.8684895,30.895834,0.0625,0.6702899,4.9756947,11.302734,0.21805556,1.58,7.328125,3.7386968,4.2963576,0.55514705,3.6358173
2014-02-02,5.9676723,1.6309524,9.46875,12.002841,0.7291667,14.027778,0.057692308,2.3677535,3.6006944,10.131836,3.0875,1.2825,0.3576389,3.3078458,14.689569,1.3529412,1.8557693
2014-02-09,46.681034,35.705357,33.67031,70.170456,17.47526,99.166664,14.836538,31.684782,49.137154,45.905273,22.272223,18.84,39.65278,27.255983,37.481373,22.82353,44.23077
2014-02-16,2.3943965,13.020833,7.0734377,20.414772,7.8958335,10.62963,10.072115,13.317935,17.45139,10.457031,19.006945,28.565,4.5850697,9.030585,11.371689,16.67647,2.75
2014-02-23,42.176723,54.800594,38.603905,42.696022,14.639323,56.726852,50.682693,78.5308,39.682293,57.677734,61.644444,29.9675,28.137154,31.03258,75.50124,38.860294,28.860577
2014-03-02,60.452587,41.04762,33.284374,20.97159,63.153645,20.777779,37.548077,15.217391,8.496528,52.82617,46.605556,27.53,59.166668,32.523937,33.43957,37.889706,60.38702
2014-03-09,19.538794,41.22222,20.815624,31.079546,17.479166,13.481482,76.97115,39.699276,23.340279,16.78711,59.01389,55.89,35.739582,64.62766,20.732616,80.007355,30.399038
2014-03-16,105.403015,31.381945,55.21172,56.61932,73.37891,93.291664,39.783653,41.714672,38.93403,85.46777,41.419445,24.2025,79.236115,53.96875,52.93005,49.28309,102.6274
2014-03-23,0.0,1.0496032,0.2171875,14.517045,0.578125,8.416667,3.7403846,11.025362,16.190971,0.001953125,2.6694446,4.88,0.2013889,0.62101066,1.1283113,4.8161764,0.46153846
2014-03-30,50.65948,7.7123017,17.49375,47.335228,48.79948,24.875,29.778847,29.862318,48.118057,33.41797,21.080555,36.72,38.708332,13.203458,21.64404,28.433823,42.15625
2014-04-06,65.284485,15.773809,27.536718,14.732955,108.311195,28.842592,14.894231,23.434782,19.65625,41.075195,9.969444,5.0875,98.6875,14.638298,34.48179,7.3713236,50.3738
2014-04-13,4.5689654,2.9087303,7.8875,1.1818181,13.052083,0.6111111,7.394231,3.8913043,0.8923611,12.236328,3.3111112,5.96,11.197917,5.6555853,3.0405629,4.8382354,6.2139425
2014-04-20,3.247845,13.948413,9.346875,24.110796,4.2486978,13.611111,2.9903846,5.634058,19.39757,5.5947266,10.891666,22.795,6.3003473,12.772607,12.765314,16.522058,6.8689904
2014-04-27,168.1293,35.753967,77.185936,5.221591,159.83073,4.5925927,7.125,4.95471,4.6631947,133.85938,10.752778,5.145,179.57986,20.538565,56.187084,7.3235292,139.05289
2014-05-04,2.0086207,2.2242064,2.503125,12.977273,3.3307292,9.041667,1.8173077,6.9619565,11.159722,3.1914062,2.3194444,1.755,1.5798612,1.5691489,6.794702,1.3161764,0.6610577
2014-05-11,2.5215516,7.0575395,4.1484375,5.8636365,1.7916666,18.412037,3.6826923,5.8731885,5.079861,16.824219,6.038889,1.86,4.2708335,1.6542553,12.687086,3.4485295,4.514423
2014-05-18,75.280174,24.75,41.525,28.130682,61.01302,22.092592,13.663462,17.445652,26.878471,72.5293,14.955556,13.845,68.37153,14.868351,76.46109,18.139706,33.036057
2014-05-25,28.060345,24.0,23.528126,18.488636,37.4375,28.648148,20.942308,25.942028,27.5625,31.414062,24.477777,19.1,33.53472,30.789894,31.577814,27.75,12.942307
2014-06-01,21.85776,45.74206,37.304688,60.5625,16.643229,71.67593,52.75,33.335144,46.614582,33.783203,54.788887,41.56,14.072917,41.277927,56.896523,52.683823,18.836538
2014-06-08,29.051723,37.920635,26.040625,40.085228,28.052084,33.444443,34.067307,41.416668,33.0625,42.720703,44.261112,12.95,27.711805,6.7154255,51.307945,26.985294,26.252403
2014-06-15,5.9698277,16.081348,7.947656,6.3863635,6.3489585,2.976852,9.634615,9.029891,6.4270835,12.245117,14.909722,17.54,4.1475697,8.729388,6.8290563,22.547794,9.198318
2014-06-22,323.5905,110.27381,155.675,94.181816,253.74219,72.87963,43.634617,58.650364,75.09722,267.35938,61.08889,4.67,339.7639,37.970745,180.9048,16.772058,209.25961
2014-06-29,2.8275862,0.78075397,1.0757812,4.130682,0.6614583,7.414352,0.72115386,0.25543478,1.4565972,3.0449219,0.2777778,0.125,3.4305556,0.36768618,8.337749,0.14338236,2.6466346
2014-07-06,10.525862,4.7777777,2.5054688,26.21591,20.009115,19.57176,4.1778846,4.879529,19.34375,4.6660156,5.7930555,9.9575,16.944445,2.950133,6.576987,9.341911,13.930288
2014-07-13,14.672414,1.3373016,5.0289063,7.1420455,17.570312,11.891204,7.5576925,4.3097825,2.390625,9.829102,7.3125,4.9625,16.42014,6.1010637,10.273593,6.6911764,15.362981
2014-07-20,63.607758,29.007936,34.447655,17.329546,69.24349,14.844908,18.557692,16.227356,17.168404,53.109375,14.225,4.8725,61.914932,28.134974,38.379967,8.275735,69.18389
2014-07-27,21.323277,9.176587,9.559375,17.869318,5.8385415,17.171297,5.923077,6.4492755,10.107639,15.917969,9.7277775,6.78,10.184028,1.3510638,15.057119,5.132353,14.824519
2014-08-03,4.87931,1.2896825,1.978125,11.329545,0.94401044,8.986111,1.9230769,5.552536,8.572917,3.9160156,1.6652777,3.065,1.6215278,0.8484042,5.826159,3.5220587,1.6658654
2014-08-10,34.61638,35.829365,37.448437,26.539772,15.75,31.180555,47.375,19.09058,25.722221,28.333984,33.355556,37.28,29.802084,39.55585,24.798014,56.889706,23.454327
2014-08-17,0.012931035,0.20039682,0.1953125,0.42613637,0.018229166,0.074074075,0.125,0.26811594,0.090277776,0.24023438,0.15,0.56,0.06944445,0.2606383,0.024834437,0.16911764,0.28365386
2014-08-24,6.413793,12.398809,13.176562,0.53409094,10.535156,0.2962963,5.8076925,9.556159,4.9583335,7.2929688,10.938889,2.855,13.934028,12.341755,3.8961093,5.117647,11.378606
2014-08-31,57.87069,31.920635,36.003124,29.84091,32.690105,28.86574,36.673077,33.97826,24.538195,43.398438,34.558334,47.325,53.333332,50.609043,33.5,53.39706,42.802883
2014-09-07,2.862069,0.37896827,0.3125,10.755682,1.90625,28.38889,1.7403846,0.7880435,3.7916667,2.9472656,1.3527777,4.275,1.7777778,0.22207446,9.328643,4.25,0.9110577
2014-09-14,65.93535,33.92262,47.29375,7.284091,108.6224,2.1620371,17.846153,18.349638,5.1284723,53.32617,27.625,30.865,94.739586,47.656914,26.870861,29.852942,75.08654
2014-09-21,42.875,33.52381,39.96328,36.00568,44.36198,32.166668,34.53846,28.734602,28.739584,45.77539,27.641666,19.0175,38.15625,29.410904,48.526077,27.30147,40.64423
2014-09-28,166.86638,90.52976,113.52344,38.295456,167.625,24.976852,46.692307,67.81884,42.84722,134.28125,65.369446,29.435,179.0868,75.53324,85.540565,43.161766,156.43028
2014-10-05,1.7068965,0.12698413,0.0171875,0.8068182,16.851562,1.0092592,0.88461536,0.32427537,0.12847222,0.03515625,0.375,0.74,11.479167,0.054521278,0.19453642,0.8308824,4.2788463
2014-10-12,7.150862,42.378967,23.876562,101.03409,0.067708336,94.421295,31.336538,70.10689,85.77431,19.0,31.427778,11.84,0.7118056,18.106382,92.23427,19.5,2.1947114
2014-10-19,11.913794,4.888889,12.050781,2.028409,2.8177083,0.7546296,1.5192307,3.281703,1.6284722,17.173828,1.775,4.0825,9.947917,8.21609,8.227235,2.8529413,11.853365
2014-10-26,12.323276,11.628968,7.3671875,7.380682,14.838542,1.2731482,1.4903846,6.222826,5.3680553,4.845703,6.741667,1.5,15.149305,5.4734044,13.547186,4.25,14.992788
2014-11-02,87.461205,49.16865,80.10625,54.622158,86.260414,45.863426,29.307692,21.451992,28.993055,99.78418,24.276388,33.285,87.89931,53.549202,73.16391,30.169117,80.87981
2014-11-09,1.9568965,5.234127,2.0484376,5.619318,0.18229167,2.3425925,0.41346154,2.6902175,2.5520833,1.7578125,2.4472222,7.76,0.9166667,3.1396277,7.875828,3.0514705,0.39903846
2014-11-16,11.146552,13.335318,20.832813,5.8522725,21.791666,4.361111,11.423077,7.60779,4.609375,21.046875,15.111111,14.375,16.836805,24.350399,12.780215,14.8529415,14.947115
2014-11-23,34.323277,55.343254,50.49375,7.25,21.807291,2.226852,49.096153,32.820652,5.076389,46.99414,57.802776,26.595,26.753471,40.664894,38.626656,45.713234,40.610577
2014-11-30,25.87069,2.8730159,9.782812,16.636364,30.473959,6.037037,10.317307,4.7427535,14.444445,22.373047,4.6277776,14.35,17.29861,9.001329,19.661425,9.375,20.951923
2014-12-07,48.676723,30.100199,38.94297,68.045456,28.664062,28.93287,20.754808,25.375906,45.822918,33.933594,32.454166,39.1,54.208332,27.587101,47.875416,46.669117,48.027645
2014-12-14,0.8146552,16.395834,6.9132814,18.661932,0.16276042,3.4189816,7.793269,14.240942,17.987846,3.3007812,16.365278,12.6175,0.026041666,19.488697,10.180878,11.753676,0.7295673
2014-12-21,53.140087,90.111115,46.771095,43.292614,48.526043,28.229166,36.39423,59.31884,29.793404,60.04883,54.768055,58.235,53.494793,58.133644,66.14901,62.452206,32.460335
2014-12-28,121.55819,39.651787,53.952343,25.954546,203.63152,35.39352,21.274038,33.629528,21.256945,116.81738,24.4625,38.87,175.6007,49.323803,58.91639,36.691177,134.13101
2015-01-04,27.844828,58.599205,37.264843,51.758522,13.144531,35.46528,25.158653,28.83605,32.38889,26.05957,25.306944,17.2825,21.166666,24.319815,54.240894,19.602942,16.197115
2015-01-11,58.127155,43.66369,42.16875,43.897728,41.389324,21.030092,9.764423,48.071556,48.064236,44.45117,24.936111,32.1625,52.899307,21.71476,29.51697,19.702206,47.741585
2015-01-18,17.3125,24.94147,16.196095,65.951706,25.076822,28.45139,35.192307,47.76902,79.05035,21.108398,20.05,45.2775,27.864584,9.69016,22.974339,30.375,16.436298
2015-01-25,19.409483,26.801588,24.565624,27.988636,21.30599,23.796297,44.89423,24.656702,31.57986,20.88086,28.379168,35.875,27.630209,31.325798,31.482616,37.89706,23.570913
2015-02-01,17.448277,35.204365,30.575,35.477272,10.0625,26.935184,48.384617,28.31884,32.45139,22.03125,23.269444,67.975,21.70139,19.734043,25.490894,38.02941,16.213942
2015-02-08,63.142242,30.488094,39.103127,47.511364,25.151041,16.828703,70.83654,78.934784,74.013885,47.621094,40.908333,59.92,33.51736,24.05718,28.706125,52.492645,29.850962
2015-02-15,20.193966,17.122025,20.652344,18.6875,8.21875,37.449074,42.658653,25.879528,19.430555,20.743164,38.75,97.4725,12.861111,28.386969,20.496275,69.47059,28.832933
2015-02-22,45.00862,28.563492,36.683594,36.329544,17.75651,36.608795,35.14423,37.675724,35.623264,36.43164,21.7125,45.9525,24.98611,15.859708,27.302153,31.382353,24.460337
2015-03-01,20.04526,14.137897,13.135938,14.125,17.540365,19.363426,47.64423,24.54529,8.975695,11.441406,31.072222,40.6775,17.661459,13.829787,17.858444,23.977942,23.640625
2015-03-08,7.956897,10.19246,10.3625,79.045456,3.2005208,58.40278,8.211538,27.407608,104.333336,7.6210938,10.45,55.145,3.2222223,11.61968,17.338575,20.316177,3.1586537
2015-03-15,0.92025864,9.050595,6.7476563,2.6761363,4.4882812,1.0972222,32.466347,10.700181,4.6770835,6.107422,11.461111,36.9075,4.845486,4.43617,3.7388246,20.327206,3.1983173
2015-03-22,11.131466,21.758928,16.83125,15.542614,12.243489,10.12037,23.514423,24.171196,15.923611,6.2382812,33.60278,30.2725,16.76736,19.081118,9.80298,23.26103,11.302885
2015-03-29,13.275862,32.699406,15.296094,9.309659,6.591146,23.604166,58.110577,32.539856,7.0729165,16.269531,45.933334,38.5325,6.5243053,15.032579,26.99793,26.419117,10.923077
2015-04-05,11.590517,15.049603,8.75,17.818182,12.072917,17.67824,16.028847,28.570652,17.847221,16.081055,13.419444,13.5225,14.100695,3.1050532,26.73717,13.525735,10.96875
2015-04-12,20.532328,5.484127,7.021875,26.786932,20.847656,24.333334,21.23077,24.29529,13.482639,8.96582,12.833333,41.7675,25.010416,5.676862,10.607615,27.125,20.133413
2015-04-19,29.605604,32.43651,21.54453,37.201706,24.266928,55.405094,35.870193,34.656704,34.524307,32.273438,34.475,80.24,40.51736,27.664228,46.055878,61.643383,25.20673
2015-04-26,0.11637931,0.15674603,0.703125,8.801136,0.078125,6.8009257,5.7884617,4.137681,7.7916665,0.4453125,1.4472222,18.245,0.07986111,0.6888298,2.3046358,8.639706,0.20673077
2015-05-03,23.99569,11.137897,8.839844,4.8948865,38.097656,12.701389,12.322115,9.871377,3.2065973,14.004883,22.333334,12.0375,33.279514,15.664893,11.433775,14.775735,31.427885
2015-05-10,1.3146552,8.335318,2.825,81.92614,0.34114584,88.35185,28.798077,43.364132,64.55903,2.9902344,19.066668,30.765,2.0833333,3.7101064,9.713576,25.44853,2.2788463
2015-05-17,0.33620688,6.269841,0.8859375,1.875,0.0,1.0,50.9375,37.366848,5.4427085,0.8154297,27.902779,51.08,0.10763889,1.936835,2.3125,33.919117,0.7379808
2015-05-24,57.517242,83.230156,56.414062,79.46023,90.35156,126.30556,93.77885,81.547104,59.395832,62.503906,99.647224,84.11,73.80556,78.22607,50.7649,81.35294,73.58414
2015-05-31,0.038793102,0.20436507,0.18125,0.08522727,0.044270832,0.8148148,0.13461539,0.0036231885,0.017361112,0.13671875,0.46944445,0.36,0.0034722222,0.3324468,0.042218544,0.05147059,0.29807693
2015-06-07,28.340517,28.896826,26.904688,28.602272,28.309896,39.203705,39.25,13.505435,12.013889,23.664062,35.25,44.655,32.49653,36.914894,17.214403,40.566177,41.129807
2015-06-14,50.58621,50.26389,40.929688,18.943182,48.14323,21.467592,43.89423,40.10326,23.01389,51.771484,42.461113,40.015,53.350693,44.953457,38.323677,47.57353,63.860577
2015-06-21,2.9267242,3.6547618,4.2328124,16.869318,0.5442708,25.689816,2.9951923,2.143116,3.9791667,5.5253906,4.1986113,13.2825,0.6527778,1.3038564,6.647351,6.9411764,2.2163463
2015-06-28,53.771553,13.669642,22.39375,4.5511365,52.22005,3.9629629,2.0625,5.6875,4.8819447,33.021484,1.9569445,5.8525,59.84028,8.011303,17.533527,2.577206,46.765625
2015-07-05,76.37069,53.61111,61.8125,38.301136,103.42969,50.412037,39.807693,56.65942,42.885418,62.623047,38.93889,34.375,96.83681,61.550533,60.442055,46.125,77.00961
2015-07-12,173.71983,63.251984,73.63438,52.835228,161.76302,109.296295,54.75,53.77174,50.50347,128.70312,64.763885,53.175,200.6493,79.79654,108.53394,50.889706,146.61058
2015-07-19,72.418106,44.34722,48.027344,65.224434,56.60026,80.16435,45.942307,82.43116,86.49826,57.929688,36.508335,29.6025,66.43229,40.164894,64.242966,28.283089,58.17548
2015-07-26,0.01724138,0.2361111,0.175,0.09659091,0.3359375,0.14814815,0.13461539,0.22644928,0.9826389,0.1328125,0.65,1.055,0.7673611,0.21409574,0.12582782,0.25,0.7956731
2015-08-02,0.0,0.029761905,0.015625,2.5710227,0.20572917,8.423611,0.115384616,0.04076087,0.8003472,0.0,0.5083333,0.1475,0.048611112,0.13231383,0.16307947,0.16176471,0.23076923
2015-08-09,0.0,0.037698414,0.0296875,0.0,0.2265625,0.046296295,1.6057693,1.0271739,0.22222222,0.0,1.3305556,0.64,0.052083332,0.11037234,0.04304636,0.72794116,0.25480768
2015-08-16,8.327586,5.6329365,7.1015625,13.352273,6.6666665,15.675926,4.855769,12.288043,13.635417,7.8632812,2.9694445,1.73,5.232639,5.5984044,12.983443,1.6691177,6.855769
2015-08-23,32.952587,20.083334,30.695312,21.693182,29.763021,19.606482,29.211538,20.110508,24.35764,36.74414,13.658334,15.94,30.493055,28.777925,35.936256,14.029411,35.90625
2015-08-30,28.409483,35.386906,37.37969,13.960227,8.380208,11.986111,27.23077,12.226449,7.4305553,36.26953,23.805555,37.755,21.17361,21.486702,21.055464,25.705883,26.367788
2015-09-06,38.03448,41.89484,42.448437,10.369318,34.240887,10.881945,25.528847,25.066124,12.151042,52.46289,20.5,30.2475,53.024307,37.027927,38.44495,24.23897,52.932693
2015-09-13,8.245689,23.769842,12.921875,97.53977,0.875,113.19444,38.78846,42.594204,83.96528,19.019531,19.502777,30.18,2.2743056,8.2154255,85.79636,22.367647,1.7379807
2015-09-20,14.012931,21.132936,23.515625,13.210227,2.8203125,25.49537,21.288462,16.585144,11.864583,19.677734,16.808332,16.32,9.107639,24.658245,34.524006,11.742647,17.079327
2015-09-27,34.46552,25.662699,32.2,17.238636,31.239584,18.37963,45.846153,27.985508,19.479166,36.226562,28.061111,39.59,30.930555,32.085106,28.274834,36.117645,35.278847
2015-10-04,65.476295,67.655754,83.666405,76.43466,54.76172,84.083336,56.014423,45.153984,61.786457,79.94531,46.706944,46.12,65.56597,60.88963,111.647766,58.286766,54.570915
2015-10-11,57.081898,111.54762,76.88438,35.99432,49.880207,29.907408,83.98077,77.822464,36.89236,52.541016,81.922226,55.115,55.239582,68.368355,55.28394,59.77206,48.627403
2015-10-18,75.39224,127.25992,76.06563,56.676136,29.143229,51.86574,74.35577,78.66848,61.20139,95.5957,79.09167,95.885,36.291668,61.07979,109.63493,77.117645,54.596153
2015-10-25,18.530172,6.9543653,6.246875,13.403409,33.447918,10.00463,28.759615,34.916668,23.46875,14.787109,22.627777,42.315,26.10764,5.3603725,6.961093,34.15441,12.165865
2015-11-01,22.431034,56.190475,27.723438,65.41477,33.73177,59.65278,52.16346,56.016304,61.197918,29.189453,53.544445,115.73,29.506945,39.9375,47.7202,73.463234,26.132212
2015-11-08,76.19396,10.095238,29.970312,7.8863635,104.61719,12.226851,9.307693,3.9076087,3.4965277,37.79297,6.077778,21.15,117.11806,41.901596,19.494205,15.683824,53.536057
2015-11-15,52.33621,36.09722,63.428123,4.880682,52.934895,17.953703,37.71154,16.701086,3.2777777,56.92383,28.694445,61.77,49.09375,80.79654,28.006622,59.507355,48.8125
2015-11-22,64.64008,44.470238,63.989845,21.931818,49.472656,24.944445,29.288462,23.848732,20.99132,55.987305,30.848612,58.6775,62.532986,53.75399,14.992136,39.205883,77.51923
2015-11-29,64.37069,36.700397,46.43281,19.272728,61.14323,27.393518,25.057692,15.17029,12.684028,62.615234,30.022223,51.77,59.53472,40.984043,36.157284,33.02206,54.38702
2015-12-06,50.588364,23.90873,28.499218,13.326705,81.66276,14.916667,34.557693,21.71105,8.19618,32.7041,34.275,49.1875,82.357635,36.586437,28.216059,48.422794,78.57332
2015-12-13,69.081894,27.132936,34.06875,27.176136,170.59895,41.023148,16.788462,23.960144,17.177084,47.09375,15.608334,13.32,156.75348,19.962767,43.067055,15.595589,94.0
2015-12-20,21.547413,26.69147,23.53125,21.84091,26.433594,37.91898,51.620193,33.886776,11.465278,36.007812,31.493055,91.34,24.01736,24.757978,33.058773,49.393383,20.840145
2015-12-27,34.969826,40.709324,50.471874,47.440342,34.941406,21.935184,62.365383,53.17482,32.774307,44.351562,36.90972,112.56,31.63368,58.367687,46.661423,85.45221,53.17548
2016-01-03,15.127155,4.3085318,9.957812,5.306818,16.924479,3.3171296,13.346154,11.657609,1.8055556,13.777344,13.2125,14.2125,22.944445,7.9860373,4.013245,13.183824,15.47476
2016-01-10,4.4784484,42.75595,32.029686,18.31534,6.5703125,16.921297,75.03365,46.567936,11.524305,18.83789,43.018055,56.645,2.4826388,52.674866,24.146523,64.16544,11.0625
2016-01-17,0.0,0.8263889,0.35859376,0.26704547,0.0,0.15972222,4.144231,0.3097826,0.22743055,0.005859375,1.3694445,19.525,0.0069444445,1.5019947,0.3468543,4.8786764,0.01923077
2016-01-24,13.403017,20.203373,16.971874,23.863636,15.427083,40.469906,44.442307,48.175724,17.538195,23.871094,22.480556,27.02,17.788195,18.976728,18.517797,35.161766,25.001202
2016-01-31,112.44181,72.50595,68.78438,63.605114,108.739586,60.08102,36.115383,58.876812,68.46701,76.64453,40.229168,64.91,86.857635,58.965427,100.53767,47.422794,82.17308
2016-02-07,17.323277,20.396826,12.70625,4.377841,19.782553,2.3310184,9.865385,13.259964,4.8559027,15.911133,12.034722,25.985,18.371529,19.21343,6.0823674,9.966911,16.995192
2016-02-14,21.068966,11.849206,27.349218,36.94318,25.678385,16.502316,34.259617,14.763587,21.751736,32.532227,10.105556,35.0275,14.723958,42.55585,11.155629,16.882353,16.615385
2016-02-21,25.612068,35.099205,28.482813,28.931818,34.65495,16.613426,14.586538,26.961956,27.515625,24.391602,26.095833,95.3825,33.605904,40.809177,27.286425,39.952206,34.72476
2016-02-28,56.573277,87.02381,60.820312,62.977272,10.917969,31.157408,119.0,79.423004,65.18056,61.073242,86.61389,56.6025,27.586805,51.51064,60.85265,77.95588,32.98918
2016-03-06,41.84052,50.287697,45.0875,52.43182,37.523438,44.99537,54.41346,67.28623,64.208336,54.070312,35.961113,46.63,37.24653,44.49734,48.082783,34.60294,50.098557
2016-03-13,0.02586207,0.54960316,0.6125,0.26988637,0.0,1.412037,2.3125,0.67663044,0.6041667,0.38867188,1.3180555,8.6225,0.010416667,1.8191489,0.68543047,3.8088236,2.6778846
2016-03-20,86.98923,93.292656,86.92891,76.92898,126.41537,74.173615,80.97115,69.820656,56.69097,110.41797,57.21528,64.46,156.67188,78.631645,72.584435,46.38603,119.28365
2016-03-27,3.900862,7.892857,4.7578125,0.3409091,0.8229167,0.49074075,8.692307,20.300724,0.9340278,1.21875,11.075,10.08,1.2083334,6.7646275,1.2508278,12.882353,4.641827
2016-04-03,7.7715516,12.18254,3.0640626,3.1420455,2.0260417,6.912037,13.105769,11.695652,2.6840277,1.3085938,10.644444,7.6,2.9236112,4.0452127,6.2160597,6.4558825,2.9567308
2016-04-10,38.838364,82.18254,35.888283,37.65625,23.90625,65.78935,66.46154,41.182972,47.3125,50.164062,55.79028,48.26,25.756945,54.690823,46.831955,53.757355,30.004808
2016-04-17,10.461206,12.918651,9.053125,42.085228,11.1015625,27.6875,1.3028846,32.84692,46.15972,12.9609375,3.211111,4.9,7.1631947,0.6462766,40.910595,1.1875,6.277644
2016-04-24,47.69612,43.239086,40.439842,33.883522,56.684895,36.641205,39.307693,40.78442,37.461807,40.137695,53.829166,30.9525,51.413193,30.894947,40.728477,39.92647,62.8762
2016-05-01,17.931034,14.795635,18.009375,1.2386364,22.997396,1.7037038,20.913462,6.1177535,1.2986112,18.421875,16.622223,9.255,19.708334,9.070478,8.729304,5.5735292,27.141827
2016-05-08,24.846983,9.967262,15.425781,12.565341,19.466146,4.611111,2.2211537,6.419384,9.140625,21.243164,2.9333334,13.15,35.376736,16.892952,17.798428,5.319853,20.63702
2016-05-15,67.56035,71.46429,85.84141,18.985796,58.045574,16.94676,36.615383,32.102356,14.996528,59.589844,40.883335,65.0975,74.80382,74.50399,52.737167,52.97059,84.375
2016-05-22,11.663794,12.509921,11.815625,6.846591,2.4296875,3.1157408,21.557692,4.4438405,4.8854165,9.009766,16.055555,48.445,6.9340277,25.781916,6.326159,34.42647,15.317307
2016-05-29,10.719828,13.335318,13.25,10.005682,1.6588541,8.805555,15.557693,7.621377,7.0868053,14.746094,8.805555,20.595,5.0277777,17.767286,15.807119,12.198529,13.502404
2016-06-05,0.03448276,0.4642857,0.0578125,3.4943182,0.106770836,0.009259259,6.4711537,0.5869565,1.0277778,0.046875,2.911111,9.265,0.017361112,2.1728723,1.0968543,5.5808825,0.15865384
2016-06-12,29.780172,39.220238,37.982033,8.161932,28.104166,6.2152777,29.471153,18.252718,8.456597,30.958008,38.573612,17.665,33.449654,32.55253,17.876242,25.444853,42.216347
2016-06-19,15.2672415,14.218254,19.1375,3.8693182,7.893229,3.9675925,21.634615,9.387681,4.045139,14.580078,14.4,36.515,9.194445,31.361702,4.910596,33.838234,24.153847
2016-06-26,0.030172413,0.24603175,0.1765625,0.017045455,0.3046875,0.22685185,0.6442308,0.11594203,0.052083332,0.0703125,0.85833335,0.565,0.15972222,0.109042555,0.14238411,0.6838235,0.01923077
2016-07-03,22.48276,2.6170635,5.865625,3.1704545,25.320312,2.5648148,0.39423078,0.60144925,1.40625,12.941406,0.5138889,0.7,25.166666,3.1037233,9.15894,0.8602941,24.95673
2016-07-10,44.844826,72.42063,61.115623,102.32386,26.088541,96.046295,72.88461,91.38043,96.81944,55.98047,57.06111,96.85,38.270832,60.9375,108.462746,67.132355,37.54327
2016-07-17,0.030172413,0.06944445,0.090625,0.0056818184,0.036458332,0.050925925,0.26923078,0.067028984,0.013888889,0.30664062,0.30277777,1.04,0.1388889,0.1888298,0.15480132,0.6102941,0.47355768
2016-07-24,3.387931,0.6964286,2.5171876,9.96875,2.0833333,6.8125,0.125,2.4375,8.618055,5.790039,0.43888888,3.7,2.6545138,0.33909574,7.2657285,1.5588236,2.3173077
2016-07-31,6.12931,20.32242,22.76797,2.3039773,0.32552084,0.5185185,10.019231,7.237319,2.0086806,19.94336,13.788889,13.96,0.4513889,14.873671,12.914321,15.8125,2.0024037
2016-08-07,0.875,17.482143,12.128125,1.0,1.0677084,0.18055555,18.278847,8.460145,1.1805556,2.5410156,17.038889,18.485,0.8263889,17.394947,1.8716887,18.985294,3.3725963
2016-08-14,97.98492,86.18056,94.53125,20.644886,75.029945,24.157408,60.432693,45.979168,22.82986,82.09473,63.425,64.64,106.33507,90.24268,49.100994,71.07721,119.98077
2016-08-21,2.2844827,4.7420635,2.2984376,4.931818,0.34375,1.7083334,4.6346154,5.009058,4.75,1.8515625,7.2777777,5.44,0.6458333,4.31117,2.312914,6.9411764,1.0769231
2016-08-28,17.693966,8.815476,7.6984377,6.5454545,40.697918,6.6990743,7.4038463,7.298913,7.1527777,12.341797,7.513889,11.82,37.399307,8.473404,13.477649,10.485294,23.694712
2016-09-04,27.780172,27.730158,18.307812,21.113636,20.536459,21.069445,21.509615,28.342392,25.07986,20.634766,24.788889,11.77,28.34375,18.204786,22.08278,14.301471,25.889423
2016-09-11,15.146552,3.9900794,9.44375,2.9147727,2.8385417,1.1666666,2.25,2.1231885,0.8611111,13.855469,2.7027779,1.27,7.65625,2.1994681,14.039735,1.882353,12.242788
2016-09-18,19.836206,10.019841,19.126562,2.5568182,34.046875,0.4027778,4.875,3.7119565,1.9236112,16.839844,4.772222,5.49,27.26736,15.490691,6.1299667,6.0735292,36.173077
2016-09-25,0.0862069,0.12301587,0.05,0.8125,0.0,0.625,2.3173077,0.9836956,0.5451389,0.1171875,0.9527778,8.64,0.0,0.27792552,0.18625827,3.3455882,0.0
2016-10-02,30.775862,39.74405,44.921875,36.99432,14.59375,29.453703,53.201923,39.880436,36.600693,39.671875,55.069443,88.22,33.725693,39.182182,37.418873,62.161766,25.016827
2016-10-09,52.646553,27.585318,37.85625,4.4602275,67.09375,7.4953704,18.192308,12.40942,3.1527777,36.328125,16.247223,36.375,58.59722,33.119682,16.019867,25.757353,66.1851
2016-10-16,73.48707,99.440475,67.75781,87.806816,23.434896,131.89815,51.798077,65.86957,68.83681,63.671875,67.01667,50.435,33.666668,66.27393,112.10679,54.97059,34.747597
2016-10-23,71.27155,28.968254,59.4125,18.136364,62.997395,27.74537,100.14423,46.349636,13.003472,53.820312,38.566666,72.985,68.125,38.692818,49.29139,53.77206,47.108173
2016-10-30,29.439655,1.4583334,9.692187,2.0397727,58.304688,0.837963,1.2692307,1.2826087,2.2604167,15.654297,0.88055557,4.275,43.586807,4.4281917,4.021523,1.6617647,41.451923
2016-11-06,18.616379,26.238094,27.326563,4.0539775,15.140625,7.8009257,14.072115,9.387681,4.5902777,22.767578,22.425,24.655,22.3125,36.9375,22.733444,20.147058,25.540865
2016-11-13,14.853448,6.6369047,13.8671875,35.44318,7.6197915,39.98611,41.923077,36.721016,25.677084,20.736328,39.383335,32.07,15.444445,9.19282,14.787251,27.044117,15.028846
2016-11-20,4.625,7.2718253,10.103907,2.2585227,2.5052083,0.12037037,9.25,2.905797,1.6197916,4.682617,8.413889,7.98,0.9288194,12.382314,3.0413907,6.9485292,4.782452
2016-11-27,27.963362,32.176586,64.79063,8.5625,55.778645,13.930555,37.466347,19.88134,12.069445,25.11621,21.413889,30.345,42.383682,33.767952,34.0923,29.922794,36.378605
2016-12-04,16.077587,17.68353,18.400782,29.073864,4.565104,17.983797,12.211538,20.249094,37.696182,20.838867,12.766666,35.5,6.9149303,27.320478,9.890314,23.463236,16.66226
2016-12-11,5.528017,21.886906,15.714844,5.28125,2.5039062,9.555555,57.29327,29.929348,5.140625,5.536133,35.994446,20.48,2.3576388,14.344415,3.6225166,22.731617,4.7115383
2016-12-18,36.510777,25.881945,42.135937,30.65341,50.51953,12.613426,50.66346,27.936594,19.27257,48.22461,38.35278,45.815,39.90625,41.10771,48.31871,40.88603,37.06971
2016-12-25,40.46552,44.353176,43.496094,60.394886,26.669271,71.266205,35.25,75.333336,75.50521,53.02539,25.17639,7.4375,13.126736,25.372341,69.57202,6.9007354,29.653847
2017-01-01,39.20043,54.602184,77.35156,85.48011,30.602865,80.41204,33.076923,51.786232,72.68576,53.581055,38.077778,46.355,46.024307,75.22008,53.549667,33.838234,45.070915
2017-01-08,23.24569,36.09722,21.749218,27.136364,36.20052,32.560184,22.639423,26.397644,12.711805,17.798828,37.058334,41.97,37.723957,23.727394,22.164322,25.996323,24.106972
2017-01-15,4.31681,17.545635,4.380469,19.235796,1.5,7.002315,23.95673,13.586051,14.052083,2.4970703,20.390278,51.625,3.4201388,12.019947,6.13452,40.20956,5.4266825
2017-01-22,22.174568,21.190475,31.192968,55.764206,15.125,20.180555,31.365385,45.160328,52.029514,30.09961,34.506943,81.56,23.743055,45.249336,36.142384,46.205883,27.384615
2017-01-29,30.025862,27.25992,26.297657,44.94318,7.6666665,29.13426,112.58654,68.73189,32.180557,28.657227,67.854164,107.1825,22.128471,32.009308,37.63535,98.536766,27.280048
2017-02-05,16.797413,0.32539684,1.0796875,2.8210227,33.1875,0.1087963,4.019231,11.923007,9.157986,10.78418,5.822222,14.9225,32.600693,1.5053191,2.1875,2.4669118,31.870192
2017-02-12,49.323277,25.529762,34.84375,45.829544,36.601562,20.162037,21.711538,15.36413,9.322917,54.078125,22.38611,26.065,53.98264,47.63963,25.960264,26.794117,55.298077
2017-02-19,16.700432,13.430555,22.666407,11.519886,6.325521,14.898149,19.58173,11.251812,8.126736,13.318359,23.086111,39.245,12.85243,13.087766,17.58278,26.841911,18.16226
2017-02-26,38.767242,23.86111,47.86094,11.605114,47.55599,6.296296,12.860577,11.201087,3.7795138,49.09082,17.686111,36.6425,64.47743,37.637634,16.739239,22.955883,54.03125
2017-03-05,12.575431,7.282738,9.707031,40.508522,14.7369795,41.29398,31.73077,37.378624,39.916668,13.748047,14.652778,21.49,11.16493,14.81516,15.483857,21.558823,3.78125
2017-03-12,46.301723,11.987103,23.309376,6.0511365,48.7487,11.766204,21.735577,12.09692,7.6163197,36.364258,9.672222,26.8175,40.87847,17.77061,14.709023,23.772058,47.359375
2017-03-19,3.887931,17.12897,7.6765623,21.21591,0.7526042,26.99074,49.576923,37.08152,30.003471,2.2539062,33.794445,71.72,1.3854166,9.05984,9.58361,48.360294,2.1129808
2017-03-26,0.18965517,5.8055553,0.6953125,30.732954,0.5598958,28.314816,26.846153,20.60145,28.78125,0.78125,14.472222,62.13,0.19097222,5.7859044,10.961093,40.014706,1.3100961
2017-04-02,53.532326,17.632936,26.422657,29.289772,73.8151,28.11574,53.985577,33.550724,18.324654,29.570312,25.441668,36.3325,77.27257,30.613031,38.295944,34.5,45.340145
2017-04-09,3.5689654,1.8789682,4.7984376,0.96022725,5.8854165,2.4444444,22.721153,11.438406,2.0,6.142578,6.788889,30.495,10.489583,1.7659575,2.9693708,11.911765,5.7163463
2017-04-16,4.7823277,11.622024,8.842969,16.860796,4.9986978,9.488426,25.341347,17.807972,15.475695,5.28125,22.540277,42.0725,4.3663197,14.821143,7.7975993,26.503677,7.730769
2017-04-23,39.73707,19.994047,26.9625,24.170454,45.572918,27.805555,15.0,20.639492,19.92014,36.78711,12.966666,11.59,48.38889,19.05851,44.877483,9.617647,28.954327
2017-04-30,15.530172,7.589286,8.354688,4.755682,45.583332,6.125,10.096154,5.0652175,2.5034723,8.279297,6.7194443,14.675,32.42361,8.11968,6.288907,8.316176,20.117788
2017-05-07,0.25862068,0.23809524,0.090625,0.9943182,2.65625,0.24537037,4.230769,2.5235507,1.6180556,0.103515625,1.7083334,4.165,0.6076389,0.47606382,0.26903972,2.8088236,0.09375
2017-05-14,66.73707,61.19246,65.00938,20.267046,75.63021,21.055555,81.79808,53.713768,19.07986,60.259766,77.58611,136.28,79.49653,69.51994,42.032284,117.22059,81.64904
2017-05-21,39.98707,38.579365,33.484375,30.27841,34.3125,49.023148,38.817307,46.976448,26.222221,49.634766,40.55,18.76,47.50347,13.470745,40.3154,27.441177,42.639423
2017-05-28,178.27155,114.44643,96.17344,101.02841,78.78385,87.81944,87.50961,103.021736,96.27778,161.19336,93.522224,83.735,137.30208,67.05984,134.12334,90.41912,113.54567
2017-06-04,98.13793,88.6369,60.498436,68.40341,91.666664,53.296295,90.90385,109.74457,72.09722,126.28125,77.183334,65.22,105.83681,51.828457,102.85348,75.30882,78.71875
2017-06-11,0.06465517,0.15277778,0.1390625,0.35795453,0.046875,0.12037037,0.625,0.13768116,0.3472222,0.1171875,0.475,2.58,1.1944444,0.45611703,0.1134106,1.5735294,0.22596154
2017-06-18,10.409483,7.8373017,4.2453127,7.8295455,11.9296875,4.189815,13.596154,11.688406,5.2534723,6.96875,16.45,25.335,9.28125,9.186171,8.247517,21.647058,9.377404
2017-06-25,0.19827586,0.24900794,0.81171876,1.7215909,0.015625,0.75,1.2836539,0.5498188,0.8524306,1.4736328,0.33194444,1.29,0.19618055,0.19281915,3.0724337,1.4411764,0.030048076
2017-07-02,0.0,1.8730159,0.053125,0.42045453,0.036458332,0.018518519,5.798077,2.7663043,0.3402778,0.044921875,4.9444447,7.335,0.072916664,0.6715425,1.1986755,5.647059,0.01923077
2017-07-09,0.27155173,0.39880952,1.153125,0.13068181,0.098958336,0.3564815,0.24038461,0.05253623,0.114583336,0.46875,0.22222222,0.87,0.2673611,0.5359042,0.3228477,0.5735294,0.11298077
2017-07-16,5.711207,8.623015,3.5359375,4.8579545,7.2421875,3.0555556,8.798077,8.820652,4.8055553,5.6308594,6.602778,5.405,10.381945,5.5425534,5.99255,6.1102943,7.449519
2017-07-23,0.0,0.22619048,0.4125,0.022727273,0.015625,0.009259259,0.39423078,0.041666668,0.041666668,0.15625,0.6638889,0.31,0.125,0.19680852,0.55794704,0.43382353,0.016826924
2017-07-30,30.98276,38.81151,34.48594,56.636364,25.851562,59.560184,17.278847,41.996376,50.333332,34.80664,23.727777,18.2,25.440971,26.465425,40.84106,20.205883,33.63221
2017-08-06,2.724138,8.626985,5.3609376,4.6420455,1.4947916,3.4351852,16.548077,14.047101,4.2430553,3.7109375,15.061111,6.545,1.2118056,6.1476064,7.615894,17.713236,0.94471157
2017-08-13,12.655172,24.207342,27.04922,5.6022725,18.627604,4.6064816,15.581731,20.178442,4.53125,22.890625,17.248611,16.2725,31.119791,33.499336,27.084436,14.202206,15.02524
2017-08-20,4.4698277,2.7202382,1.5617187,1.8210227,2.391927,0.12962963,9.048077,4.406703,1.7638888,2.2949219,4.95,17.325,3.8489583,3.4660904,2.129553,13.768382,5.0649037
2017-08-27,1.4827586,1.0515873,0.14375,0.3693182,16.138021,0.18981482,1.3269231,1.0344203,0.104166664,0.111328125,1.2888889,3.92,9.965278,0.39361703,0.16059603,2.0588236,2.9447114
2017-09-03,0.0,0.043650795,0.0203125,0.4431818,0.010416667,1.0416666,0.09615385,0.3423913,0.052083332,0.0,0.047222223,0.165,0.013888889,0.035904255,0.10099338,0.05147059,0.0024038462
2017-09-10,3.2931035,0.64880955,0.078125,4.181818,25.393229,32.02778,0.84615386,0.38949275,1.1736112,0.7089844,0.11666667,1.125,25.65625,0.4587766,3.4958608,0.8308824,1.8269231
2017-09-17,0.14224137,1.1944444,0.3671875,3.090909,0.7005208,5.328704,0.34615386,0.8460145,1.21875,0.37109375,1.1166667,2.205,0.065972224,0.1143617,1.9519868,2.110294,0.048076924
2017-09-24,24.474138,51.93651,34.984375,33.56818,25.299479,36.439816,91.72115,70.52536,38.09722,23.53125,62.941666,146.79,24.090279,38.19548,36.972683,96.367645,36.076923
2017-10-01,43.267242,21.803572,32.815624,34.954544,43.29427,25.564816,16.346153,33.695652,32.8125,33.04492,10.211111,37.51,58.8125,31.070478,31.051325,22.080883,46.798077
2017-10-08,70.27586,53.636906,96.00625,53.488636,101.921875,104.35185,23.153847,34.46558,47.677082,70.52734,39.113888,51.35,91.045135,71.62367,52.831127,27.294117,91.57452
2017-10-15,39.400864,4.2460318,18.070312,1.0965909,93.22135,1.6666666,1.4038461,0.88586956,0.4652778,28.457031,1.575,13.47,72.298615,9.605053,5.8286424,4.9632354,62.665867
2017-10-22,23.961206,6.9623017,21.20625,0.64772725,47.07552,1.4212962,31.221153,12.181159,1.4166666,23.457031,9.105556,22.08,31.64236,18.98936,4.075331,15.698529,39.34375
2017-10-29,46.20043,15.169642,56.19375,1.5909091,124.53385,4.0509257,0.39903846,0.60688406,0.5208333,53.268555,1.55,6.685,94.1059,32.771942,13.667632,2.8198528,92.57933
2017-11-05,23.625,20.944445,26.771875,28.238636,25.835938,32.092594,30.557692,32.751812,25.711805,27.009766,22.36111,47.96,24.4375,16.718084,34.57616,27.235294,31.370192
2017-11-12,28.153017,42.40972,37.327343,30.696022,56.25,25.569445,37.942307,46.398552,32.64236,33.976562,42.406944,28.675,48.456596,54.7746,35.665977,26.779411,44.5637
2017-11-19,7.5,4.1319447,11.038281,16.079546,18.757812,17.085648,8.149038,1.4981884,16.473959,11.44043,9.151389,13.5825,10.675347,10.487367,5.624586,12.378676,21.203125
2017-11-26,8.1702585,3.3392856,2.6476562,10.227273,4.015625,5.3634257,3.3028846,12.086051,7.2083335,6.1591797,1.5416666,8.7675,5.7621527,1.012633,1.6038908,2.9044118,8.728365
2017-12-03,7.650862,13.843254,9.234375,26.164772,14.802083,21.041666,13.807693,34.688404,23.197916,5.578125,14.911111,6.67,16.534721,20.543882,9.800497,7.470588,21.538462
2017-12-10,0.3922414,2.4146826,3.275,2.8693182,0.6223958,0.5231481,2.0673077,3.1576087,4.579861,0.22460938,1.7638888,2.12,0.8958333,4.933511,2.036424,1.5,0.7644231
2017-12-17,7.44181,31.93353,16.847656,33.144886,21.21875,21.523148,36.634617,45.811596,26.6875,8.863281,43.95972,44.535,12.560764,24.273935,25.73717,31.235294,8.518029
2017-12-24,57.24569,37.53472,47.815624,34.053978,45.057293,14.594908,54.153847,47.531704,35.15625,52.85254,53.543056,111.525,55.29861,65.3258,33.723923,91.257355,65.57211
2017-12-31,30.467672,10.718254,19.460155,28.857954,46.652344,22.618055,15.711538,17.075182,24.184029,22.348633,8.525,9.3125,51.289932,8.967421,14.521523,6.897059,30.145433
2018-01-07,15.939655,75.53571,33.939064,59.534092,25.247396,37.79861,62.9375,133.19746,67.40625,22.728516,69.727776,54.9725,20.145834,52.025932,50.954884,58.856617,24.049278
2018-01-14,39.894398,47.86111,42.003124,45.730114,54.910156,33.319443,56.951923,38.164856,36.026043,46.421875,40.5875,119.225,74.56944,62.93484,52.471855,63.621323,67.11298
2018-01-21,63.478447,64.51091,54.62969,49.230114,81.39453,47.939816,45.447117,64.45652,44.348957,42.051758,38.59861,54.2,107.81771,60.902927,51.483444,55.569855,77.6875
2018-01-28,15.814655,3.3353174,9.509375,8.471591,2.0625,9.740741,12.615385,5.245471,8.953125,12.089844,6.138889,28.5825,4.970486,19.875,6.1995034,26.830883,12.402644
2018-02-04,15.700431,10.753968,11.2890625,3.7585227,19.701822,1.1828704,6.230769,10.113225,2.0034723,16.00879,9.568055,4.7225,17.86632,7.9694147,11.697847,4.904412,19.263222
2018-02-11,18.605604,40.4375,17.685156,25.605114,14.1171875,22.488426,27.35577,27.370472,16.390625,23.520508,39.979168,44.345,9.631945,29.946144,10.375,37.42647,15.913462
2018-02-18,26.653017,7.589286,8.464844,4.809659,22.136719,9.277778,14.105769,20.849638,4.4965277,18.86621,13.031944,25.245,31.19618,10.776596,12.679222,15.75,29.271635
2018-02-25,11.790948,27.902779,19.152344,28.477272,19.114584,14.743055,29.961538,43.177536,37.697918,21.99707,17.275,28.6075,14.998264,17.15625,19.090645,18.430147,15.735577
2018-03-04,0.33189654,6.6329365,7.2304688,20.099432,1.8164062,16.476852,3.4134614,18.815218,25.97743,2.3808594,4.65,29.6125,0.2482639,15.107048,8.467301,7.8125,1.5913461
2018-03-11,55.58621,21.889881,40.38203,11.508523,44.57552,17.12963,7.2163463,7.9085145,8.769097,37.331055,15.036111,27.085,67.62153,32.605717,20.14404,16.470589,60.784855
2018-03-18,20.25431,33.97619,30.599218,20.105114,30.151041,36.523148,28.389423,19.748188,14.949653,20.69629,45.7625,23.2975,23.350695,45.005318,21.391142,38.481617,42.320915
2018-03-25,28.532328,29.919643,19.17422,33.08807,58.721355,19.511574,100.25,72.27536,40.661457,36.1875,57.269444,53.2325,40.708332,30.523272,22.35803,49.882355,40.9375
2018-04-01,1.9375,5.611111,4.5976562,11.056818,0.83203125,15.185185,3.8798077,12.765399,11.796875,4.6396484,5.086111,19.7875,0.9982639,2.369016,5.0567055,7.4227943,1.8209134
2018-04-08,0.25646552,0.74404764,0.94921875,9.920455,0.8307292,6.076389,5.9903846,3.0842392,13.706597,0.9628906,1.7263889,5.145,0.78125,0.6343085,1.0177981,3.1911764,0.34014422
2018-04-15,5.43319,1.4136904,0.62890625,3.0454545,3.5872395,4.3935184,7.4615383,11.39221,2.0052083,1.8105469,3.838889,26.5775,8.100695,2.3304522,0.7789735,16.661764,9.182693
2018-04-22,0.6465517,0.003968254,0.9125,0.039772727,0.13802083,0.6134259,0.24038461,0.07971015,0.034722224,1.5458984,0.027777778,0.4175,0.027777778,0.13763298,0.47682118,0.113970585,0.26201922
2018-04-29,0.13793103,1.1041666,1.5882813,5.278409,0.078125,7.759259,14.0,7.5298915,4.4565973,0.5029297,2.4291666,67.825,0.024305556,1.5378989,1.8149835,12.033089,0.026442308
2018-05-06,7.9310346,1.7480159,3.225,21.142046,4.296875,13.013889,10.105769,7.9710145,9.003472,5.8183594,4.2472224,40.46,5.451389,2.962766,7.888245,14.191176,6.90625
2018-05-13,67.73923,34.270832,36.36875,26.068182,63.945312,41.046295,29.73077,34.557972,24.307291,54.874023,29.17361,15.23,53.19097,32.573803,37.0596,21.830883,59.165867
2018-05-20,0.05172414,0.35714287,0.0796875,0.03409091,0.5598958,0.027777778,0.115384616,0.1884058,0.3159722,0.060546875,0.072222225,0.29,0.0625,0.07047872,0.094370864,0.2867647,0.20673077
2018-05-27,18.185345,1.7301587,5.7578125,1.7329545,33.427082,4.1666665,5.2596154,3.0054348,1.7673612,10.642578,1.575,2.235,31.947916,5.93883,7.825331,1.9044118,15.086538
2018-06-03,12.75,13.855159,11.795313,11.0,4.4010415,9.481482,16.625,10.458333,11.461805,11.2890625,11.811111,12.38,7.7708335,8.603724,13.118378,8.044118,10.038462
2018-06-10,22.01724,52.14484,36.80781,30.772728,8.973958,41.24074,27.076923,39.84058,27.895834,34.115234,35.75,22.795,8.152778,46.023937,38.7798,26.132353,23.865385
2018-06-17,0.021551725,0.6805556,0.2328125,3.6136363,0.015625,3.5601852,1.6682693,0.6567029,1.2083334,0.46875,0.23888889,4.1225,0.109375,0.6921542,1.6974338,1.6544118,0.35216346
2018-06-24,59.71121,25.25,49.739063,49.50568,55.515625,71.62963,17.336538,22.335144,29.03125,56.63867,21.516666,39.84,60.01389,49.025265,60.81954,28.852942,73.87981
2018-07-01,6.894397,7.080357,3.4414062,27.946022,4.9648438,32.328705,4.6201925,26.01087,27.157986,15.708008,2.4597223,5.595,5.607639,1.8371011,39.88949,2.735294,1.4242789
2018-07-08,0.4051724,0.6220238,1.1140625,5.6477275,2.0820312,10.263889,0.6442308,0.93115944,4.8246527,0.8935547,0.24027778,3.0275,1.6041666,2.37367,2.2711093,2.6433823,3.2536058
2018-07-15,13.818966,0.86706346,2.0132813,35.38068,5.90625,46.75,0.67788464,14.290761,29.307291,6.5029297,0.4486111,0.685,12.487847,0.20478724,17.11548,0.5,14.813702
2018-07-22,19.321121,2.9494047,2.9445312,61.75,2.4036458,79.09954,11.456731,25.887682,57.140625,13.963867,6.5736113,19.12,5.8975697,2.3317819,24.91515,11.128676,6.2451925
2018-07-29,3.773707,2.0277777,2.165625,9.960227,0.54817706,3.0185184,12.793269,8.472826,3.6736112,2.1230469,8.9625,35.7825,1.1510416,5.160239,2.7996688,14.8529415,3.1802886
2018-08-05,22.603449,6.825397,14.129687,5.880682,13.526042,9.611111,3.1538463,3.9891305,3.0555556,22.597656,2.2638888,1.105,18.586805,7.8843083,21.251656,1.4485294,29.21875
2018-08-12,0.00862069,0.0734127,0.12265625,0.022727273,0.0052083335,0.06481481,0.17307693,0.08152174,0.052083332,0.0009765625,0.14444445,0.2325,0.11631945,0.13630319,0.08899007,0.07720588,0.036057692
2018-08-19,71.23707,86.56944,76.526566,50.375,68.359375,56.101852,40.548077,65.03261,60.07639,69.328125,51.269444,42.845,72.16319,65.61569,72.388245,45.69853,82.85817
2018-08-26,36.530174,19.402779,18.346874,23.125,27.940104,22.819445,2.0865386,22.637682,25.9375,36.40039,4.0027776,0.23,29.118055,2.8351064,49.1846,0.3602941,26.100962
2018-09-02,36.564655,65.894844,58.27656,58.136364,34.872395,37.912037,58.98077,65.94384,66.58681,38.88672,58.675,34.025,43.947918,57.856384,42.480133,50.32353,33.48077
2018-09-09,20.616379,11.394841,19.39375,21.329546,6.5,15.587963,23.307692,29.39855,14.940972,30.175781,14.836111,22.63,9.944445,11.678191,19.22765,19.191177,15.949519
2018-09-16,20.625,11.083333,12.3125,26.244318,21.026041,29.574074,8.432693,15.394928,14.756945,16.05664,9.111111,3.77,18.85764,6.68484,17.824503,4.720588,17.411058
2018-09-23,23.693966,5.6924605,13.409375,11.3125,55.86198,37.38426,8.442307,5.1992755,4.8993053,14.353516,6.961111,15.58,48.725693,22.535904,13.116722,12.463235,34.471153
2018-09-30,50.043102,28.761906,36.334373,88.579544,58.776043,85.76852,23.759615,24.219202,49.90278,38.623047,35.783333,59.875,69.125,71.555855,36.53311,51.0,67.48558
2018-10-07,71.24569,21.28869,37.633595,15.539773,58.40625,18.44676,16.336538,10.961957,12.67882,52.176758,28.483334,51.925,62.01389,36.840427,33.71399,33.371323,50.234375
2018-10-14,92.956894,48.954365,106.04531,0.4034091,60.927082,0.4675926,33.33654,12.237319,0.6284722,107.0625,41.275,63.43,64.010414,84.081116,22.4048,60.514706,79.70192
2018-10-21,26.133621,11.985119,22.514063,16.09375,27.322916,46.064816,39.754807,28.854166,8.774305,24.982422,24.458334,76.1175,28.0,27.048536,12.153146,39.838234,34.189903
2018-10-28,41.857758,24.88889,31.709375,22.636364,41.91276,23.537037,27.932692,26.413044,27.77257,33.49121,21.027779,20.97,36.06597,17.379654,39.91556,18.202206,36.802883
2018-11-04,0.0,3.9662697,1.2835938,8.536932,0.125,2.8472223,16.610577,12.846014,6.3819447,0.005859375,17.473612,41.9025,0.045138888,3.125665,1.580712,25.944853,0.63221157
2018-11-11,22.198277,2.704365,15.89375,3.221591,18.458334,2.175926,2.125,2.088768,0.9444444,19.680664,1.7083334,3.595,13.361111,6.0146275,9.990067,1.992647,27.036058
2018-11-18,24.452587,12.630953,10.421875,7.471591,30.911459,12.837963,19.903847,19.911232,5.1354165,10.7265625,13.636111,13.565,32.98611,15.171542,17.262417,10.904411,31.853365
2018-11-25,39.489223,30.200397,39.235157,27.289772,32.242188,23.310184,15.673077,35.533516,25.050346,37.998047,13.315278,26.3925,35.560764,28.605719,30.456125,22.522058,44.94471
2018-12-02,0.00862069,1.0853175,0.490625,1.4971591,0.3502604,0.03935185,0.90384614,0.79800725,0.6024306,0.032226562,0.8527778,10.635,0.0069444445,1.8324468,0.6490066,2.75,0.120192304
2018-12-09,0.30172414,6.673611,2.7367187,18.607954,0.64453125,8.555555,7.6201925,19.939312,34.338543,2.0429688,16.994444,4.2975,0.16319445,6.8484044,5.3903146,8.533089,0.40264422
2018-12-16,62.38362,44.498016,51.21328,88.517044,32.34375,55.78472,68.01923,57.482788,74.06597,59.825195,55.336113,39.09,32.751736,51.25,66.49503,38.110294,36.34375
2018-12-23,41.45043,5.2906747,33.27578,8.400568,11.6380205,3.3101852,10.451923,19.053442,7.6197915,35.51953,8.113889,23.945,16.972221,12.458776,15.097268,12.867647,34.195915
2018-12-30,22.193966,19.150793,30.561718,27.693182,43.61849,21.747684,43.1875,21.042572,22.043404,23.110352,29.170834,49.37,46.20139,54.900265,25.003311,28.150736,41.52043
2019-01-06,44.644398,22.073412,38.30078,35.039772,62.973957,36.006943,9.802885,14.627717,15.151042,38.737305,23.575,25.6525,63.211807,65.99468,25.38245,20.272058,55.514423
2019-01-13,60.672413,55.45635,87.82109,85.701706,26.096354,58.164352,84.78846,73.76359,55.946182,66.53613,81.95,69.97,32.137154,53.121677,64.50041,74.974266,36.158653
2019-01-20,26.077587,26.940475,32.782814,17.607954,20.65625,17.194445,49.85577,42.713768,12.392361,28.001953,15.447222,44.31,39.270832,47.86436,27.946192,22.066177,13.819712
2019-01-27,5.2952585,3.7896826,15.925781,50.16193,12.152344,24.902779,30.788462,37.476448,42.09375,14.655273,29.356945,30.1725,19.581596,20.505983,20.074503,48.59191,10.197115
2019-02-03,11.407328,21.284721,21.132812,14.335227,12.203125,7.810185,14.173077,7.2572465,12.340278,9.149414,12.177778,37.8675,9.184028,23.743351,9.788907,27.588236,9.355769
2019-02-10,103.76508,49.944443,74.401566,21.607954,59.971355,34.949074,36.927883,20.196558,15.203125,82.515625,42.672222,62.2025,84.13194,59.836437,44.366306,54.838234,116.55048
2019-02-17,14.61638,22.935516,42.953125,31.741478,6.8190103,14.622685,118.27404,84.73098,69.97222,24.606445,50.866665,105.2575,10.881945,65.09973,17.94702,85.213234,21.953125
2019-02-24,61.63362,40.86607,52.227345,26.417614,50.464844,26.70139,29.134615,37.106884,32.447918,40.66797,25.23889,63.115,60.255207,51.861702,32.85389,32.96691,51.33053
2019-03-03,55.331898,59.22222,56.825,39.18182,51.619793,64.06481,23.336538,34.273552,22.222221,43.771484,45.747223,18.79,41.131943,85.79521,49.877483,40.764706,48.44471
2019-03-10,81.12715,38.01488,55.707813,18.568182,20.269531,8.474537,33.067307,33.844204,13.939236,61.08203,34.106945,96.1875,24.324654,49.332447,24.278559,75.132355,42.602165
2019-03-17,55.702587,18.176588,35.153908,29.536932,52.286457,26.157408,20.067308,16.777174,36.210068,46.479492,13.420834,36.1,61.081596,26.431517,24.642797,32.764706,58.878605
2019-03-24,0.2413793,4.109127,7.203125,9.335227,1.4765625,9.384259,46.471153,16.54529,18.04514,1.1015625,17.016666,55.955,0.42708334,9.583776,3.3311257,35.786766,0.46394232
2019-03-31,24.202587,18.643848,30.271875,6.5795455,40.5638,4.689815,8.745193,5.7065215,5.751736,27.035156,12.156944,3.8825,25.878471,25.702793,13.138659,6.970588,48.508415
2019-04-07,4.3297415,13.5287695,13.341406,15.784091,1.2578125,7.8703704,38.721153,19.307066,20.70139,2.5800781,30.752777,43.18,1.1128472,43.32912,7.512831,45.819855,2.6971154
2019-04-14,13.2672415,9.838294,22.61172,21.056818,2.001302,21.185184,3.3942308,16.72645,24.197916,17.256836,7.348611,9.815,7.671875,19.970745,26.915564,5.9117646,11.858173
2019-04-21,8.189655,14.931547,20.1375,21.113636,28.604166,40.324074,21.403847,9.669384,16.793404,5.8046875,18.381945,99.935,16.317709,57.772606,10.887003,70.30882,15.566106
2019-04-28,10.377155,11.303572,32.1125,7.786932,14.433594,17.664352,6.610577,7.035326,5.90625,16.78125,10.395833,17.9075,6.3559027,50.882313,11.714818,10.323529,17.729567
2019-05-05,45.62931,7.323413,32.801563,12.011364,81.71615,16.62963,5.75,10.25,7.8472223,58.339844,6.45,18.105,64.19444,17.299202,27.418047,16.742647,52.31971
2019-05-12,11.36638,15.166667,11.278125,62.034092,2.1197917,43.305557,20.067308,29.972826,58.572918,16.271484,16.461111,56.555,3.2256944,24.162233,24.946192,51.382355,8.617788
2019-05-19,48.439655,29.920635,31.795313,125.73864,49.195312,92.013885,40.28846,36.481884,131.07986,46.38672,32.925,41.41,47.90625,39.9375,57.024834,30.772058,43.53125
2019-05-26,120.5,110.41468,116.22656,88.795456,55.01302,121.81944,137.42308,80.771736,72.93056,104.697266,136.04445,131.66,72.576385,167.69415,91.903145,105.55147,115.82452
2019-06-02,0.83189654,2.266865,0.80859375,19.914772,0.5572917,19.324074,10.677885,8.507246,20.815971,0.73046875,11.980556,35.755,0.44444445,8.821143,2.7934604,24.772058,1.2247596
2019-06-09,1.7715517,0.41269842,0.6375,0.70454544,1.4192709,0.3287037,0.78846157,0.3097826,0.5520833,0.8105469,0.43055555,0.33,1.8263888,0.43617022,0.6581126,0.30147058,0.65384614
2019-06-16,1.375,0.31349206,0.5921875,0.5056818,0.9010417,0.4861111,0.26923078,0.26086956,0.41319445,1.2128906,0.11666667,0.03,1.1319444,0.26462767,0.7831126,0.11764706,0.9543269
2019-06-23,30.349138,16.281746,23.751562,15.0,35.359375,14.217592,33.048077,15.918478,13.125,22.939453,26.922222,69.87,35.413193,42.025265,15.948675,51.566177,28.978365
2019-06-30,43.092674,23.649801,32.066406,84.48864,27.044271,53.54398,26.95673,35.125,85.88715,40.368164,32.04028,26.8475,34.32639,36.26729,70.58858,35.180145,21.733173
2019-07-07,0.6875,0.6001984,0.38359374,0.76420456,0.3138021,1.1967592,0.4903846,0.39764494,0.5173611,0.8027344,0.45416668,0.59,0.3871528,8.001995,0.3865894,0.38235295,0.578125
2019-07-14,24.508621,15.053572,13.209375,16.068182,21.074219,7.164352,16.129808,19.205616,14.78125,21.091797,20.3125,20.34,21.996529,15.460772,21.65273,19.654411,11.88101
2019-07-21,1.1293104,0.734127,1.034375,4.4602275,7.575521,9.625,9.557693,2.3514493,2.2222223,1.5957031,5.563889,0.9,6.1805553,1.2353723,2.5811257,1.8970588,0.68028843
2019-07-28,12.573276,3.6984127,14.798437,12.4375,20.684896,13.916667,5.9038463,3.161232,6.5590277,10.619141,3.2527778,8.315,18.194445,11.023936,8.854304,4.772059,9.634615
2019-08-04,1.8491379,0.4484127,0.403125,2.028409,1.4817709,0.22222222,0.78846157,1.3115942,0.3159722,0.7871094,1.2055556,0.99,1.1354166,0.20478724,2.1937087,0.9191176,0.68990386
2019-08-11,0.4698276,0.8452381,0.834375,7.0397725,0.23177083,12.472222,3.5769231,1.576087,4.96875,1.4902344,3.5611112,7.29,0.45833334,11.091755,2.8874173,6.779412,0.6682692
2019-08-18,8.228448,19.069445,37.71406,6.0625,2.1484375,0.3888889,11.807693,17.43116,12.159722,12.402344,17.925,29.685,4.0104165,50.67287,13.432947,24.022058,8.314904
2019-08-25,4.297414,2.0267856,0.8140625,4.0227275,12.604167,3.0208333,1.1634616,3.2599638,0.7465278,1.4511719,2.6152778,1.015,11.19618,0.55452126,4.371275,1.0772059,1.4795673
2019-09-01,3.2974138,14.353174,16.701563,12.454545,1.265625,4.1064816,21.028847,12.248188,8.423611,5.59375,20.041666,59.365,1.9826388,34.32713,14.357615,44.330883,3.1274037
2019-09-08,4.25,5.075397,2.9390626,5.0795455,7.1145835,1.7824074,4.8461537,3.3315217,10.913195,3.8847656,5.9305553,13.635,7.5243053,9.835107,6.6812916,14.904411,5.733173
2019-09-15,35.426723,57.646824,58.845314,48.090908,27.109375,50.833332,87.20192,34.976448,25.659721,36.85547,74.96389,86.84,28.96875,87.67952,39.7053,66.07353,46.103367
2019-09-22,3.0086207,0.8888889,0.3546875,0.97159094,0.23697917,0.3148148,1.4903846,1.1847826,0.25694445,0.296875,3.5416667,11.325,0.44791666,0.64893615,2.509106,7.279412,0.6298077
2019-09-29,40.051723,5.392857,6.90625,18.982954,25.882812,38.180557,4.25,3.4528985,8.270833,18.351562,3.1472223,2.105,34.166668,14.667553,14.942881,3.3382354,27.07452
2019-10-06,0.66810346,2.3253968,1.5953125,6.78125,0.29947916,6.3009257,14.6875,2.830616,5.4461803,1.1972656,9.7097225,54.47,0.7517361,26.543219,2.0687087,25.338236,1.3978366
2019-10-13,34.474136,47.31349,62.87969,88.517044,20.484375,82.916664,38.384617,45.03442,69.47569,50.40625,38.6,74.54,18.815971,79.24202,73.39073,49.183823,12.290865
2019-10-20,29.635777,28.5625,21.210938,8.272727,21.410156,10.212963,12.644231,12.028986,7.9965277,18.03125,17.030556,11.88,28.680555,33.8996,14.79346,15.003676,28.680288
2019-10-27,61.081898,42.664684,43.719532,51.440342,55.571613,41.217594,26.8125,35.01268,32.93403,57.78125,31.8,25.9775,62.935764,39.390957,65.5447,30.139706,60.695915
2019-11-03,57.62069,50.48611,53.540627,43.340908,33.494793,43.00463,27.057692,29.110508,36.854168,60.783203,41.108334,31.4,33.229168,30.94282,56.090233,36.507355,35.901443
2019-11-10,34.670258,20.387897,41.55078,40.636364,39.130207,24.50926,76.6875,52.654892,32.131943,27.607422,40.875,55.3175,37.387154,36.23338,23.019453,54.1875,46.539665
2019-11-17,0.48706895,1.8035715,0.3,9.25,0.20572917,11.787037,19.10577,5.0199275,3.6701388,0.37695312,20.183332,10.785,0.5347222,0.70611703,1.1059602,11.183824,2.0673077
2019-11-24,66.465515,22.983135,48.157032,10.338068,56.098957,2.9305556,28.403847,10.317029,8.381945,51.85254,30.377777,51.705,73.56076,64.46809,18.030628,50.507355,71.52524
2019-12-01,40.265087,16.39881,32.647655,3.6079545,38.927082,7.766204,13.706731,12.764493,2.9913194,21.356445,17.284721,25.6375,44.213543,41.48338,4.7798014,28.904411,28.264423
2019-12-08,7.450431,9.306547,35.48281,6.380682,5.6080728,10.805555,8.730769,14.486413,6.0746527,14.258789,8.215278,10.5375,4.439236,65.40093,9.470613,13.632353,18.961538
2019-12-15,57.838364,54.819443,59.921875,61.633522,34.328125,36.75,49.5,34.204712,48.699654,44.546875,52.75,66.2475,41.838543,144.99069,52.483856,61.6875,60.471153
2019-12-22,0.54956895,0.018849207,0.4265625,0.06818182,0.1015625,0.083333336,0.375,1.8786232,0.024305556,0.15820312,0.0375,8.1225,0.029513888,0.31781915,0.18543047,0.6617647,0.15024039
2019-12-29,8.331897,17.76389,22.88125,95.267044,21.334635,64.64815,51.0,32.920288,68.49826,8.130859,23.731945,52.0,7.4756947,39.873005,27.359686,40.95956,11.222356
2020-01-05,46.49138,44.455357,54.19453,49.886364,34.30078,52.993057,46.221153,39.47192,45.03472,27.551758,42.327778,36.2775,33.734375,56.34242,39.82616,22.529411,42.66226
2020-01-12,27.726294,19.412699,17.425,12.298295,39.03255,9.886574,11.918269,7.192935,9.08507,20.192383,22.9375,16.48,27.6875,31.189495,19.64404,15.264706,18.186298
2020-01-19,5.4547415,8.289682,6.7171874,54.698864,9.256511,37.01852,25.29327,33.789856,55.48264,7.6289062,21.022223,47.1175,3.734375,5.8158245,29.864239,29.944853,2.8629808
2020-01-26,81.20474,27.666666,53.321877,33.610794,80.21615,39.14352,26.475962,20.330616,22.618055,42.36035,28.034721,42.735,83.13715,47.276596,18.127897,54.933823,103.51683
2020-02-02,26.413794,24.09623,20.99375,48.920456,11.3567705,27.407408,169.42308,111.06975,40.100693,15.737305,99.173615,267.5575,13.729167,41.966755,35.808773,212.85294,28.076923
2020-02-09,8.786638,19.126984,17.546875,17.556818,14.677083,4.212963,28.8125,20.952898,6.6614585,12.529297,23.581944,61.565,14.527778,22.240692,13.613411,31.327206,13.594952
2020-02-16,10.413794,13.207341,15.489843,2.3011363,12.510417,6.7314816,6.480769,8.615942,1.6319444,16.83789,8.908334,9.12,16.237846,17.142952,9.162251,6.2058825,12.609375
2020-02-23,125.82974,49.261906,80.90078,25.644886,34.966145,23.42361,50.740383,26.300724,18.125,90.82031,42.005554,76.515,51.260418,80.0,48.963577,76.588234,66.116585
2020-03-01,5.2198277,1.5684524,1.2179687,9.247159,1.4153646,3.0879629,35.97596,13.850543,11.423611,1.5654297,12.493055,55.0375,4.9878473,7.3510637,4.7487583,37.8125,7.0625
2020-03-08,0.5344828,0.007936508,0.1578125,0.71022725,0.14583333,0.125,0.16826923,0.058876812,0.14409722,0.20898438,0.011111111,0.075,0.0625,0.026595745,0.4668874,0.05882353,0.17427884
2020-03-15,36.23707,9.769841,19.221094,19.571022,32.619793,15.106482,15.225962,11.083333,25.526041,23.708984,16.729166,21.8275,27.975695,15.706117,11.341474,14.213235,27.640625
2020-03-22,0.5689655,0.5297619,0.0703125,2.875,0.27864584,0.097222224,4.7884617,4.1684785,0.6284722,0.28710938,6.0111113,14.67,0.12847222,0.5930851,1.821192,7.9485292,0.33894232
2020-03-29,18.368534,18.46131,23.301563,32.897728,13.199219,43.42824,15.826923,8.050725,14.184028,19.57129,12.1027775,2.9825,11.717014,13.394947,17.445364,5.1875,14.180288
2020-04-05,36.614223,11.9454365,23.623438,12.053977,38.020832,12.800926,10.802885,8.71558,9.47743,26.02832,12.894444,10.945,38.307293,13.799202,18.802153,10.900735,29.951923
2020-04-12,26.489223,11.573413,20.89922,7.034091,22.471354,4.891204,2.2692308,3.3360507,4.0694447,20.435547,5.7805557,5.0225,31.567709,19.19149,20.167633,5.3713236,26.814903
2020-04-19,4.952586,0.051587302,0.28125,0.1875,0.29947916,0.5231481,0.88461536,0.13949275,0.1388889,1.2597656,0.17777778,3.0,0.42708334,0.2912234,0.25331125,1.1544118,1.1706731
2020-04-26,7.8125,1.8799603,8.3375,5.0085225,8.5,11.759259,15.418269,8.488225,5.9027777,5.2197266,11.136111,18.9925,10.607639,4.6256647,1.4921358,14.444853,6.402644
2020-05-03,19.047413,0.58035713,6.353125,2.6761363,27.157553,4.6875,2.1923077,2.1585145,3.6111112,9.560547,0.69027776,6.1,28.559029,9.329787,6.649007,2.8051472,20.194712
2020-05-10,32.58621,5.376984,32.882812,7.1761365,25.546875,9.282408,20.538462,4.094203,3.78125,26.322266,11.088889,25.69,21.253471,34.347073,10.229304,13.9779415,37.533653
2020-05-17,75.75,7.5972223,41.946877,8.534091,72.885414,22.199074,0.46153846,1.5163044,3.0208333,54.935547,1.3111111,0.75,86.80903,33.25133,21.81043,1.0,91.80048
2020-05-24,0.875,0.23809524,0.275,0.2159091,0.9375,0.4027778,0.35576922,0.16123189,0.22916667,0.7675781,0.25555557,0.265,0.7013889,0.031914894,1.8385762,0.15441176,0.4591346
2020-05-31,46.956898,20.195436,31.7,37.573864,52.177082,38.789352,70.04327,52.3279,25.659721,28.513672,48.92361,46.2325,46.913193,70.59708,41.245445,51.14706,37.753605
2020-06-07,148.34483,67.21032,125.492966,33.53693,87.14713,16.606482,50.783653,29.856884,38.875,109.50586,65.25833,41.26,141.0677,88.97872,54.057117,40.07353,133.16827
2020-06-14,0.9375,1.1140873,1.0617187,1.34375,4.3945312,0.25462964,6.9711537,6.057971,0.3090278,0.7470703,4.6597223,16.135,0.3559028,1.7047873,1.4768212,4.8235292,0.60697114
2020-06-21,25.952587,17.964285,43.030468,16.755682,11.675781,10.349537,8.548077,10.458333,15.02257,25.24414,12.8527775,32.23,19.230904,48.27992,24.901075,16.955883,28.326923
2020-06-28,36.900864,18.193453,20.965626,47.579544,30.93099,82.83796,15.721154,23.531702,28.447916,30.082031,19.475,13.6675,36.95139,14.441489,39.001656,22.102942,39.875
2020-07-05,66.57543,25.949406,27.691406,105.36648,52.395832,186.38426,19.10577,39.801632,65.32118,48.217773,24.98889,13.3625,62.734375,14.823803,92.911835,19.375,65.50721
2020-07-12,33.786636,29.443453,35.466408,24.144886,10.2005205,27.652779,27.591347,24.66576,20.590279,40.046875,30.94861,25.5375,21.45139,18.646942,33.314983,34.944855,15.299279
2020-07-19,6.87931,0.9047619,0.9078125,0.62215906,9.09375,0.6574074,0.17307693,0.33695653,1.6961806,2.3330078,0.5875,0.1175,10.302083,0.5226064,1.0041391,0.28308824,7.7572117
2020-07-26,37.290947,15.431547,20.760157,25.053978,21.432291,33.148148,24.975962,13.82337,22.74132,44.345703,23.751389,35.5125,26.944445,13.253989,33.02525,32.694855,30.33173
2020-08-02,0.0,0.6805556,0.51171875,0.42329547,0.016927084,0.7222222,0.115384616,0.33333334,0.25694445,0.24121094,0.2125,0.1175,0.0017361111,0.35638297,0.37748346,0.10294118,0.03966346
2020-08-09,73.98492,76.04365,66.197655,79.72727,99.64323,71.05093,47.01923,78.55616,86.125,83.83301,76.45556,45.1475,85.5191,57.061836,83.93129,63.963234,99.71154
2020-08-16,36.0,27.277779,28.753906,9.619318,30.367188,0.5671296,22.889423,27.291666,18.07639,37.37207,27.208334,50.2525,39.137154,23.99867,18.931292,32.9375,50.45553
2020-08-23,0.060344826,0.5257937,0.0609375,0.17613636,0.0,0.6712963,0.50961536,0.27445653,0.1701389,0.12109375,0.39722222,0.235,0.0,0.35039893,0.18956953,0.33088234,0.0048076925
2020-08-30,0.114224136,9.356151,2.703125,19.894886,0.015625,12.958333,7.048077,14.802536,19.319445,1.1308594,11.222222,17.88,0.020833334,2.4800532,7.0951986,11.941176,0.050480768
2020-09-06,21.931034,22.809525,14.871875,89.857956,14.395833,73.46759,17.865385,65.69203,106.52431,29.326172,18.172222,6.05,26.35764,1.4760638,70.67881,6.7132354,9.182693
2020-09-13,6.0689654,8.960318,7.4671874,13.056818,5.9427085,12.902778,6.951923,13.452899,16.559029,8.863281,10.5222225,2.46,7.90625,4.7672873,14.312914,6.227941,5.0600963
2020-09-20,0.0,0.23809524,0.1640625,0.3125,0.37239584,0.06481481,0.27884614,0.092391305,0.2673611,0.08984375,0.06666667,1.69,0.038194444,0.24734043,0.272351,0.7205882,0.1298077
2020-09-27,28.215517,51.50099,40.03594,40.315342,13.7161455,61.675926,19.173077,35.094204,36.45139,33.328125,36.140278,23.4525,24.98611,22.224733,46.203228,20.5,24.890625
2020-10-04,7.12069,12.113095,8.167188,15.681818,27.197916,7.3194447,16.75,23.876812,21.989584,6.2070312,16.777779,48.29,18.149305,19.966755,10.1399,26.970589,18.966347
2020-10-11,2.2198277,0.36607143,1.5984375,0.9488636,19.44401,0.17592593,0.71634614,0.73097825,0.4392361,3.5966797,0.37083334,4.0375,8.413195,1.9022607,0.5889901,2.0625,6.3185096
2020-10-18,0.9784483,5.9781747,0.175,13.528409,3.0859375,3.6342592,8.961538,26.375,17.82639,0.20117188,9.738889,10.73,2.5277777,1.3523936,9.409768,8.191176,1.6754807
2020-10-25,9.609914,14.605159,3.4679687,11.315341,4.1393228,11.233796,22.673077,27.807066,15.338542,7.524414,19.672222,28.735,6.6493053,8.75,19.125,17.665442,6.4194713
2020-11-01,1.9267242,16.811508,2.0515625,28.676136,0.072916664,14.893518,6.1826925,14.641304,29.01736,0.7890625,15.422222,6.175,0.5208333,4.449468,13.510761,6.0661764,0.53365386
2020-11-08,30.435345,41.20139,42.64922,41.951706,29.078125,13.0,44.39904,68.320656,58.083332,38.765625,40.968056,37.145,30.496529,22.511303,23.983858,33.419117,40.15745
2020-11-15,15.640086,48.552578,26.571875,45.90057,10.792969,45.79398,52.307693,39.278984,46.564236,24.420898,51.11111,54.05,15.598958,17.704123,28.686258,59.242645,21.223558
2020-11-22,7.0689654,30.373016,15.98125,42.46875,9.160156,22.92824,24.653847,23.572464,40.435764,16.125,40.134724,33.89,16.489584,8.381649,19.77235,26.441177,20.388222
2020-11-29,79.605606,57.83631,40.865623,30.286932,93.54818,21.430555,47.201923,76.80616,39.9375,56.783203,64.880554,37.155,109.75694,37.565823,45.221855,42.268383,95.905045
2020-12-06,3.088362,15.017858,21.517187,44.18182,0.7786458,43.789352,35.625,33.991848,29.26389,11.146484,22.338888,32.0875,2.4878473,9.52859,21.153559,24.893383,2.4627404
2020-12-13,5.3836207,80.93849,24.003124,43.607956,9.545573,51.416668,66.88461,87.085144,39.140625,10.532227,86.30139,69.27,7.467014,37.92021,28.743792,64.97059,18.423077
2020-12-20,10.6875,4.0396824,10.824219,9.278409,22.40625,1.6550926,8.620193,9.894928,10.105903,15.595703,4.4083333,14.79,21.260416,4.90891,8.987583,8.911765,26.600962
2020-12-27,48.64871,23.607143,28.782812,25.568182,19.128906,15.261574,34.427883,38.634056,27.53993,49.61914,42.494446,70.775,29.350695,20.84508,34.581955,45.441177,30.942308
2021-01-03,32.60129,43.728176,23.03125,43.329544,37.479168,21.773148,59.923077,38.936596,35.23611,37.063477,38.36111,68.48,26.342014,26.561834,42.159355,60.35294,34.460335
2021-01-10,40.22198,11.355159,16.723438,27.18466,17.88151,14.037037,41.408653,33.40308,27.394096,42.737305,20.875,72.5875,28.42014,7.649601,24.600166,47.433823,37.0012
2021-01-17,73.98707,129.87004,83.385155,78.30398,35.26302,35.99537,138.38942,120.683876,95.302086,82.7832,159.36945,175.36,46.668404,86.2367,105.840645,172.73161,62.1238
2021-01-24,82.37931,84.46429,55.965626,80.16761,132.61589,66.5625,50.745193,127.06159,104.80382,68.08496,79.69028,57.72,105.80035,30.632315,91.24669,40.367645,110.83173
2021-01-31,12.702586,26.35119,11.80625,33.97443,16.395834,31.842592,29.913462,26.076992,16.569445,13.782227,33.6,22.2075,13.197917,6.8171544,28.759933,24.308823,10.365385
2021-02-07,22.711206,9.777778,7.4015627,5.653409,1.7291666,5.4791665,20.524038,20.981884,15.012153,30.039062,28.765278,35.275,4.3680553,7.84242,8.945778,31.88603,5.4278846
2021-02-14,6.331897,17.734127,14.0234375,19.397728,2.5260417,15.912037,16.384615,46.282608,17.42361,12.052734,17.158333,33.43,6.4409723,17.696808,11.237583,29.411764,6.21875
2021-02-21,5.452586,20.271826,13.0875,41.909092,2.2916667,16.0625,58.41827,56.144928,37.03472,10.579102,44.0375,82.805,2.4756944,13.980718,20.600166,55.066177,4.8930287
2021-02-28,57.853447,48.704365,42.36875,70.86364,21.617188,52.912037,93.81731,123.06703,85.25347,56.214844,85.81111,116.79,32.663193,48.175533,58.24669,95.40441,38.33654
2021-03-07,0.0625,12.839286,0.6578125,15.78125,0.0,9.675926,19.73077,37.386776,12.394097,0.20605469,16.393055,18.6925,0.0,4.666888,5.826159,15.044118,0.08052885
2021-03-14,10.765086,20.635912,9.99375,21.167614,11.621094,12.333333,43.908653,16.152174,17.07986,13.272461,47.827778,45.25,7.9913197,9.235373,14.323261,40.794117,8.097356
2021-03-21,23.657328,100.70338,58.371876,39.93182,23.420572,41.49074,59.64423,45.65942,34.689236,49.719727,58.50139,40.4475,8.340278,36.011303,55.6577,65.775734,15.96875
2021-03-28,16.383621,11.649801,6.578906,23.417614,5.768229,20.664352,7.0625,16.336956,26.779514,10.34375,10.438889,24.4775,20.621529,7.286569,16.947433,13.595589,28.32452
2021-04-04,0.0,7.1706347,0.1359375,5.1420455,0.0,0.33564815,26.153847,25.520834,9.449653,0.0234375,13.845834,42.18,0.0,2.3164895,4.382036,25.827206,0.0048076925
2021-04-11,1.8232758,0.82738096,1.3023437,2.4886363,13.6744795,2.5138888,0.5769231,0.6585145,1.6440972,1.2460938,0.8388889,3.09,4.9027777,1.4847075,2.370447,2.0367646,2.7932692
2021-04-18,0.112068966,14.126985,0.23125,47.38068,0.0052083335,24.953703,28.10577,42.893116,59.125,0.4140625,16.325,34.05,0.0069444445,2.6742022,23.669703,23.735294,0.014423077
2021-04-25,0.073275864,0.5248016,0.1421875,1.5198864,0.03515625,0.6736111,0.65865386,1.1222826,1.59375,0.1171875,0.5694444,3.1675,0.0052083335,0.67021275,0.77235097,1.3308823,0.049278848
2021-05-02,21.336206,41.87401,20.910938,52.971592,14.9505205,44.671295,22.91827,42.3279,54.262154,24.938477,33.669445,22.0925,13.107639,14.016623,43.906044,24.625,16.542067
2021-05-09,16.480604,33.00794,20.696875,18.65341,4.6809897,6.9166665,37.173077,25.067028,17.921875,16.87207,44.380554,32.88,12.475695,24.026596,16.344786,44.09559,17.348558
2021-05-16,29.064655,28.162699,20.251562,16.886364,27.34375,37.898148,6.701923,19.547102,16.10764,27.523438,18.544445,2.69,16.902779,12.19016,27.42053,9.198529,25.850962
2021-05-23,16.390087,29.77877,21.823437,46.852272,5.4895835,63.25463,19.802885,32.365036,32.53125,32.819336,24.784721,2.7675,3.7951388,4.318484,42.16556,10.341911,5.9603367
2021-05-30,13.956897,4.2123017,9.525782,3.8125,5.8333335,0.8472222,0.4278846,1.0978261,2.828125,11.175781,1.3472222,1.9275,7.5989585,2.569149,4.441639,0.7242647,8.856971
2021-06-06,49.609913,65.92659,37.060158,76.806816,29.289062,74.24769,83.79327,122.070656,111.55903,48.338867,67.031944,54.325,32.116318,23.294548,65.95116,48.106617,38.08053
2021-06-13,10.728448,11.734127,6.2617188,7.5625,9.4088545,0.4675926,8.019231,11.548007,13.46875,4.84375,11.223611,12.6575,7.0677085,9.594415,9.971854,8.316176,13.104568
2021-06-20,14.7327585,7.7956347,7.415625,10.113636,8.307292,10.138889,11.163462,8.836957,12.451389,9.5546875,7.9027777,10.62,10.857639,5.4069147,13.052153,10.669118,15.415865
2021-06-27,41.89871,60.128967,40.992188,48.247158,11.5755205,17.79861,31.29327,60.250904,74.864586,37.26758,50.358334,15.485,26.722221,34.414894,34.79801,29.191177,43.096153
2021-07-04,0.060344826,2.4563491,0.228125,1.375,0.0,0.8796296,5.451923,7.860507,3.625,0.23242188,4.616667,3.475,0.0,0.2699468,1.4114238,3.0441177,0.0024038462
2021-07-11,20.07974,9.501985,15.049219,11.25,24.179688,7.787037,8.149038,10.125906,14.088542,20.686523,9.044444,14.3425,23.564236,9.706117,14.71399,13.356618,27.211538
2021-07-18,0.004310345,0.30059522,0.05859375,0.48579547,0.095052086,0.46064815,0.028846154,0.089673914,0.44270834,0.0390625,0.15833333,0.0125,0.053819444,0.19547872,0.18667218,0.113970585,0.009615385
2021-07-25,25.793104,14.328373,18.516407,22.332386,14.942708,22.409721,12.201923,10.3125,12.362847,22.835938,12.395833,11.125,18.128471,11.580452,26.51283,13.808824,24.570913
2021-08-01,0.0,4.633929,0.06796875,3.5625,0.0,1.5902778,3.375,10.259964,5.0104165,0.078125,5.4180555,2.355,0.0,0.52393615,2.6668046,2.1544118,0.0
2021-08-08,19.465517,19.482143,17.895313,19.732954,10.1015625,12.194445,19.201923,25.628624,26.96875,16.873047,24.677778,39.07,16.09375,23.110373,17.525661,33.191177,20.009615
2021-08-15,0.0,0.5,0.3625,8.363636,0.083333336,12.532408,0.59615386,1.6105072,4.2465277,0.01171875,0.425,4.765,0.0,1.5252659,2.0596027,1.882353,0.0048076925
2021-08-22,10.418103,4.1468253,4.78125,14.460227,14.484375,24.652779,5.7788463,5.20471,9.631945,7.888672,4.2527776,6.125,12.461805,5.493351,21.408113,5.6102943,12.716346
2021-08-29,0.0,3.9960318,0.1921875,1.5142045,0.049479168,0.2175926,4.4134617,9.592391,3.8159723,0.07421875,5.727778,4.795,0.0034722222,1.1276596,1.3605132,3.7058823,0.0048076925
2021-09-05,26.625,25.787699,22.96875,55.909092,12.9140625,76.53241,15.173077,38.400364,47.194443,28.339844,23.475,9.68,17.243055,13.069149,41.43046,9.875,25.319712
2021-09-12,109.909485,91.28472,101.98906,88.767044,103.01693,58.969906,54.71154,68.63859,80.0625,146.375,77.291664,61.985,98.864586,87.87633,118.13783,62.819855,114.001205
2021-09-19,7.6077585,22.420635,15.932813,26.068182,8.104167,26.226852,11.048077,14.336957,29.32986,6.6621094,15.036111,6.97,7.5868053,11.363032,29.0149,9.507353,9.086538
2021-09-26,31.051723,57.724205,51.96406,72.369316,28.463541,46.564816,54.048077,54.114132,52.6875,47.95508,87.91944,47.505,30.399305,36.921543,56.521523,31.441177,43.608173
2021-10-03,67.82974,42.32639,35.997658,33.903408,31.39974,23.19213,20.524038,30.748188,30.328125,42.770508,23.0875,25.7525,45.626736,38.591755,40.535183,21.522058,50.378605
2021-10-10,97.6875,60.287697,65.640625,38.860794,125.6875,33.671295,42.379807,65.19293,35.921875,73.99805,56.491665,39.0375,103.125,53.20412,43.749584,46.04044,101.10096
2021-10-17,7.2198277,18.55853,17.020313,4.002841,15.8046875,4.1597223,14.576923,18.55616,7.1440973,13.233398,15.909722,15.8275,10.628472,17.12101,7.7789736,12.264706,25.070913
2021-10-24,2.762931,12.003968,1.7203125,7.056818,11.989583,0.9814815,31.625,30.233696,11.923611,2.5507812,20.311111,18.98,3.1215277,2.719415,4.8799667,17.125,3.6995192
2021-10-31,18.038794,42.878967,23.459375,29.602272,13.5182295,28.76389,16.432692,24.70471,24.96875,18.392578,27.497223,64.9,16.069445,29.340425,28.974339,42.27941,23.192308
2021-11-07,0.82758623,20.182539,5.2726564,10.269886,19.455729,2.1504629,20.923077,13.507246,12.505208,1.6591797,21.290277,18.1575,5.2291665,14.932846,8.264072,21.242647,5.7608175
2021-11-14,43.978447,42.62599,47.95625,48.647728,26.548178,41.467594,37.85096,63.536232,53.616318,57.493164,39.04028,26.4775,27.96007,30.710106,56.094784,34.213234,37.14303
2021-11-21,25.831896,23.247025,15.245313,26.167614,34.546875,32.0,33.091347,27.644022,26.95139,18.992188,21.57361,18.635,24.260416,9.924202,25.292633,18.286764,27.055288
2021-11-28,1.0258621,3.2728174,2.7390625,2.403409,9.046875,1.1574074,7.6009617,5.005435,3.0416667,1.046875,4.616667,6.1075,5.5625,4.09242,2.6982615,5.0882354,6.9483175
2021-12-05,7.012931,17.595238,15.421875,26.164772,0.0625,29.574074,20.10577,21.552536,38.854168,10.359375,23.127777,40.445,1.2534722,13.25532,19.298014,34.19853,4.0408654
2021-12-12,12.700431,18.159721,7.4445314,16.582386,3.6015625,12.391204,16.182692,18.30616,14.395833,11.263672,21.220833,14.4425,4.1440973,15.202127,16.580297,14.507353,5.8509617
2021-12-19,2.2543104,18.801588,6.7773438,10.528409,5.1875,14.118055,23.903847,9.796196,9.628472,2.9707031,17.754168,21.7625,5.9253473,12.77859,22.466059,18.066177,2.671875
2021-12-26,10.314655,9.986111,5.9078126,0.80965906,16.375,0.32407406,12.3125,7.4175725,2.8940973,7.616211,14.447222,39.5775,16.887154,23.91024,1.406043,36.452206,19.252403
2022-01-02,47.594826,30.710318,17.228907,58.792614,26.641928,17.148148,55.89904,42.197464,52.94097,32.87207,28.731945,98.8075,24.10243,21.362368,32.285183,49.59559,30.389423
2022-01-09,8.63362,14.322421,13.0390625,0.85795456,8.821614,1.025463,97.59135,7.620471,1.7274306,8.211914,34.05,80.2225,9.197917,19.612368,9.753725,76.88971,10.441106
2022-01-16,14.6702585,19.624008,30.58672,26.349432,2.2760417,38.085648,6.389423,12.917572,11.532986,27.769531,18.980556,8.2825,6.498264,37.40492,32.854305,17.67647,12.686298
2022-01-23,33.1875,43.229168,48.847656,57.24432,56.43099,28.229166,44.365383,24.831522,55.779514,27.449219,38.080555,100.4075,34.37847,66.618355,31.259106,72.599266,35.215145
2022-01-30,35.34698,10.654762,43.925,11.295455,24.963541,8.543982,7.889423,15.633152,9.30382,33.16504,9.013889,26.5075,28.395834,12.339096,16.060844,10.577206,34.05529
2022-02-06,5.99569,3.205357,4.1023436,7.056818,0.65755206,2.8935184,1.8701923,5.4393115,1.9357638,5.114258,0.48194444,9.7325,1.8454862,0.71077126,3.7595198,1.9411764,9.777644
2022-02-13,4.840517,9.823413,18.959375,9.838068,0.13541667,10.710649,16.557692,18.528986,7.8559027,7.4335938,8.663889,34.2275,0.5277778,18.805185,12.844371,27.55147,2.0697114
2022-02-20,23.75,16.25397,20.346874,13.173295,60.1263,12.1875,14.649038,20.705616,16.07118,23.330078,17.936111,36.6,40.819443,22.031916,27.89528,37.441177,28.995192
2022-02-27,26.846983,26.287699,14.736719,36.727272,24.164062,20.761574,30.110577,44.250904,39.18403,19.54004,27.015278,56.8925,23.0625,43.847073,27.012417,32.48897,24.805288
2022-03-06,50.568966,43.401787,39.078125,88.71875,55.746094,107.576385,55.701923,57.625904,91.52257,47.152344,65.07083,69.52,45.498264,33.390957,54.089405,63.713234,48.51082
2022-03-13,50.32112,32.927578,78.046875,45.863636,30.639322,47.45602,43.22596,40.280796,81.85243,91.2041,36.479168,81.7525,44.210068,75.03723,43.05546,84.19118,45.353367
2022-03-20,93.418106,19.553572,58.241405,36.676136,130.75911,38.45602,34.85096,17.257246,31.458334,88.87012,28.765278,65.5125,125.88368,41.715427,49.269867,55.16544,123.640625
2022-03-27,14.375,10.833333,11.404688,22.071022,17.394531,29.594908,43.89423,25.571558,27.484375,17.55957,25.5375,80.2125,19.779514,23.696144,21.64735,55.860294,18.445913
2022-04-03,85.38577,17.354166,42.889843,43.522728,84.70573,62.208332,13.192307,11.759964,25.421875,71.96387,13.483334,20.385,107.798615,39.313164,57.88245,16.338236,101.342545
2022-04-10,48.081898,15.652778,33.0875,12.332386,77.77604,6.685185,21.461538,15.629529,19.887154,42.467773,22.018055,37.72,64.5816,32.457447,16.956125,30.621323,60.10096
2022-04-17,61.53448,16.142857,37.773438,1.6477273,70.75651,2.0462964,9.942307,4.6041665,1.2361112,51.246094,16.595833,27.4275,87.05729,42.335106,11.336507,24.047794,81.76923
2022-04-24,23.993534,4.171627,3.8507812,7.1392045,18.583334,8.048611,7.0048075,10.848732,5.3402777,16.109375,4.891667,5.6075,18.300346,0.9900266,14.067881,4.845588,13.911057
2022-05-01,109.52155,158.62302,155.20157,189.41193,69.74479,108.46991,125.59615,155.89131,217.46355,152.54492,129.92917,108.16,89.27604,102.727394,178.35886,114.49632,114.09736
2022-05-08,9.327586,4.2440476,8.498438,2.5625,11.296875,4.8333335,4.826923,3.6105072,1.6944444,10.316406,3.1722221,7.93,10.666667,6.554521,5.6134105,5.0735292,12.987981
2022-05-15,11.584052,0.36805555,2.671875,8.835227,1.7682291,15.280092,0.072115384,2.723732,7.279514,7.4785156,0.13055556,0.155,3.8524306,0.28723404,8.284354,0.1360294,7.081731
2022-05-22,33.969826,2.6666667,10.7375,1.5511364,54.338543,2.3171296,0.20673077,0.45561594,1.5625,17.017578,0.73333335,0.51,45.59722,5.043218,3.4333608,0.5,30.052885
2022-05-29,68.64655,95.24603,93.49141,21.829546,60.536457,21.171297,76.25,42.926632,23.387154,85.35449,95.67639,132.1675,74.52951,143.15292,59.32409,111.23897,86.93029
2022-06-05,25.650862,36.660713,26.053125,50.897728,29.859375,61.578705,38.125,33.560688,38.01736,27.34082,35.815277,57.04,32.444443,38.847073,50.4048,48.117645,21.491587
2022-06-12,42.224136,18.065475,24.314062,22.460228,39.29948,27.162037,4.5576925,10.605072,17.052084,40.39258,7.3805556,2.34,44.760418,14.56782,45.424667,5.595588,36.170673
2022-06-19,122.05173,63.40972,62.875,104.62784,36.78776,108.47222,27.64423,52.355072,80.045135,114.19922,33.041668,2.205,60.987846,17.432846,125.98261,8.669118,48.51202
2022-06-26,6.0689654,2.2311509,0.9453125,2.1051137,2.953125,3.1921296,0.033653848,0.50634056,0.9201389,4.1259766,0.46944445,0.32,5.251736,0.26396278,6.740894,0.10294118,1.7007211
2022-07-03,1.0474138,0.50396824,2.4726562,0.52272725,0.14322917,1.7939814,0.115384616,0.1259058,0.203125,0.47753906,0.40555555,0.1575,0.36631945,0.9780585,0.5219371,0.2867647,0.6418269
2022-07-10,34.45043,18.333334,30.217968,19.914772,28.625,39.381943,19.504808,22.782608,19.206596,41.9375,17.05,18.365,34.42361,20.650267,41.25952,16.158089,32.866585
2022-07-17,14.396552,3.4503968,10.015625,0.13636364,15.541667,0.46296296,0.47115386,0.18297102,0.1736111,13.990234,1.2555555,2.705,14.236111,11.014627,1.5902318,1.4705882,12.019231
2022-07-24,9.782328,4.294643,9.0390625,13.107955,5.5989585,26.162037,2.3942308,5.8405795,12.657986,13.698242,4.672222,1.4125,7.888889,5.551862,14.170943,2.3014705,9.520432
2022-07-31,6.512931,1.3571428,3.2445312,0.65625,7.8190103,1.162037,0.024038462,0.8405797,0.7673611,7.274414,0.25972223,1.5025,11.809028,0.75797874,4.4499173,0.94485295,9.965144
2022-08-07,49.22198,79.63095,80.23594,140.82387,17.205729,140.73148,90.32211,90.777176,137.1684,78.37988,95.42778,140.0675,19.027779,81.15625,58.527733,108.099266,35.384617
2022-08-14,75.331894,54.82044,68.876564,14.289773,89.217445,14.5,33.701923,32.604168,20.564236,75.83203,35.752777,31.7075,88.7309,45.82979,44.221855,27.080883,86.19111
2022-08-21,0.0,0.0,0.0,0.0,0.0,0.0,0.10576923,1.4456521,0.15277778,0.0,0.0055555557,0.0,0.0,0.0,0.0,0.0,0.0
2022-08-28,34.107758,7.1626983,20.86875,2.7954545,27.997396,2.2962964,8.990385,1.8351449,2.8854167,28.378906,11.280556,28.085,35.04514,21.31649,9.575331,26.191177,27.09375
2022-09-04,7.2284484,21.035715,27.854687,15.960227,7.013021,17.175926,41.423077,25.907608,5.9965277,18.24414,39.058334,33.785,4.25,42.80452,16.111755,40.22794,10.915865
2022-09-11,15.713362,45.86607,38.466408,19.97159,2.782552,17.585648,43.182693,33.00634,24.413195,30.049805,43.8125,71.0975,5.1805553,42.40359,25.510347,49.974266,14.128606
2022-09-18,24.674568,11.876985,15.282812,20.568182,33.729168,20.921297,8.923077,11.182065,15.199653,17.285156,11.823611,8.1125,43.229168,15.115026,16.93543,7.591912,28.509615
2022-09-25,29.39224,25.293652,38.146873,3.4886363,38.14323,0.7083333,16.0,13.518116,5.8645835,30.927734,20.15,26.62,37.572918,29.985373,11.311258,25.161764,45.911057
2022-10-02,49.060345,26.210318,27.3125,7.193182,48.4375,8.967592,13.884615,18.90942,6.5868053,50.183594,20.141666,10.705,55.881943,19.18883,27.596027,12.838235,46.139423
2022-10-09,141.99138,116.17857,172.4625,82.375,116.3125,56.930557,28.903847,76.85689,114.90972,200.96289,48.39722,38.48,139.30556,60.85771,127.3096,38.14706,190.48317
2022-10-16,52.077587,34.33135,36.79375,20.113636,42.48698,25.925926,49.778847,26.942028,28.690971,38.251953,29.163889,36.455,42.50347,37.67287,16.360928,51.639706,39.50721
2022-10-23,9.176724,0.16369048,2.834375,1.2244319,26.476562,0.2523148,0.4903846,3.2971015,1.515625,8.519531,1.9430555,2.6425,18.586805,1.2872341,0.6274834,3.7536764,15.377404
2022-10-30,17.306034,15.130953,13.038281,15.147727,28.915365,14.009259,10.740385,6.6992755,20.340279,13.527344,11.079166,27.6775,16.317709,22.87367,13.109271,20.941177,18.620192
2022-11-06,0.3448276,5.2083335,3.5,17.102272,0.3671875,18.787037,7.7884617,6.7608695,26.958334,1.4589844,7.983333,12.99,0.9375,2.7167554,7.2798014,11.889706,0.6754808
2022-11-13,14.2672415,10.69246,18.517187,1.6875,5.8177085,1.4861112,4.951923,5.620471,0.90625,17.40039,9.101389,8.6275,6.8715277,15.325798,6.8245034,3.375,19.358173
2022-11-20,21.096983,7.825397,14.1328125,12.872159,11.114583,4.9421296,6.4134617,11.434783,19.967014,23.749023,3.6847222,25.93,17.810764,11.860373,14.830298,13.3970585,16.692308
2022-11-27,21.737068,50.34722,25.351562,118.22727,29.794271,65.55556,105.24039,170.38406,139.6007,27.41211,106.92778,177.16,9.142361,41.355053,45.021523,182.16176,24.55048
2022-12-04,14.002155,38.960316,32.835938,29.875,6.1614585,20.05787,21.692308,34.699276,33.916668,11.998047,44.58472,68.2575,3.9427083,52.05186,21.799255,56.65441,9.59375
2022-12-11,10.551724,14.905754,29.1625,19.110796,12.166667,10.300926,16.346153,21.550724,20.151041,16.24414,12.404166,35.0525,17.293404,42.961437,21.929222,25.503677,22.002403
2022-12-18,21.877155,32.57044,20.307812,66.017044,15.0807295,30.497684,163.69711,138.53351,88.77257,26.95996,84.86806,127.1675,17.555555,14.140958,33.45654,89.41544,37.13221
2022-12-25,11.7952585,27.492064,35.874218,21.914772,14.911458,17.92824,50.870193,37.292572,17.501736,18.103516,21.36111,36.52,24.22743,43.615692,32.762833,35.96691,16.334135
2023-01-01,30.806034,30.0,26.101562,4.3863635,66.104164,11.648149,20.85577,9.748188,2.9479167,17.189453,41.958332,30.975,65.16319,35.543884,17.048841,31.338236,49.490383
2023-01-08,28.290949,21.693453,9.357031,14.022727,32.158855,8.631945,28.399038,15.328804,17.694445,16.296875,14.118055,20.085,22.54514,14.520612,7.5687084,28.411764,29.45673
2023-01-15,30.088362,32.704365,34.763283,45.40625,25.019531,16.585648,43.72596,31.027174,33.708332,29.574219,46.043056,44.5375,22.61632,49.232048,41.804634,49.40809,48.070915
2023-01-22,9.637931,10.2579365,8.488281,16.633522,2.109375,3.3657408,6.4663463,5.3460145,8.630208,8.774414,8.093056,19.3525,3.2638888,5.0764627,25.27773,18.047794,5.9975963
2023-01-29,32.49569,71.184525,53.3625,90.78409,31.429688,82.59722,57.51923,96.583336,86.166664,32.10742,67.725,65.33,34.48264,71.90292,40.17301,79.43382,29.588942
2023-02-05,15.75862,19.8125,15.739062,13.616477,9.102864,0.13425925,37.870193,28.008152,6.560764,16.691406,27.245832,17.0175,1.6597222,12.461436,15.807119,20.422794,12.277644
2023-02-12,14.88362,20.733135,20.219532,12.340909,32.803387,14.956018,28.158653,18.783514,10.501736,14.701172,28.286112,87.4275,30.555555,34.363033,15.066639,74.37132,32.621395
2023-02-19,31.3125,51.997025,55.53828,99.78977,39.365887,148.95602,44.716347,59.725544,65.30556,41.91992,50.368057,60.5025,44.835068,50.58577,59.562084,55.860294,37.96755
2023-02-26,17.510777,26.958334,35.726562,19.553978,36.783855,22.099537,15.288462,20.077898,13.755208,27.30664,47.654167,37.97,31.935764,40.995346,20.192467,43.80147,28.713942
2023-03-05,30.14224,79.03869,32.61094,76.732956,13.8880205,85.203705,48.884617,57.626812,42.463543,53.698242,84.42639,61.73,18.788195,44.765293,57.53394,71.632355,17.689903
2023-03-12,1.237069,6.4970236,2.5023437,10.477273,17.532553,3.4537036,44.125,31.774456,9.527778,0.94921875,40.538887,90.4675,4.1996527,8.52859,3.6233444,69.32353,7.0625
2023-03-19,3.7952585,16.681547,22.782032,28.423296,13.936198,20.26389,58.360577,53.347828,28.980904,11.166016,12.451389,11.0225,9.729167,6.49734,21.155628,8.430147,4.5853367
2023-03-26,3.3469827,16.680555,41.089844,6.6761365,25.924479,7.3125,15.730769,13.235507,7.296875,21.115234,20.255556,22.7425,31.788195,21.891623,18.519453,18.871323,10.064904
2023-04-02,50.83621,30.847221,31.196875,25.59659,47.809895,16.560184,26.221153,33.326088,23.166666,39.810547,27.98889,48.72,71.072914,20.841755,33.692055,40.735294,62.923077
2023-04-09,5.288793,40.988094,21.9,26.892046,0.95442706,24.67824,24.778847,20.916666,25.151041,8.185547,32.318054,53.08,1.2152778,27.567154,16.63038,37.139706,4.5865383
2023-04-16,44.814655,40.165676,46.447655,11.803977,36.589844,6.7800927,42.41346,20.894022,10.220486,30.55664,47.00139,63.5225,37.168404,60.2879,16.146523,58.360294,41.078125
2023-04-23,13.372845,3.3025794,2.2210937,2.627841,24.446615,6.7824073,15.802885,10.822464,3.4357638,9.116211,11.011111,20.3825,14.993055,1.2672873,5.2975993,20.36397,15.388221
2023-04-30,70.336205,19.945436,34.10781,64.92898,47.46745,84.07176,9.120193,23.600544,30.277779,58.555664,8.941667,3.4,81.12847,10.05718,47.60306,2.0588236,51.203125
2023-05-07,22.702587,0.5575397,8.80625,1.5284091,16.736979,0.9513889,5.4711537,0.25543478,1.3871528,20.30664,1.0222223,4.895,17.73611,2.356383,6.5231786,8.161765,17.723558
2023-05-14,0.0,0.0029761905,0.0,0.0,0.0,0.0,0.0048076925,0.04347826,0.0,0.034179688,0.031944446,0.145,0.050347224,0.043218084,0.00910596,0.007352941,0.0072115385
2023-05-21,5.3663793,0.11904762,0.053125,0.19886364,10.7838545,0.44444445,0.0,0.023550725,0.017361112,0.3046875,0.022222223,0.04,8.267361,0.01462766,0.11589404,0.0,1.7644231
2023-05-28,0.06896552,8.762897,5.334375,3.4147727,1.3854166,0.42592594,16.317308,9.664855,2.3402777,2.0654297,16.502777,14.125,0.4236111,8.888963,2.227235,12.599265,0.016826924
2023-06-04,0.0,0.0,0.0,0.2159091,0.0,0.0,0.0,0.0,0.17708333,0.0,0.025,0.585,0.0,0.027925532,0.102649,0.080882356,0.040865384
2023-06-11,52.55388,78.75694,68.41719,100.99716,39.509113,127.298615,89.14904,76.06341,90.0,54.21289,85.334724,149.08,47.489582,102.24069,57.4702,133.69853,51.41947
2023-06-18,99.344826,33.371033,60.657814,8.017045,48.317707,5.1944447,5.548077,10.48913,7.4965277,81.03711,13.319445,1.73,82.482635,16.393618,51.820366,2.889706,55.735577
2023-06-25,3.7586207,1.6130953,3.6125,0.4943182,1.4973959,0.5324074,0.52884614,0.375,0.28819445,4.2460938,1.0416666,1.25,2.2430556,1.406915,2.75,0.99264705,1.5096154
2023-07-02,9.827586,14.755953,11.707812,51.142044,2.1536458,84.828705,6.5384617,23.815218,32.836807,17.179688,8.616667,4.85,2.8194444,1.9640957,39.21275,3.1911764,2.5769231
2023-07-09,117.788795,85.6369,93.6875,66.068184,127.770836,79.93056,56.35577,63.494564,55.305557,100.33594,65.19444,47.155,112.62153,89.81117,73.14487,58.794117,103.15385
2023-07-16,0.012931035,8.298611,1.7742188,0.57102275,0.0026041667,0.0,13.043269,5.1458335,1.015625,0.08203125,11.6875,25.245,0.0,6.9574466,1.4168047,22.194853,0.025240384
2023-07-23,10.129311,7.9761906,14.973437,5.1363635,12.671875,8.236111,4.8846154,1.7554348,3.8003473,11.427734,3.7208333,5.04,10.154514,8.714761,8.88245,4.4338236,12.114182
2023-07-30,0.125,0.0,0.0015625,0.0,0.0,0.0,0.0,0.0,0.0,0.00390625,0.022222223,0.055,0.065972224,0.00930851,0.12831126,0.0,0.014423077
2023-08-06,81.80604,49.30754,65.682816,25.613636,106.35156,20.064816,47.35577,39.101448,29.965279,75.42383,45.322224,62.81,83.44444,72.04654,43.047184,55.205883,82.63702
2023-08-13,16.448277,8.297619,7.9875,8.511364,19.033854,4.4074073,12.75,16.168478,10.409722,11.515625,10.541667,12.38,17.07639,10.462766,7.7649007,7.992647,15.201923
2023-08-20,3.4568965,21.123016,7.928125,18.960228,0.32291666,30.74074,17.192308,15.041667,15.805555,3.4550781,18.566668,21.42,0.53125,8.7845745,10.940397,15.367647,0.9495192
2023-08-27,22.672413,2.7817461,14.503125,0.2215909,46.15625,0.8333333,1.9711539,1.1358696,0.1701389,16.382812,0.65,1.87,36.15278,4.8896275,7.639073,0.3382353,25.557692
2023-09-03,69.17242,37.603176,36.55,99.107956,82.4974,174.16667,11.846154,39.844204,36.430557,48.01758,12.369445,16.715,78.06944,40.19016,76.787254,12.205882,47.747597
2023-09-10,6.825431,10.208333,14.692187,5.1875,11.040364,11.222222,4.2451925,3.9365942,3.0364583,7.2460938,2.2569444,3.435,10.305555,8.285904,10.942881,3.0367646,9.002404
2023-09-17,21.081896,26.688492,22.44453,11.761364,6.3164062,19.106482,10.144231,15.988225,14.215278,33.586914,24.195833,14.025,14.35243,17.644947,41.646523,21.882353,13.669471
2023-09-24,29.784483,46.42857,48.853127,44.136364,8.614583,62.675926,50.067307,37.101448,39.03472,52.95117,53.88889,37.3,15.680555,34.840427,58.3154,38.919117,17.555288
2023-10-01,162.26724,123.79365,115.65938,120.63636,76.390625,114.18056,61.21154,112.55616,128.45486,170.29297,89.43889,66.75,92.416664,106.01729,115.09437,104.80147,100.89423
2023-10-08,58.521553,132.06548,104.60469,109.75,68.328125,98.03704,87.60577,105.74457,99.5625,86.38086,123.280556,103.3,62.711807,145.69283,81.210266,125.875,89.40385
2023-10-15,108.42026,39.871033,68.83984,56.8125,107.063805,60.335648,22.173077,27.901268,45.90972,84.3916,27.930555,27.9175,142.72743,46.347073,50.028973,29.694853,115.84135
2023-10-22,51.107758,21.549603,36.828125,3.0056818,71.58594,0.16203703,7.7788463,16.313406,4.125,52.632812,11.644444,12.21,52.024307,32.74335,21.304636,13.029411,57.05529
2023-10-29,138.78879,89.09722,118.55312,84.92614,165.34895,81.22222,65.57692,66.01993,96.18056,117.72266,78.275,72.8,157.9757,104.32979,95.14073,83.43382,134.31009
2023-11-05,24.448277,1.2619047,3.1,1.4517045,41.934895,0.3611111,1.6730769,0.86865944,1.140625,15.337891,2.3,1.55,41.489582,0.33510637,7.254139,3.1911764,25.423077
2023-11-12,189.6056,157.4256,161.25937,79.423294,104.791664,149.7037,47.48077,132.15851,76.083336,234.20508,78.172226,26.9025,140.30208,53.43617,178.45737,40.22059,106.967545
2023-11-19,23.26724,14.1537695,13.107031,23.761364,6.440104,27.685184,12.504807,11.902174,21.993055,30.257812,17.088888,15.6875,6.9322915,19.218084,33.017384,14.2279415,14.102163
2023-11-26,67.469826,62.79266,47.164062,56.829544,62.52474,78.83796,66.06731,86.265396,63.288193,43.460938,53.34722,32.5825,74.41146,37.63963,52.700333,55.705883,58.271633
2023-12-03,62.094826,29.270834,39.580467,79.94034,50.34505,64.673615,29.197115,29.222826,47.86111,50.567383,16.740278,34.7625,61.654514,23.986036,45.76076,29.621323,63.401443
2023-12-10,9.581897,6.082341,12.557032,13.272727,16.669271,30.689816,15.317307,11.501812,13.651042,8.628906,5.1694446,6.4725,13.090278,15.732048,6.4399834,7.2316175,14.186298
2023-12-17,31.413794,19.849207,28.129688,16.15341,13.3515625,23.407408,6.0384617,21.365942,17.211805,23.742188,10.719444,5.67,30.32639,14.960107,25.554636,6.4411764,39.084133
2023-12-24,38.780174,3.9742064,3.1,4.9602275,28.598959,1.6018518,0.43269232,0.79347825,2.4201388,7.2226562,0.98055553,5.67,36.29514,10.698138,3.6887417,5.5882354,17.211538
2023-12-31,8.7672415,14.774801,21.903126,31.1875,15.3828125,42.342594,76.99519,50.98098,43.086807,15.5703125,28.344444,48.63,12.21875,9.140958,24.02649,42.952206,14.84375
2024-01-07,11.471983,8.809524,18.83125,47.747158,15.416667,30.88889,31.240385,33.254528,29.684029,19.467773,43.12639,57.32,18.833334,15.884309,30.159355,59.180145,4.4867787
2024-01-14,152.77155,74.905754,77.05937,64.767044,64.64844,54.101852,23.134615,47.571556,50.640625,126.65527,46.880554,31.47,95.010414,49.176197,80.87128,57.650734,101.77524
2024-01-21,17.090517,38.89385,33.364063,134.25853,22.802084,67.65046,70.14423,66.43659,119.390625,23.40332,43.327778,188.24,8.60243,40.633644,25.51904,134.23529,13.221154
2024-01-28,18.463362,11.401786,12.50625,11.605114,4.4427085,18.752316,13.942307,16.833334,10.746528,9.527344,23.4,26.8425,5.4409723,10.369016,11.940397,16.992647,14.664663
2024-02-04,29.163794,8.017858,14.001562,2.6079545,9.701823,2.9953704,4.6346154,9.300725,1.9461806,12.621094,8.240278,2.465,6.8350697,10.047208,8.343543,5.9522057,13.074519
2024-02-11,35.68319,48.37599,33.31719,44.5625,40.239582,22.810184,18.58173,34.373188,34.21875,38.035156,39.53611,60.725,53.28125,30.205452,49.02856,42.27941,38.759617
2024-02-18,16.010777,23.874008,15.598437,22.886364,18.122396,6.9583335,39.485577,24.578804,37.06597,10.873047,24.577778,58.36,22.855904,23.331118,24.736341,66.463234,18.628605
2024-02-25,68.653015,38.87599,33.02656,40.982956,52.9987,37.203705,25.307692,45.884056,29.244791,48.623047,46.28611,147.5475,65.760414,38.34774,35.711506,102.87132,60.741585
2024-03-03,51.198277,46.661705,42.502342,98.94886,39.51172,60.319443,49.745193,65.07609,50.373264,43.461914,56.134724,48.0425,44.461807,58.67021,59.770283,44.702206,47.5012
2024-03-10,32.396553,0.96626985,2.4648438,4.5454545,23.053385,0.032407407,8.274038,3.669384,5.1493053,5.239258,4.7430553,7.185,21.79861,1.2140957,1.7288908,8.2095585,16.484375
2024-03-17,70.19181,15.605159,31.452343,35.159092,71.80729,16.460648,12.783654,22.123188,28.583334,40.878906,7.8472223,31.225,58.31597,17.559841,29.984272,15.419118,56.878605
2024-03-24,2.3577585,13.273809,4.1953125,17.460228,1.8697916,10.148149,2.75,4.606884,9.003472,4.5742188,4.797222,7.19,1.2395834,1.4082447,14.7351,5.595588,1.1418269
2024-03-31,5.8814654,11.365079,3.9398437,14.414773,6.1484375,5.9699073,11.480769,19.807066,13.355903,1.4238281,13.8527775,10.4175,1.7986112,10.790559,12.518212,12.9154415,3.0733173
2024-04-07,28.189655,10.0287695,4.985156,72.28409,63.73698,56.905094,44.932693,45.350544,50.97222,9.571289,27.822222,44.385,46.10764,11.4095745,17.553394,43.856617,24.80649
2024-04-14,57.290947,42.49405,63.63203,39.75568,63.690105,28.86574,81.84135,150.00453,55.99653,56.926758,67.43472,114.6675,35.70139,51.606384,53.7024,66.5,43.127403
2024-04-21,21.342672,7.4900794,5.2609377,4.53125,68.52604,2.9930556,6.0625,12.497283,2.4201388,13.28125,5.2875,6.7475,44.487846,4.9408245,6.4743376,6.4264708,46.04207
2024-04-28,178.2543,79.08532,92.35313,112.931816,100.61719,166.66203,78.65385,36.88768,56.15625,157.54492,82.31111,51.505,118.05556,77.235374,117.68129,102.161766,125.33654
2024-05-05,12.36638,9.391865,4.521094,42.326706,18.621094,67.56944,9.399038,10.207428,25.557291,9.519531,5.95,3.2825,17.331596,3.4906914,23.994205,5.5147057,8.376202
2024-05-12,49.068966,57.06151,37.675,104.90341,28.320312,162.55556,35.096153,54.197464,58.51389,38.30078,50.575,29.43,29.715279,30.384308,50.58775,52.92647,39.129807
2024-05-19,69.97845,111.559525,89.16563,45.88068,55.04948,30.98611,68.94231,91.04529,49.03125,75.0293,80.53333,44.665,45.850693,96.34042,65.6308,76.23529,74.01442
2024-05-26,10.551724,24.103174,18.803125,20.085228,6.8385415,21.041666,36.75,29.684782,22.597221,14.8671875,28.661112,44.51,6.798611,29.57314,17.333609,43.19853,8.367788
2024-06-02,0.19827586,2.5853174,0.5171875,3.909091,0.0,5.361111,1.5576923,1.7898551,3.03125,0.22265625,0.7583333,0.635,0.090277776,0.59175533,2.8915563,2.1911764,0.014423077
2024-06-09,0.0,0.41666666,0.053125,0.03409091,0.0,0.0046296297,0.8076923,0.24456522,0.017361112,0.021484375,0.5777778,0.295,0.0,2.119681,0.58195364,1.6102941,0.64903843
2024-06-16,123.01293,23.751984,44.178123,104.068184,83.6224,168.30092,2.7788463,24.17029,50.34375,92.31641,5.4305553,0.295,97.114586,10.768617,66.32368,1.7647059,88.75481
2024-06-23,55.22198,43.56349,46.43281,79.20739,32.30078,72.11574,34.9375,65.91123,64.927086,63.32715,46.95,47.7375,34.4375,50.51064,72.26987,45.4375,35.70072
2024-06-30,1.9461207,4.093254,2.1734376,12.048295,2.8723958,6.960648,0.7355769,4.177536,11.151042,3.7363281,1.0694444,1.0075,2.3472223,0.4680851,11.233857,0.8382353,1.4074519
2024-07-07,88.97414,113.84623,93.930466,91.829544,88.50912,39.75926,62.432693,127.259964,102.26215,99.38379,82.895836,77.3825,82.041664,93.66556,95.876656,74.27206,77.81851
2024-07-14,20.900862,39.705357,25.749218,70.46591,31.260416,81.00463,29.6875,43.73098,75.017365,18.10254,38.16528,55.78,34.088543,49.68351,28.227236,60.253677,24.048077
2024-07-21,0.10344828,0.40873015,0.1546875,0.042613637,2.265625,0.0,1.4038461,0.77355075,0.045138888,0.0,1.8347223,0.5375,0.3263889,0.10305851,0.4946192,0.5661765,0.56009614
2024-07-28,21.301723,13.718254,22.339844,14.988636,35.65495,10.509259,10.817307,11.152174,9.699653,16.953125,13.826389,16.96,30.814236,32.746677,6.7930465,24.816177,34.70673
2024-08-04,18.159483,5.125,6.088281,23.78125,25.28776,20.92824,3.1923077,3.9755435,17.394096,14.772461,1.9291667,3.4525,21.67361,3.0977395,19.54015,1.6691177,15.013221
2024-08-11,0.030172413,0.0,0.0,0.06818182,0.0,0.0625,0.22115384,0.26721016,0.012152778,0.046875,0.0,0.5475,0.0,0.0944149,0.15645695,0.011029412,0.24278846
2024-08-18,45.105602,18.983135,17.63125,27.264204,61.826824,33.516205,8.043269,14.058877,22.57118,34.359375,14.248611,14.305,70.08507,12.674867,27.69495,13.7720585,41.77404
2024-08-25,1.5409483,4.455357,2.059375,3.2272727,0.0,2.5300925,7.980769,5.2128625,3.7569444,1.4394531,8.331944,14.42,0.2986111,6.7426863,4.1589403,11.261029,0.30528846
2024-09-01,7.297414,5.792659,6.8578124,18.431818,2.4375,16.680555,3.3125,7.07971,11.524305,11.05957,5.45,3.5325,2.6701388,6.1422873,14.348096,3.9191177,5.5625
2024-09-08,17.530172,24.847221,44.00469,27.0625,21.388021,20.12037,8.230769,15.059783,17.86111,27.535156,13.063889,5.9,20.8125,34.31383,39.567883,16.411764,18.632212
2024-09-15,35.547413,47.125,43.9875,24.022728,68.03906,15.050926,48.990383,43.71558,23.375,38.75,56.041668,82.29,41.9375,89.40426,41.74586,72.45588,34.115383
2024-09-22,11.831897,3.7718253,6.1265626,8.698864,14.15625,10.657408,5.5961537,5.179348,3.9340277,12.966797,3.511111,6.28,9.59375,6.4840426,7.102649,5.5808825,13.776443
2024-09-29,13.435345,32.789684,29.289062,55.204544,6.221354,34.912037,19.01923,38.324276,42.95139,29.128906,22.566668,23.755,7.5833335,25.159575,55.467716,22.705883,8.40625
2024-10-06,81.37931,46.511906,61.79844,66.23864,94.95443,74.34722,109.88461,80.28623,55.592014,63.404297,68.227776,74.08,88.58854,54.54588,60.479305,102.213234,80.34135
2024-10-13,12.657328,8.0625,9.021093,3.5227273,21.692709,3.4398148,7.639423,7.6132245,4.423611,8.1796875,9.5125,8.29,16.779514,5.3590426,6.231788,7.334559,12.676682
2024-10-20,32.21121,11.011905,31.2375,4.6647725,32.411457,4.7824073,7.8076925,10.929348,9.635417,34.441406,10.538889,17.175,28.875,26.18351,15.627483,15.198529,47.879807
2024-10-27,1.8793104,1.3174603,3.0703125,1.7386364,4.765625,1.2222222,5.548077,11.572464,1.6076388,1.6074219,3.0611112,4.985,3.5034723,2.307181,1.7218543,2.6691177,5.918269
2024-11-03,55.37931,54.474205,53.565624,75.829544,42.8125,75.833336,85.33654,100.375,63.59722,38.57617,78.40278,71.72,41.51736,92.356384,37.379967,103.58088,46.72596
2024-11-10,10.980603,16.239088,13.064844,13.704545,5.84375,13.888889,27.600962,22.122282,17.208334,12.176758,20.088888,31.93,7.5520835,15.412899,15.474338,24.716911,7.094952
2024-11-17,21.448277,32.08135,24.855469,63.480114,24.441406,48.122684,54.66827,75.395836,70.392365,29.61914,28.706944,61.0,17.75,14.379654,42.01035,30.349264,20.657452
2024-11-24,21.211206,17.401785,29.739063,10.752841,40.652344,6.578704,36.71154,19.241848,14.189236,24.916016,26.536112,37.0875,34.333332,34.40625,12.404387,31.147058,39.23918
2024-12-01,76.41595,46.55655,64.31797,26.948864,79.86068,31.002316,25.341347,24.519928,31.618055,67.29004,27.754168,71.265,80.58507,51.977394,44.52525,56.11397,82.28125
2024-12-08,62.61638,79.826385,65.67344,27.241478,52.17578,19.020834,126.84135,82.19927,31.869791,53.95996,84.297226,166.4475,55.28472,86.90093,41.210266,120.375,65.94231
2024-12-15,12.75,12.116072,14.982813,15.698864,11.729167,28.256945,21.259615,21.09692,13.836805,14.922852,16.7,27.55,12.55382,29.503325,28.448261,29.933823,8.390625
2024-12-22,12.49138,23.245039,18.442188,55.153408,0.38671875,29.162037,32.98077,19.844202,29.182291,19.273438,25.758333,45.6875,1.0034722,17.866356,23.821192,45.90809,10.633413
2024-12-29,24.415949,11.204365,13.455469,35.551136,8.457031,20.67824,11.701923,15.134964,22.21007,20.262695,12.829166,25.719999,12.451389,19.33976,17.449503,19.529411,21.578125
2025-01-05,6.599138,5.914682,0.71875,4.673295,0.200521,2.217592,20.0,7.555254,0.807292,2.267578,11.654166,78.445,1.274306,4.660239,7.1875,40.926472,1.420673
2025-01-12,16.622845,4.873016,4.1,6.306818,18.183594,4.516204,172.028839,111.58152,13.751736,8.30957,52.102779,39.217499,19.342014,5.240026,5.781871,45.871323,25.304087
2025-01-19,12.363147,30.456348,33.582813,4.255682,25.060547,8.199074,24.26202,29.692028,13.140625,15.494141,20.55625,21.063749,29.243923,30.582779,5.867964,12.1875,25.304688
2025-01-26,17.047413,42.856152,22.046875,55.414772,22.14974,61.745369,24.860577,33.184784,45.097221,15.433594,27.105556,38.080002,18.857639,31.576464,32.186256,33.544117,14.461538
2025-02-02,11.450431,32.743057,40.976562,26.963068,13.111979,5.863426,33.39904,28.500906,23.217014,26.768555,30.618055,26.2425,3.555556,31.250666,26.214817,32.628677,14.710337
2025-02-09,16.448277,18.114088,26.99375,65.778412,10.634114,30.694445,17.365385,19.956522,32.3125,20.129883,32.797222,40.84,20.631945,13.130984,18.661011,44.735294,13.514423
2025-02-16,36.868534,39.775795,37.890625,60.738636,37.457031,41.0625,28.826923,46.673912,49.385418,56.424805,45.887501,29.855,28.380209,38.794548,53.438744,36.610294,37.348557
2025-02-23,6.760776,13.214286,17.923437,18.619318,2.705729,23.668982,2.615385,4.050725,7.185764,11.870117,3.261111,1.9,9.85243,16.170214,25.518211,1.845588,7.632212
2025-03-02,10.99138,0.185516,0.113281,0.014205,3.886719,0.328704,3.918269,0.634058,0.0,5.52832,0.826389,1.475,5.217014,0.041888,0.36548,1.113971,6.753606
2025-03-09,3.987069,30.299603,12.136719,21.80966,3.648438,15.354167,47.83654,42.410328,38.303818,22.588867,44.745834,45.84,8.019097,19.951464,21.198675,37.808823,8.969952
2025-03-16,3.331897,6.009921,7.473437,4.184659,0.316406,1.62963,12.288462,17.42663,16.777779,5.848633,6.748611,4.7,0.076389,5.507979,5.964404,3.283088,5.043269
2025-03-23,45.008621,29.768848,18.717188,5.068182,38.626301,6.074074,4.528846,8.367754,7.211805,12.749023,9.976389,23.297501,44.484375,29.19282,13.883692,27.290442,32.48077
2025-03-30,34.489223,5.927579,15.829687,21.670454,27.108072,41.701389,12.168269,9.337862,14.328125,26.794922,16.583334,4.1625,36.864582,7.923537,15.181705,13.753676,29.43149
2025-04-06,22.816811,32.929562,25.221874,26.09091,32.403645,35.620369,53.89904,65.166664,42.855904,25.191406,31.131945,28.7225,24.069445,26.896942,36.796772,30.334558,23.796875
2025-04-13,58.334053,11.883928,29.53828,1.042614,22.00651,11.550926,4.971154,7.656703,3.465278,36.936523,9.390278,23.692499,34.022568,22.055851,18.520281,12.143382,37.592548
2025-04-20,1.577586,9.750992,6.813281,4.690341,1.007812,2.756944,2.879808,0.610507,1.559028,4.080078,8.168056,15.5825,0.927083,4.53391,5.402732,11.551471,1.272837
2025-04-27,6.471983,0.094246,0.659375,4.005682,8.863281,13.875,2.0,2.149457,2.621528,3.146484,0.186111,0.5325,13.49132,0.484043,5.795116,1.415441,6.927885
2025-05-04,2.286638,0.152778,0.167969,0.0,5.651042,0.0,0.139423,0.018116,0.0,0.84668,0.0,0.0525,3.467014,0.09375,0.081954,0.0,3.539664
2025-05-11,0.025862,1.896825,0.703906,0.164773,0.010417,0.407407,24.29327,7.929348,2.213542,0.106445,9.1625,26.647499,0.036458,0.946809,0.629553,19.61397,0.627404
2025-05-18,7.036638,27.234127,21.691406,7.670455,17.963541,3.50463,11.918269,19.082428,7.722222,9.889648,14.380555,20.950001,15.52257,22.686834,9.852649,18.26103,30.953125
2025-05-25,27.241379,12.375992,15.347656,11.605114,42.091145,22.034721,6.908654,7.775362,5.036458,25.358398,6.081944,6.1325,47.019096,9.499335,19.580711,5.511029,37.25
2025-06-01,38.579742,21.717262,35.607811,17.014204,35.73698,15.918982,11.649038,11.725543,11.0,46.928711,15.418056,31.725,33.680557,33.778591,22.46192,20.86397,40.157452
2025-06-08,3.646552,9.875,8.682813,10.079545,0.736979,0.893519,14.105769,8.583333,10.954861,4.607422,16.4,31.700001,1.34375,21.038565,6.494205,23.382353,3.050481
2025-06-15,92.157326,20.956348,25.25,24.363636,67.765625,41.472221,10.240385,17.701086,23.881945,68.806641,9.5,5.89,81.81424,14.560505,50.968544,5.488971,61.967548
2025-06-22,76.086205,103.404762,88.925003,40.25,43.51302,46.122684,74.278847,60.417572,34.623264,76.769531,73.086113,45.139999,47.538193,92.315826,58.293873,59.095589,70.950722
2025-06-29,69.116379,22.185516,28.379688,44.147728,55.526043,50.245369,17.442308,16.832428,30.418404,61.383789,20.472221,18.227501,53.510418,27.763298,52.068295,34.518383,47.247597
2025-07-06,0.0,0.046627,0.095312,0.022727,0.002604,0.037037,1.355769,0.310688,0.322917,0.006836,0.331944,1.2525,0.041667,0.067154,0.131623,1.569853,0.350962
2025-07-13,0.510776,0.686508,0.217187,0.545455,4.723958,0.321759,1.235577,1.593297,0.246528,0.0,1.211111,0.705,2.949653,0.076463,0.769868,0.227941,1.460337
2025-07-20,2.239224,6.015873,2.108594,6.241477,2.920573,2.240741,9.125,10.563406,11.319445,2.226562,8.113889,3.35,1.522569,1.213431,7.230546,3.569853,1.772837
2025-07-27,33.967674,18.28373,18.510157,11.96875,41.266926,22.407408,10.298077,10.862319,8.473958,29.768555,13.334723,10.225,42.529514,25.313829,26.460678,12.448529,33.217548
2025-08-03,75.709053,29.579365,32.823437,46.795456,55.648438,53.046295,15.639423,23.549818,36.892361,62.100586,16.836111,14.405,69.309029,15.125665,40.848923,13.4375,40.516827
2025-08-10,0.0,0.392857,1.052344,0.221591,0.0,0.273148,0.125,0.524457,0.717014,0.166016,0.541667,0.34,0.0,0.146277,0.116722,0.547794,0.033654
2025-08-17,19.327587,9.451389,11.446875,3.931818,11.203125,4.101852,4.442307,7.455616,5.309028,21.408203,4.865278,0.965,16.407986,7.511968,16.128311,2.014706,24.475962
2025-08-24,42.392242,86.985123,74.264847,42.440342,24.227865,25.949074,33.875,48.134056,56.039932,71.326172,46.059723,49.255001,29.305555,52.275265,59.861755,37.235294,53.698318
2025-08-31,24.739223,18.724207,9.780469,10.710227,22.523438,17.673611,22.086538,27.645834,16.119791,16.811523,27.769444,15.6225,24.038195,9.761303,18.387003,24.503677,19.004808
2025-09-07,35.534481,21.390873,16.370312,16.164772,14.513021,18.217592,10.745193,26.77355,19.126736,30.90332,14.108334,9.4575,18.427084,13.62234,33.489651,12.474265,19.58774
2025-09-14,11.702586,2.930556,1.889063,2.732955,6.229167,2.37037,5.067307,6.115942,4.020833,6.292969,3.580555,3.905,5.454861,2.297872,3.649007,3.757353,4.620193
2025-09-21,54.849136,44.525795,40.221874,38.471592,40.291668,45.800926,39.048077,30.753624,35.322918,63.306641,38.116665,47.849998,43.076389,52.069149,57.105133,41.338234,37.36298
2025-09-28,49.112068,26.515873,24.553125,21.579546,74.367188,31.282408,22.634615,23.672102,16.440971,32.648438,19.711111,25.42,52.333332,21.485373,33.878311,21.963236,43.00721
2025-10-05,20.125,15.648809,21.315624,7.443182,21.065104,13.069445,34.75,13.945652,3.902778,17.603516,27.936111,46.775002,23.107639,25.961435,12.796357,33.492645,23.088942
2025-10-12,61.148708,6.643849,14.342969,3.559659,84.679688,3.976852,9.182693,5.519928,6.060764,31.160156,6.279167,6.435,76.081596,10.039228,8.1399,9.294118,65.384613
2025-10-19,1.256466,1.990079,0.805469,15.605114,0.518229,18.527779,11.326923,7.109601,16.277779,1.199219,6.001389,12.0875,0.175347,2.229388,2.016556,8.691176,0.620192
2025-10-26,51.616379,21.508928,17.349218,69.068184,56.376301,63.340279,17.201923,44.699276,81.59549,32.548828,16.058332,44.302502,51.177082,16.740692,33.463989,29.099264,27.09976
2025-11-02,10.659483,10.492064,18.408594,8.613636,16.248697,4.706018,7.1875,8.725543,7.27257,11.198242,8.933333,23.15,17.019096,27.438166,14.469371,22.029411,17.971153
2025-11-09,5.890086,3.519841,5.345313,11.613636,15.259114,8.111111,2.230769,3.990942,12.342014,6.785156,2.258333,3.3325,8.458333,5.985373,3.688742,1.305147,13.572115
2025-11-16,19.668104,29.779762,31.015625,9.724432,20.313803,6.44213,13.413462,18.279892,17.194445,18.867188,20.01111,33.3125,20.979166,32.605717,19.613825,24.930147,13.40024
2025-11-23,6.153017,21.463293,10.180469,29.832386,1.947917,20.05324,74.980766,33.41848,20.399305,2.119141,26.2125,88.4375,4.114583,13.902261,14.513245,85.878677,7.028846
2025-11-30,31.318966,18.795635,36.175781,3.84375,14.565104,2.398148,24.153847,20.255434,2.628472,26.235352,15.777778,14.905,25.215279,22.060505,19.05298,15.352942,17.838942
2025-12-07,57.512932,33.854168,28.27422,44.77557,47.548176,51.180557,38.807693,56.522644,45.291668,37.487305,38.186111,32.217499,55.902779,26.878325,43.689156,24.180147,56.71154
2025-12-14,13.077586,4.488095,7.367188,1.889205,20.091146,1.171296,22.615385,4.451087,1.574653,5.508789,6.825,1.98,26.017361,4.712766,2.811672,4.080883,21.022837
2025-12-21,36.573277,14.729167,29.976562,15.3125,58.733074,23.125,34.528847,21.66576,17.027779,37.735352,21.725,14.1525,49.260418,10.703458,31.086092,23.014706,18.85577
2025-12-28,120.482758,63.267857,95.273438,95.028412,44.276043,88.078705,76.528847,89.2192,70.309029,59.692383,63.579166,69.82,71.00174,46.227394,54.919701,112.536766,58.61298
2026-01-04,0.318966,4.510913,2.766406,1.460227,5.101562,2.921296,5.591346,8.742754,1.076389,0.665039,15.997222,5.3675,2.432292,2.003989,7.11548,30.334558,2.753606
2026-01-11,3.633621,23.458334,8.108594,7.463068,7.596354,17.967592,16.850962,16.130434,10.314236,4.212891,12.188889,44.0075,4.260417,14.601064,9.977235,30.930147,10.276443
2026-01-18,12.1875,3.888889,9.880468,73.630684,6.625,37.810184,13.875,25.317028,49.340279,11.571289,5.504167,22.025,3.274306,5.390957,17.992136,9.367647,2.305289
2026-01-25,14.385776,21.860119,16.107813,4.613636,8.932292,16.671297,17.177885,14.957428,3.097222,8.515625,12.701389,16.915001,21.800346,15.865691,14.101407,22.147058,12.189904
2026-02-01,9.028017,36.340279,15.7625,14.284091,5.522135,5.648148,29.341347,32.875904,13.885417,12.900391,31.291666,60.282501,3.774306,24.674868,8.732202,34.761028,14.698318
2026-02-08,8.724138,11.943453,16.724218,52.042614,8.345052,26.326389,24.370192,24.690218,23.498264,13.62793,14.836111,33.029999,6.144097,9.625665,15.992136,18.422794,12.671875
2026-02-15,33.506466,41.032738,39.439064,69.446022,26.105469,28.351852,10.144231,34.304348,45.609375,41.891602,23.109722,14.8275,24.979166,20.49601,34.721855,27.680147,16.691105
2026-02-22,11.862069,13.854167,4.404687,26.201704,9.953125,8.872685,61.908653,34.854168,31.631945,1.838867,21.220833,38.282501,5.461805,9.93218,8.398179,47.922794,6.078125
2026-03-01,1.021552,0.142857,5.196094,0.102273,1.4375,0.222222,0.855769,0.60779,0.690972,3.418945,0.370833,0.925,0.194444,2.226729,3.717715,1.040441,2.497596
2026-03-08,22.588362,14.070436,12.991406,23.991478,4.304688,22.625,34.45673,10.980072,12.861111,12.415039,21.909721,56.1525,7.328125,26.925531,19.037252,47.275734,11.044471
2026-03-15,28.040949,1.141865,9.657812,14.693182,19.821615,8.0,11.471154,13.496377,0.722222,19.634766,7.180555,5.095,27.371529,19.134974,7.404801,1.386029,22.414663
2026-03-22,35.521553,37.308533,36.272655,15.701705,20.953125,22.155092,8.6875,9.538949,5.432292,38.461914,12.922222,7.37,22.253471,34.55851,30.278559,35.54044,13.801682
2026-03-29,2.368535,21.334326,15.334375,18.24716,1.44401,19.129629,16.461538,23.423914,12.371528,4.863281,14.159722,26.1675,4.340278,10.816489,17.512417,20.349264,3.540865
2026-04-05,15.30388,19.21627,12.690625,25.360796,19.289062,27.939816,109.95192,73.83152,24.980904,15.430664,43.794445,70.662498,17.27257,15.727393,15.616308,42.768383,20.14423
2026-04-12,5.866379,4.795635,14.058594,1.653409,15.388021,2.87037,5.836538,5.156703,0.362847,13.374023,1.951389,6.7525,8.328125,5.291224,11.112997,3.981618,13.307693
2026-04-19,1.06681,0.0,0.039844,0.119318,6.390625,2.694444,0.375,0.0,0.052083,0.017578,0.051389,0.58,5.67882,0.013963,0.009934,0.742647,1.643029
2026-04-26,30.295259,45.000992,43.417969,5.920455,22.535156,1.261574,48.985577,39.061596,8.494792,29.673828,46.822224,55.25,19.722221,60.614361,23.736341,50.033089,22.955528
2026-05-03,18.659483,5.590278,11.516406,3.005682,52.714844,4.032407,3.629808,6.394022,3.069444,12.786133,2.091667,2.495,34.527779,11.69282,15.837749,2.805147,40.518028
2026-05-10,0.092672,16.205357,9.904688,1.008523,0.451823,0.013889,24.004808,18.509964,3.979167,1.384766,26.259722,34.584999,0.503472,30.976065,2.050911,32.400734,1.730769
2026-05-17,0.560345,10.274801,5.99375,2.613636,0.299479,4.981482,15.495193,3.764493,3.052083,0.654297,20.043056,19.040001,0.652778,13.950798,0.565397,18.94853,0.393029
2026-05-24,24.021551,21.051588,22.651562,24.78409,31.523438,28.682871,9.567307,19.763586,26.128471,24.256836,13.922222,17.790001,19.590279,21.862368,34.236755,17.268383,34.048077
2026-05-31,0.237069,1.208333,0.329688,1.235795,0.869792,2.564815,3.0625,4.25,0.925347,0.026367,5.576389,7.9375,0.263889,0.368351,0.648593,10.341911,0.282452
2026-06-07,29.883621,25.576389,23.456249,5.840909,27.16276,6.375,9.971154,10.793478,5.534722,20.669922,15.361111,19.780001,16.078125,24.061171,14.804636,12.882353,42.254807
2026-06-14,0.040948,0.125,0.0,0.258523,2.541667,0.006944,0.009615,0.541667,0.279514,0.217773,1.184722,2.2525,1.137153,0.133644,0.101407,0.580882,0.426683
2026-06-21,24.107759,39.505951,20.916407,13.25,15.451823,11.189815,26.961538,38.400364,19.704861,19.214844,43.095833,24.1875,23.295139,38.737366,26.800911,33.323528,24.438702
2026-06-28,142.510773,100.568451,126.780472,78.451706,96.708336,73.398148,64.61058,71.767212,84.1875,105.390625,92.558334,39.384998,109.508682,87.12101,123.509109,62.47794,135.35817
2026-07-05,7.443965,5.316468,7.429688,1.625,7.266927,1.231481,5.177885,6.822464,5.217014,5.695312,6.376389,7.4975,9.375,7.430851,5.09644,6.316176,9.102163
2026-07-12,21.939655,37.103176,28.907032,11.164773,17.582031,7.888889,30.211538,26.772644,14.940972,25.463867,42.079166,23.5975,17.55382,22.020611,23.981375,24.360294,24.657452
2026-07-19,94.172417,57.699406,73.936722,63.653408,79.863281,114.384262,23.163462,30.039856,42.392361,80.828125,41.869446,22.205,83.053818,52.335106,74.547188,28.330883,93.347359
2026-07-26,24.775862,23.699406,25.642187,65.579544,11.5,70.976852,13.807693,20.674818,53.243057,29.09082,20.809723,8.6225,20.454861,16.304522,59.774834,9.926471,23.60577
