Semana,ALTO URUGUAI CATARINENSE,ALTO VALE DO ITAJAÍ,ALTO VALE DO RIO DO PEIXE,CARBONÍFERA,EXTREMO OESTE,EXTREMO SUL CATARINENSE,FOZ DO RIO ITAJAÍ,GRANDE FLORIANÓPOLIS,LAGUNA,MEIO OESTE,MÉDIO VALE DO ITAJAÍ,NORDESTE,OESTE,PLANALTO NORTE,SERRA CATARINENSE,VALE DO ITAPOCU,XANXERÊ
2014-01-05,28.751395023007188,28.925781504177586,27.96364045418144,30.811520488489247,29.237249707575643,29.579704269939405,29.61189618680637,28.68622369345132,28.83737512017416,28.19429787742005,30.04640639829429,31.40213812650696,29.58899855337548,28.09155544708216,26.37062355938431,30.396442510377167,27.565704439528226
2014-01-12,26.52473750660625,28.042508886821235,26.05251960788243,28.80287897870654,27.43318280743105,27.658868028697206,29.860533678149345,28.58910941384056,28.12712013371537,26.131645263783444,29.967101472796816,30.651503925374897,27.53900823261747,26.816106538882025,24.630290179619067,30.013875793337583,25.586849528824228
2014-01-19,30.226289805604992,32.53113279362986,30.14008191759436,33.074112931887306,31.19678146057355,31.501158609967128,32.88883449454349,31.209604881583868,30.88797365102749,30.03945487637085,33.9335988593824,34.00265150507184,31.31575453511536,31.10357807613806,28.3462266046666,33.63614553014826,29.06299851589769
2014-01-26,31.11698379172935,33.07072943055045,30.84620738854532,33.71232948700587,31.363497791247934,31.43014325322332,32.9565569930452,31.736257378714424,31.50825794242366,30.374840757844147,34.288459746455736,33.6111804648551,32.10228006075708,31.76153921165814,29.413095312502207,33.7621159413556,29.784170188029822
2014-02-02,32.87407481562984,34.901516708992176,32.532871765062254,35.14118986470359,33.423187802227936,33.04351967918366,33.63666557223039,33.06705217237596,32.47692789350237,32.1255571260227,36.02365194873892,35.47305738443956,33.97488685004039,33.366930813293095,30.81918244900631,35.19651899692364,31.395526280621635
2014-02-09,29.742866086530256,30.982442419666217,28.837492833649467,30.76005992719105,30.257922105485644,29.513343788942315,31.3915122007142,30.25115848590801,29.551366147229817,28.794613416605248,32.68641128374901,32.46805242708109,31.090597084590367,29.51916882583262,27.12771509745356,32.22470354054072,28.780074586122826
2014-02-16,27.67849479341445,26.6997697104269,25.090702529914,27.76956897264435,29.074192616076587,26.71715223098814,28.70459719510537,27.360311716253108,26.86095038972022,25.988880877285627,28.236201349894205,28.365974927526924,29.29953400784938,25.151967289044915,23.79600489521509,28.28681399724255,27.17380051857056
2014-02-23,26.00971199094559,28.559624597716184,26.083455420852022,27.827642240694587,26.577338436812845,26.904652294811903,30.14273946556336,28.125267633215177,27.018975157093863,25.47661984597068,29.895952695375914,30.98268906318274,27.07778418294252,27.128456681813468,23.83245591719849,30.19351289976833,25.12463788909089
2014-03-02,25.888561985207343,26.02989121337436,24.43758594915733,26.56672294083096,27.18269707307737,26.00735932182008,28.45288442383702,26.59233903166536,26.23132830170036,24.57489319298211,27.898630203313125,29.20967765766977,27.55040706538785,25.67561139558491,22.63196295170978,28.51502081839305,25.819085545295653
2014-03-09,26.59072358513124,27.89677902579562,26.384479308614928,27.062098826680863,27.420164046156945,26.40625251858391,28.410333066222968,27.21810809246905,26.65091019833858,25.91903564229993,28.76290881994999,29.418475816834647,27.7058868168864,27.49479345526203,24.00108482348893,28.989607883759444,26.10638163867344
2014-03-16,25.33008348128664,28.167855836180987,25.57139219471916,26.812386101200463,25.5619958062952,26.244805653889976,29.859769687708194,28.14007684881037,26.65637593166702,25.021574563197,29.84576057334999,30.502594318030017,25.960459040859032,27.42768505943307,23.42961721666116,30.042392644863536,25.030522246245106
2014-03-23,26.46323199131007,25.694327821101204,24.03582357831412,25.5073996640387,27.252838943729923,25.45689014056781,27.85466461626504,26.05367140039221,25.31409932675893,24.837229587095795,27.499244354710434,28.85451316833496,27.656451908317774,25.324094425891293,22.160329211967248,28.13167910939793,26.21301164395725
2014-03-30,26.38987864736118,26.386722375589137,24.272455920343813,25.99127938633873,27.2020279554682,25.912877322163823,28.2410454763963,26.446076934616293,25.611823251802623,24.87617179325649,28.08267263767524,28.74606642504587,27.80050973450356,25.26885728115237,22.1006874145585,28.33745271492377,25.778641644192515
2014-04-06,26.44828318690395,25.792964143285367,24.474127908248025,28.01458602576029,26.93432875265464,27.362749580864435,28.087952527638425,26.88438813444856,26.928854834076944,25.462089879708564,27.40238443515001,28.63952246766205,27.30098450229895,25.44799591158047,23.44350439185149,27.9622067901253,25.68494328270061
2014-04-13,22.315048144130635,23.296221468748573,21.31695176905621,25.105528888248266,23.17964261024639,24.03333265778334,25.999389848625697,24.09364707748611,24.28762160821904,21.59171887216472,25.222533639684897,25.772555559471936,23.44841203910504,22.366485945547243,20.182127646784185,25.580128440185074,22.218363333905163
2014-04-20,22.761536248402244,22.489741926254244,21.338118144444056,21.358362176588603,23.61652189744657,21.2162922229546,24.862855683262776,22.42551400023621,21.550259796374,21.99647414161329,24.10477738648781,24.586948942302698,23.937070780279093,21.99687737818523,18.769565444427982,24.54718470713397,22.77049753286768
2014-04-27,21.271995924921416,21.14213944803169,19.043819738047887,23.771512348027457,23.02590891840192,22.58821105834293,24.596226706101664,23.169763485301623,23.4182346767642,19.631780454895225,23.378741174342828,25.24567478879121,23.272531227715685,20.759146184660864,17.70764166749951,24.40058460347573,21.568834918528555
2014-05-04,23.02654800513229,23.306160996463507,21.93502397545693,23.23631627928643,24.016852956979385,22.82326942429119,26.684802397347053,24.05199695240368,23.103901687666863,22.00501527131878,25.33229972046692,26.57110794920806,24.39767638504735,23.204228480814187,19.944935555688964,26.10892659017485,22.896491266646475
2014-05-11,22.24103739577677,21.51928974773838,20.002242387874848,23.0473545065948,23.525501152394348,22.45406713939848,24.92176137651716,23.14625109684932,22.77335401990409,20.972953447743127,23.76487021673293,24.995769202548534,23.821141638811028,21.003506419684136,18.452922977271985,24.521407513702457,21.94504798519001
2014-05-18,19.796833059195546,20.038163057014124,18.588385527813024,20.30549088546208,20.38621260023929,19.73295223329365,23.45968208646636,21.40890637880796,20.57411998218753,18.888286450045985,22.05174406637877,23.50182672845064,20.811180227971903,19.744098447083392,17.375821687491133,22.91197237623181,19.98639078217376
2014-05-25,16.00785968908165,17.70185150164785,14.731848554687364,18.58479973531905,17.104702915640605,17.86917321930521,21.508121685105927,19.378109978019417,18.82260276473432,14.858793042507966,20.192961098311784,21.262098191562043,17.17975924742268,16.323130678932422,14.159301810194515,20.685580794825245,15.826413653931528
2014-06-01,18.936938035442104,18.89564061164856,18.07791181147997,20.33223886007354,19.239231078559428,19.752453196462977,22.297223905780225,20.23449733585506,20.155607413872342,18.219908107654582,20.676865784120768,22.476989694682736,19.85693462474926,18.79742769672317,16.284710953707176,21.777075877628214,18.321084888154928
2014-06-08,20.08726052489213,19.646047799063645,18.39600437345395,21.91550215227264,20.952214462681223,20.96629900177473,22.17172708872804,20.67511757045597,21.32341365384962,18.94842809123585,21.42629641908588,22.96470934618516,21.51291336516156,19.683843477941284,17.31591880203758,22.445256100708725,19.97495321122141
2014-06-15,19.033374770421016,18.72879391641759,17.37006512720604,19.065231609912143,20.364667981399773,18.535514945689314,21.08271061088184,18.924183317407387,18.902647584851707,17.968901342428445,20.102723786325164,20.267825212761394,20.52194472905752,17.99970233662118,16.21463090395301,20.357002661419475,19.227018349254227
2014-06-22,17.960959288451047,18.374157884736054,17.00847838130162,20.62599426933697,20.004351058948664,19.72951579247356,21.95795402304424,20.262154150133007,20.644699030426384,16.880337996745673,20.72589569587213,22.610260544440177,19.38190118134252,19.073047514909053,15.737424254963068,22.12308465244719,18.754752925785404
2014-06-29,20.07936326202432,20.60110396718674,19.698083417227338,22.749540364458444,20.77279936693758,21.605753605276767,22.65689612964152,21.4724910800488,22.182523078881136,19.49937859214465,21.886214843353667,22.15234006125972,21.19199878552706,20.552847539571893,17.32299771029758,22.320401380206743,19.354623853678326
2014-07-06,18.24674769564792,17.392082563087122,15.858485967370395,18.92209355178333,20.207246039903755,18.804359979764527,20.978824359682484,18.705537937709263,18.733556954594743,16.766992064777455,19.562758170784296,19.132408651058885,20.29044338358875,16.89137976812099,15.083397843010076,19.77537755910198,18.022032242900924
2014-07-13,19.68638544806796,18.95944310861356,17.462780355455184,21.965836089281808,21.20483575195493,20.82499143976042,22.350996807087267,20.55695459192449,21.15259309197592,18.194098797101944,20.965730488764777,21.586796418675835,21.448194779024163,18.73404139966705,15.82588680150623,21.56077050509518,19.145778984393715
2014-07-20,18.180760836509204,18.69965568890196,17.49386749927619,21.111528081553324,18.805367338489727,19.54515171173764,21.075203192129777,19.573814986092707,20.489548133544027,17.54694240272917,20.29214637145336,20.55969019013273,19.05526354137995,18.690067635820373,15.90635033349938,20.713481772435856,17.65402531720236
2014-07-27,20.471787838095093,19.260248325018487,18.61259810313146,22.43574328933444,22.15301874811609,21.409680165225783,22.585991650906667,20.41597050902131,21.3945948027818,19.367301708667696,20.99748466210964,21.25590112202894,22.06526934502208,19.20233256193221,17.344715572845157,21.51403606474516,20.09881561978487
2014-08-03,22.89237959136373,21.447613429413167,21.120149106395488,23.261511083160126,24.847642155950105,22.8905803945534,22.938039051200487,21.31113257717777,22.233045270998183,21.910997260944374,22.71706952759714,23.199784618182324,24.326904381564223,21.73172853716664,19.37412783278813,23.09904987611416,23.02642749647567
2014-08-10,20.08173414547011,18.89612424144867,18.16858060400149,19.94956097006798,22.00560300037828,19.38112469284077,21.36105298856952,19.98569313495189,19.524615576122603,19.066851502730685,20.612628233277952,20.28099402584477,21.69257692388586,18.48141316269337,16.923038402255028,20.67195707944508,20.03195058753227
2014-08-17,25.73350687161989,23.800353767012737,23.86945029582825,24.60335258926664,27.33963209077396,23.638694336055327,24.579810089689648,22.666123359977423,22.63418847287471,24.581054480459347,24.69901282240302,23.684976878513226,27.296511397858843,23.856181182076348,22.70831311280341,24.456165343581347,25.289285332044823
2014-08-24,21.207350036198875,20.853730267807364,19.94818558731011,23.53407244880994,22.63661996670601,21.837149202746925,23.11579500203925,21.667770002786213,22.028567427991653,20.29990295671908,22.53041452680316,22.920845160265817,22.67530570895516,20.876219593587013,18.80763266868288,22.85707979146282,20.659518025313425
2014-08-31,21.705099097243306,20.205751589874723,18.977849088311725,20.072700686398008,24.1085205896972,20.080198840284904,22.437875986794342,20.35675515311105,20.017587906227185,19.7869936768196,21.606661777578907,22.301552679982148,23.71879824708327,20.15143191658748,17.479079028032853,22.088391888164963,22.07219143183726
2014-09-07,27.155211629094303,25.26340402875628,25.50337098484665,24.55809106713249,28.358993195675644,23.45676425064853,24.8490020651859,23.670254109370244,22.8417433311328,26.09017601914293,25.536653474089388,24.647768005206576,28.724407891969424,25.57387360896242,23.262529706070435,25.15157051235729,26.714382789848305
2014-09-14,22.763589665082737,23.4596950123305,21.132284814738128,23.060435793229512,23.01411744491159,22.39882088812162,24.67272174601652,22.882019364493235,22.09214270044913,21.808973081200406,24.63567326533329,24.18315752240204,23.790837008060176,22.645679842968164,19.44486852681255,24.5259354921703,21.825559846795795
2014-09-21,22.455937033301,22.15270276364487,20.33335479086442,22.36613314492362,23.483400247434083,21.82597297069496,23.4760187888632,21.85727577853512,21.752056681713245,21.25985417403574,23.134847688881347,22.76920553294796,24.219004135794616,20.71811689083219,19.23436695246833,23.021215629204377,21.281532362143626
2014-09-28,20.284960627709268,20.024907425776725,17.417387104288288,21.46258082418215,22.480758441103383,20.77269442692073,22.989718456657567,21.254891704707948,21.23885314665195,18.525277821097788,22.006337815652167,22.861045963359327,22.39759080658548,18.86977872180524,17.32219353034622,22.464937441503,20.05121383834077
2014-10-05,26.70087357500192,25.542932118942485,24.876863471998405,26.78418206317084,27.60024645203224,25.683826628185454,25.093764146632427,24.41357640353116,23.93969109380315,25.691274314682985,25.964332369189243,25.1648784827672,28.22117491946717,25.8034345349824,22.96197061899397,25.6708868217095,25.87357116709501
2014-10-12,29.061571185039583,26.767102252699928,26.97049216496384,24.210091355301085,31.462292406490167,23.62485763127586,26.529969435044,24.84159006490336,23.612776203864705,27.415582110830847,27.22877062347544,26.87179098617677,31.248659728576783,28.165056629429987,23.64950232803319,27.24946069437464,29.223508836124143
2014-10-19,26.0652775782876,24.494390546640098,23.23525641846678,25.349875030063448,28.01210446220076,24.480371610231533,25.36612969445765,24.28386432598164,24.02099105103375,24.35934131566532,25.841310966788942,25.07677166674015,27.94978206774444,23.780663107995416,22.19681221684672,25.4008522108343,25.51870856837764
2014-10-26,28.916129270575684,28.985163376529584,28.19211195630105,28.06577137254533,29.463241434556124,27.075302762261074,27.28438356249395,26.6379221175553,25.30151427841933,28.569197361863505,28.77393342880976,27.58314019843253,30.10351137949233,29.06726301032468,26.556350198891383,28.132370110827186,27.40374937854365
2014-11-02,25.805580315902883,24.01387983090334,23.470688719186725,24.474248730001,27.15488209643248,24.31780986712246,25.73431748481951,24.49071649328455,23.827590315309287,24.481143246619585,25.292099856091784,25.18073838483292,27.434127594053056,24.258118450193475,21.697431742613706,25.32168630237916,25.638528484539844
2014-11-09,25.39386438494944,26.78588603249491,24.506603929778592,26.03421095155534,26.71549629618026,25.200626969797728,26.88212421962193,26.06105619058981,25.00631366550572,24.63256168258204,27.949158637967457,26.43959674680972,27.02402283141972,25.906812014955275,22.703623264618766,27.16328208087242,24.584723896736083
2014-11-16,26.92855636616317,26.802008946058844,25.12755429522592,28.41149915967669,28.11974955628661,27.133795953011727,27.26449299136681,26.47934927506881,26.144095928468342,25.769501103593203,27.5810412914722,26.558962585469786,28.52220135582,26.189479116870803,23.799499908719284,27.111781144562062,25.720527331462765
2014-11-23,27.631463859685752,26.82618745608625,25.23745306720751,27.448483265581583,28.72128263709282,26.649577169037848,26.88974981057748,25.792869751174727,25.854909579581246,26.01343349933088,27.32017787751697,26.678689694468865,29.43998909364796,26.03114701298607,24.17187237079044,27.07909394803579,26.457319952406973
2014-11-30,27.46463544641836,27.54918092044432,25.892882798134803,28.01744275717509,27.91351489470148,27.270931828129395,28.414444164353974,27.556586427564746,26.161707829589247,26.699412596909617,28.71529178371677,28.098421968218457,28.523633133950845,26.533431288278003,24.942587996988056,28.3107138594536,26.38947703060757
2014-12-07,28.332185534129884,30.104118294299028,27.78267312240262,29.53735120239712,29.487159572293542,28.50198931552882,29.415699633495453,28.98553559241356,27.32443201098657,27.792500573148608,30.85397059452998,29.695742162411428,29.88960319320207,28.561149704347827,26.490006237999555,29.995691885453613,27.10341269500815
2014-12-14,27.36472726328493,26.81154480773503,25.39425446612706,27.25803338062196,28.99110060634656,26.769406560458425,28.012139139648085,26.787000749265992,26.302784365450567,26.23259206456462,28.27740372331628,27.65311668375432,29.35509312567104,26.17549024233952,23.912421298411864,27.910104770249816,26.2845396340054
2014-12-21,24.729735098290167,24.70619323868741,23.019014021730463,26.704025654565715,26.5778437331374,25.79339474171132,26.30663960737668,25.77252989434577,26.142216074023462,23.746972772750595,25.85407441539682,25.62729475119044,26.80203931396072,23.74864050650436,22.54616202402908,25.73838939032209,23.842279526743926
2014-12-28,25.12436287927812,28.423211649791007,25.386765012935715,28.356447075094497,25.895196091590503,27.541272783218048,31.27795308393917,29.621513249781223,28.45009771485152,24.982922304065475,30.7716841941272,30.797169582541738,26.257117768512263,27.1535195032504,24.300428314227364,30.734863243924195,23.958009803391533
2015-01-04,29.167009036973635,30.62757949280078,28.494420482293627,32.38220322699774,29.45908130671164,30.65799637037201,31.13663921967888,31.19211568064504,32.0791054854421,28.471509063471824,31.5154455143652,30.60846276810227,30.164776776288008,29.23866516372928,27.983973810742256,30.99610095014777,27.962305101101613
2015-01-11,30.010343932123565,31.99142266641548,29.8808998168837,31.85347674006508,30.29444769909433,30.70727981164801,33.22716407108585,32.6187254264138,31.73876566616289,29.66227756710503,33.60994730202151,32.74223413236058,30.848487533657707,31.25441573550213,28.3899122756006,33.120187602631034,29.203006685262103
2015-01-18,27.944117731415933,29.208065777190967,27.221674058536777,28.54205730415526,28.27007204333912,27.547081371685405,29.95778234498494,28.84534143819437,28.512011511218525,27.27281210634384,30.47032320262034,29.455544762212952,28.758073287580928,28.43971075368201,25.68235117141036,29.90104039634511,27.35582653467225
2015-01-25,26.99330504919418,28.062805505195406,25.62203065504939,29.98053094886598,27.71582379401127,28.908073795961755,30.46139892266721,29.43532213483538,29.21063124363669,25.77456397388059,29.932218569800963,29.585332425778127,28.167519278507893,26.671170901535145,24.93026732019964,29.73652979632413,26.44880671256957
2015-02-01,27.2057432324423,27.83643374412553,25.671917796029177,28.52501228877476,28.58139087640295,27.586474319222354,29.269621062209232,28.10310845610383,27.74485449408365,26.19403732265477,29.594483577843867,28.13742514504898,28.92367176107458,26.48873248626745,24.68348466996772,28.906423568725582,26.54074414528284
2015-02-08,28.93009192173392,29.95338607800286,27.887640752513114,30.27284766095025,29.4397112509659,29.104384757377005,30.497747693743023,29.95332581359071,29.5660346436174,28.046205509902386,31.334085794754355,30.24221928485963,30.34545869348592,29.092272736217648,26.77218070153126,30.68783244228176,27.957922619308103
2015-02-15,26.49485099330986,26.7998220996816,24.69962948322719,27.147010882695515,27.810911398830456,26.49992718199505,29.04642294169168,27.78629117495053,27.401391807600945,25.413385584330264,28.3353954579407,27.656461520336386,28.11041657989089,25.142425722787163,23.85016047607069,28.05675361021157,25.74869602259921
2015-02-22,28.39414190540289,29.581915170144928,27.140464660861163,29.16344438564209,28.825474768016708,28.31241197966547,31.10548175111109,29.73017886768688,29.04167430788103,27.24282203026376,31.19755103701637,29.78203213632589,29.8339216552646,28.14445504662922,25.79264872116056,30.521126498914743,27.62743378713768
2015-03-01,28.24930500339817,28.22535591491504,26.416423544591787,28.695594384556728,28.33743392300553,27.98545825619496,29.426492307346003,28.505170241516907,27.866774424648096,27.07281129298516,29.428515119676465,28.46290374766141,29.1587510587626,27.059719483466505,25.378032055282503,29.030622321798845,27.17141358614609
2015-03-08,27.904767128491496,29.25657586502368,26.70747823808293,27.70602315948124,28.298511239707608,26.638833339303314,30.066798179559736,28.485109677005127,27.52648306919404,26.972980014384795,30.521679253185987,29.19656652003286,28.8243725714076,27.743018686606284,25.08353413641812,29.94389657171738,26.9095212995524
2015-03-15,28.565159374222333,27.982621812108736,26.361004348761657,28.02545768022537,29.18450963594224,27.3029459458674,29.389808626981235,28.4050903597745,27.96491107642068,27.464442448353203,29.309256836862275,27.591312724625,29.39293709132661,26.56049864481785,25.009575785225888,28.679652242044646,27.74824615437387
2015-03-22,25.433563615364456,24.83865677624115,23.97096353732281,25.62077903179896,26.421678232493704,24.799046250076984,26.76328408822373,25.39376759615812,25.443562785706643,24.56638093740251,26.03308173836051,25.97781757395865,26.35501923800436,24.642083565425533,22.0728816372663,26.24986869901593,25.244560068187045
2015-03-29,26.005604428520844,25.89266012370713,24.08562311411116,27.147231209845767,26.44188432531124,25.773220172720062,27.62932962578865,26.22520938922832,26.579919628434453,24.71374025548671,27.317271028659047,26.975740304211723,27.02112707300076,24.949457535405948,22.915609769148013,27.22852753939694,25.18102479430864
2015-04-05,24.69774036579304,24.6965487689606,22.97915406976004,25.87702475275312,25.6625389237478,24.77024159867177,26.895325780262407,25.62745537200531,25.680732002930164,23.59207750734516,26.481014487856907,26.04293484186548,25.689910700882724,24.09672058944793,21.49536741408805,26.34576941189701,24.19457930438924
2015-04-12,25.281092350393955,25.782824910780008,23.936514339091616,25.53429037048703,25.75922977015497,24.75275537989161,27.705904813271577,25.85416875764921,25.500919530536333,24.227148296326163,27.17845281790861,26.89771402364149,26.122264005962943,24.83838832298192,22.47975157221034,27.16483434165761,24.61845368002303
2015-04-19,23.2858818721894,23.10300117972563,21.85236254897706,22.87291981776556,24.27608189840479,22.48094096484485,25.93771690946974,24.013686731511896,23.180970705185384,22.46766631595196,24.800652405709933,24.5141726851142,24.307868707133995,22.83991752446381,19.714657860013613,24.96130682764221,23.07599843480195
2015-04-26,22.907339780947414,22.333510790298234,20.73845587986808,23.52572347152801,24.953024565600007,22.603009889177983,25.07690024862484,23.89011395442021,23.61877547411536,21.3089344509541,24.24526509536809,23.98279135824857,24.740971182304,21.12613248466549,19.322659118236963,24.207043492864024,22.898010990369027
2015-05-03,21.29579795680298,21.4299089578169,20.040138986328586,22.689162049974712,22.28545606374564,21.62228761891448,24.00974957657973,22.6880473823052,22.73773100231492,20.31812762248637,23.274838410414656,22.953708666675496,22.400797630368974,20.650605363623164,18.316770785172512,23.26992123747525,21.21286229624581
2015-05-10,19.782431525153083,19.59669822111313,17.630824781670018,22.206729434785387,21.30068877253332,21.32399644201173,22.950019947641447,22.028224167761863,22.32131147291329,18.18463577864811,21.633711410291266,21.79112476929821,21.22845338210176,18.869645945960748,16.84418927029339,21.89920784302653,19.660677916920083
2015-05-17,23.529133348698167,22.547860333660267,21.5734323596362,25.77952646925336,24.82974991138382,24.499800771666614,24.62342288959826,23.54332992652794,24.624746376754253,22.14119428671117,24.15613017061572,23.674985584865684,24.86188676274421,22.126533667560995,20.29399033622034,24.124274651365035,22.90611147944818
2015-05-24,18.9751118226708,19.43995767158232,17.743568846474943,20.42112562344188,21.44301366417784,19.90988900394513,23.050636224774507,21.01061822321508,20.53163059630273,18.131556978107707,21.555944041462688,22.55662710775905,20.560611540746507,19.06690892467491,16.35185818567646,22.24203716285541,19.045335596783787
2015-05-31,21.3258983116199,20.54696956219704,19.97101514912752,24.28683211122241,23.21339165767328,23.03512498985693,24.0656664211618,23.186345418954826,23.597192922916896,20.374038674834075,22.50819249669195,23.07596723345733,22.98540106703416,19.925421207942744,18.86292943653501,23.058841862090645,21.11846884562963
2015-06-07,22.52162265163898,22.480542407107,20.963905064956,24.605228171462105,24.08554587021834,23.780199964074093,25.44199737237424,24.31233746912573,24.02342238118271,21.46466544401257,24.20408098873122,25.568780027631163,23.93537723419749,22.304608985091743,19.607756573560582,24.93529223649236,22.110196940661123
2015-06-14,16.913187832138867,15.857266247653756,15.379547559167818,18.09452123159454,18.781934544035984,17.770509185938298,18.61768984169029,17.732652373871247,18.138027877023774,15.853680249140153,17.180355983585507,18.06001434428994,18.346344679018703,16.080934270172662,13.770018123713092,17.855932153601003,17.232412666644688
2015-06-21,19.53451159316448,18.062724871421928,16.80644120340762,21.139488678602945,22.580755235176458,20.01365991172643,21.01789570688853,20.241225868324182,20.608165577666405,17.290022520166143,20.218477297035648,20.35987737043849,22.018889359065465,18.236216414904096,15.237541032624344,20.50560472156204,19.84247606912392
2015-06-28,18.677750991271424,19.122025138025343,17.8393617979488,21.184174780334747,20.07126757059161,20.43889538262955,21.53800828672359,20.835460524125537,20.71011558390877,18.02910892767633,20.92202933340361,20.93444343140183,19.889563683837537,18.694549538658027,16.156004915120256,21.01315459906472,18.38945305508102
2015-07-05,16.722473188716936,16.841134873026213,15.347512165211745,19.899780821232568,19.120584602271247,19.13037201919457,20.360415728377184,19.34246803977273,19.509660934515427,15.590661614764526,19.12660345515131,19.75990841266601,18.61301366334716,16.403834957731164,14.55854878302684,19.61956333414216,17.167157166087726
2015-07-12,20.258490906105383,19.727709288790283,19.269567809913045,20.51702484630403,21.13120330200647,19.62522148196148,21.503346356984128,20.17451673235212,20.10109858316918,19.57459872055912,20.896472253840724,21.94614979263265,21.166966674870967,19.67492141467005,17.440077961338368,21.419314453513188,19.829959893805
2015-07-19,17.783002530592597,19.1055719847364,17.236975824716563,18.8850486817814,19.7845795361048,18.411078212497472,21.024234760606944,19.26501513196277,18.606986937924137,17.205800519885308,20.5038397991296,20.61137332299328,19.362602388536608,18.745117452053105,15.401942904901288,20.67637709675469,18.18157849864497
2015-07-26,23.682505355992067,23.684703130457702,22.28249912591984,24.140197359380267,24.88470013418699,23.727572735672293,24.18717965440221,22.85670009563496,21.994708426078,22.530900415607185,24.55684503332361,23.94882188267464,25.10069344863008,22.8943367902592,20.486556855203787,24.220637737654894,23.3629063698802
2015-08-02,26.588944055859187,25.00663508535193,24.763359436231475,26.45460378556025,27.7933033901528,25.585807279883817,24.46966197956408,24.234856742759803,24.22740396548157,25.496616579148043,25.282311823460965,25.09053312543268,28.016850154832525,25.37123354272876,23.337054573119737,25.2771400444195,25.71466280764968
2015-08-09,25.7586967536995,24.386753370004424,23.578955999812724,27.68945561136518,26.750159646915915,25.79943981440678,24.401327572480582,23.915399419611152,25.02496586853744,24.58187057357805,25.24096143317945,24.618012847283456,27.091100070467327,24.423115490640537,22.03567882263066,24.98491270061575,24.59984737972044
2015-08-16,23.186395490491712,22.86268605758895,21.35549900990836,23.78614327027684,24.4924447591176,22.59243376742919,23.392296871708016,22.488785171013376,22.43289799792893,22.20972027794717,23.384126965411298,23.229940969667663,24.664930779961548,22.43572531135176,19.819111693769845,23.420302321999507,22.760833141296057
2015-08-23,21.9646476514858,20.412074493701013,18.91639891703148,22.45776243436904,24.16127487256032,21.73052492473116,22.005484722793625,21.045660258701872,21.26926035423801,20.440662517054147,21.52963317606872,21.70508397685872,23.78976257795533,19.374113430842893,18.12483263693497,21.616875045686783,21.949145648678684
2015-08-30,23.70400101061493,22.791470630336672,21.65173387146673,22.671239874192647,25.55295734560816,22.45270916117665,22.88480042994196,21.82351029433213,21.61361679405616,22.370446010971506,23.215106334933985,22.690283666081186,25.230591105678364,22.5457705156955,20.097292190860536,23.0268930147772,23.927609845955736
2015-09-06,19.3055064656713,20.443069724385925,18.65378229874049,20.40570590893428,21.24516253185484,20.213356331048328,21.46588371654989,20.329417134074426,19.79477947798727,18.805856018152227,21.305641520281373,21.165988688199025,20.82005690055464,19.48216696355388,17.250623392616518,21.12431660183721,19.16257948824016
2015-09-13,25.956563996225405,25.265574833477487,24.3362788502474,23.23572057911328,26.90668713719998,22.643663268905502,24.47676586340189,23.29729342918891,21.96696949751643,24.9219834313752,25.99075105345094,25.43656212171776,27.071152178937407,25.916148946933426,21.578270789256468,25.766403015345745,25.575327010810213
2015-09-20,27.173995279437328,27.02654813042582,26.24243294209004,23.014852424462635,27.47745376123842,22.612732314081573,25.873635873155063,24.61469258444649,22.48935050647086,26.54104544743644,26.86987091328675,26.307228031826792,27.74946634005395,27.7431217113596,23.18764104500818,26.76577513558524,26.65919355947695
2015-09-27,22.924354457487013,22.219225868233227,20.974904255837387,22.24336765919413,23.94448125318277,21.95460558858157,22.5367419073255,21.69799098572173,21.29176747495648,21.90045203776408,22.745062176592945,22.7473531039256,24.23714440945953,21.958687300355624,19.75142853221558,22.808188193931503,22.78328534020889
2015-10-04,25.188496595797545,22.06246838234127,22.67524534426861,21.17424138812792,26.36898642059258,21.13946490735774,22.38369277197835,21.00788288661412,20.660689730933505,23.505963312627493,22.002171449537403,22.21484014094679,26.75288359630982,23.166404674305102,19.61208373464696,22.511327609157373,25.15291590317883
2015-10-11,23.240551326265667,22.886521656630133,22.302879561125543,21.53411191134226,23.34853567325301,21.39258985507135,23.009540546739764,21.83357468889905,21.124006737934867,22.66146080190875,23.32659958843545,22.74434909409269,24.178993195640537,23.088036632651058,19.85216731101569,23.3420582377514,22.568588604502924
2015-10-18,26.76800935516946,21.35059794434098,22.30884885914895,22.569234677723475,28.645807387650585,22.53850544864453,22.36657763778642,21.786422611087943,21.790562023155378,24.29376208741968,21.91906457711092,22.1595692351822,28.57774602492343,21.78681143423669,21.075051357303288,22.25065777586397,26.61009144076118
2015-10-25,25.456651127936755,22.184550181634897,22.90492404448637,24.212558425608137,26.016440636488703,23.22012805693245,22.40012936828436,22.01738406094638,23.44964932742184,23.73144468762341,22.199159829441086,21.92081156188266,26.77399596836576,22.47434626316241,20.91301960670583,22.290938039581835,24.32791289743388
2015-11-01,23.54587230166873,20.16953220194591,20.4789175339896,19.62504381509054,24.390791007097697,19.94984265306588,21.660174517172766,20.20993208600329,19.99573483252479,21.86151314639938,20.955284861775187,21.151679735620707,25.176273340424057,19.90675757136041,18.217553409603067,21.16131096483443,23.11769539069616
2015-11-08,25.05155646570861,25.3361027469513,24.183068779367417,26.76289341847102,26.30071451256312,25.881860163527875,26.509536231572014,25.18084053435884,26.094174989748844,24.193202779853568,26.61829930260068,26.588944121512444,26.26073657223617,25.909204687579702,22.794034397765778,26.726866582135163,24.16190397964333
2015-11-15,25.39349799972396,26.22381965844616,25.23124356341764,26.33200930129914,25.29605223954297,25.52299996109696,26.110892448758943,25.25995525508732,25.87968928380022,25.08903803036907,26.44138209850757,25.556983040349508,25.987509812167254,25.99890775571097,23.45930831319193,26.199690936362902,23.91595489445401
2015-11-22,25.2588856892236,23.75750558564404,22.38174386857989,23.898575188148588,26.13315078825707,23.81303001708199,25.247883343488063,23.42554343384582,23.74509050888092,23.820207900486054,24.696553084138152,24.456245946755622,26.732478473177288,22.791500209299627,21.2936442153938,24.80765325169274,23.889098865323955
2015-11-29,23.692498750821656,22.325692459464328,21.85286131218248,24.70664636152131,24.33708376005612,24.58447148041989,24.15182346088198,23.664302180897103,24.658395728019816,22.56128402770035,23.53108830802885,23.654826010012563,24.96440830746213,22.17125586950123,20.80440781450191,23.74864793616965,22.70152076685204
2015-12-06,27.21071962039903,26.8035211725784,26.744343700087377,26.641761906090235,27.687256112088104,26.324052943226,25.996637188658426,25.31506631132844,25.83877092984791,26.8773887203032,27.04313315684661,26.062467505668373,28.38052816832848,26.400446404569177,24.46156938631429,26.46726864704647,26.01845258136965
2015-12-13,26.318194091089907,29.19112777811632,26.851909943777788,28.44980257749557,26.740924963679344,27.94355058363199,30.35919130508823,28.83461961027864,28.152370158007,26.38138379074457,30.97451841841529,30.39040088396509,27.288649840704725,28.242523234117915,25.255743290940927,30.585654178477547,25.033324787880208
2015-12-20,27.914426094163183,27.80419948817825,27.45169097253889,26.6891330906323,28.78999738460289,26.527557547334844,27.94405977788541,26.999551352959177,26.67540688524041,27.558784359351588,28.204698483355628,27.496332322812144,29.23192844795905,27.5705092142918,25.21136257453759,28.02052824837821,26.6158977634502
2015-12-27,26.52232788213585,28.26307830119184,26.566750209947127,28.03038494501796,27.742309782083257,27.98849080305456,29.533641842989457,28.10539368072113,28.062575974809683,26.12654520770696,29.767142058863783,29.21799890307404,28.11213087391209,27.101909655566075,25.330585853762297,29.383470404638004,25.402445168508034
2016-01-03,27.795687315853712,26.8117224778702,26.02675129654351,27.757705339363643,29.24221138350616,27.233961503017824,27.887385777064733,27.159415667645337,27.422902566346167,26.894508012100065,27.79667980805104,27.848771084993675,29.5223873407224,26.200289020153384,24.67217370844037,27.759869420598395,26.967583308001416
2016-01-10,29.37572484157568,29.18698971408771,27.66668652430401,28.039784539313544,30.85364927211397,27.89030263844297,29.18895903829236,28.16177535118995,27.759178240005284,28.32955458247353,29.51449939513104,28.816640036446707,31.14217704419464,27.72823077867189,26.61045710720576,29.01229448561099,28.741430218329008
2016-01-17,29.78457119719556,29.417841343991537,27.87737324688428,29.62321316344397,31.47382368148476,29.071540820245733,29.49578520438414,29.049010528960785,28.994356265506635,28.54053608880402,30.464863137249303,29.006387422669608,31.80204560489728,27.567698428505345,27.23207783681805,29.533841463451047,29.169440622920938
2016-01-24,29.24777990510565,29.38686552027395,27.548062410836952,29.12907946251688,30.248135623889528,28.260564381858405,29.68798708012084,28.691457117254085,28.77436159174969,28.263299697429712,30.423664728800457,29.38690089151224,30.968141651521783,28.339818590660087,25.96947785338216,29.81232855511271,28.49610942778883
2016-01-31,25.115737912584304,26.827789315791016,24.798029693122874,25.07447238053594,26.00298065366258,25.53923174834773,28.413930653830658,26.290413656854007,25.266963906484108,24.678523970133007,28.29875233142407,28.65339398705413,26.219898772515847,26.969068139260777,22.840483357147605,28.494242696146216,24.69275467093743
2016-02-07,29.687502793517048,29.21384137017386,27.84592118047462,30.199521002315336,30.597640139892487,29.34329399639115,29.47968754337411,28.705869141615832,29.42251270951124,28.746489840229664,29.95174766474472,29.71414848543563,31.04039821845684,28.415429751204087,26.873386724918216,29.689382459786067,29.085262553068503
2016-02-14,28.928414512938662,30.49585694189011,28.34015146101484,28.62110226211093,30.190518707456103,28.238949504444808,31.14470207725948,29.731327148041164,28.50679891590036,28.330689104120964,31.59596315854556,30.926026465115203,30.04661121515694,29.797674678746635,27.158991416429387,31.235849361830265,28.639631052865496
2016-02-21,27.51929652583492,28.72976531453732,26.096195386803668,30.24370564165569,28.21794665468613,29.507582290138828,31.413173864603745,30.26474855596369,29.412137429075003,26.51398091375225,30.642071663662467,30.08467451902734,28.81040517703907,26.64115517574381,25.930175016196884,30.279525950930125,26.491480071589635
2016-02-28,25.36788665005599,25.85844122880557,23.784141320513747,25.580771290120623,25.99214621176109,25.737236506536966,26.98907703143862,26.11159164230545,25.632751690664865,24.31439753404753,26.6348186080074,26.21310811929625,26.452437597812374,24.78391667340743,22.24430868741088,26.42705244374136,24.83206027408816
2016-03-06,25.01474550362565,27.46180633797066,24.617014728400594,26.653361697991688,25.363450162592507,26.51996901965049,29.022754424515,27.02923346383232,26.17901358445797,24.479469801363177,28.92039616076977,29.049836690856445,26.050585078456685,26.63767890341441,23.26763838683229,28.88190218333862,24.48496292993386
2016-03-13,28.844436034272533,27.657167425541992,26.32666404541341,27.77868853580384,29.63633557198932,27.403553924658738,29.188202260187,27.535761687043426,27.000722941120543,27.27450703126373,28.974732091003684,28.42866759801489,30.15584857491452,27.05113474653793,24.6701586237875,28.75771815902799,28.24390201748542
2016-03-20,24.238369447077257,25.473365634234984,23.14803387405816,24.70505483235632,24.45890457836634,25.035889103912783,28.1012832374684,26.56524963874321,25.12156347472607,23.483100716255112,27.453708166477483,26.83115930120257,25.277895894289934,24.52484847983212,21.93195990440904,27.22689367693697,23.398590875764416
2016-03-27,26.380118486657256,27.91505329542831,25.991354209507268,27.24156519344875,26.617525474836345,27.355675023495,29.65183410978178,27.932543468723047,26.96380760991643,25.94855635935866,29.49206634785706,29.19319021991,27.114029243645984,27.53169980368031,23.84403699991129,29.351148847964414,25.54680746006516
2016-04-03,30.403797341129497,30.27516839346652,28.97243108639383,28.50853627636319,30.86653542959805,28.17708487983223,30.432657041633096,28.807380977482,27.776993857904426,29.650064984376304,30.916605509307992,30.37645074427932,31.493391305783536,30.23853355139011,26.93182257852392,30.712576793364587,29.599346442363974
2016-04-10,27.347338567215807,27.18495092107289,26.052151106264912,26.76317211843672,28.39764776872229,26.97189801877684,28.901405378958923,27.074495763407125,26.3304877178543,26.61671063387756,28.49066981856441,28.782963996948904,28.667299511810068,27.305885754982665,24.50878987993513,28.81674587003405,27.11386147727864
2016-04-17,28.797572301621603,29.81423089855007,27.8146780432064,28.68471725214096,29.75798275239551,28.8918440093405,30.86899194633995,29.77226309739149,28.236063430920503,28.033860958601416,31.153090641302462,30.613828746456345,30.209264431220685,29.15944615927524,26.010211691630087,30.86185843510637,28.134446308619253
2016-04-24,17.575114294368788,19.96690539154671,17.011595228443976,20.846037826367787,18.45164040721496,20.66433665620468,23.88513605657193,21.852939820723105,20.940706901587617,17.013294812128432,22.55067858427634,23.6812006341158,18.738244899911766,19.313081297140418,16.07016261426319,23.165491443790803,16.98346155865816
2016-05-01,21.446365260709666,20.95119458322586,19.65006766154265,20.122310749122075,22.312125538473744,20.121178852852093,22.98390177735087,21.26211364547928,19.845229736746177,20.344059880860613,22.488876760573618,22.78993266226468,22.792261421910588,20.279734627739167,18.38567837173179,22.66537373313232,20.91041074801648
2016-05-08,20.45951521442664,20.35534877411084,18.348888528378744,20.585041941631413,20.99190768870841,20.541145875800684,23.29044658449579,21.42360205365465,20.404242760047985,19.278817782922324,22.2815467702362,22.12045818904661,21.726881850180018,18.96675263387109,17.366145584962936,22.254833841043908,20.06255510232519
2016-05-15,17.167575179533298,18.55480786833936,16.70586372796899,18.10079981031872,17.96115356194011,17.847858840127405,21.21007141357956,18.85319929147696,17.81477169234692,16.630614730719103,20.376004223183635,21.37184241261444,18.303749541058043,19.03757742756103,14.499841762663111,21.052641081016827,17.033260286978955
2016-05-22,17.02691345386677,17.636840781169152,15.21419728320578,19.00295687005633,17.731309416380572,18.521360607220863,20.04578346830763,19.38970552617853,18.50325207327676,15.928082646347404,19.116848863874164,19.217915880712216,18.17920579505243,16.651995010134446,14.825481702781133,19.25640937260219,16.573150844908145
2016-05-29,16.06360752395375,17.599502462313882,15.352850258191708,18.637379410721007,16.250080742543048,18.483330498330844,20.032870751428188,18.50949207305908,18.326926757678127,15.354197929090535,19.29179367461762,19.750005407153434,16.908513974959323,17.014049911951897,14.219404533609543,19.65652765546526,15.59762971099175
2016-06-05,12.312756693041004,15.163805956525334,12.280694910563932,14.93303984687442,13.273699816909213,15.260245663165431,17.22817074244641,15.144295362497305,14.627070500659382,12.013252751229182,16.41663476110021,17.423314225641544,13.30593668908226,14.16400449342958,10.95528716611391,16.941597895612922,11.991134963588252
2016-06-12,16.515369495062906,17.724255037714425,15.815004354255224,18.40407398768834,16.86037403631881,17.80725705086648,18.846026214844283,17.325682755507433,17.117642802035043,15.838983006364716,18.725492650812324,19.06412417419516,17.274093200801424,17.70527470192043,15.144130674392969,19.022708887223395,16.13739132945428
2016-06-19,16.28702300303691,16.107654611184905,14.480705877268534,16.3107604767595,16.977934007199934,16.254769444312213,17.103220297365773,15.725389803601548,15.41784274554766,15.292509736038568,16.928060789232127,16.567942727286862,17.29506914956229,14.495754471776229,13.871401928787028,16.7732537338645,15.959950354542691
2016-06-26,22.197425925747,19.39997424042301,19.360832744926714,20.30533950811341,23.55912802644697,19.22969871751744,19.954384383932844,19.63427210473395,19.14651046293822,20.618117815195777,20.30915060662604,18.4785464883172,23.916548067998704,19.16817002094542,18.85702366830067,19.716816239627608,21.56016373184492
2016-07-03,19.96735126907761,20.494631293485924,19.02751517782406,21.218179785069964,20.680371881678404,21.124132768834727,20.234317779541016,19.766894616461418,19.858608746948537,19.332747197124363,21.14239222373797,19.976767208376984,21.01028717991008,20.16834455730889,17.697091101681117,20.644198580030825,19.25681084956763
2016-07-10,21.82394346337828,21.979486929582382,20.99935292182185,19.01788700478417,23.020310036964897,18.856452377299696,22.431350207537328,20.113338005264087,18.8290557114812,21.04320249729136,22.31411159730061,21.57434378929858,23.4605769374656,21.77605013739794,18.12310609332741,22.264672161781625,21.22424694341469
2016-07-17,15.248849407893198,16.003388735277056,14.579922753091184,16.300037264823914,15.883539847847626,15.71804867073069,17.152194426289107,15.366456747674324,15.577836610566385,14.825093428115071,17.28096761744776,16.84134819951019,16.492632546480095,15.408239291787009,13.44423704726298,17.12470176681847,15.25526348664112
2016-07-24,21.186814989362443,19.540740779213817,19.014884925036696,20.064823129347392,22.12182484054283,19.70403444690287,20.85165506201653,19.34701962111832,19.260503786650656,19.950827987443475,20.24185527950138,20.48539848533281,22.485807663685566,19.561854057930937,17.169873040717814,20.5982662376359,20.792749420330534
2016-07-31,24.076356644796128,21.1016676197174,21.48380630843493,22.01687607594899,25.98686588719366,21.97189402242732,22.57816696166992,20.776238016896432,20.538534902546505,22.661168720644422,21.905785741434467,22.433172057581075,26.21636233642755,21.28628838482137,19.686101618458697,22.499349164869454,23.50567592379218
2016-08-07,19.05674189858455,18.20265983264329,16.968768392713493,18.46771222636813,20.69185673934632,18.135434440357496,19.384500389543984,17.9857717251468,17.70427703484164,17.666560130124687,19.08603832773316,19.39128989479291,20.90897875218778,17.315869606102602,15.55274268915153,19.166383920583705,18.53889438598304
2016-08-14,19.412760003039583,19.314185097781834,17.928953219010115,20.46200293444452,20.73318741852756,20.0651499098946,21.420647904754727,20.46605983139633,20.191348344612496,18.56735760664108,20.539242917841133,20.998170346262643,20.833940722307183,18.73141779784492,17.19670702974011,20.87393632280384,18.768751818536103
2016-08-21,21.91991330175019,20.4793861105498,20.2990603662743,21.284959509259178,22.8756061069706,21.12939948495597,20.54135856962065,19.688010351998464,19.62565538514617,21.007341995282168,20.76588588565975,20.33234560907369,23.461931581202624,20.61007947246218,19.001305281929262,20.714529033743005,21.2522305780344
2016-08-28,20.40227758684981,22.17791383556212,19.90007647562577,21.98872543090865,21.010758459965093,21.727381277882152,22.65610015913627,21.883279851442804,21.11528974036648,20.20670293286627,22.853207826820803,21.83102647827642,21.38710617006516,21.28599966945127,19.19320214509792,22.40989031110492,19.75428024649299
2016-09-04,19.25674833201993,20.87406257017335,18.43006764752948,20.993632159062795,19.652949240011782,20.869559983949404,22.84939392801624,21.219739719242245,20.4596423477576,18.62345370452504,22.537985490410875,22.93430734773209,20.26182203219204,20.10113046892933,16.97158066584845,22.70901193637437,18.805682743334703
2016-09-11,24.34463136321943,23.57164350298168,22.6168564768523,23.591562061082744,25.79561928269777,23.34181050014618,24.51218283628236,23.29892337254116,22.143336340872505,23.28947164237298,24.695426191189583,25.651539483802978,25.924170770240103,24.12159473206339,20.4680154908855,25.11308470350889,23.67565182598453
2016-09-18,22.23889664854936,22.57815819254308,20.54429924075542,21.31398904465493,23.305834271129548,21.10255359099792,22.285100341885844,21.114328651428224,20.2462346222536,21.078601977688383,23.023286573401776,22.398656883651032,23.67424145996801,21.75913640072472,19.19002280077915,22.69980045773978,21.849962614938576
2016-09-25,24.44547256509003,22.016937281277137,21.797127678421816,20.96356790264448,25.79594872317254,20.531602751487625,21.39952506685396,20.226793480414848,19.63145225248692,22.92675879889318,21.90298596419297,21.088903835841585,25.99076057308889,21.9711602527632,19.80334143890182,21.591861118309183,24.152453371135373
2016-10-02,22.463395885825925,20.83657509431656,19.878844065695816,19.53876433769862,23.45760540852804,19.56561596451886,21.37261167698629,19.86892259820715,19.22347153982771,21.152855127547,21.156713485717773,20.91970767743504,23.81854599323052,20.40252070923214,18.048689637290977,21.183700009101525,21.861915542109
2016-10-09,22.86079044292946,22.7297630838748,21.30080307915661,22.664960541895457,24.478509010693305,22.228710032184456,22.780519613371645,21.907346553554785,21.5875710489232,21.811927957395334,23.117866957032835,22.43262208439912,24.49882096765584,21.88596572959004,20.16189534714124,22.767956030112188,22.09441094257118
2016-10-16,26.23810742106984,26.328984342912623,25.47533155481902,23.88984054894674,27.686505935352702,23.13872582326371,26.002080922919184,24.62348049510609,23.635323356508977,25.396899039887472,26.396777989441183,26.068966197196364,28.02126157974184,26.52613896912249,22.64295692921719,26.40792430123704,25.500445174399733
2016-10-23,23.352013191507897,22.62978889794746,21.689052013136585,23.36127496333349,24.34911883909732,22.734851398983515,24.0587962514805,22.49494115606531,22.420185099375924,22.19709437126786,23.652551109346994,24.07358651533924,24.851024047748464,22.57963664511895,19.798211518381628,23.91908911389614,22.233213028175168
2016-10-30,26.485501842916086,25.007689501430946,24.41685084230411,25.44391516844432,27.29338989991951,24.866988922178056,24.959867149330787,23.646202837461004,23.796504016958338,25.39438869231732,25.42528326521704,24.641842950065183,27.873349110592287,24.78029450739992,22.542294416563163,25.04435694147696,25.6694375061282
2016-11-06,26.677035607886594,25.838698532535577,24.337221371566923,27.26929087298257,27.68647665451581,26.5286494761974,26.1372378880359,24.931210784912107,25.09221560521135,25.21614228539312,26.49258708871288,25.96556154801196,28.114835179450427,25.476260180335576,23.465929348421103,26.34458004005268,25.769259730439305
2016-11-13,24.821076335440576,24.325454523822643,22.365980777046587,24.01429181581452,26.307205013837045,24.02779105271152,25.12570656979397,23.51107341518649,23.491684992019444,23.31271145931111,25.314357678301928,24.45922896547137,26.566668871286755,23.09304842856452,21.373346153898886,24.891319271169763,23.86786138529405
2016-11-20,27.548061969811087,25.45422527581644,25.372483814513675,25.63522151538304,29.02876922274236,25.258572120617405,24.754788462691685,23.63764124090021,24.362212427441623,26.32542837162254,25.15243403777416,24.59832720229568,29.460406143232664,25.40891218242034,23.979557307993925,25.005628720188334,26.42613821723712
2016-11-27,26.177269710997354,24.04794523405876,22.98275664007124,25.66426642451968,27.36374520584885,25.643844521030346,25.34108354885446,24.38182068663758,24.56278487240965,24.532413684342924,24.962414516102186,24.78014986855643,27.88516984298884,23.121328187073747,22.692937805003016,24.90759857386759,25.142401177285496
2016-12-04,25.851848754490053,25.286827829600902,24.36649773876119,24.839510416700723,26.886635655389725,24.96919173654289,26.20988124035538,24.365521970476426,24.149157753662585,25.08943373869992,26.662503173960232,25.999002559487067,27.25749088714482,25.30679669246213,23.073167436296924,26.354636828726747,24.94051292193225
2016-12-11,25.77093578765751,24.79233188568148,23.294363085316046,25.677390646366845,27.515635584302515,26.10158938944263,26.56432604998264,25.47483331952776,25.392224580574407,24.095505883910924,26.09023001204321,25.58431478587765,27.71737979830002,23.546250578061745,22.74282813801647,25.848509573889803,24.775849474729554
2016-12-18,25.330227310593063,27.211147216845674,24.623879461449228,28.110506446588605,26.18264713329708,28.651804512838904,28.99233203587657,27.465129318237302,27.105690676172184,24.9490374027677,28.721303137246668,29.4134408611493,26.389502236281587,25.89185507004092,24.87357464861336,28.93486965425794,23.824128434985795
2016-12-25,29.12872701323324,30.9514886473796,28.82145499252279,29.376286447048187,29.997979666020232,28.928283333011272,31.025379108618026,29.90262122711578,28.79033350524604,28.73658322912501,31.4744057031937,31.078989247427472,30.5517423530343,29.55507517181747,27.71125413641473,31.11343462919769,27.585806867183056
2017-01-01,28.35776625575553,29.669445248300843,27.613212383205955,28.576255432197023,29.303655117551635,28.599217872668728,31.36176057598681,29.45239256920753,28.730226287169938,27.76015703589629,30.57275383028633,30.63215014105537,29.52485499326787,28.67507328324795,26.13618306716188,30.68074502590352,27.46334735659576
2017-01-08,28.70595306779427,30.78585316631586,28.041057458046588,29.46044319016593,29.897401727807686,28.91622549717337,31.827558934514794,30.08919503150048,29.134891860872333,28.13266542067812,32.311074026528885,31.23914682126109,29.826829860569426,29.17279719664827,27.234137981031576,31.76114326073932,28.10895507097887
2017-01-15,29.33204040625534,30.283199145595653,28.392196667120324,28.526713998544786,30.00940299581193,28.51851036680557,30.951489050951366,28.99010127872616,28.278809399987388,28.87771307470023,31.478215613096825,30.20561719776164,30.34763479232788,28.963637024034472,26.99766884502576,30.838919148753064,28.31041274237825
2017-01-22,27.18521296870601,27.50322450706953,25.41372131730141,27.7064265864236,28.45048697165963,27.52007591463577,29.30882040196188,27.434621500783148,27.79015426486439,26.12292121419488,28.93220770534499,27.91137448796686,28.590558519694795,26.574780371710865,24.583753177787106,28.513901391374617,26.38878981700805
2017-01-29,26.57617410146745,27.71092236321618,25.67809059985888,28.71170341400873,28.644675410826235,28.581635724316847,28.524441838612017,27.41396856431837,27.72299847350895,25.879819089033468,28.34521608889361,28.270849261322432,28.517061415786447,26.590156081923865,25.198730455884245,28.26445236131403,25.738589597840832
2017-02-05,26.82138847046684,28.86456198072128,26.22653773662361,27.16138464496249,27.581760333080275,27.58283768043862,29.39961135352666,28.24168339419675,27.36066450204868,26.24235621989779,29.33421452675031,29.11049231043402,28.02174130738012,27.743968731903205,25.24393429178354,29.22526855991311,26.151758588549264
2017-02-12,27.84904599281812,30.08029544277232,27.77139917727372,27.573996762434643,29.09963688684516,28.851326688376176,30.164475410394694,29.58723897859648,27.1770639176938,27.499764320150405,31.073523484267195,30.349243400553163,29.197407707744578,29.30034951367396,26.562750105282337,30.559979556358023,27.06030118433292
2017-02-19,30.10890825927028,30.630797725750693,28.99383270920328,29.41205249230067,31.417406267099786,29.997245027598574,31.03229599443886,30.515609782825816,29.23371572923753,29.159102554664567,31.528603874966176,30.91051812955953,31.781183609170807,29.78103901720066,27.93261597076688,31.17379864507925,29.6046072787673
2017-02-26,28.1894348444012,30.30794357185933,27.418364072121022,29.10719683056785,29.294471283297813,29.548594279639047,31.44248860640011,30.42651101545854,29.71293543462884,27.36196228623793,31.83529424295797,30.822076843755266,29.576075504185148,28.737910948867704,26.81778191934289,31.174869410445776,27.430922762724265
2017-03-05,28.765605651580536,28.12654589589979,26.48299427929449,26.981342914558592,30.13663777309731,27.41852176818455,29.49733487788164,28.00579630665965,27.55065341471693,27.431798941373017,29.433997510109112,28.883550746742927,30.53505385704482,27.42642906318788,24.975075846492626,29.177885984954536,28.38252340301349
2017-03-12,25.796055596154016,26.44033397845368,24.776444251492897,25.601784246308465,26.565853984332986,25.4699103798492,27.47818420232211,26.43053406851632,25.80980331323851,25.12702692158445,27.29970527913148,26.550998266173828,26.965220125485573,25.75410132111888,23.470495696815632,27.03451849756409,25.118342861011023
2017-03-19,26.34504940028049,24.750634275773947,23.960454422917746,26.318679117021105,27.377630093995943,25.503830866770706,25.453180824702407,25.064756716443345,26.067985103554925,25.030443066016627,25.463446783090568,25.374577936136497,28.056210361392345,24.687657403436443,22.931122710233254,25.40728131945586,25.510036544337108
2017-03-26,25.51765109274531,24.9087375465995,23.097653864544903,24.16934402783712,26.46335996688516,23.807508063592508,26.1588266055716,24.388671978046368,24.66935887495366,23.96391473497664,25.747926071299105,25.100821808663337,26.855293706577257,23.730322930291088,22.280238944862127,25.522464640219848,24.85971921730556
2017-04-02,24.941132090113182,24.590696639851974,22.909198900610345,24.106631525925227,25.27365536834468,24.363955899094982,26.07133971011326,24.162941382271907,24.118224604955625,23.81937719008249,25.405024413732225,25.102697035694376,25.88002614349012,23.52492712418647,22.18765611908172,25.38796201284151,24.020385880997235
2017-04-09,24.948847835742065,25.200237412442533,23.526637706908907,23.321735910006936,25.62715664658169,23.78560322009152,27.200059901868634,25.718871233060764,23.81282459453127,24.17057586279441,26.87138848242822,26.866085021643624,25.88971589614986,25.167189374288927,21.30286109513531,26.93597419574536,24.42421164088493
2017-04-16,22.790720187252244,23.42375567523656,21.164635223314207,21.69069448255357,23.655819643699708,22.31672740381504,25.418674385582392,23.77068470050762,22.762574938645333,21.78307933828828,25.070837930786663,24.66797955145412,23.99638247766089,22.7156467754755,19.81423917318706,25.002246169894644,22.156254372506773
2017-04-23,20.673695733648472,21.765615313800414,19.9455652998524,20.452033374990734,21.19497549225012,21.11734825365025,23.74857071745848,22.163626832838183,21.309045424899946,20.114548404788007,23.466075251525613,23.645311026560325,21.61271111201136,21.12378798712371,18.18172402980385,23.560350324776305,20.58036092992099
2017-04-30,22.16907514230932,22.4634039346089,20.36953934125384,22.152923178105127,23.29000722206053,22.390707719279987,24.06513766853177,23.1647330425312,22.30388449876043,21.111043083654344,24.1053623810475,23.91438890081853,23.699700384986908,21.29896653495761,19.42874235935712,23.877588720004383,21.655609980426384
2017-05-07,23.148291517868927,23.00418988880572,21.738539513805424,21.724725907757165,23.94580105796379,22.0059702172396,23.9253496220091,22.788235583614995,22.2032174672166,22.388080127059546,24.09688796666793,24.028183872808988,24.48151914677565,22.420801466899185,19.636460888963008,23.96107693427696,22.81239943362953
2017-05-14,19.236116509946925,20.267867719695005,17.916458812771165,20.36383092261496,20.086594179945465,20.71818745120919,23.068933853950167,21.70695989435369,21.010020438938927,18.46985819154703,22.232430718987533,22.86019554035361,20.38041838715896,19.25469333322613,17.316401932389443,22.5085183608322,18.86361625830761
2017-05-21,21.6145056242188,21.420281542389635,20.43355206334708,21.65151718684605,23.01876922822016,21.748279218047745,23.156480816988488,22.01034811341917,21.66631904926785,20.856989700158618,22.743617743950388,22.94779127691634,22.87942545938676,21.28142232483538,19.214392903970538,22.86115683314852,21.31028632976296
2017-05-28,16.69036562316973,18.917497783327413,16.052607917108677,17.925335519370577,17.86860351294257,18.34290428603478,21.705469598575515,19.64519462833157,18.78989373354529,15.892625909554273,20.9379246963567,21.77844993251996,18.055929810844333,18.14742617273124,14.626813049288836,21.31985375839204,16.460563127563972
2017-06-04,17.760740561221404,18.79221123876348,17.693768084102114,18.49870518701417,18.55141129765486,18.81305563618624,20.95115693317557,19.550762674405977,19.17093277350797,17.439436049509638,20.32023633403696,21.422453060304377,18.90766372183576,19.664104125034587,15.16534360923758,21.06283156139277,17.673041562828413
2017-06-11,21.15761561989017,20.32379374066904,19.431313792265083,20.907379343396144,21.60152060750853,21.382906912529943,22.44744782962188,21.24749551054719,20.64900499220697,20.413428728170143,21.90873244149344,21.94093880820467,22.27795747808508,19.817146359388182,18.416193787030963,21.964943533074365,20.473416048240143
2017-06-18,19.92162161720305,18.51372717743489,16.997379610997548,20.469021689324155,20.783160825908663,21.04111762151141,20.797008611718,19.913704346000376,20.11531506219256,18.558574980101785,20.25815551889924,20.61494894875992,21.454506566625763,17.910442989713175,17.121719309118276,20.46814754097896,19.60291459618232
2017-06-25,21.388127237366582,21.847487077530005,19.958990578960293,21.3168212998481,22.274130662399955,21.707856785836828,23.301839572695187,22.14538425197849,21.47613575313889,20.556796813037987,22.983070641059378,23.09143186708024,22.89057554517473,20.891930030276285,18.457852160721,23.060352918919747,20.724344483604327
2017-07-02,18.817632480017465,18.606026294643183,16.097036998887557,19.31680005646887,20.217752023946787,19.423199559117226,21.01664360758167,20.028196477518456,19.55597861918918,17.32246783452844,19.963873831018223,20.42385737529662,20.831614404111296,17.104332356288776,15.676878467579114,20.12827202858524,18.11839375277414
2017-07-09,23.550712376794607,21.65268360068804,21.278132937075085,23.02415125710624,24.46869959008861,23.499720871678647,22.774632695812528,22.05473497861392,22.27902420999485,22.472383706186164,22.65552013777035,22.933934784963768,25.13919418474882,21.88776392798957,19.92593545966537,22.90577076652512,22.645619842241395
2017-07-16,17.498695315848295,18.345583541052683,16.91109788068756,18.6777239938577,17.767103609908165,19.572844130959133,19.86872539575872,18.55702150815493,18.37539879263264,17.09746730341016,19.199613814746147,19.932280755107293,18.4316004418038,18.150712275910767,15.774567465413424,19.781345261053097,17.088768109157076
2017-07-23,24.421540610118264,23.27512504602037,22.227695505705785,23.619804917346865,25.525269513303133,24.9702706895433,24.071466896346287,22.855696748015166,22.137499831660623,23.40194274228657,24.019431186031984,23.752515265883783,26.12092810708124,22.830532520054167,21.338286570312604,23.9314150278349,23.364867216814563
2017-07-30,20.903495280438868,21.39447866726532,19.354962588414327,20.79243974458604,22.04334403954992,22.11347723068571,23.574537321707943,21.89610526047744,20.480872489234937,19.96802883824025,22.791767460546453,23.863038608006065,22.447834407961047,20.75250800305976,17.953253268621193,23.26469822265864,20.155955385326376
2017-08-06,23.38437124568984,20.44357846286505,20.461955238890628,19.83039784999121,25.198252912983023,21.05672329395741,22.12843336099786,20.42102594103132,19.87592727190828,21.6828309693138,21.59249051081669,21.820846246580548,25.10721447661116,21.703789919697343,17.249272463207387,22.09539455630308,23.348770280411305
2017-08-13,21.054948251986904,19.87912402681705,18.14308104688548,20.346340412185302,21.50093704113512,21.87823748251032,21.32668408986083,19.910374408077885,19.935225879609472,19.574541850889226,20.75803572832248,20.719651327621584,22.674079744051785,18.79391928138024,17.244868265867403,20.911769155886777,20.0981758534105
2017-08-20,22.70775555275582,19.25437542522894,19.33520744284805,21.34243873187474,24.12819931050039,22.875690200000506,20.781986570219257,19.34526357031488,19.927418499776763,21.054534425617472,20.46867172769653,20.950995819266595,24.581196388222537,19.7325768665122,17.404744171688456,20.82309123261334,22.0106816034754
2017-08-27,25.99270142121972,22.801323438249923,22.82698006617251,24.24185724343572,27.19064794550288,25.13885047352912,22.536168774084867,22.582976952094533,22.60672783338394,24.369298499400223,22.944766303058312,22.75433078159219,27.47049418011227,23.408885703334043,22.21299382721881,22.962234302976128,25.62154653065931
2017-09-03,29.02172933306013,25.74035337688064,26.664898449272417,25.337555865446728,29.784482439211967,26.238916537016053,23.543311255318777,23.642097330464946,23.05400561353232,28.12007457467112,24.96501297723679,24.6168415167261,30.331704095523783,26.762378906231888,24.469386038507963,24.794332101153767,27.959188866165448
2017-09-10,27.70592904060197,26.63734403907109,26.873104557487537,23.53873081150509,27.763726270437065,23.50160346160064,24.58322261999369,24.39515375211641,22.539959521209656,27.22356318891116,26.13134622780276,26.11636567180048,28.47378277134251,28.153741303667704,23.68685776984597,26.09921049651801,27.17472650291464
2017-09-17,28.37501672919039,26.13891308749917,26.58559667270799,24.261553088823955,28.56371429353004,24.731564039429184,24.11723144130874,23.764021174938648,22.878942303928145,27.50500023995261,25.320811024785563,25.051072164365863,29.39587557361853,27.235580780216488,24.22197506301979,25.294684755358915,27.811525662311645
2017-09-24,24.400471036805456,22.0860725603124,21.092649029543043,21.351916648092725,25.556971921998425,22.27890364819972,23.34970976937964,21.620433176214046,21.025879446541023,22.6427359253805,23.05902328408641,23.51879342739794,26.019426327414493,22.06008635257892,19.44058370578723,23.330596067200897,23.89571768704129
2017-10-01,23.723344775854088,25.089948501668253,22.97778391647677,22.831170862629296,24.856545299357787,24.061787568464243,25.67235093631133,24.08239702794459,22.547262093792224,23.34431081789015,26.02307800689301,26.103907747088737,25.24861934838608,24.273592738705187,20.82208969081289,25.918093720527544,22.867653084572435
2017-10-08,23.30598143107489,23.75043366763638,22.233030794781715,21.61449539519491,24.947673033820887,22.237674911970338,24.660457305240907,22.81312570101255,21.60270112181363,22.12368555036788,24.725650552856973,25.7770494733538,25.21844240873477,24.50231929442417,19.424721837302226,25.38033832542584,22.985404947697315
2017-10-15,26.24387877328055,22.659093087161786,21.81873128640514,23.084312302725653,27.81646884802444,24.426025115691864,23.985643475813347,23.01304706722111,22.322820360179985,23.845510421641364,23.63691311955968,23.54735241553212,28.084237271754443,22.68480616932949,20.716761503125408,23.67846375108931,25.57171974863325
2017-10-22,22.12401768845174,23.7414837381733,21.188777209386004,23.30156403496152,22.60520199084617,23.32155574396004,25.068422456524463,23.71038304415616,23.03142588572493,21.63921678884225,24.95481009214988,24.708117474764183,23.185805626357386,22.2781469539828,20.254691850647987,24.70650107799911,21.21400615147182
2017-10-29,24.63194838760749,23.60573845580697,22.57077324485609,24.46145803020114,25.43877101844545,24.265402213333505,24.10640902838971,22.736213353144656,23.29167701773448,23.640096916524843,24.210738352986123,24.192059398661407,25.904045060794783,22.99180272581269,21.25844870484384,24.12788982354031,23.80966549742254
2017-11-05,24.801383194009,23.27702697863711,22.26390078137592,23.96888062215987,25.963608084565003,23.762783686319985,24.6296557379186,23.22532572263248,23.269347375619667,23.59313366571347,24.2771102327289,24.1556195878597,26.39710764351038,22.746768371739027,20.615123225648382,24.23708935119868,24.077832810640977
2017-11-12,26.87517230452411,28.53536398121035,26.530480717385668,26.55825043859936,27.666348839229688,26.45164049853076,27.67037478410815,26.351661320475788,25.352469617839898,26.75697775176728,28.8205186026437,28.291685978357364,28.259383282606205,27.79712740781518,24.56002772741793,28.36441561853816,25.73722541300113
2017-11-19,24.77570080849195,25.5586804662432,23.727757778015405,25.44893727983747,26.21605478508397,25.05039002260186,24.66310642898604,24.160279728282585,24.558444405721826,24.15601013535456,25.12352439252845,24.518710743063547,26.422816291278856,25.106333368419893,22.34033149134765,24.9171886593395,23.86232987889704
2017-11-26,26.82280957039105,26.84851938727568,25.261175934149296,24.42257826101212,27.684917722429542,23.930499524836986,26.78811502039606,24.77229384286064,24.38022223843987,25.97570215167292,27.233680090966168,26.83134062527968,28.38223932700728,26.242950836471483,23.34781762474389,26.95640301937693,25.758809222044007
2017-12-03,28.56812997766444,27.396307585336,26.887774004593503,25.84910045918964,29.806608469728,25.515011157768576,26.88879438461437,25.814498935055425,25.41314223227902,28.05093081810075,27.959370186215352,27.510408195845205,29.949507983955176,27.09155092892272,25.09992843201521,27.5024913519096,27.87916314826821
2017-12-10,30.03285006666736,29.38522040869381,28.298676834343382,27.84294608093443,31.43344991106532,27.944076506174053,28.225425258669844,27.07593431943423,26.278484908102072,29.604935048535648,29.58561357935786,28.53948301896252,31.81051462313384,28.27179798176036,26.80554677962797,28.800145102573705,28.753197893620825
2017-12-17,28.50981239063553,28.436928474572674,27.322240279433785,27.022550832657583,28.419660778596256,26.97694353523401,27.980369801424,26.537682172106457,25.830758307544684,28.47022047032119,28.5500371974268,28.52847456353694,29.265189787595883,27.167651067385805,26.037357427734435,28.353522492948112,27.089051614231817
2017-12-24,25.54601499196646,24.92686837263453,23.9434068767815,25.50054053323609,27.050523059091063,25.565044238607246,26.00976510228638,23.873992684104227,24.514198473055067,24.765836640605777,25.619397766972003,26.02408327632195,26.9683443514997,24.28507295086962,23.073416493938964,25.877584569374875,24.535516810867023
2017-12-31,27.69024772594948,29.24521169276126,27.029875208660894,28.541986153239296,28.56776171697677,27.99913428710387,29.60331217818636,28.61392771436023,27.66963726760357,27.37714578115765,30.41445929457099,30.14415835306008,28.889571837937048,28.36349091795909,25.80462086686052,30.04641744908521,26.66649492988689
2018-01-07,26.913329194411347,25.90013167598863,24.8779268053219,25.12566945240611,27.596140425969367,25.34243567477782,27.246766699298824,25.03675211423403,24.720662585443247,25.885379308522484,27.03865680281734,26.81492013494281,28.593041473373944,24.533440775959964,23.34010909523225,26.76564607414948,25.645763302106417
2018-01-14,26.55966704232352,28.474953427751945,25.60082259935516,28.592270127364568,27.34306998997596,28.54042354667202,30.295085356464885,28.972193600543136,28.469206849189653,25.88499213713227,30.16087674557905,29.945481876157366,27.798647495770545,26.820647416682785,25.30804273577317,29.870913455164363,25.49899617809491
2018-01-21,27.82058357916284,27.12741286719024,25.7154794310508,27.182431107475647,29.35968221725136,26.55667816319214,28.966837935823047,27.69083817915483,26.883974629605586,26.64487676545391,28.52582491754969,28.69439435069452,29.651994075554217,26.541915973562187,24.30130441215807,28.658958222301507,27.645110270405063
2018-01-28,28.17835118012692,28.328043484230285,26.64171979865249,27.35958061047963,29.5013664169368,26.89960093602557,28.146731257091112,26.79193650580072,26.92932945781492,27.26593628401697,28.55504495034487,28.04879253572531,29.78158971425649,26.85695030927941,25.03774716417004,28.182637865995936,27.90119940508408
2018-02-04,28.64062216229728,28.37546368397629,27.01575608240785,28.13988335643496,29.56798512947992,27.787606554755524,28.80850239745381,27.83118011672776,27.543412404517603,27.60679139007465,29.12773673317649,28.93009385265752,29.62029982901908,27.38448261205132,25.573832434937053,28.869840950415323,27.73573639065108
2018-02-11,25.21503035841148,23.6830370675272,21.925859381058835,25.149373715832123,26.723014557652785,25.164821349822724,26.15759762244044,25.06944680647417,25.17251217388593,23.575925834535614,25.033576527715244,24.83220642274924,26.846967908866617,22.079899317292675,21.86718953508723,24.941687010972235,25.115535414765144
2018-02-18,25.78699757785871,27.397010621231505,24.78209907477581,27.22629891406922,25.959853177243563,26.826381580249684,28.353075277701063,27.00444418969093,26.718477965800965,25.34165351382793,28.474628981883395,28.77149301976207,26.304860004587063,25.84546651036361,24.057663071847657,28.36522888064152,24.73099841326073
2018-02-25,28.65315931705588,28.47419623576248,27.158249207693803,28.52406127963748,29.2378294243802,28.020777747744603,28.88821545703765,28.068697589032062,27.756873578708,27.750003836152256,29.40429996639104,29.365441301762257,29.57463015920868,28.231724277522,25.762905248588208,29.19847455929869,28.02541772374567
2018-03-04,28.44645077473409,27.602549850813617,26.614073120394742,27.017784288951333,28.89390338499576,27.23467677839321,27.836505133626066,26.44685565106281,26.714496203831263,27.46683102276248,28.21367252564533,27.75832743786094,29.324248144525352,27.14721748599621,24.879433600421816,27.92129733464489,27.866922183178183
2018-03-11,28.473381322323128,28.538295740766056,27.376037764358863,27.235624642599195,29.28037188125485,27.51695278712681,28.497152039330484,27.346956095509714,26.91292009894862,27.777503743080512,28.8596298993924,28.66484933786315,29.27562301591557,28.786303212626635,25.381029986439195,28.80875397475032,28.251038301987144
2018-03-18,28.379781288529912,27.38495562681512,26.942123259922624,27.70632252806709,28.397193075726424,26.782224984089225,27.75788978376472,26.60690702463125,26.88995734959433,27.67674887542381,27.915161207124783,27.756750356154942,29.0708029003217,27.60880599721977,24.82363899504814,27.858010200605,27.86674418410844
2018-03-25,23.465393191599016,25.04022111770695,22.4325811306565,25.89118688730966,24.10565465366637,25.268859453336304,26.799584291419205,25.304135471690785,25.740543382275128,22.59173624427032,26.50260366960005,26.47292529926145,24.556434235517585,23.752715481002195,22.027042212241582,26.36275078312525,23.34311869202277
2018-04-01,25.73096857107744,26.81008291956204,24.580546840271698,26.783972110067097,26.35382896948531,26.016564505440844,28.06741142272949,26.72531265357872,26.351178262565004,25.007684507037443,28.13411481948126,28.06805010947256,26.41349147553609,26.439384712548325,23.075986880562272,27.9799719920597,25.224434114852045
2018-04-08,27.27063872240379,27.14907568909212,25.55285236913754,27.6241542725336,29.01140110515648,26.77431501292813,28.05092312782221,27.19493747463473,27.17378509954464,26.012920763682995,28.11649716364873,27.83165693668664,28.88244107515196,26.553862288293512,23.88892923289396,27.84313762537888,27.59565323960749
2018-04-15,25.30643232878264,24.405042777437643,23.000669375286765,26.404380066054205,26.50458425526085,25.99868556922313,26.262888655370595,25.118102783599458,25.76982168582088,24.039429191529283,25.65879870823452,25.505420510017,26.658883566101544,23.79216460366469,22.15433074571632,25.628532667216025,24.91245426964567
2018-04-22,27.629041931957502,26.924199441856924,25.918032189227887,28.6061989239284,29.064244832929024,27.872840383031345,28.00374078333552,27.13124395692503,27.07192800003022,26.85821488040371,27.940195450225435,27.71839827925689,28.94530220657702,26.274660926399186,24.906565286429124,27.78184589154566,26.94944275807177
2018-04-29,27.59534122953084,26.436880716637,26.0921738818354,27.54410375867572,28.41105727669401,26.818653150875136,27.14689700179476,26.02706074008694,26.57282224419999,26.978211735445413,26.979064054612987,26.94833207451751,28.34006484779152,26.89562048419549,23.966413373402645,27.105305509324644,26.77240151407905
2018-05-06,23.17175806995525,23.050093048925337,21.162071519122254,24.541107200440905,24.600349392386207,24.06358433383465,25.053525407529783,23.60469463298848,24.183297657453384,22.086423124049457,24.484999082821272,24.79669436225993,24.73404613148752,22.48953023804097,20.27885713947161,24.637536875655737,22.61390137094051
2018-05-13,20.82851845141084,22.32486525273272,20.47088649110024,21.81478853027026,22.11260877548545,20.914932080370733,24.04324028304298,22.417200639402715,22.13095302357832,20.225582271378546,23.882121336305296,23.906531336493888,22.044850840991987,22.24488224849241,18.08930735678824,23.886224937065705,20.903875616361507
2018-05-20,17.704234031176476,18.929961638155778,16.99396679648913,19.873574106466204,18.271594408968483,19.057649157068752,21.34955991183356,19.75123630622765,19.8228413400818,17.117901150904032,20.846033007138733,20.919214318062096,18.50075004275701,18.533714120077622,15.30860089509064,20.938146061160094,17.652352734717397
2018-05-27,21.386115919822583,22.119111586735443,20.12790142463813,24.34492512827828,22.34030634839829,23.38291077632241,23.77197815586457,22.796738471489448,23.73134921534887,20.672158102887284,23.51002393450056,23.44226999874063,22.28816372087103,21.3136565910765,19.2924935826334,23.44573761479029,20.59102369640073
2018-06-03,14.458961267115374,16.564546503746175,14.203652439862092,18.737459395612987,15.02153340487194,18.24911027832228,18.620611029533183,17.689780019289486,18.621074613059804,14.310864974194626,17.675346869101254,18.06129288352082,15.210391894270554,15.55497870050875,13.566513181220936,17.999467176000664,14.067430852237097
2018-06-10,16.77480616256537,16.94917110390246,15.828996526317038,20.91793082867349,16.971919891306595,20.38844845500538,18.93344657275141,18.015377575267443,19.401679238694523,16.52442925316947,18.0047344067396,18.52121815334433,17.352646895817347,16.936311123821167,15.409278390264546,18.51777311500505,16.256494389711367
2018-06-17,21.70250171307892,19.360977251138262,19.55700904580483,22.22931053808757,22.15014891550331,21.988607974893185,20.995962974281426,20.02990405986836,21.24284544289696,20.83400017445481,20.31800446778665,20.33580250367321,22.45781541515041,19.120457737163733,17.99136808423415,20.58739016620613,21.03957066317453
2018-06-24,20.02746133546572,21.24504815490007,20.650076589440506,19.86180730093093,20.892866796074223,19.55094281494848,21.33089399754828,19.944793578308897,19.54022557768103,20.21876782534227,21.235664981990663,20.764399184049623,20.791405445820576,21.99514672158969,18.02269143628603,21.45186301826731,19.47591581563101
2018-07-01,22.582881357985883,20.027921402632305,21.2207140867543,20.268148469073434,23.98355424571796,19.913029372461978,19.77925556116132,18.86953764828769,19.46205008519839,21.95108071864657,20.07787579788274,19.77771132975576,23.76773338060121,21.855581606995887,18.477773317627893,20.36805336909285,22.26301773924712
2018-07-08,16.69269953424559,18.904541278444626,16.2491120568608,19.19184366294316,17.481325621784922,18.19141391989807,20.44530013837898,19.37309179281259,19.49029591965349,16.37925324638461,20.544049888049365,20.30391931019703,17.668541840144567,17.961187962727156,14.80951106844107,20.33180876580704,16.09883876566617
2018-07-15,23.93925529956204,24.68972872874376,23.89769910983312,24.68909686945733,24.415840655763795,23.02199729835972,24.33909432325002,23.012358925559305,23.69869434483597,24.375531100046786,25.03201960278796,23.555705276139665,24.607475764042626,24.63771772214816,21.965420182140097,24.459839225515225,22.89411942206945
2018-07-22,21.94547035089637,18.93565476525313,19.36458344912254,19.123894137995585,22.450269014371223,18.597264631067613,20.46522925685516,19.04310162779573,19.119071024504656,20.981335159898205,20.093279693240213,20.277641264254832,22.8271570481849,19.59850691654581,17.18587069717036,20.46543788723283,21.718331286206723
2018-07-29,17.40679236329814,18.279114224509133,16.129818269396207,18.24210256621951,17.62515150291844,17.906485447091946,18.677025714351554,17.252454479762484,17.886637496388357,16.77943136721548,18.77368366522191,18.078656355968384,18.03608851359157,17.89099896185286,15.00381326755826,18.540978631394715,16.793059656883507
2018-08-05,16.477367916622676,18.187328692438253,15.854240423403912,18.947094759770803,17.0636774362413,17.926355148988034,20.600646600083778,18.74232554993072,19.05189012314709,15.918167457537658,19.97996550060454,21.29471439299879,17.312208182102925,18.16226101751897,14.348223337923814,20.754309215657628,16.455530496299108
2018-08-12,22.31412361272667,19.67478146278528,19.18835355712972,21.54534410578864,23.49818713783248,20.710837113811245,21.091046708665857,19.69236105683562,20.804145892305616,20.60189354513573,20.449294505594096,20.260801069820022,23.666455440079385,19.26814863773312,18.166541162039167,20.58745449723096,22.016378856412164
2018-08-19,17.886237640331764,18.973720437173903,17.87542121899054,18.98938869862329,18.418189343128443,18.21493789987061,19.86541884286063,18.20511644090925,18.92454606259639,17.723291762365935,19.43685314046356,20.389814948778582,18.49920273011256,20.139455305053445,15.82994880598156,20.348316998864338,17.622696362415734
2018-08-26,22.805685842359388,21.73653459447279,21.43854265373792,22.47364312836102,23.487935820832945,21.39163361184845,20.75828515266885,20.09390688859024,21.647197204559983,21.99133033076609,21.56732668525729,21.56858748567072,23.738748404049964,22.525151595420223,19.28310723788364,21.62607539749892,22.14538480779232
2018-09-02,20.3496171602718,20.75839643844409,19.15829330518802,21.544003639902385,20.65550087788297,20.78151713190852,21.52983910696847,20.357683141634062,21.247624900243054,19.75794415479302,21.39136872229638,21.374311236358395,21.071920185936,19.791126071203823,18.454220775235736,21.43233482525073,19.70284578356781
2018-09-09,22.19474186645665,19.68269137431309,18.756283935658573,20.306254318782265,24.35050579215049,20.01852067802557,20.65822051912981,18.92461358801111,20.09854904966112,20.166276310640725,20.5505206913143,20.87536661965507,24.0070552071089,19.53698498560215,17.39179971332408,20.748617056531216,22.268666548227685
2018-09-16,23.780102711386668,24.01880228189009,22.174926598725747,24.12379085166114,24.437456291927223,23.255777502612258,24.716695696549927,23.1710049973525,23.95811125070381,23.194432314925308,24.82966392484062,24.91610982540161,24.513326867666947,22.998227628550136,20.910665797429093,24.808315094203166,23.0418951851981
2018-09-23,25.916086295089823,25.324529062201982,24.61251155105225,25.13709894816081,26.41936886813533,24.357444755819312,25.03165952387773,24.15300678897214,25.19295569641949,25.07396082990752,25.380692025386924,25.388626273430265,26.327892818966426,25.602706817850365,22.03837713279715,25.372257340910853,25.69235804010273
2018-09-30,22.75951963103109,23.0959617969578,21.571609136163392,22.466507145336696,22.868978648605744,22.1989756624671,24.137541200954782,22.46482268197196,22.7320554055813,22.326581908827823,23.64483066988198,23.536047596173145,23.177487154264707,21.75552670532033,20.204270265671585,23.61577641287429,21.69909781779883
2018-10-07,23.265046800885884,22.393030954576503,21.1854850050614,24.47235289357957,24.37324251447405,23.763116379962465,23.23934620114874,22.14493895691711,23.85036806677652,22.11516706962285,22.8938562137224,23.07508773238189,24.34367506292336,21.879684537307146,20.149695529446088,23.063103729964705,22.81148000676034
2018-10-14,22.411310137008613,21.98473235844041,20.096233619243147,24.53208030121668,23.716306053912703,23.958484121884773,23.30770558727031,22.0365837032764,23.764508958432074,21.154574404953568,22.795579419817244,22.51639082618158,23.728299334242536,20.643182913022027,19.91544892833308,22.74598263854384,21.17550911350713
2018-10-21,22.72982053376226,22.37874087697661,20.76138932110465,23.32756677979515,23.246452705671302,22.524500985556745,23.35706633520543,22.38143788374864,22.85599361613772,21.660693442191263,23.04681025748645,23.59671469840078,23.60984232250788,22.02319574412688,19.75433996894853,23.49719309946796,21.01439064789333
2018-10-28,24.407817906854696,22.91415722283727,22.30735354605457,23.07608703772227,25.1454386947598,22.988285707844422,23.369444505118768,21.883960270076603,22.860931124006,23.33601334017227,23.083444928916503,24.507772353138886,25.2024622884036,23.61585890826945,19.9604028850198,23.991816791303005,23.049248476876727
2018-11-04,26.40821816531541,24.352555951075768,22.76234581497991,25.38250545092992,27.3557605969297,24.63575385742973,24.2789575504492,23.51704552687608,24.35005938423589,24.12114475065731,24.23053213012167,23.838981101455072,27.80300942719213,23.298159090199864,21.819115234610265,23.98542019345756,25.82439626580621
2018-11-11,27.916652357869783,28.52061319452867,26.254403227710466,29.31032981759025,29.28950708729528,28.03769238298924,27.359409882792928,26.979268348000268,28.361201577457194,26.642250513735448,28.32513273164823,28.03420979121946,29.29295425893717,28.443219834370343,25.53795867815158,28.14894313401672,26.734939436385577
2018-11-18,25.272495944834432,25.404757702020184,24.14811769839188,26.70738101289386,26.447918423893363,25.454173339686644,25.714960893458603,24.62869897024972,25.266566345603035,24.68044125349905,25.6543829847724,25.40408274812518,26.191536750572528,24.210136635481817,23.00371657150736,25.438986362076555,23.684893578531927
2018-11-25,26.16024687974456,26.20303817090195,24.898726167991924,25.942600008987245,27.324664372148376,25.56983380704313,26.39893635229884,25.02713759286064,25.18927557920989,25.58798771312186,26.59603969689572,26.5807450235372,27.066973433991656,26.18570843127862,23.03902587440324,26.458468062070484,24.671927296569084
2018-12-02,24.940127118674024,26.506848205127188,24.846862367327063,24.28569722317513,25.55038124892025,23.945520491827104,25.835307730182613,24.3031385912214,24.164713017861203,24.998401206309403,26.64741197231012,25.687587756030965,25.35789766458932,26.261629670705062,22.16021674088873,25.91194513772565,24.32225184042177
2018-12-09,30.624061714574943,31.46544230467221,30.57021871666625,30.093220443952656,31.1043885144192,29.84146666312003,29.271390937160124,29.42364354616636,28.53990017691237,30.83395010172584,31.1823281242734,30.405428521395365,30.844574740494537,31.32683497565888,28.87331765509605,30.187398645509248,28.91233593305809
2018-12-16,29.65582344369385,31.379511422439933,29.72666837985048,28.825616024789355,30.152753685951943,28.805912366398207,30.728068326722084,30.06209868691184,28.80869021294402,29.604694711880416,31.54683618917094,31.89138874660605,30.099474879305337,31.05591441578293,27.97180240569531,31.40818900091541,28.72186968332995
2018-12-23,28.27805887072549,28.55039680131209,27.03148184186501,27.56315957932245,29.94373721356396,27.64752686253846,27.45408382360164,26.48648343272024,27.16051899150393,27.16795515826368,28.45578440381336,27.989788387020965,29.5301330374935,27.911173006457023,25.953576802230977,27.87836570515791,27.29960438890277
2018-12-30,30.158505482716603,30.48705822674196,29.284757482973795,29.13363109599976,30.87251868202102,29.48137108055321,30.763039580587048,29.67508245691076,28.66814401704972,29.770003442152813,31.319694030233272,31.178417609387004,30.809072472413995,29.921154514338404,28.012742064826835,31.026426277981813,29.20689154570957
2019-01-06,28.030527345615614,30.012733198178093,27.753576998807944,28.67198539347876,29.103334367584072,29.171291469146848,31.607124217397622,29.947348047231696,28.21761169918829,28.02690956536241,31.87369956309661,31.66350899359608,28.5499826839992,29.10659143714317,26.67755674850622,31.583976730675147,27.1941490006254
2019-01-13,29.02974740449373,30.58038849922132,28.389931713466428,30.187273848624457,30.017537648549,29.745161935322688,33.092465003099804,30.839693691699537,29.99595649928262,28.99559528513888,32.4472541908165,32.82720404108259,29.79285926708384,29.818570551025008,27.44466662010609,32.73072934383982,28.114723778799217
2019-01-20,29.32793903228092,29.39697222211468,27.978411542491354,29.25901586668832,30.3273641344885,28.89137141891735,29.952247508413244,28.68792103953176,28.827065271874,28.707336477273227,30.259911377811846,29.9052025622756,30.25944695049272,28.434089068890938,26.893929658640264,29.93515124386304,28.7049032581463
2019-01-27,31.86337347042913,32.961093331196665,31.16418824961678,31.16471556538628,33.13975704907489,32.154935289380475,33.19249272137967,32.41413372089336,31.22981466005926,31.354561743505627,34.14865091992663,33.67528837517587,32.921175625333454,32.194105280403285,29.54401252000368,33.632681284865285,31.15661110068267
2019-02-03,26.86447246409137,26.762028194948044,24.92076452537882,25.704280543895,28.34541763684028,27.0455149376868,27.875651523601213,26.64080575026475,26.2272280209685,25.798429778778107,27.91103924177426,27.1463318796492,27.934904105875024,25.406476880893624,24.083826997141703,27.41753519584521,25.96782710931372
2019-02-10,25.940384404539603,25.2110510695972,23.827660916014487,25.118471249228435,26.940220709291765,26.58032586184861,27.27275551998928,26.28031539421577,25.30670831161469,24.74567133771555,26.87869728385628,26.932494993801065,26.98562381074236,24.65758237774588,22.799034820525392,26.82895527520525,25.473091450662945
2019-02-17,28.23531702402476,27.83937114845715,26.02435415195171,26.99245438831193,28.72675742227708,28.711411401265064,29.68127273470597,28.345350532036324,27.3780105949148,27.124313997069144,29.627188490169907,29.21482902845604,29.11624160972801,26.709503881064247,25.03655029026694,29.26817321030828,27.40764394539065
2019-02-24,26.657521091986496,27.18080940022905,25.12883044854666,25.54610649460838,27.421437460435577,26.589619986338967,28.727540992091765,27.671644460504705,26.68182944131691,25.896477978194657,28.47566420319793,27.542159530351743,27.570130252469923,25.87784203022517,23.60639349474042,27.9608264333348,26.453058840450897
2019-03-03,28.30134989273288,29.52766268695596,27.525859917384285,27.62595980507988,28.89835827373558,28.66260797606165,30.67797689187631,29.79814377524636,28.38916671252764,27.80805688392459,30.67994178507751,30.372245328445644,29.08411472092265,29.07691396495123,25.74974015717677,30.44468903588222,27.840737350546124
2019-03-10,25.116430204040448,25.106155393474392,23.60669985384463,24.53375361363093,25.437230926897684,25.84636984031019,27.03290577324069,26.030172221196164,25.71430633399352,24.207881004925653,26.535805311657136,26.762427705317496,25.8802497377727,24.62092411824729,22.342601536498304,26.613293063617263,24.90641183930266
2019-03-17,23.30706412022025,24.53390998779329,22.28118712773023,23.353859912781488,24.21743645516261,24.45001810091036,26.923897206609524,25.518271023638835,24.536267120077653,22.32834927544953,25.997501348520256,25.951753564922,24.26674996563827,24.09613188444318,20.594910695161687,26.055129926498623,23.31859126438028
2019-03-24,26.68706659982257,25.020307668999063,24.0393509843652,23.712860198248,27.6684138187208,25.14032824404604,26.53013295543437,25.163667471749445,24.419314714793824,25.277650961859827,26.091287801172825,25.81338841317477,27.799949614697898,25.022341586687748,22.087600053232627,26.04057109705856,26.32532628205909
2019-03-31,25.74517397837596,26.4831424105142,24.707104314822693,25.257131008874804,25.831565710105867,26.7099420530302,28.332894911918974,26.986233037973378,25.872852728558147,25.37518127428533,28.185550460154875,28.466369970789497,26.342127698728937,26.524340481261845,22.91915012135388,28.24187901715243,24.96956410497989
2019-04-07,25.06448138665355,24.274129369365635,22.8460655711664,23.37428533321336,25.540805726294867,24.67746801879569,25.957358040545493,24.75180947836344,24.11791485583012,24.074330123927112,25.55017031054476,25.55351990445283,25.95703835653062,23.54130421054661,21.46936995263445,25.444180744268188,24.48659737219386
2019-04-14,25.631916743294457,26.56728923346188,24.74876357351877,24.06725567863101,26.816913597677303,25.49777935278462,28.46314000388276,26.23969409893085,24.85089212574371,24.91405485236873,27.950049977488334,28.353429570673605,26.774714493843582,26.163150030301413,22.263173102413536,28.17110415120881,25.41676862027767
2019-04-21,23.9856284766277,23.802311494660533,22.5822962665304,22.82649446952911,24.405511912551304,23.87756911023704,25.583417019413098,24.178993238969284,23.67101001179615,23.277119544279188,24.99944669384977,25.43900473098549,24.655037629558315,23.31305205930492,21.088520827508205,25.24239457610069,23.71931708405281
2019-04-28,23.54040852599469,24.477812158019304,22.75493637396365,23.631223017261146,24.07097193014172,24.59083368112375,26.15924641689824,24.93430462824833,24.18237985696811,23.34375020060416,25.68481643808869,25.433644996499115,24.15744735099174,23.76457039244712,21.50506057224628,25.55381293026202,23.063026336968107
2019-05-05,23.360212868551795,23.783866510208227,22.202028114603173,22.522303843782066,23.57650249292019,23.804261346274515,25.4923636767329,24.19448726109096,23.263448111465067,22.60626850299814,24.96483598519197,25.3709500176566,23.86398885424993,23.341715412268208,20.284719308868315,25.15481302742856,23.580361772418986
2019-05-12,19.210946769174303,20.620468945899752,17.968812693720277,20.54678569521223,19.794495430811523,21.13429287256268,23.409233343496965,21.841551493855267,21.45824944296462,18.563600690346064,22.3197080570898,22.10069447900407,20.070327123619872,18.80679074624427,17.449755948470376,22.187165904185083,18.91577529071797
2019-05-19,19.040458407948226,21.15368717006529,18.71912672335634,21.96330958604813,19.53516810139756,22.03128377872698,23.721454203302592,22.39580432445972,22.24412664461976,18.683119021867338,23.01710119701567,23.52329068299574,19.774270702052764,20.03212640744969,18.15811201751276,23.240098143277105,18.890515756092945
2019-05-26,20.47620292427917,19.84841737055829,19.099471263580863,19.81210288547334,21.228999025639915,20.160009624721766,22.087813391282328,20.49989796130688,20.42978329947784,19.93729723210544,21.268911363345715,21.78870468705169,21.24612216323499,19.46912042189833,17.587298452753643,21.6122949678604,20.18490131203376
2019-06-02,20.24089853981441,20.61887180169762,18.39044650973952,19.931072057712644,20.703085861940195,21.03416646493448,22.94505798295357,21.3488586386148,20.689092812472825,19.30169454280652,21.934610888658664,22.27000021356136,21.161457547810087,19.28925539808496,17.10396052015686,22.18783150167148,19.76080377339674
2019-06-09,24.099135115339948,23.298465194986832,22.15168591781115,25.870396503380366,25.218123748688942,25.677510098294096,25.32119972295733,24.563556271837903,25.09117217353179,23.29828129629987,24.439153889247343,24.362988466843763,25.305882608568343,22.578581005016428,21.346739612984617,24.606325784074816,23.52256204240085
2019-06-16,22.44312132463492,22.36992388747648,20.92781395137892,23.34041388403801,23.566920855767105,23.49055660154521,24.4518459253339,23.377586108121008,23.34695874454924,21.626424285236435,23.79968116231811,24.062514263985936,23.68871960952936,21.68291490597832,19.455690790560983,24.02683735826944,22.15382695519378
2019-06-23,22.472762050162256,21.466816291117723,20.7460698129439,22.885041165919528,22.9600352167995,24.357287020296667,23.804354008710764,23.166632818246818,22.76149846056436,22.183748050535225,23.08643143889192,23.754150310937927,23.06287817605213,21.30212452650353,19.2211931957391,23.54640649396146,21.71208605483536
2019-06-30,15.198417053566322,17.63079006331308,15.461374790349046,15.99021439892905,15.82280513218471,15.911298949439246,19.56441636544275,17.7328658921378,17.07118418631955,15.110792798588326,19.04538016381202,19.92024899428745,15.880167776553323,17.93151423956596,12.846263171563349,19.69798023500088,15.227595278516292
2019-07-07,21.50538934489168,19.35892074448721,19.73123622427181,21.0596688872292,21.93383165256435,21.43377112360381,21.96890870753252,20.5822986107368,20.349120792344124,21.044959593409224,20.77417694686295,21.58059218630315,22.109520044105853,19.3402484811527,18.37121441472843,21.48062212173253,21.056854322592844
2019-07-14,18.276673971149144,17.867731666259928,16.845098892354077,17.400603971311025,19.26760245957788,18.51312208359766,19.49782500531166,18.279564710840003,17.579945954324682,17.5056062806712,18.683407068458987,19.262605722381096,19.18336870035149,18.209093622978283,14.91778800114756,19.28777729228518,18.07386841542637
2019-07-21,21.8293763888542,22.314288991346544,21.13775696707914,20.88853467929931,21.184445876002226,21.650686478829595,22.95266933830417,21.77651325671704,20.97364134797845,21.887561128700007,23.08808574924221,23.440061638618737,21.80784985917876,22.65231941790745,19.217378142137925,23.36663063631599,21.39330270412476
2019-07-28,20.56740989095916,19.801593814577373,18.599797133756297,19.380278618562787,22.05235836260589,20.41672840879384,20.600506668535683,19.31789088311133,19.46970872543096,19.765498387129696,20.45887372978838,20.620918284207978,21.82345962892628,19.68221256767849,16.732594906005822,20.67561596387053,20.168905013333752
2019-08-04,22.065782307657955,22.11351214136396,20.35576262512139,21.275903958649863,23.01089171671497,23.045697722809347,22.88781081274717,22.02107923582003,20.609539050645328,21.381724837660386,22.89739533213826,22.35187104577324,23.192134828641144,21.67312595992396,18.58910928338845,22.779412497279697,21.26512335445682
2019-08-11,23.377818589965347,21.073968705337947,21.3980113907842,20.09274950765428,23.67786006023935,20.63187599918557,20.92038979822276,20.02236801246544,19.76088226751339,22.66583252972237,21.38537436811439,20.261992333712925,24.085919758527893,21.466647333432714,18.71888995061464,21.00050980704172,22.98745094219629
2019-08-18,19.716492607480006,17.46781243291745,16.517854067320936,17.413934622492107,21.18850846364708,18.421189633422223,19.379561449278896,17.34752527707583,17.396960147439618,17.993205318837116,18.929698500695167,18.11269213632753,21.28363975871024,17.003666859631675,15.10347609070806,18.66084949284384,19.634784963895694
2019-08-25,25.14137064812266,21.52054613536355,21.626907151889885,22.509962389866512,26.882252218103872,23.6553998993784,22.09422449606848,21.53332075985995,21.25928251524028,23.436290500670907,22.17217200638412,22.421727715155505,26.61262815247171,22.035098307586537,19.93526447919213,22.46052058942164,24.687239121234
2019-09-01,20.64539401227443,17.39859867248454,17.617435556020794,17.771505309002738,21.970780467210567,18.359789035802027,17.502158153856463,16.549701356268546,17.491973086579204,19.23298255718733,17.3073423501217,16.714383162578162,21.841774571356165,17.169249813123614,15.868232435044025,17.258495388665544,20.54272405542132
2019-09-08,26.97143113812578,26.182879860721417,25.604439366889817,23.978129635254543,28.262812761974548,24.103695909949344,23.245698489531136,23.490474542890272,22.793553751742067,26.44842174484974,25.4896665482294,23.78702925607521,28.165874429651208,27.01490139706502,23.44084011735873,24.56846265550229,26.9619005375474
2019-09-15,25.718319678091788,22.57849915449553,23.68383632429744,21.95861677896409,26.60318424046966,22.541691225314537,21.438283714539104,21.125354206035663,21.143327671954307,24.805089816467834,21.93099415436452,22.176917014417626,26.564002801092435,23.92045940765997,21.0106338853866,22.275864140161563,25.425281887105857
2019-09-22,23.81210598890386,21.335671534162085,20.533654718559827,21.33817603332656,25.00085952386073,21.62205742255448,21.58479058846788,20.940476361064167,21.13810924167969,22.291900024371152,21.70652816656864,20.801009442928347,24.8536570044558,20.490183113212872,18.861535674719832,21.27044318660132,23.38415111942754
2019-09-29,27.55319140224384,25.630049811243246,25.995092776145363,24.919490306150347,28.862970842069203,25.313454508934853,24.008828438405743,23.262816174990167,23.598601484951907,26.73841172530493,24.970741202614523,25.068089433757443,28.53772223225892,27.50024997211512,23.047677547608306,25.25296919313196,27.35250512094833
2019-10-06,27.38230406516921,26.15683027625338,25.09037128971441,25.18510568425769,28.1213894504516,25.69144938750003,24.27235291928661,24.498485569644284,23.910250823325143,26.34640782380936,25.70783502653048,24.528142209322947,28.215337845349403,25.476623235128123,23.50530443970366,24.930522661153123,26.26168047449981
2019-10-13,26.213492934768265,25.53493738886136,24.400734717378388,23.685685120877764,27.600374793582805,23.42750919985188,24.72531050634801,23.794036358424595,23.52197735370256,24.85472315261549,25.41919211020201,25.07583239521942,27.501711086877062,25.352038548782403,22.194999837955777,25.148359563719268,25.798013148603417
2019-10-20,25.98898076827001,24.335676819530885,23.70802259699052,24.029524723688763,26.662803987323752,23.6976473696597,23.97356567160381,22.928162407813133,23.55767060819204,24.767358017182325,24.50642375202922,24.095833883773928,26.93959853824041,24.26207675865907,21.60743160771623,24.239679362675915,25.20601977042432
2019-10-27,28.68471086224688,27.944179309202408,27.040090677689527,26.600661277771,30.20955512684244,25.96040419353941,28.331996556273708,26.877583013757487,26.662198283201093,27.567511114414422,28.543659272957672,29.170770711975923,30.09253369703256,28.33485162008125,24.17446770802431,28.878741199023104,28.347234533160847
2019-11-03,26.343242863737323,25.06651711514764,24.244382272701724,24.204385777314503,27.19592810630093,23.541046979651338,25.23712736524576,23.852992998593813,24.20841077255876,25.26100166951577,25.361154434071995,25.81619684008575,27.48106642763588,25.471459899346826,22.21926931529641,25.75049212954049,25.65913076092291
2019-11-10,25.577730969265776,24.22433590024773,22.755547799361736,24.58407780102321,26.792546027329657,24.184212064804413,24.87486304347091,23.686201528573967,23.96481689781592,23.955365717343994,24.776656361369344,24.735233013841984,27.01480274679117,23.64482375742373,21.6396022179534,24.777754307726354,24.399720816599395
2019-11-17,29.575657634661468,28.45209547299057,27.712890135892856,27.22352679002853,30.7169862192353,27.13785100566221,26.99406193991792,26.616499400943905,25.902847887251948,28.54070737686415,28.23381908301151,27.16449017023462,30.913038137796764,28.079864330616303,26.08363715208344,27.594348922401025,28.190742586500875
2019-11-24,25.72292402014616,24.65772722423204,22.989598552632778,26.090712266308923,26.90349319791193,25.46800786463911,25.11579722635252,24.79844398399452,24.86594024143107,24.387733420853674,25.13743309912743,24.262067190720387,27.080568017186348,23.526194177317347,22.739458242630963,24.730896343223737,24.50647723128532
2019-12-01,26.06703435438787,26.068478600556915,24.339279408357584,25.70648373592468,26.39246248687134,25.30706702174674,25.97082084121926,26.07988079516918,25.254688570877345,25.224752579550643,26.622151243531857,25.880209388115976,26.80104026278934,25.546507192686416,23.24478118076752,26.16151093783444,24.967991228694864
2019-12-08,28.19587388400712,28.24818428848852,26.48152155228812,28.21694038027809,28.75246931340057,28.233745447303644,27.1182988002766,27.39160787111753,27.202309789489625,27.329728762666345,27.905354456055218,27.09478720179144,29.1666579062414,26.616813540411503,26.44664745886795,27.25704406992097,26.342769346468536
2019-12-15,24.674002879374733,25.50870276209134,23.22540497801001,26.6220292434806,25.55769440900124,26.40873256766812,26.524126681224946,26.24041508364987,26.194838762749896,23.947792358956267,26.642981515199075,25.778717621960084,25.66070767074938,23.81507283668533,23.162166164915583,26.07169963888926,23.151989484411683
2019-12-22,29.534361565588675,30.683615238173427,29.08241673412848,29.2692831499236,30.37283338889821,29.66445694067917,28.81529781352674,29.015083120767173,28.18727983373952,29.59168956893904,30.73040491409632,29.36566538180945,30.212206229279857,29.415119362858665,28.22422450503738,29.62868038035652,27.615975818222747
2019-12-29,29.64595334901159,29.994971969742764,28.42293519559114,28.905393864427293,30.52726889186043,29.12191710355506,29.073071493699324,29.01558220206917,27.59682310630664,29.12263424297285,30.02374145045425,28.54254012352052,30.629026720422576,28.52663000459297,27.64545966331944,29.050583441896684,28.542956086181885
2020-01-05,29.675715256228266,30.77012163235435,28.62842349362987,27.76900143566586,30.326797012396863,29.03299161304685,30.808823393663232,29.901362230375213,27.99785746147021,29.36781498659046,31.778415205984405,30.65062150929495,30.47684505455282,29.44494480364022,27.23766860006172,30.88767217796609,28.36006603729372
2020-01-12,28.05810262613775,28.070398923430616,26.3054957047118,26.97521836984725,28.74163382958696,27.647156370499268,28.53395633308255,27.85950192340009,26.950473576375884,27.3459223059621,29.038258673928,28.23655691686666,28.77419306964948,27.11883610890324,25.22352868027068,28.50262606447224,27.416618524535966
2020-01-19,26.508375010742032,26.64253970249884,24.8627103891855,26.95062783786229,27.61359956686273,26.82972452662013,26.852793223656303,26.64902950930905,26.36566896307958,25.89217244975344,27.36372604535256,26.68594785520651,27.661474321799847,25.249765459520333,24.058777663714054,26.79463855721013,25.74327739551061
2020-01-26,28.18056075637405,29.59549403546461,27.311524871819405,28.915911166440875,29.514909488725973,28.58839921448068,30.10240785582073,29.185118694553125,28.70313259020244,27.67537036762731,30.8363394964309,30.099558917659955,29.31616349938293,29.149925023612173,25.72468108781646,30.345838427310355,27.519743216326937
2020-02-02,28.52688603296856,27.624957950892988,26.38337088688984,26.012499034404755,30.04436959097952,27.50766938257401,27.937259457201723,26.962359297120724,26.47438717261685,27.54166748124113,27.65778980667973,26.99609591183315,30.0191910128796,26.278687344646567,25.028351709085094,27.324774374467285,27.82325872128222
2020-02-09,27.7181065239041,27.154607705724263,25.448860246308,25.05794623919896,28.080175483076776,26.49843998028965,27.90834613722198,26.864361339420466,25.634272216117544,26.72115713083033,27.932052831938773,27.232743651397787,28.74587720149272,26.066078630605137,23.82742655429459,27.543101801564312,26.98971622395065
2020-02-16,28.579933301515712,29.83010124194342,28.60104611455177,28.04671875635783,28.71603030861968,28.30583718445924,29.257220860472923,28.650115367344444,27.07907841863464,28.53201217994647,29.82662102505241,29.349426148715363,29.182699748447963,30.28982266560816,26.20243340393228,29.59680815172289,28.43070876823281
2020-02-23,26.044132043649487,25.5645274353434,23.94848186608004,25.7943167360056,27.049320249183367,25.622516087123323,26.561072252234634,26.207094674048488,25.910474573796044,24.80612376784849,26.66345359835273,25.899152436989016,27.133145696868304,24.796958675014675,22.473179675446623,26.20631024235616,25.87153265482653
2020-03-01,27.17280175296189,26.10304832966852,24.51736603358623,26.1956574633008,27.83141756234216,25.73147845667148,26.39795434579209,25.718457230406923,26.210360808848403,25.520261595031947,26.64029262261989,25.966983144816684,28.666493143354145,24.76268883038284,23.524957539230563,26.08775927175981,26.91284749064484
2020-03-08,31.67362106843651,30.35477561889681,29.46650675322593,30.00181773446855,32.46314866484579,30.57743713693116,29.078104469588475,29.374306113503195,28.472332508363376,30.66019197577701,30.436231155725785,29.36737923223696,32.903880117482665,29.797263196394947,28.57331548510216,29.63655500915886,30.95470598894309
2020-03-15,28.949727877073148,29.14278514146297,27.667173053907312,27.629549083255583,29.57454845024691,27.34366469708496,28.852801926281987,27.953964525693426,27.553661297912,28.175206878456144,29.726403663271952,29.24249245985499,29.968684124670432,29.154717285735927,25.87054194774549,29.435925967072787,28.293068552916903
2020-03-22,27.55648904356104,27.362382802373567,25.5285877001,27.65439936376753,28.513428824288503,27.21097638585546,27.46291418047758,27.19095841940347,27.232171963805555,26.367358321414084,27.98011774831004,27.34748248848311,28.58577669357241,26.69084409012548,25.004689190652503,27.590932118216145,26.99930587290432
2020-03-29,26.62383631358889,27.2234831812031,25.10550402494903,27.979091014180867,27.36299560371811,27.182048510400488,28.03830061709568,27.54066371868183,26.98641459769232,25.635940370463143,28.332065478238192,28.157328808725364,27.462787386993643,26.64514615595176,23.896792532190936,28.056889890458017,26.30037093226801
2020-04-05,22.234893786554323,24.31678402805125,21.979242871478267,22.92474791265669,22.95478754869485,22.32865030394251,25.2436516820168,23.95735770683784,23.175720261501,21.99390762809693,25.71256106488116,25.30171907173013,22.852957360993024,24.54561709187745,19.88302521945712,25.602607245547897,22.23179519015824
2020-04-12,22.3964667964626,24.23771816428536,21.521400443198093,24.74638019289289,22.973750489275165,23.916690342828268,25.78463514344685,24.809090803072053,24.69193353858246,21.80047697532834,25.66670117894292,25.22878005241127,23.10843264090048,23.08374183226066,20.471386389570387,25.37602680303345,22.08273522423284
2020-04-19,25.731249979870963,25.52417848765977,23.77688177137536,27.13468336207526,26.74431737734599,26.65966613258941,27.17372510036992,26.37236222502473,26.360562785497613,24.746205975690227,27.0120055293624,26.04821762691611,26.669521486437,24.49242783573997,23.41972034714417,26.69474920134721,25.25049603274569
2020-04-26,25.18120036867748,25.81723816410056,23.59780200646848,24.865630848067145,26.60302513427508,24.90630005746888,25.86613279181389,25.064192398863955,24.68777296921045,24.35659743374459,26.46042393936224,26.27550889089744,26.30991555549003,25.15681205948776,22.406332377610912,26.45961494595104,24.905604381766924
2020-05-03,19.84125824048252,21.586273812535985,19.07245674446397,22.772280068624585,20.933938233257663,21.60921972046488,23.63672069071333,22.352197974068776,22.65126102264613,19.43195423044692,23.335859757790832,23.129210047966065,20.75677226869296,20.490196427668707,18.41403483563347,23.27615967095481,19.52854315032856
2020-05-10,21.043470223131017,22.369557265788,20.30918084274062,22.951703386647363,21.72290520488025,22.417717501617,23.935950026220205,23.04267249763786,22.79963217042897,20.653235809339044,24.016160578541943,23.35253878745108,21.740590668092825,21.798371581065123,19.06231742616275,23.74774918677522,20.54903547783104
2020-05-17,22.81522838612168,23.713753195968007,21.48090106825333,25.047851519925256,23.48946476194437,24.65908529583552,25.0182872638758,24.390888143762368,24.38759046244761,22.03165844776768,24.88135294233049,24.929446595698355,23.607521388521526,22.683024498894603,20.91730178726406,24.83773255021605,22.41783112142928
2020-05-24,18.663005795718163,21.290565346349787,18.84547531953827,22.10908615872973,19.186327788849216,21.2805763990876,23.35738177063166,22.19356289752118,22.08894910924356,18.58661146239033,22.92580126642665,23.22044941678523,19.24876715869977,20.56854940828807,18.020605103132727,23.067497593082795,18.26134280952803
2020-05-31,17.184920405482387,18.94256155119776,16.76150268014808,20.49359450311888,17.353410934713665,19.763208978424657,21.290786326105323,20.418528032674416,20.52498439333443,16.867632865369384,20.091955080073635,20.717781627274583,17.80335890832555,18.10111104144756,15.981928245500322,20.57694746043584,16.935406272302096
2020-06-07,20.800029258777123,22.205047132618137,20.34843972264504,22.52610758940379,22.45428665579027,22.104419665293648,24.5638698600124,23.407304200011414,22.66641121881116,20.29048535955234,23.45333632762298,23.95668086337272,22.07566623061781,21.49425084589968,19.012383610103484,23.9638603755406,20.691693498760543
2020-06-14,21.86828502571568,21.141047520424003,19.330526838920346,22.562743768805547,23.24626508666179,23.16066918808828,23.170965728537336,21.91079854544107,22.02073356083461,20.78022323604107,22.454616916540896,22.74767053223685,23.028856824263645,20.283160728572337,18.85790965793162,22.784431153314223,21.47100572316152
2020-06-21,21.12218092031,21.845174338009315,20.09035585195276,23.002494708413167,21.69658895036541,23.240924076684195,23.89733108487144,23.00077102859299,22.85007874139834,20.70533529738608,23.25332094085165,23.477461398451155,21.959304830742617,21.184489691356543,18.76916674607289,23.407556244538487,20.769197423503083
2020-06-28,14.479117426632914,15.554410055502135,13.434319541426811,17.17048592936425,15.204171345200386,16.26536851929575,18.831273042773365,17.525762019467045,17.791844820556346,13.950138994759731,17.448370574356673,19.326498197416736,15.28390247020942,15.376171362650076,12.52095623436792,18.41797649510453,14.111583031091406
2020-07-05,19.34955812329031,18.09697426407576,18.493664121670115,18.33222899976231,19.466031402062697,17.78291498648154,20.087235392356405,18.6512781385942,18.59292080444365,19.090253892711903,19.20062888009208,20.86847224839613,19.81975397272,19.510520315377853,15.47100404508715,20.4246081969976,19.232462149103377
2020-07-12,20.604740767558724,19.880935683687618,19.4870292465562,18.72141881499972,22.188207394100843,18.50946097331004,19.50811141711977,18.464508067044346,18.16230291303124,19.92197679588309,19.514924281396908,20.51457966370081,21.82403102436581,20.657204698563376,17.257583648949982,20.397114371133647,20.78209000584893
2020-07-19,23.72326314280545,23.399768963043115,22.019313114982,25.26049250080472,24.009147413918747,25.12389311182913,24.66697002221822,23.85036553915445,23.863905342124447,23.07815013505745,24.293410942771217,24.607550335701585,24.310087227913403,22.8546408904981,21.040736199803767,24.61952257249687,22.87986295242516
2020-07-26,18.64235711926199,16.813357738035318,16.14031474444331,18.24889013313112,19.688414460725028,18.020348633578383,19.055814951571364,17.857185391512786,18.070498331185657,17.323022526482497,18.131962216364872,19.33827556368476,19.85263311264598,17.583155929405414,14.877740216123083,19.088453494406025,18.606253028879912
2020-08-02,23.269900362464,22.07628975036556,21.74487538494256,24.2280832869666,24.579861425629908,23.7037177484775,22.7803489084494,22.422443142184967,22.67117359586891,22.490234219451324,22.91770655809543,23.078395599303537,24.39482477180746,21.792582798343805,21.174371303520672,23.184907980394456,22.81817565259908
2020-08-09,21.86228291132275,21.795290582469782,21.06071944943337,21.436956367322377,22.05782810199888,21.1849387965454,21.31508821648689,20.554923657503995,20.79638753991771,21.572452816035263,21.880270319686822,23.533758785525425,22.49023011660484,22.174573588852457,19.265834572171048,22.622115678283333,21.74201828835788
2020-08-16,16.46023463711929,16.66026430546856,14.967284304543524,17.480742426145646,17.070486531091742,17.427899073449804,17.60110169457972,17.06791414830592,17.070617488219078,15.925737150876676,17.142504179322874,16.979954694480586,17.351580126405224,14.892030623103487,14.339483260648908,17.110504592701414,15.795131995350204
2020-08-23,26.10670805775214,22.620549141471063,23.55337704571349,25.087077969596496,26.31885257780243,25.0708263549412,21.92726408010321,21.883912713187083,23.11269057193614,24.968970470943383,22.564602340764296,22.89904088408478,26.879526734812377,22.968322480295694,22.32168081840013,22.95864185848348,25.46738625408183
2020-08-30,25.670375256925016,22.26879566768085,23.459740631117057,19.86652867566972,27.24171471472232,19.89836345706974,20.68236172512044,19.512893634647515,19.786337845946008,24.42855334845115,21.439699834352965,21.99207498956562,26.970855850970885,23.93093566305797,20.311513803344663,22.021142190683143,25.98838991103468
2020-09-06,25.49018477166175,23.888305077928976,24.46703133968093,22.1694847827866,26.97340263462702,21.578406687408805,22.840261653978,21.38456532366864,21.7721669090704,24.892513230091005,23.53051703647101,24.469324016828097,26.77480292228197,26.06031949443689,20.857152589859087,24.32439087421693,26.45447655058293
2020-09-13,23.64707325968504,23.36088989131741,22.43799240946664,23.01231861114502,25.7127849937456,22.166520731176035,23.86088325122355,22.432140358763856,22.910984644917825,22.782508570110032,24.272970730504948,24.33409807174354,25.0438396571686,24.57667473761706,20.48584618312254,24.6126296216961,23.964353688643623
2020-09-20,25.399945292233497,22.363082193870788,22.904923752122148,22.531318352335976,26.507157953291976,22.64973129360833,21.956657615416947,20.8704546380972,21.829756290712,24.352497328252973,22.44946819404503,21.305215474408914,26.402651941454085,22.292160027763995,20.64123398342698,21.925274050165765,25.4595305643313
2020-09-27,30.16914650218673,26.79404045218852,27.935059294408685,24.951478010132195,31.53814769408864,24.355829911495885,26.729606567249355,24.970335673542767,24.680367816917585,29.35429250912404,27.25273109700257,26.80455124795919,31.139084468016755,28.413196513904712,24.17640873438708,27.33872509562573,30.27742632380072
2020-10-04,25.82364171198743,23.301506508642166,24.10553094361245,21.4419111368202,27.08111803660474,21.42383476880833,21.38840853855144,20.339313154344435,20.7939284645648,24.961768461426946,22.240290391599977,22.214425529109825,26.74640400713475,24.34433114542808,21.17874045981984,22.44825843915548,25.623644923906767
2020-10-11,27.89302705399011,25.58514602962079,25.359961579939696,24.538001687753766,28.425012512263503,24.418267342114536,23.972547431033835,22.730928000908392,23.74109613452173,26.6570442251199,24.89345830611852,23.780419113179747,28.78313650771918,25.18881747068791,23.337377687903142,24.32751374142044,27.1373477072086
2020-10-18,29.912183997253656,26.81162920994545,26.56409758556809,26.245258842195785,30.794995805583653,26.28620629329019,25.235454542643826,24.246892112632853,25.07221893788317,28.071304158231136,26.192134142128413,25.320914587241944,31.200203650706523,26.789086989843188,24.603659273026736,25.73742326411716,29.210398365545142
2020-10-25,25.00130954825893,25.80011302220033,23.52434708020702,24.747999889510016,26.869535906415443,24.01928284545663,26.823174857537182,24.553525708681576,24.62354394834336,23.861922470067025,26.77715153054242,26.06708401168453,26.45188465633908,24.99963876839725,21.7508464118022,26.53288502702508,24.70028095553828
2020-11-01,26.38628480241106,24.34373062150056,23.480671527222817,22.33086585430872,27.652085417910563,21.836218917385185,23.538786635106923,22.49690576231325,22.499522393930214,24.950882683186485,24.52430953318939,23.20802222300733,27.79046971457345,23.74581753617933,20.49890469735113,23.77721410628168,25.91284009002932
2020-11-08,28.52454930014592,26.49503702903861,26.19734094496205,26.09862964210056,28.566978951545224,25.882754047251424,25.44992683788778,24.553753276676325,25.1913607442449,27.570157738718866,26.43961891075233,25.99045266616698,28.988787752320867,26.47292241080269,24.4017472592241,26.29753799214522,27.44907812930824
2020-11-15,25.77938223437453,25.803065123080195,24.340029033603347,24.28024962118694,26.401449508441104,24.5597779042012,25.199237428670724,23.91509642266608,24.217392255182137,25.05187711190051,26.163476620298443,25.034925018680703,26.82621954030512,25.265999937416023,22.27799684252977,25.5548876073729,24.113327093201505
2020-11-22,30.26879526872279,28.00324413567972,27.20805897835407,26.96727118321828,31.18772458994856,27.001480257188952,26.96616723308063,25.68957953316825,25.86662631772036,28.57248728186797,28.07451681492132,27.678877820223168,31.32335385208425,28.384087028548706,25.09111597267469,27.973017948247684,29.018977292464427
2020-11-29,24.853451727593416,26.115014751328587,23.617692193418023,26.081049535955703,25.902326650217145,25.915624509293444,27.0458682090826,25.66250304383117,25.63180983183202,24.135804486355173,27.16716501145136,27.1078783122677,25.852708582712417,25.01867241325424,23.181445966310253,27.08131449749792,23.930724084859264
2020-12-06,28.359412876949047,27.11210590740765,26.30855813741472,25.811032407340548,29.49848761653829,25.934232288345868,26.34940791894673,25.106983061951475,25.11819139058809,27.189566825720807,27.526099721074623,26.88631713743801,29.43407815211528,26.87116935859804,24.38048862359863,27.097356232644994,26.94855503123404
2020-12-13,29.10767744989776,28.129078477684622,27.687940068655344,27.447316112972445,28.596186497403814,27.30397538635568,27.163971614559603,26.323506210128983,26.160516619449027,28.59136894556481,28.496473034945403,28.16067999199716,29.2925587897135,28.00830414458419,25.64979177634419,28.18308712684945,27.059403542881064
2020-12-20,27.3870974581214,26.61105152488009,25.277093483688773,26.37452353466125,28.207695416747683,26.197597484024023,27.46889735519365,25.23365592560211,25.95772725308712,26.21219121806399,27.113891733673224,27.1023697197598,28.3417373642498,26.130511025359706,24.00315719867321,27.30927360967647,26.25556504694278
2020-12-27,28.08809878129603,27.51193926939324,26.585663162509,27.909286524568287,29.1607084281351,27.797459080719424,27.4794173782838,26.14573057397619,27.13512660659223,27.368740244845032,28.1262336846554,28.10418799623968,28.965488658448443,27.022026602439738,25.01291369725584,28.01419493643505,27.037085394332347
2021-01-03,27.60694569571752,28.504748630117,26.51075656284986,29.35657312756493,27.201676267769315,28.83769709907444,29.384494759251005,28.00834307187563,28.57802323492539,27.06033791734076,29.665280737608544,29.760451075201733,27.75562412122041,27.345055150287543,25.605913227938707,29.498018511120826,26.427195893465026
2021-01-10,28.67597652126003,28.17859490848045,26.85558023765856,28.06405973434448,28.91534624869165,27.756493837216645,28.56337391600317,26.84548140984077,26.86939024878575,27.72914660768112,28.64558227836311,28.32429826227481,29.61417053841256,27.23708988622945,25.223526624965828,28.510149035668423,27.77838902075014
2021-01-17,23.54668281437347,22.988874347987714,21.50876819759528,23.95594956619399,25.014417701964025,24.607889926571644,25.30665642874581,23.07289564256544,23.582712408614483,22.529670425689662,24.228431989000985,25.36452283370848,24.74099838043272,22.27653378727033,20.665512059459168,24.90452086342291,23.23086665968368
2021-01-24,25.629288630442577,26.98714940634364,25.08500886069216,27.72897252014705,25.20243074345112,27.99894650777181,28.41779850106198,26.16141249124106,26.711647343495585,25.684108309322056,28.015157068756235,28.673883517797425,25.665662181883704,25.68589812906354,24.34465965228723,28.262263441739016,24.016571587308075
2021-01-31,25.476839851075,29.17977683122224,26.25357834089088,29.10197291203908,24.69661990913261,28.212831421094823,30.32175332116664,28.784067889126863,28.28073717516696,25.948178830913808,30.724340663431008,31.19357190813337,25.51357107825261,27.862868077678552,24.996104216753675,30.692681836988594,24.328938927611897
2021-02-07,26.90201528590925,27.708546987220423,25.90635256018381,27.706564820948103,27.554446726530067,27.1047572942314,27.90314411908475,26.73294405057833,27.40073668933428,26.28732580114135,28.639068783516493,27.76851017841432,27.711290462596995,26.48393886024224,24.63912375810145,28.008644600437112,26.562687245340687
2021-02-14,26.787726266043528,29.12074068817757,26.57408082940035,29.257077418622515,27.94033337980619,28.51688778016865,30.540576045089143,28.50337540069184,28.811211824883685,26.6321505738592,30.597616511093072,30.4711636777194,27.63875656054288,28.26751359517649,24.91752370275149,30.440176375924725,26.499428792783835
2021-02-21,29.116971478652463,28.1610892139264,27.005443441836093,27.45344264166696,30.83314691765232,27.36029032850817,28.199678354291112,26.85394522827941,27.47620975807921,27.870260825441445,28.666270975220257,27.486313208094185,30.741558178051097,27.18179459566177,25.30081449282138,28.024982011948083,28.871152975488545
2021-02-28,26.01316010905969,26.045631176881447,24.35877753361835,26.533968550818305,27.32742547177104,27.01645498877173,27.86027053076741,25.942031174696886,26.34636708574985,24.999741704445185,27.391791734241306,26.813371326724152,27.121825866257367,25.023907864853285,23.235950217709945,27.146588932044818,25.429097760398427
2021-03-07,27.8922003472327,28.03824356522388,27.1315935612148,27.13467604773385,28.857762385438228,27.34422883042344,27.65764832566153,26.648988625662668,26.803534289395508,27.46723887783604,28.43639743359058,27.786678915717854,28.83257161144125,27.69442337890553,24.536369474903125,28.000903926483574,27.815991517347143
2021-03-14,29.31511669085293,28.576872945594378,27.75349620727702,27.93366807131541,30.4109660514984,27.654324196480417,28.440427630010223,27.25112287942465,27.811703346013555,28.592473588992828,28.8100466509402,28.29968200025533,30.256550523765306,28.317614509694227,25.99884549947108,28.55184478909069,28.798137685359325
2021-03-21,27.62647780733832,28.14280396788867,27.021138362156787,27.144685677119668,29.238767474250032,26.89444684798193,28.80738397937474,27.40151723490133,27.29194798814807,26.52728438833299,28.93209865454472,28.922345043192653,29.16333688824333,28.834207679709287,24.930808217345703,29.167014993566823,27.790671921804588
2021-03-28,23.310363369405344,24.89352018441727,22.815248601925298,24.75845072950636,24.422212986130788,24.44317865555811,26.875660954689494,24.512781153096785,24.77898186573544,22.716401465966275,26.49135605287758,26.67338784878466,24.325312546321324,24.95914839113188,20.84219412802501,26.69339029196424,22.9751862502805
2021-04-04,26.688066531639148,25.3929204849292,24.31331092864936,28.123160580794018,28.197550081130228,27.401581515063032,26.268605663199462,24.91531147052716,26.683100840350185,25.110935199381395,26.26185330973044,26.047844526902686,28.075197072563025,25.133161103248977,23.75785706101254,26.18567776166763,26.152679502482044
2021-04-11,24.671363108866924,24.76181591700897,23.64386051401377,26.304591485432216,25.444794946383936,26.08056607240262,26.173561201846294,24.267802658081056,25.065598512115777,23.921245982595984,25.926459057300125,25.74846418077412,25.55467732808765,24.483247355410928,22.034446966271894,25.86533301217215,24.41377311896764
2021-04-18,24.012073853147847,23.14982716411924,22.2416217265768,23.472179114818573,25.40602083580305,22.81690892105397,24.66856334230296,22.500505398837003,23.49063169699592,22.940172224398804,24.29552048357018,24.05160592894027,25.334840846337865,22.428102628393138,20.59327942019513,24.179231244290644,23.57422822376467
2021-04-25,21.5263344017235,22.58701416068494,20.467932518330315,22.975700571423488,22.62567114530009,22.596405927739085,24.41629880788375,22.42751949359844,22.67106893431184,20.50404098733874,24.20425215551863,24.04010803037577,22.759089598784577,22.32325319230533,18.72211976741716,24.14345648703977,21.4668103896704
2021-05-02,22.54347952421721,22.702442194098857,21.50197261862768,23.08202678816659,24.109119430813056,22.718649154771093,23.91540414459852,22.324426233861352,22.375774719477167,21.56163354450994,23.79080754730092,23.785095497604328,24.07791394892807,22.56461164891885,20.01712582628861,23.812736947942387,22.9904997580135
2021-05-09,20.14209254398616,19.42821178507449,18.580970781507386,20.50743763929321,21.36509748002849,20.54314327117252,21.49587466626404,19.12486739418724,19.91081016824204,19.168350687981725,20.88366801191718,20.985563670207224,21.399113287796844,19.39013261232727,17.38864364913503,21.07716007008711,20.202254500993178
2021-05-16,22.24593212122776,21.759705820063285,20.94728021190139,21.397075039999823,23.740639227041925,20.604441512658944,23.06045922593542,21.15914440402737,21.1934575539979,21.4528824062798,22.926907221476235,23.39175307332988,23.44871200465788,22.068086652827443,18.738427317478493,23.32703119714666,22.24273424457025
2021-05-23,19.61405153409548,21.57179849844244,19.64905530875408,20.54326548888569,20.93675812609014,19.72976052224099,22.49580781452857,21.09830099328772,20.63369602513173,19.25799624911846,22.37308324838613,22.87704465974052,20.60815028886537,21.269319104072743,17.186329190055023,22.69655248190325,19.38298622038808
2021-05-30,21.85935743619116,20.79005908254367,20.32197882373881,23.1962848007679,23.18269743591128,22.464488857961538,21.99269712909665,20.824472475918856,22.187186447374973,20.882749965139933,21.310496170902667,22.032078356113075,23.062682507120964,20.526157847496187,18.717019267209725,21.94228606774616,21.884640354351856
2021-06-06,18.213213996690826,18.37429618225424,16.32772850038313,18.91344780581338,19.28195158169942,18.71016278383508,22.01343779383178,19.306441707363373,19.29673384780287,16.973212837502444,20.623930293657047,21.837508690003755,19.600283050168898,17.722685895043494,15.14772656118402,21.37088021466877,18.077903583685988
2021-06-13,17.20954281206757,16.166781151472634,15.85038253112292,17.398329686550866,17.678497440103776,17.53422579648719,18.61738227755265,16.56125235124068,17.201098158401518,16.22649942661968,17.293337968933635,18.014379039928922,18.237616462597057,16.41612254596766,14.160181161209174,18.120495178461542,17.264475812809167
2021-06-20,18.338284649597327,18.166401415745582,16.723274992965656,19.38815077997389,19.339335092873508,18.933483700647933,20.46671398596583,18.226373186978428,19.191250263594835,17.334576515030406,19.495208051607204,20.44495192113912,19.702568604679183,18.17332107142398,15.61333110412326,20.22344014602632,18.16541273189041
2021-06-27,14.010396154077204,16.325490577897032,13.613325277893756,16.508794856922965,15.158293655234562,15.903751490505812,19.051437225008147,17.343580922708885,16.938262174274122,13.474869857891068,18.138437343779067,18.868182168173984,15.255091091840882,16.188463256346832,11.819954307761083,18.76131451153242,13.943766388931683
2021-07-04,19.583807899838405,17.795147067194048,16.534398581141797,20.20828103735333,22.00805316617275,20.06705689031338,20.11007115444706,18.73980530330113,19.73978580000816,17.589068814525454,19.08992633406734,19.653342504064348,21.84864382209925,16.897571594667003,16.0978691670384,19.546969563060543,19.57758983640336
2021-07-11,20.863346438610414,20.588591854709552,19.324755947465057,22.26663652062416,21.607991777641693,21.549303089176213,21.75409383189921,20.60392246246338,21.669976469588605,20.05360596413285,21.33571573480383,22.82448774656517,22.0301192773355,20.11220141442152,18.28267751214476,22.21752734660169,20.37398029980312
2021-07-18,19.41509169869441,18.985076831602083,18.239976175083136,20.988866259654365,20.158951180498303,20.034960669440192,19.603347261167475,18.68001749410257,19.705934847404343,18.73178690705444,19.38076241067994,20.19660111193387,20.568816400402763,18.767226849047617,17.27426336197013,20.070750393279614,19.28015422242671
2021-07-25,17.48751462104238,17.32238325457583,16.300191012122724,19.86544582105818,18.545116675508893,18.60103162252458,18.213229479664616,17.10111417448366,18.792892811582977,16.813413305143133,17.913223081646542,18.868514549378755,18.34397144483324,17.334594480124302,14.74337180509133,18.626375030398133,17.11471011053841
2021-08-01,20.32070404651696,17.841953642078554,17.66084266745526,19.660341742492857,21.568811004378897,19.474022127639987,19.277088871502663,17.380411360109008,18.698772640377573,18.85724117731753,18.520009967259,19.335744165024668,21.84050985284754,17.717910645835527,16.35057723266594,19.254708993691523,19.988068338995674
2021-08-08,19.597085555087645,18.63493527176538,17.869424857179357,19.896403701532456,20.05248319511498,19.5167749704388,19.3697127461781,17.78306390489851,19.17470312025216,18.313614912322723,18.966407613217573,19.453566121926524,20.61332765048996,18.49879532026405,16.4492889370754,19.542987509949565,19.33156804061643
2021-08-15,27.66024394139667,24.55830889317527,25.46246363615292,24.62209443109376,28.62120812597494,23.841471992404305,22.999182592675567,23.093022205798658,23.45160474329312,26.65056782390993,23.6200755874832,23.72043613217912,29.00510461542137,25.096459000394614,23.019161137980856,24.19832880576296,27.029154894486915
2021-08-22,23.935427603114064,23.16251640736676,23.284961340801846,22.59648491796993,24.231556167433123,22.156509592112734,21.17759033403313,21.754094926908422,22.176747311817923,23.71043131456064,22.06133343585126,22.409344551055582,24.51569385049886,23.43806677011808,21.3117509254689,22.67516752791732,22.975166544438693
2021-08-29,25.245792526382584,22.13579452673256,22.408493116458327,22.509930973961243,26.698902987092623,23.69492798882562,21.9722811751741,21.01219253688664,21.340703440738984,23.41760968571975,21.881897020546383,22.09716789934513,27.18539075225477,22.302453812469736,20.500758878927986,22.356207397819265,24.56298332008712
2021-09-05,22.588133965373192,21.273909112283672,20.857158431143706,20.92512598775681,24.676537172781988,21.49440659826173,22.62964211956057,20.69151562777433,20.83876396765214,21.31176624898836,22.15332427417045,23.484856754621724,24.349284041342127,22.421842507142348,18.444246399175743,23.239081145732605,22.49648067829101
2021-09-12,24.39807451216257,21.68159514500388,22.16449552483546,21.61327639222145,26.0395399230573,21.766749758824723,21.04342578520928,20.0781748789007,20.687026173167965,22.868051830909653,21.075983035925667,21.13883891067093,26.01108636451044,22.35376972882324,19.81528230334901,21.701377174392373,24.44618295659273
2021-09-19,25.65795312731729,21.99853224845837,23.015745247161377,20.97687806685765,27.39469713568246,21.74057308280484,21.82386614629896,20.39344650268555,20.81618159717776,23.737600591507213,22.00541129752155,23.10677805486715,27.42865227916526,23.3760615538645,19.803045256515205,23.10671137457024,25.779195915335272
2021-09-26,25.8666722286622,23.168316354121224,23.40417274671417,22.536617753051576,27.408616553757657,23.28688755059948,23.40963138435742,22.32559628672414,22.207268720503656,24.143677031363623,23.211090652663987,23.80909237257553,27.61357670493108,23.901139958649225,21.10029388869765,23.834872363364862,25.486385436713533
2021-10-03,20.65808308845628,18.3491146356058,17.96867073079391,19.7156565785408,22.157500181614605,20.08644677435876,19.91429283320035,18.19913763467368,19.42168573484029,18.81364294112198,18.883987778502625,19.58164181413676,22.37086077546521,18.052879845242185,16.86063673087873,19.4196379301366,20.51861409742556
2021-10-10,22.79909990499685,21.39021784003609,20.976654075581937,23.286427671001075,24.75193673253148,23.30796395182763,22.46326355336359,20.52476073525169,22.340903027416907,21.39709290610658,21.73814019289884,22.445524269679808,24.74621698570988,21.5137416653167,20.080047846357377,22.421470727939194,22.34035705170541
2021-10-17,22.22917622550267,19.811719924910488,19.025095539803832,21.92336093669845,24.089299624800944,22.446821058118665,21.120189928104857,19.741800085290688,21.212357172994,20.06546347428226,20.38111910551657,21.025260470305493,24.236305997178363,19.347113016428192,18.75759114991668,20.88277058125476,22.10925152488153
2021-10-24,26.02672495897212,24.034773136252788,23.453396547549367,24.131104063420064,27.34576743130857,24.910380435879777,23.68800419621148,23.29691062629997,23.564818003406263,24.18777210827753,23.672179786054603,23.9906761087176,27.58720724002735,23.767312021561185,22.57436803598572,23.831746245083743,25.429468854739657
2021-10-31,27.7032263693202,24.877098141448588,24.624182726497025,25.860298704533346,29.641430162306985,25.859883110802453,24.522707736179367,23.60483935863941,24.49696493615376,25.839476503859224,24.49859266074705,25.321868570024435,29.529329489556982,24.631743343158533,23.963849929923523,24.94307180206836,27.33357486699148
2021-11-07,26.48032022473741,21.71377376096844,22.82826550152837,21.66610378594625,28.63319959012249,22.76145794646313,22.035756936921324,20.314493343303727,21.53934214026494,24.173431672181,21.33384862462164,21.196457824295745,28.868383532785543,22.445921047619787,20.55251668131917,21.585839422714923,26.241217955103465
2021-11-14,25.70863088462957,24.45208067578802,24.02440772949327,24.02980882355145,27.487322895549827,24.09940400362936,24.048046768232965,23.14708534884762,23.678259701178263,24.32108992586253,24.056422148535265,24.200214966930787,27.40597358541599,24.805737185582,22.260761276609035,24.3412153426915,25.319366985896853
2021-11-21,28.557731571958488,27.55164199800633,26.753729828713528,26.13240685633251,30.294574856140454,27.768741445651845,26.08624942101126,25.48706838929808,25.072668463749896,27.08671836831573,26.77986989867636,27.95145242490537,30.23975660810139,28.100748364048883,25.603382827861715,27.466200281729204,28.182155529443783
2021-11-28,27.01408029799296,26.151834451313466,25.572855005035805,25.958401024341583,28.736385554406127,26.31268497845074,26.547856856365595,25.402056221900047,25.66076622457188,25.891270725477668,26.309964598618546,26.607762501246206,28.808078261415933,26.88033856315296,24.32807104238916,26.70869910880311,26.671797221561643
2021-12-05,26.894513425986588,25.31486446161006,24.37835630317017,24.87635096481868,29.93698788465701,25.08886103096156,24.874597243595403,24.35135712660752,24.79442859209213,25.042882190914604,24.916249424657785,25.19360799352436,29.62322847631447,25.104932144219383,23.60808857720434,25.05665165104278,26.722646949747507
2021-12-12,29.575991445219803,28.088703491032,27.72631550173688,26.527727742989857,32.313430616716204,27.17325836535126,26.89000247032232,26.37922691246132,25.83082451979008,28.114177961317303,27.2577790099305,27.617373021786424,32.16632932861799,28.180132574935087,26.34671759553716,27.41354430211733,29.296595511732075
2021-12-19,29.25952096642061,27.71219913486733,27.03442973887487,26.823181660402387,32.24146009285656,27.928028177877493,27.004606452697224,26.504062034309683,25.934547941278808,27.42667583941877,27.18322713942755,27.39108198736556,31.90056379789551,27.48138034263524,26.180382012459376,27.212587225927063,28.84703316649979
2021-12-26,29.41294816899637,28.42145562832798,27.58737401446094,27.475672003768736,32.60502704702247,28.094313674298338,27.429868336669205,27.288974768898704,27.516479354082023,28.253693997927,27.783205578956768,27.99690271002263,31.74155334708313,27.758630963904046,27.25039240883736,27.730556279012603,28.592096043404226
2022-01-02,27.838108079927466,27.6929022467721,26.224719201555903,26.71681645654497,29.519804315687026,27.51370442266476,28.07679335368966,27.18656875015853,25.956968305628823,26.75933176433276,27.641350621475286,27.65240905227045,29.327591947607093,26.72926934924954,25.897694017249,27.56854284626164,27.348312943450843
2022-01-09,29.33549553516442,27.27969876332069,26.63124427778486,28.352034980342506,31.003750393780667,29.30662077826423,26.992898501738168,26.88372178015771,26.98729955706812,27.93589170711247,26.76722710349343,26.464393731397443,31.20467365662564,25.64769323626006,26.7318367196462,26.41798132879627,28.35755399616581
2022-01-16,33.22505063531942,31.46067425640408,30.29455812821477,32.7677808262053,34.80747238147885,32.35195093142634,30.484201342301883,31.09834527746424,30.57854976019514,31.106805112686413,31.014785461095503,31.67980355779437,35.45646626608712,30.5621964100278,29.90780908313035,31.126539032519915,32.24316956733436
2022-01-23,28.03516593402877,28.25736429747234,26.295159640307965,29.75706545795713,30.16200847188073,28.928110839470623,27.828844159407097,27.376481666069527,27.50145141765796,26.75929537988755,27.91956083289473,28.37736569839025,30.06969704315009,27.28517967257332,26.58136689028261,28.129844837226045,27.51997674057747
2022-01-30,27.648357317714616,27.95945640616833,25.798823544486183,29.32488204751696,29.20012368598221,28.64081311563421,28.461081173955183,27.8723362613034,28.11893842551573,26.136526621635102,28.29990185659169,29.257676265953044,29.75341964228273,26.89295269370221,25.94635849302288,28.70884084608224,26.911366667066307
2022-02-06,27.738658608003323,27.9964496453942,26.431256496493752,27.493040561676025,29.56290920887233,27.715963088714325,28.00660326320993,27.074996523175923,26.60927519639644,26.42242769342172,27.79578002335189,28.275096978138723,29.617777837289346,27.382001180161968,25.510411992873724,28.008950197999955,27.44090308783189
2022-02-13,29.90906168227029,28.43358825671393,27.691801622047187,28.225946063087104,31.7520989235201,28.29824419893047,27.811962022030663,27.32407004616477,27.5154797932873,28.30839251613724,27.942151724414902,28.432961654148976,32.090792320870065,28.24064642193292,26.613720684102056,28.1963494183266,29.45087335694511
2022-02-20,29.88232208065391,29.716471678158364,28.18977977833921,29.429247856140137,31.58798517358472,29.24804418458288,29.232998166765487,28.69882733629896,28.646088325814024,28.608172504652472,29.29251055531688,29.736592231092427,31.633321839409906,28.96143014920668,27.43437531677334,29.498874806144705,29.40037235609605
2022-02-27,29.565280411080813,29.473094251872634,27.65406518206727,30.066405543259208,30.05071136141424,29.614977162777222,28.94833845577852,28.465759095030943,28.720299170208538,28.6161232906466,29.21096077956162,29.443544133332864,30.5762239146877,28.92856064416412,26.9746124168328,29.451394934010363,28.48449340085136
2022-03-06,28.26492573702504,28.61296116517805,26.899832363348672,29.085929024787177,28.474375550434555,28.0684574181202,29.49586203216464,28.27963165877701,28.45134248378925,27.26843095013476,29.04380358080844,29.774606894932667,29.156847178705867,28.29942576216293,26.3425682316456,29.55430534347863,27.565688300325544
2022-03-13,25.59464539831056,25.743163814422672,24.16384780904098,25.42215045860836,27.16057612364774,24.74252612188823,26.54599813678174,25.23431970571543,25.14525911066164,24.52658610563847,25.897157726865828,25.975283193459727,27.15905503968935,24.957502153016947,22.98097874864961,26.05476364090951,25.408023710842084
2022-03-20,22.44636084705093,22.94181074516605,20.94498185933747,24.507439400468552,24.47149170000936,23.100939035108805,25.76657554915625,23.53374301563609,24.28489422471556,21.03024701353401,24.487856296027378,25.562760116597715,24.513217180392,22.64047609773794,20.020179230228905,25.31748485005298,22.26430883047716
2022-03-27,23.43318237147583,23.19469331220777,21.37809015399286,24.099053104718525,24.576422485927576,23.6702751824908,24.663507011124416,23.37371706529097,23.685610997933463,22.02067396048084,23.881581185906484,24.212481434454496,25.03528601414449,22.286788087142146,21.05083411539988,24.200273448473787,22.854561168228525
2022-04-03,23.26200686519824,23.427824474855274,21.847114051033568,23.949907135395776,24.277302511174263,23.29466153786756,25.21138901891236,23.069245636184498,23.607176558612142,22.123858798341352,24.35183880463307,25.45457195014645,24.484368808481225,23.806259247357545,21.002808348697744,25.265044240335666,23.01785746160543
2022-04-10,21.767634356190648,22.976013791586546,20.78847249123304,22.654589377698443,21.848129701649672,22.06887064507876,24.394668351109456,22.29596429106477,22.636722951019348,20.83842502589703,23.46198611899372,23.98495720660269,22.422557481007228,21.847356746448657,19.539320442137218,23.86692660755374,21.22220238199774
2022-04-17,21.68022767487947,22.22593104966414,19.92739963912287,24.08270497549148,22.980144592499748,23.42506858403465,24.71461736495572,22.807372819974823,23.401689893345544,20.370430687817468,23.494288319839544,24.257103722050505,23.248252032806512,21.17612280617319,19.852113784407745,24.019471457793053,21.31628057384748
2022-04-24,25.35926289355893,23.84395735604422,22.915771116275334,26.24482192170052,27.17225507768678,24.75395716663493,25.398936291130223,24.15252978238193,25.356455079730008,23.672307904847425,24.736756176969187,25.7779940196446,27.22500781755189,24.0198309407387,22.02588549995101,25.46479673814867,25.48273616852465
2022-05-01,20.03675651918507,20.267095276033444,19.013218316549523,19.86789266836076,20.73740294348479,19.992747283503512,22.27605209128155,20.3982899356198,20.329825434899377,19.05168268141516,21.33978324741512,22.324407351306185,20.903942713866364,20.527666713486653,17.4332359413215,22.129993319278125,19.60650887386497
2022-05-08,19.57628108236934,21.04441365402645,18.179159293475145,22.50041401670093,20.17513925847436,21.278977738997803,23.330895259846056,21.435753544398715,22.054596479158345,18.424774291678947,22.280244255891613,23.103511964535777,20.7804355860677,19.78586649168232,18.42309361404753,22.84764551509849,19.23366738393943
2022-05-15,13.743831586039972,17.86435987852784,13.72968622468273,18.428984581005007,14.32920118687684,17.092930032786562,21.772378838097044,19.399595342859044,18.92041553583164,13.009694875292356,20.260493156300992,21.72785522610029,14.484839358385006,16.509945952095062,13.939361527809837,21.149405632466955,13.311652989079043
2022-05-22,20.12919745942341,21.62394397955205,19.451791112996247,22.898747083686647,21.079397877792708,21.141010461166555,23.357810201172228,22.02280282652223,22.211986487625627,19.364801693820848,22.59263847813462,23.29769057919073,21.339392697028675,21.24988269956866,19.29967098263654,23.16846352220748,19.81743245304755
2022-05-29,14.642894924070536,14.85267987891809,13.437633322738606,15.370881885290146,15.289571791732866,15.191703728880814,17.476055412181264,15.636279836382185,15.785887922559468,13.903947853800684,16.3869433778705,17.4555988864436,15.46530100461599,15.238729228603544,12.438661740045037,17.30553718275753,15.11093438603486
2022-06-05,16.47357456717865,16.731645806766014,14.79063808251612,17.523997414679755,17.76125772435254,17.660653481305488,20.069194521222794,18.19958136025961,17.691139459143415,15.191569084793963,18.737040350447487,19.714245643255847,17.919538937020025,16.806409863365182,13.873009994155789,19.57054637042977,16.681825182829904
2022-06-12,18.214397155486783,18.50569496022613,17.01130563724115,19.43783061844962,18.705113575425,19.344590387135703,20.025649151371105,18.440877474004573,18.74226222999409,17.363620712464787,19.35791785830543,20.732909223140087,19.05907889038439,18.2927863623344,15.997606784399665,20.224994243241103,18.02903899735196
2022-06-19,20.76214483744696,19.9969069154532,19.071382416384136,18.22004690056756,22.365401397185533,17.996834718122443,20.71084400099151,18.87026589579396,17.918795407401607,19.41542279304616,20.52450488201984,21.544109331629667,22.33425079073225,20.82954722805649,16.730391776696717,21.455472292965407,21.313052670974937
2022-06-26,20.1487269665437,18.26092711237193,17.78875954381745,19.84848154584567,21.439800825761388,19.85355011928956,19.85938549875865,18.386551713819625,19.53276377321456,18.712313802223505,19.168502483945904,20.37804070830024,21.698285293394992,18.549084377703952,16.492023617582017,20.03315383814085,20.02002129079197
2022-07-03,24.48763062809732,23.38512248626904,22.567694366983112,23.022740477607368,25.13080366517243,22.503721715860845,23.3700353661362,23.26700808438388,22.75438269523725,23.2531385271568,23.21936446681168,23.4789079527328,25.76600867164641,23.209957987034706,21.131960004532203,23.37493576602226,23.822993851736225
2022-07-10,21.76169445523884,19.155450878366985,19.533076000298244,20.59289280715443,22.69341851127845,20.947340847442508,20.881485869516087,19.322321180863813,19.99221153595209,20.55183894240012,20.005057701507173,21.76350615416576,23.18868980444536,20.37378879927532,17.496530931215926,21.26390047129353,21.54214124024075
2022-07-17,21.223021503581045,20.30745606940947,19.82724543345536,21.898620974449887,21.94909027715157,21.929464924442875,20.965839886456813,20.492949031483043,21.13848569668436,20.49813927735199,20.671114829918007,21.428453003299847,22.323866037788537,20.725015262487524,18.569536352238003,21.319748130096613,21.14499009266054
2022-07-24,22.33824196991006,21.42963826020897,20.975025970320207,23.39935686190923,23.74274315188144,22.748836879411105,22.08473674896507,21.58034960164652,22.93068439573225,21.47032582183254,21.73002435758516,22.35471542183601,23.90406380657064,21.58207129073511,19.523020642546395,22.24814894987879,22.066479289628106
2022-07-31,20.939735448191684,19.28398874827793,19.114690526777807,20.339412511814206,21.686534517346097,20.641307039150405,21.20871159634159,19.76514731221385,20.01777271561893,19.77357863950783,20.47285271764318,21.67978949045556,22.15141404917802,20.20000224345561,17.708271999124793,21.66173205030408,20.626758264402813
2022-08-07,16.772082206058382,16.18347860145162,14.80047080997037,16.627015868822735,17.441406842252224,16.502033023760585,18.58740224643629,16.092913085144836,16.863066979350407,15.38010603772776,17.26160625358681,18.429666209413675,18.031572647536585,15.949290067252312,13.471803201419478,18.17610390918829,16.74327563082754
2022-08-14,19.5188751417084,18.33086377318734,17.35721898903969,20.18844466266178,19.93715591840088,20.08380531743073,19.902588449483712,18.568353713890176,19.12638054808525,18.306065802096786,19.07419194555902,20.306201139229007,20.41470962509685,18.05971120457712,16.78027585396506,19.90919656436271,18.92490281506048
2022-08-21,23.220141961921293,20.908080205226,20.07241398482166,23.504102130730946,24.58200314660852,22.9963513979427,21.200065362557723,20.84084941715389,21.541702043753546,21.258265878271867,21.00518126962505,21.641848336654213,24.993455787423034,19.8865776537528,19.62173027166313,21.32648105210754,22.83011581120144
2022-08-28,19.115567566958788,18.15248269109584,16.649638140423697,17.7903651651882,21.098310049157245,18.65080091238329,19.877437502580204,17.762427760037507,17.536739583584662,17.310177943569737,18.86752106802804,20.079766408452446,21.25676066718967,18.058964923289533,15.341468649638818,19.79926738813665,19.262895001876707
2022-09-04,20.357093275897444,20.065723430373264,18.390636646758168,19.89220471183459,20.884201713353065,21.11541960751842,21.443915542291137,19.91203656580541,19.817004527597742,19.21651797246343,20.69492475171109,22.05536042133753,21.30565613301104,19.53183710183557,17.466175628782494,21.5828316440321,19.86357048579625
2022-09-11,19.69505773762785,18.157363071116304,16.60854728135157,17.481424511188553,21.257523245144384,18.83049029763908,19.45212071421543,17.55298353864001,17.627117841910945,17.59718851619416,18.580513834437248,18.89201630414978,21.61934115435626,16.570324131279158,15.55261682010909,18.85426172118364,19.734454425518724
2022-09-18,18.99739830282204,19.535052070231323,17.133663941614376,18.453222274070697,20.172244531503,19.70287121094025,21.718582581500616,19.25510338027756,18.72004112292176,17.279481575647274,20.594013646773963,22.210933860100187,20.45226805366605,19.137748506166364,15.691445621976625,21.737549473861424,19.04178360658836
2022-09-25,18.60682618203771,18.36194198777173,15.731600779183903,19.795549003850844,19.36048308484736,20.528937482158803,20.433737190402283,18.607040659916866,18.98867814928118,16.741860687933837,19.336117884813447,19.631093779664155,19.99961647655973,16.795818774182194,15.857586522011603,19.64716724500264,17.877953484373272
2022-10-02,22.88247257708889,21.18258524144382,20.655615609836666,21.60562783905438,23.20240611451189,21.64286791434466,21.83176407105026,19.696204637304533,21.03138914500197,21.595052954048352,21.130401958118785,22.263690927921925,23.74641861050285,21.58847777363242,18.528960770166112,22.06135647917447,22.22385005938075
2022-10-09,19.56799089340936,20.0089977117998,17.86656596074616,19.26327464268321,20.52367939091364,19.28077676397493,21.056884265154515,19.091470359703163,19.40050063721121,18.09946591674409,20.297355617176404,20.83485386249512,20.78489819456712,19.43185898773652,16.639818706158643,20.89481086133744,19.32426186006346
2022-10-16,22.949105428452658,23.38363023404119,21.05914298940149,22.126865246466224,23.46761640101164,22.435430788165352,23.915835299922843,22.112699776191214,22.205940642235564,21.635536385333445,23.426403273545304,23.8440553608609,24.01085646456273,22.251221238269512,19.583277865680724,23.83455429898316,22.308591754610006
2022-10-23,26.39292957546475,26.08738190990521,24.56322419167411,26.17988601468858,27.342590673688075,25.814140545662152,25.752631885317257,24.344616579328264,25.368098255239588,24.98074654170445,25.66471958077831,25.847042263678784,27.46310196511994,26.09660364942773,22.29091219211653,25.95713482910873,25.88053849315386
2022-10-30,19.80668477631597,21.38294938327407,18.6303244741384,20.48527320296992,20.436918707621,20.346836028718887,22.92280372308225,20.126237955464944,20.404466260436,18.884034331657485,22.74153241822214,22.69040210934662,20.734234148010785,19.646288680426444,16.718225363334152,22.54889432418136,19.17255730577556
2022-11-06,24.06879382336001,23.09080199036263,21.464787600837987,21.080436841363,25.405946487325107,21.509248020412684,23.770240288781707,21.24215899479854,20.869148770423784,22.292603892872386,24.3118807491286,23.60869021814146,25.57317967028231,22.600624187123792,18.72574459274428,24.035477994706067,23.76655830655779
2022-11-13,25.65717916844588,26.988233127065303,24.08726744664488,26.284276303790865,26.25984175941134,26.05097956516261,27.30141434516573,25.15664928981236,25.29059871815422,24.464487003931445,28.05195778520592,27.562171218851503,26.69445131184052,25.69924226994093,22.32477786276203,27.58987885491955,24.79196011345341
2022-11-20,27.105536967784435,26.381456786889768,25.28267497220924,24.71332528335708,27.44461521512927,25.687065853575483,25.3932503569578,23.421721314269227,23.455845310263435,26.01741219103269,26.270607196097764,25.38946118573294,27.98565199200251,24.872159304994344,22.74046938024754,25.620239940874733,26.235175595450595
2022-11-27,27.477984174338086,25.25893511192631,24.44615902684913,24.977561760516394,28.70022877510348,25.293923322758623,25.09464336206197,23.470700313023155,23.88742988403529,25.66717949600133,25.126931083976448,25.385210327703675,29.0115100499746,24.25761367079293,22.59236089673797,25.191678019185822,26.82521162521485
2022-12-04,30.45908880295133,30.21404393039533,29.05891779702431,27.577443054744176,30.316836640183613,27.8502731396885,28.074609306046284,27.078729602764177,26.65264523425914,29.57424681849099,29.808839885497,28.48757457990209,31.251614625849783,29.30634116069762,26.92082828833264,29.132920677647903,29.25464020135268
2022-12-11,27.6067618857326,27.20136979800552,25.5412287826335,26.294976047107152,28.5243814568622,27.01246416492045,27.664166703516123,25.33164230544845,25.403959050337164,26.50809290814051,27.88613909601649,27.073408445579343,28.837743492200104,26.19471328382112,23.92191276214864,27.492080837779785,26.6533963776663
2022-12-18,25.62346376446069,22.873099767322987,21.98981056788799,23.18922438366073,27.670649369675345,23.750759598524567,23.652800351468187,21.75620638116613,22.34830348039093,23.4692203502419,23.37903483172,23.69311483593964,27.642971399668102,21.823736611967465,20.485316107227725,23.35765052914853,25.051202315204552
2022-12-25,27.493218896932127,28.01551480181436,26.337244476379286,26.41635150284994,29.09732028980947,26.8949680647488,27.63302350391799,26.066329996678736,25.30258498593086,26.60933534581428,28.75239155756963,27.85355132480837,28.984913906995853,27.3728169440091,24.30910738598321,28.21832467991779,26.773935356551423
2023-01-01,26.691475110931588,25.997728753445752,24.880624723730623,26.05092729415212,28.180865239073484,26.68160292233893,26.528812341717863,24.61598640540977,24.948889055830627,26.00521862922557,26.52837086136723,27.015542369647168,27.93594128192621,24.64847223306769,23.44706721180636,26.549185627827207,25.673789746677784
2023-01-08,27.145865495600752,27.596960609655643,25.70867661744382,27.096136982951844,28.62250732969656,27.86953640597821,27.89535679275023,27.377968358621967,27.07838882812082,26.200782270613885,27.778490220107045,28.928054755588747,28.332702599897345,26.054594495054005,24.94308702597069,28.155573645216613,26.561373588531165
2023-01-15,28.28074410093643,27.063074558274327,25.804934488108653,25.528735634826475,30.336937698940275,26.372838181111497,27.7944496032448,26.314437991055577,25.797467668462406,26.76663511059549,27.4320837128214,28.305135495579144,29.90151113156647,26.6598180333852,24.53196510318617,28.17645576462121,27.64645357080547
2023-01-22,29.99301259152524,29.69526151197552,28.44698237695838,29.753681472369607,30.63886588242741,29.91179815805403,30.346957231749595,28.536545006888257,28.39988882247716,29.02063194892806,30.59309155352704,30.59252833805958,31.066736387009787,29.063607916701766,26.78294124754904,30.550624582398896,28.854844914613707
2023-01-29,26.78822611657809,28.31795291758295,25.8079473957512,28.14067355791728,27.90480936447132,29.04063938145778,30.10590961445177,27.81429843060382,27.453303266178136,25.88141505281085,29.642664247983465,29.88859462738037,28.19978434146601,26.38167287013632,24.92649296903232,29.414961854072462,26.008708497584664
2023-02-05,27.95554807901076,29.132596985871857,26.749826529434323,28.03060219969068,29.05033381085851,28.89343712903665,30.01624863071275,27.608485750470845,27.55841274784036,27.11074240913005,30.373695051515256,30.04933854897389,29.19722885330672,28.02417455929091,24.93069547654577,30.109726336604226,26.997932994462086
2023-02-12,25.36499045775817,27.839573219640933,24.79234725305647,27.743371094976155,25.79064915287856,28.170091972694745,29.23514248261299,27.09049264288568,27.0029624110332,24.83025888543832,29.090313004002425,29.24084949236353,26.37417266911982,25.97969441551628,23.8677836371973,28.914786053263736,24.40129887897049
2023-02-19,24.21169989204161,24.743778750332183,22.73640270030065,23.94282386842228,25.359300521635987,24.43056012795545,26.025703713775727,23.9518299776548,23.941084818830696,22.91183141272838,25.95131350595713,25.92558550770392,25.57267082612027,23.52604338544416,20.989300986997364,25.814888799260505,23.5190712191024
2023-02-26,25.416494295864027,26.87297795118808,24.42981247195334,27.696312067054567,25.71834762285233,27.82855598714821,28.40238880902616,26.652484171483422,26.971334476060367,24.77345181262399,28.345476629414087,28.37511744846231,26.34531692556433,25.5048232280458,23.420297230275043,28.15064982285472,24.52391286294737
2023-03-05,26.91202078516112,27.012317021010016,25.27404889662708,27.277038701942985,27.673581176294736,27.398516307619698,27.987329805557657,26.478488155216365,26.97955403822509,25.66896504572728,27.91713382836544,28.5529108587301,27.959757097899683,26.06041968118829,23.54250726674557,28.06968023445742,26.407770092596586
2023-03-12,27.364096777779714,26.155738445233176,24.715396646704413,27.444673018796102,27.41475735374242,28.40195151124068,27.54311619416617,26.02306378550344,26.50637493954713,25.639496411730125,27.061759420287554,27.25424679912968,28.37967704529928,25.13649857237634,23.742313909289408,27.08867294401105,26.40872731041716
2023-03-19,30.117733536846696,29.368314472597035,27.727389761274008,26.920954934188305,30.249328961997097,28.03650380531026,29.490166311013805,27.52495308814111,26.352590219381973,28.29190137067179,30.37596408959591,30.06919611496424,31.12671257814385,28.99600902130163,25.371757821156816,30.20265374304964,29.358466933679708
2023-03-26,26.46588695923793,27.522654941087083,25.055333960024573,25.12724185557592,26.79508314407992,26.617344155428192,28.1165769148846,25.945674248237115,25.09656992817112,25.202335147407112,28.57826172634637,28.02207131398656,27.27069556114757,27.053706905423866,22.70439881665021,28.360293349174604,26.085158736236657
2023-04-02,24.389086196781587,23.10114059519412,22.18590791773352,22.98093619942665,25.16269406982919,23.20699061635532,24.601205647860603,22.32489221944437,22.710494702109617,22.83846152780832,24.407913480486187,24.577148828223702,25.428036811268928,22.861108508938425,19.996917477403024,24.470505189988945,24.04554623863446
2023-04-09,25.484689199479543,24.09470564368437,22.76106225989409,24.760580815020063,26.026707897002748,25.16264149949357,25.346972323715164,23.66614297594343,23.89032461498581,23.8530464773103,25.483309424594363,25.699707046673307,26.574144816306568,23.49598114849977,21.146561498786703,25.39079648967825,24.90554527837953
2023-04-16,20.383315092501647,21.58318817081736,19.341195780509533,22.75930148505029,20.85051883440561,22.74944734634733,23.355787799935296,21.30750776216581,22.31671038812387,19.551965375048503,22.914997046334403,23.994215530847924,21.270304549154627,20.763086917139017,18.187225120551783,23.212674295832265,19.72415116405229
2023-04-23,22.340210616358466,22.396018772491256,20.393571860407345,23.218965888023376,22.97521575515487,23.74169231841924,24.140180243,21.59980613609413,22.483767149266427,20.97663052519207,24.074912813525177,24.37891584843638,23.28925968413187,21.695320447914963,18.72244572208692,24.15418819345373,21.64630663555588
2023-04-30,23.80200833304662,24.125914967136342,22.54351252037123,24.125832600252966,24.22619810182019,24.247127906082525,26.109670950441945,23.633100417496323,23.891240364418103,22.83154723185656,25.72722890449293,26.447297145092904,24.59566629623354,24.172940924085548,20.43518773172885,26.17892188428666,23.310795828981217
2023-05-07,19.156813107248745,20.943880467526693,18.950126570098256,21.57867615847361,20.17503286343341,21.585658043968174,23.404937093529,20.244044989053304,21.04416683928608,18.818338074485688,23.21687984383984,23.480821439840728,20.164510229839777,20.70859656279201,16.528640256333542,23.34548764312804,19.144069982667496
2023-05-14,22.935215349823352,20.95376065138306,21.48937198686304,23.08745935133525,23.52483993773104,23.985715843996022,23.655844496568506,21.8745117316308,22.53377800025119,22.223740475786546,22.64669703694133,23.798978713002167,23.66041735608605,21.03894416135812,20.61026303850292,23.282693650157952,22.645774275787435
2023-05-21,22.969295501708984,22.07863537233268,20.576798883284106,22.44143903113547,23.45816685657515,23.89229097697725,24.1476600357812,22.252629897873124,22.284129745572983,21.73862271797,23.904481676440216,24.6387289746431,23.94000037388452,21.65525860478862,19.64901672079316,24.26680970611871,22.15059532438006
2023-05-28,20.19663450616667,18.69150259652372,17.59980636840387,21.043279752844857,21.251640483593608,21.752990269753003,22.0724600577841,19.48129128196023,20.687734926750046,18.57157034278586,20.50162286304292,21.69535792163119,21.545187604013098,18.155818281411463,16.53674474494252,21.24181458348164,19.698445951199595
2023-06-04,22.590723420662307,22.74822612001952,21.40018356174309,25.290983278126944,23.631198321158227,25.34124667733485,25.041333546096315,23.143591562246343,24.65451976417795,21.80275979379969,24.083299869685977,25.106537798344284,23.77149651869844,22.08725357734973,20.31225878610521,24.608441059836665,21.84686633775819
2023-06-11,13.220113443745303,15.475519359238875,12.69879988177011,16.53960408341317,13.396962407957089,17.03352822852411,18.560067618901112,15.840505360194614,16.981244783345502,12.801030246962045,17.309766271516875,19.399977448815605,13.9422140489674,15.039137685162114,11.864664608126692,18.388822807491177,12.679697652068745
2023-06-18,19.08748499920623,17.127091472845343,16.71689940429728,20.231829138029187,19.843602014593863,20.272574964790884,20.83800630041184,18.34541350327529,19.59242427885649,17.819756980419694,19.41626577005758,21.38481241673472,20.035681007451533,17.93586306539882,16.01686756641312,20.624985696751544,18.467965927406784
2023-06-25,21.67156206963145,21.733459677523385,20.265766229265648,23.80840510129929,23.20893217915522,23.70856430907968,24.30500801798206,21.767776754800376,22.977583276782248,20.6222122898252,22.98515985992564,24.105597735093934,23.04141881198957,20.966196208496456,18.72979787147869,23.644655175405006,21.26951119584857
2023-07-02,21.6472749525976,19.85768055204135,18.9782855212424,20.625689837194624,22.806118604432733,21.28861663086841,21.827736301255296,19.430849857578032,20.202791936243585,19.84376883909056,21.07339106307917,22.11237417462701,23.088175944840124,19.59142584021402,16.80795322409942,21.76753162077961,21.00491906561941
2023-07-09,17.080922998209868,16.63678198989266,15.063741577337987,18.238394679058164,18.27171697623636,18.67327646797996,19.5138645227727,17.039198532104493,18.17115246013186,15.88373230493243,18.18250609228621,19.842538873461702,18.162741999828675,16.780886201741527,14.013312133471093,19.355762509683807,16.963793926804534
2023-07-16,18.25883125369,16.245111416143647,14.983589024700308,17.999316841363907,19.971888546410707,18.37723276943467,18.46724437902689,16.007632301627815,17.42670367981823,16.263582538834306,17.574325693634165,18.86501409037093,20.071894917248763,15.980212158773744,14.016346142855474,18.36687585938933,18.421586041823232
2023-07-23,21.710378634576788,20.772550419703727,20.142026069001385,21.68423448715892,22.447399432353844,21.781282136492443,21.959037563891176,20.845012355160407,21.26622324027194,20.75761061605104,21.73463418638552,21.16012022501696,22.72723336937805,20.55455557895264,18.501992690422483,21.712701176010697,21.223222866212584
2023-07-30,24.114958499235843,22.405267537529788,22.32732607309228,24.31370356537047,25.42301615355722,23.81511647728879,23.7836669666079,22.699593896246576,23.018520008094622,22.826249606429663,23.597501173473542,23.3026864085236,25.327459532321647,22.498942839754967,21.26802923546673,23.743784462169195,23.38186096052596
2023-08-06,20.90464548039774,19.58297432409421,18.434398813171523,21.59864763560749,22.728793490824213,21.499476721234608,21.538693069369035,20.16557927713766,21.022222698084764,19.1585838121558,20.659994495276248,21.383040109413333,22.700024129801275,19.13534103366382,17.220585484069332,21.217128122856007,20.36110103226736
2023-08-13,23.136547552572715,22.03868399042565,21.541490248059848,23.77853521988505,23.646620972080644,23.33002452776699,22.657197930027376,21.5107100246479,22.4369809762839,22.23465118901668,22.72959399863239,22.629234091612204,23.94012556481085,21.223960689277483,20.20333343561917,22.712049125925205,22.61264257610969
2023-08-20,22.16432446463841,23.064502672854264,21.833918308725163,22.26661162858917,23.34594289750015,22.673300188327232,22.946902870089254,21.21255407903101,21.55582988612106,21.405450010460594,23.79135343625948,24.873369599931,23.216139589957752,23.04610079156584,19.40733106197779,24.220822645960016,21.61306378140925
2023-08-27,20.46608333268528,19.28927543422561,18.40238598160968,21.11271009842555,21.689497996400146,21.0985350774522,20.17793217483832,18.591247205858107,19.79577918808521,19.168868073462367,20.30890508048978,19.65796372189997,21.70903691914091,18.771750394279984,16.904727285151253,20.12113562395428,20.2545364147248
2023-09-03,22.60165013002766,20.9629531623458,19.937669500589585,20.818850759949,24.41104499540181,20.52670192350292,23.136538007864104,20.75954436215488,20.67985621823723,21.07904013149918,22.282038464897123,23.605703324320505,24.364294613650408,21.477159854872312,18.2049214598128,23.18752273141521,22.365248829849325
2023-09-10,24.34650912094607,23.82248615659376,23.5147910795068,23.74854151975541,24.978463800459945,23.278561151472605,23.47192539070508,22.15254950089888,22.86241499085249,23.931288996482994,23.88467357850178,23.415116785671508,25.1085854754945,24.44553561676713,21.144650459978784,24.10672164289919,23.58384158283552
2023-09-17,29.82092053426892,28.219938794687103,28.188079456576435,27.2659796958878,31.29875291955638,26.505103149315875,27.104150004706643,26.305220175408696,26.000577482458667,28.81857422312682,28.76158314659482,27.45648032185845,31.12159168398058,29.352651280568058,24.955086093499155,28.5946884043296,29.520951731185708
2023-09-24,26.031817191969623,21.805443797284354,22.222966384549217,20.49033352377869,28.307941353471083,20.54265187237714,22.682674825017724,20.2494454153482,20.29512257865264,23.74513879750255,22.60497085521748,23.469999809470785,27.99113041277558,22.499205238695524,19.237053660363127,23.212793331556824,26.411986158864515
2023-10-01,23.1696131790927,20.57978779115657,21.979138365020347,20.41288361946742,24.42099497672984,21.05607558585502,20.44369889973899,18.92991305314101,20.085240100927788,22.564970149500432,20.415171429192352,20.51081251005599,24.430289958894942,22.60371432438357,19.508311985717054,21.05114957357806,23.65584608422457
2023-10-08,21.69876821068724,19.63003858269405,19.256207056138614,19.44035072624684,23.109197461984497,19.552837553478422,21.26171569156925,18.803336782579294,19.32646398768266,20.31440248532289,21.061956138115427,21.24344199301419,23.24045096585189,20.334271680803983,16.655548864317296,21.344041561193897,21.847773066749472
2023-10-15,23.2404693446411,19.330403588728103,19.9948375265262,20.520161498160583,25.819618781348847,21.040677192128307,21.39464585218068,19.05944743466068,20.1692798235645,21.45247722074339,20.42236960027125,21.42705004170256,25.29081899134809,19.87976411533393,17.10216276595691,21.08530497131049,23.61412169155728
2023-10-22,24.754893348330548,23.11967038752428,23.23504769199172,24.30025585492452,25.183875604173505,24.90283078668661,22.90080454745724,22.06911322160201,23.14477281047873,23.67775302957764,23.01427680671989,23.189035055772315,25.89133137625617,23.76122948828072,21.71220422715803,23.54470809891732,24.13661921506301
2023-10-29,23.19429051461828,22.787912942199057,21.477229189851585,23.096863238584422,24.15552521034314,22.937059495746706,24.53768064537827,22.614911111113315,22.903535018928363,22.27144274910067,24.35105630288393,24.86999040793858,24.416173765558074,22.344753977145704,19.74881909732732,24.589344674127204,22.23792285739251
2023-11-05,29.40654881304296,26.31843951922744,27.146356958357128,27.241574037642703,30.370038860555407,27.00186260817441,25.21292737621608,24.54903917486017,25.56089461712921,28.169319230069995,25.97321951234495,26.03048305305831,30.69924241327411,27.38935309131956,24.62348821507221,26.296474830045163,28.713618313205853
2023-11-12,26.044384105785472,25.30611749803588,24.667511529592467,23.848045269648235,28.771073178306143,23.748170651370803,26.35143515806504,24.28752137320382,24.071772991561144,24.68716135550672,26.35821799901657,28.128255823551807,28.3117849596679,27.64830546045096,21.34672094270196,27.75865923588523,26.63879523187313
2023-11-19,26.539790925525484,25.6623754033656,24.605425617180785,25.6412504187652,27.43051149155104,26.0554311008527,26.14475840243237,25.12116147722517,25.600883719039288,25.50070873342027,25.890501915737666,24.808715509275867,27.77786816593303,24.07383578730328,23.59142760568801,25.34708834534289,25.60569558567757
2023-11-26,27.89419790830085,28.169607154341904,26.76677565671959,26.37205027682441,28.41167095588103,26.85883235808659,27.262696680452667,25.60153225688191,25.75316682953657,27.26666262769324,28.15000383946803,26.34698901472066,28.931508808062347,27.65182756651141,25.260021098290142,27.555483155521163,26.6167992722956
2023-12-03,26.028855607316306,26.478769131560824,24.862911118589462,24.71546369223368,27.19805475626056,24.94985274335746,27.119673559338985,25.26867301742752,24.68141482067668,25.123673847207066,27.27488636495747,27.419111550014936,27.307646204605987,26.443458112558925,22.65496429929501,27.436490389232297,25.803851644305208
2023-12-10,29.30092406303573,28.757935350129344,28.24999914617801,28.410701206752226,29.99790546295821,28.036633723490944,27.3612896610627,26.40346254125818,26.446181017358708,28.65656234603899,28.43223120454069,27.126485192229485,30.364395134237284,28.6677929523862,26.16187988181081,27.86470753246091,28.353045742466765
2023-12-17,29.51920818638157,30.08784519431434,28.38258300466461,30.25671588239216,30.54873079233572,29.68572254009075,29.37786883028881,28.74673085101239,28.15603800995709,28.6581587979174,30.55837023516238,29.647031858603587,30.95617895605021,29.22300875172768,27.209800151364544,29.88356269642332,28.74832791202473
2023-12-24,26.55030772185848,29.39277196693014,26.931250836220908,26.70480256279309,27.619143623673946,27.11280662949021,30.046171533123044,27.53769086367124,26.163574478164342,26.49760172364413,30.63394662435953,29.81023750665053,27.83862099408183,29.015659379827017,24.46444696129101,30.29764294111099,25.91376185224384
2023-12-31,27.1321354746972,26.279916759238823,25.18589137313424,24.580490611848376,29.05130245595575,25.265460950834257,26.35355363295308,24.047609714656684,24.233019084146576,25.611451793709275,26.59567048043916,26.45573924493918,28.83470908831445,26.439963184895607,22.81239960090823,26.609052572231704,26.558495661640425
2024-01-07,30.4234425803716,30.753587283559444,29.39176235859015,29.20738428121521,31.29266277513708,28.90041371447393,29.91832427311222,28.8440129366788,28.42085500332708,29.443940835272635,31.008638986364588,29.95980367120707,31.612898011005065,30.29883597705692,27.41984080831794,30.37482852525207,30.155654623180705
2024-01-14,28.22732851035807,29.537334718683887,27.12911520368141,28.9612220951489,29.49077635143176,28.73319287588544,30.620023466060186,28.71871938532049,28.388745166084306,27.049404086358635,30.92015779833773,30.79007651285341,29.732640461571894,29.056726411156,25.89489129111728,30.917386721258293,27.686782139009537
2024-01-21,23.41597161360536,22.693435964808025,21.02417212878061,21.831839355684465,25.77820548615925,22.94858744705966,24.46760820994919,22.022293099737787,22.29350360918885,21.47149994831922,24.017441520856057,23.82138076175577,25.391873981961872,21.497416086804503,19.28947260247113,23.815022638399302,23.524328726642537
2024-01-28,29.105254744010544,28.988565716407955,27.088429651539627,27.29047873190472,30.308584885276044,27.906862926605893,28.668164673073992,27.278055622051287,26.917121355314308,27.26629853972702,29.60294453344304,27.85979128783604,30.46166559720132,27.98048328645719,25.18548813500309,28.789755923873987,28.541221798590893
2024-02-04,31.413497848707124,31.267054503914647,29.54211669996341,30.14414928924469,31.849601000172395,30.627754353801866,31.140854504643656,29.878268956766497,29.30926755356462,29.79553831977973,31.945163051390548,30.73091743448673,32.66654741073668,30.49996975490025,28.13069413041988,31.38425857633528,30.621194267530008
2024-02-11,26.61334935977499,26.38106269775423,24.73505598692737,27.082215120395023,28.128830621014867,26.886745757271115,28.99410910092012,26.69495145723417,26.277501597096546,25.08490016302188,28.198294445549774,28.629474100076926,28.15369099171465,25.523067633625445,22.98877643441844,28.43807688897837,26.76514297289989
2024-02-18,27.97475776525077,28.7298880894301,26.351783296336297,28.24856832481566,28.633304747010406,28.74879986776501,29.27644627295848,27.84159211691324,27.65695264334781,26.678898148381133,29.201440302530923,28.09917744022174,29.16850217428908,26.799676586433414,25.676260497190384,28.68932107749984,27.19382926395961
2024-02-25,28.668965694373487,28.30901593389287,26.500206435371947,27.17961448998678,29.93144293840862,28.11097932813097,29.32802034049965,26.70414223113617,26.594088410677973,27.04169338170536,29.286857598374937,29.012057918743945,29.897176678116256,27.577776810374715,24.78308150544852,29.10880684899257,28.745345320020405
2024-03-03,26.46295840338237,25.472645174974065,24.85450591380975,25.495321038223448,27.241221116614465,26.17249378857312,26.714132881720627,24.106510043453863,24.64291539910721,25.17248816323897,26.25860128691702,27.0231417992687,27.6933305622528,25.846395246492907,22.40869931019062,26.738960546056823,26.519652461748564
2024-03-10,30.77630419344516,31.010380520241096,29.630958515664805,30.00956541015988,31.50233714585829,29.87995802144133,30.491402840127755,29.405464745063284,28.52967591668295,29.70291644891282,31.63974106693681,29.963165311479184,31.946865175681683,30.686930222807547,28.06798760927145,30.92099465596,30.586527316718087
2024-03-17,26.07430677524405,27.54172774215243,25.06299789415172,27.047739632072904,27.475650438637672,27.45651452298944,29.36458579861388,26.426614574085583,26.18228893690613,25.11695535486005,29.13629604025837,29.83174225069442,27.416232473601703,27.13027829410627,23.685061449718543,29.461872750299086,25.719607120575603
2024-03-24,27.310754525615444,27.05082022864173,25.26157000303903,26.69688050803684,28.95872574925511,27.695087666063547,27.849899358721583,25.33600721384024,25.56906632947828,25.46630952275108,28.13298440908457,27.325356277815416,28.99077665483629,26.451653614504608,23.38523487182044,27.77448959873147,26.78346779275776
2024-03-31,29.2692066938874,28.25297461796417,27.084133030570708,26.77338894775936,30.24828984523861,27.31648719817055,29.085847026057564,26.747880266858385,26.39373925054144,27.706859329017664,29.306316251878613,28.298364739533703,30.690100905517816,28.24280774003676,24.88462910713043,29.00921095607332,28.335337403649586
2024-04-07,25.61872454806491,24.29629327798449,23.102517596788925,24.25827284653981,26.721179674149973,24.724459718092987,26.297608839874712,24.17564624538669,24.191927163334974,23.81122433777199,25.84972740107285,25.88381266015559,26.844967910221644,23.91159336360302,21.68486373587075,25.91223104219381,24.95874727896924
2024-04-14,22.75926031016935,22.994656153070903,21.16375002569082,24.80158425228936,23.56666585694941,25.17073488419581,25.6749682301335,23.635169024777102,24.10216408653035,21.57523824071723,24.86683510949601,25.561694800693065,23.922097436249487,22.77804635172075,19.99982026513012,25.19892299151934,21.945373583996712
2024-04-21,25.634667692344006,25.289863965658743,24.67466129871629,25.81925260169165,25.51947630113536,26.27742528485822,26.72123821692286,24.98595327798422,25.014889224401426,24.98030558265369,26.76903775202764,26.18747393461572,26.236067744295564,25.59908210820816,22.556926782204137,26.61271903752814,24.693135643262423
2024-04-28,24.963557769893217,24.973098070636738,24.47858582203009,22.05724286465418,26.408831979679583,22.171712261676177,26.0999174145846,23.5756768858278,22.667632845749832,24.33182248436292,26.033215563225024,27.377307963821124,26.32975518841541,26.456070318399416,21.163203891229408,26.99279601886548,24.795745186407288
2024-05-05,26.324451861387665,27.12956623227866,25.91083264456667,26.41232626211076,26.85141269901256,26.397569000951112,27.36819944020263,25.812486829881543,25.42047732963488,25.77622033131001,27.965955803611063,27.483058006615654,27.283186837052742,27.824798561340742,23.22496317691385,27.843597456900337,25.68639489197024
2024-05-12,18.880539584804225,19.969375588492287,18.98176245236672,17.426190035683767,19.25150772450501,17.795942685778996,21.51649737010544,19.00201049160648,18.033204985691377,18.807182099070943,21.44067862374442,22.65987557156709,19.580812392547784,21.496732245333167,16.3301641514318,22.256673081280432,19.339087553101407
2024-05-19,19.60884274294938,19.73485364791935,18.866136915618167,21.443337527059374,19.840291329616093,21.38008842934666,22.107193727187447,20.43685419107412,20.558118875245995,19.29337627091209,21.43935428635898,22.411030350348376,20.20504489092293,20.250515269440623,17.292358545819354,22.113956548463108,19.59578880209807
2024-05-26,15.347978463044038,16.636753487942823,14.591150752188572,18.092255749872752,16.211950556248933,18.07036916322843,20.06698684581168,18.031286350101617,17.88594234153016,14.848103858756804,18.98852166675385,20.197543401281145,16.364039026172005,15.860935160988252,13.966256871564624,19.367262149743603,15.108598224878952
2024-06-02,23.61113062972728,21.18593568181687,20.770957845655712,22.792346136910577,24.507160507247324,22.663293271451384,22.774905352133704,21.282678891962224,21.604160326567648,21.69914667303302,22.42133251536976,22.4228229162828,24.92101441387044,20.894363794300364,19.168233155687297,22.602076341961222,22.92750575921606
2024-06-09,25.341554560716546,25.579252328445666,24.23926899934513,26.63361365454537,26.23455473407828,26.56590713589348,25.40521677868012,25.027186494307085,25.331310033331647,24.537848243026826,26.17104102956268,24.6952412546163,26.528649771995983,25.22769144282399,22.5049754114962,25.593166485691263,24.450570235033886
2024-06-16,21.47084849344104,21.677036522293903,20.023098289807923,21.1546260373933,22.16260085398845,21.4678958833908,23.89341076330958,21.765503896242613,21.12752085795841,20.567239788707653,23.69664892221426,23.71109422390673,22.73120134861773,22.17346302586485,17.82524830931441,23.99395739635609,20.98260555177365
2024-06-23,17.12272803725116,19.31472596685007,17.05209491183087,18.975647670882086,17.845888316410726,18.795577910876187,21.878445847736504,19.537478813567724,19.269318044069,16.70314383640869,20.84399226630405,21.254308012939205,18.10130371550336,19.522629045713643,14.473380989753837,21.331883256915965,17.078123538641915
2024-06-30,19.242718112361324,19.50262523510817,19.125606937966943,17.07890527163233,19.69809266393225,16.869684613349353,19.844464107435577,17.79213043906472,17.11648031690116,19.120661319307857,19.991639896079057,19.52426567231869,20.00929900393983,20.47931312731617,16.069823790159436,20.18174183392012,19.02983458665503
2024-07-07,10.636922577326516,13.21532732693117,10.777019204771824,12.900932621388208,10.233876216332176,12.911203442086276,15.303827191233289,13.401819529347604,13.145647194520834,10.693411350250244,14.452119954427085,14.980792679234016,10.999724099995086,12.1699699542246,10.108061918779272,14.728036503502532,10.79644289652935
2024-07-14,19.15720654884053,18.258883529126265,17.112552262029507,18.935069062880107,19.2914253830645,19.044419154850825,19.47626402774288,17.667927864371954,17.931653517333025,17.872370167980044,19.01462969841895,18.210475966615498,20.10895053116051,17.624509772152404,16.09407217340049,18.99938758618677,18.599737771437816
2024-07-21,23.564297586487683,23.57522080041198,22.46581137233216,23.78704103543645,24.21773381942648,23.409869050427293,23.68440254923206,22.55480498177665,22.19663633992294,22.76129431880097,24.16828317022943,22.223595758011403,24.53416478771961,23.038695050455807,21.369882276218444,23.6205775490479,22.76476062790082
2024-07-28,21.222215213063752,19.503142840318333,17.830480001410656,21.48614218972978,21.82782499989609,22.1388619311221,20.55699020919577,18.862753222081565,19.95386381111966,18.96780706497896,20.368317343146256,19.64175432518808,22.42120370809636,18.915888518366263,17.489187779813694,20.37866203099081,20.27253225550176
2024-08-04,18.869500539477727,21.448127959074498,19.54088205220748,20.45724046939895,19.212601168962166,20.126435808846995,21.530273865680304,20.19821820197168,19.98532338618299,18.98361548154507,22.302991647431345,20.310244728612773,19.750265174850995,21.439092908209386,17.75331460387125,21.719105588013413,18.490096807479866
2024-08-11,20.96605634873438,21.681931432122106,21.18206207796653,20.967012406814668,21.76010024538753,20.55628944578625,20.74208680811845,20.12833024904325,20.03192859619797,20.976395653122857,21.74464095887684,19.99703653417829,22.02794236934323,21.999857259070303,19.175518892265693,21.175955736940384,20.736192979581272
2024-08-18,24.38242702042274,23.57838267710672,22.818717364621776,22.15185553828876,24.79744336589189,22.706137631390547,22.127392212781544,21.28237317023339,21.224563062074363,23.37600601269236,23.02618016412248,22.08354967687972,25.423586387892023,24.38137119430584,21.03010313460925,23.031590898442875,23.77608744474756
2024-08-25,21.3639054599109,19.40513526859568,19.44949107415505,20.164276862428306,21.78632102234993,20.668604370863434,20.35063829783448,18.54351942483481,19.087544237797506,20.21006671113828,20.21397587499577,19.85185124739161,22.502826943820967,20.2653140806614,17.50296578135039,20.45035437081891,20.82989596195941
2024-09-01,24.76329644275601,22.87533286283773,23.6729508542126,21.35127305984497,24.89904156338277,22.26305748167492,21.7861322508609,21.209125473220627,20.711830070107418,23.808143185013726,22.69331690552947,21.03148173000613,25.781329727541063,25.19825324778223,20.69325357665501,22.53440082423141,24.73632388294868
2024-09-08,28.35248787584145,28.174905429262594,27.91175793882166,25.57257927741323,28.44991125873421,26.823654614206752,25.59049060254333,25.49144093897436,24.30910013053282,27.916090365604013,27.188512906161225,25.032334839237343,29.28350715931778,29.37506633980453,25.249592988297497,26.70292037993728,27.81108084778901
2024-09-15,22.263575019983712,19.60104732421924,18.509475296751628,21.158413648605347,23.729720181310554,22.687061566336883,20.95972847451969,18.88711820478563,19.87157791421372,19.903152446510823,20.38850670356255,20.510158974526707,23.9659953706513,18.91904873049773,17.405933776438246,20.50209969597087,21.945537837046498
2024-09-22,28.355874651954288,25.39327516433781,26.35349344762956,24.3749747517563,28.87180774499539,24.82647710724073,24.31901942884261,24.048615095460573,23.72251371208236,27.2812638577782,25.484582991827104,23.90567200395939,29.528183471282016,27.28908681095849,23.5482155559322,25.396235814999688,28.017379844285088
2024-09-29,27.29955786627692,23.768966484171496,24.1150376392659,23.663770679916656,28.57519325126461,24.334936684469763,23.617645986573688,21.972817070700906,22.550600048147302,25.466132590419395,23.97362706403195,23.447305785999145,28.94320761927306,24.33091545255938,21.682402367937627,24.0493590043249,27.32425695995115
2024-10-06,21.744282399672183,21.95214374334828,20.35668025824912,21.417051083984827,23.04433695851742,22.053491610817925,22.89725383169102,20.798650644475764,20.867322996404543,20.67733414234809,22.953960327049355,23.039410066733144,22.939188406734395,21.602726768022663,18.718024157581773,23.027098351495376,22.00831879309888
2024-10-13,25.2431870120526,23.636248598729114,22.474464840876283,23.93338152482396,26.1742024029916,24.685180389129364,23.99785153024746,22.127822955243,22.99810272746824,23.217678486295167,24.587684236666856,23.750187981803464,26.65709347706504,23.67119110493873,21.025977327920707,24.304233207627984,24.88999158545646
2024-10-20,26.84860376777796,27.06962264372088,24.816019246085304,27.480248110634943,27.66573872202684,27.976234895075304,27.6765159851608,25.57394716535296,25.697332348608924,25.11491605589173,27.985042033670265,27.797510679198723,28.30479447537868,26.108170456125844,23.507829546669942,27.784097406495576,25.81458771132394
2024-10-27,28.581315986898417,25.25789650365996,24.59081185128484,24.22905741561027,29.136963532996297,26.4341821560068,25.12790107170972,22.93130672950249,23.3741255767658,25.89282837815172,25.14595602621764,24.66762660712888,29.96735484259469,24.66544636559194,22.31945996800264,24.929651488063385,27.603637041107344
2024-11-03,26.13275483031991,24.62073625125356,23.237471527194383,24.54679076160704,27.149159231687108,25.989698503315065,25.23706511783877,22.43237365574032,23.574354124162525,24.000060232739614,25.19235511548592,24.75504105817275,27.60148168806864,23.82714096812047,21.73690957478574,25.10899880440968,25.44613774960253
2024-11-10,26.484428145557143,24.860195864492383,23.99869731557824,25.450226291304546,27.657249884107745,25.61457627098839,25.17142383141698,23.79479424811029,25.001811428779256,24.653575426279765,25.22493652740082,24.629354667149464,27.868691608252213,24.64692185224164,22.126600375780853,25.17200075810204,25.82309616736645
2024-11-17,26.68018602741885,23.568146619207063,23.259130246891,22.53435895840327,28.186166554358515,23.68639176048367,24.426473395122382,22.13550816771272,22.500134190001365,24.43432995975353,23.953614572632365,25.60490271473188,28.4575348489533,24.125941298816528,20.8042523331942,25.03439973431791,26.359237280174725
2024-11-24,28.17331102241113,27.29706280978758,26.36632466168137,26.687662539027983,28.85133296873374,27.43740491241102,26.973396151128384,25.50370495387486,26.40521268415357,26.974247019524245,27.540745607186192,27.61999211478426,29.360435205997184,27.04878427032241,24.4865763178793,27.64694861843161,27.331677026825773
2024-12-01,25.85098833896632,24.373706655970004,23.62164834334772,25.64321769135339,26.289842824420603,26.370601936350152,25.584560900318383,23.82746348096179,24.90694381019607,24.51081993609365,25.14555956522624,25.97047521483224,26.86983737982378,23.9822588517914,22.270870673286,25.459676160271155,24.671733942314617
2024-12-08,24.18731219857509,23.69050486408063,22.30811556737404,22.946970210188912,25.040562017682216,23.143694414902225,24.71055448993649,22.546510702851528,22.63586012211332,22.95589404165141,24.5762759699966,23.90784707544949,25.464650931045355,22.42630533007798,20.732432115454184,24.138920076672576,23.445204373639868
2024-12-15,25.93526102309061,27.52460931765753,25.35717784099697,26.98514441081456,26.650203589065967,26.032258854869703,28.46078614104246,26.171062639905266,26.918410685664288,24.93928618693916,27.70250715941061,28.191137046505496,27.132189047382607,26.649724553496554,23.500459500089725,27.91363573540913,25.235876702876748
2024-12-22,25.76934545902365,25.688762763415827,24.60287432514045,25.01662098793756,27.01535850485372,24.640726192577464,25.599804219282053,23.7368787671374,24.8689408423616,24.439995497498657,25.32519438277075,25.751863091461104,27.14799584753265,25.435715680260127,22.659885565707896,25.614591923245246,25.22237260386629
2024-12-29,27.742669,28.202413,26.493041,27.46907,29.656887,26.877771,28.649089,26.946101,27.590523,26.112827,28.212383,28.840724,29.475717,27.850527,24.821436,28.510219,27.276384
2025-01-05,27.543649,25.540172,25.243209,25.110465,29.680194,24.718962,25.549092,23.714792,24.897893,25.705854,25.175197,25.661206,29.554,25.44925,23.252235,25.484465,26.96669
2025-01-12,28.095069,27.51416,26.334816,27.327078,29.60446,26.823749,27.329714,25.675202,27.06507,26.693113,26.8941,26.586562,29.26093,26.45012,25.223919,26.73383,27.46172
2025-01-19,28.641519,30.298988,28.197084,30.8916,29.938783,29.900932,30.929847,29.516966,30.95931,27.792777,30.387954,30.597488,29.59765,29.133026,27.306092,30.39293,27.806161
2025-01-26,28.622059,27.816556,26.842972,26.524157,29.382433,26.303218,28.315817,26.021353,26.567254,26.913886,28.146671,27.886424,29.520018,27.478418,24.889232,28.019305,27.686762
2025-02-02,29.734583,29.331317,28.009443,30.47105,30.464228,29.827089,29.435161,27.953562,30.066185,28.247036,29.414405,29.180942,30.941499,27.886982,27.292043,28.93059,28.846622
2025-02-09,31.171729,31.324481,29.422776,31.68367,31.614539,30.969386,31.48814,30.812102,30.878419,29.341577,32.214289,31.694522,31.923023,30.41119,28.599827,31.728368,30.111692
2025-02-16,29.165103,29.06701,27.484589,29.200978,30.040808,28.868687,29.909292,28.296641,28.893696,27.626294,29.681525,30.371039,30.069257,28.722748,26.443411,29.867716,28.221965
2025-02-23,31.508124,30.245093,29.393387,31.879765,31.815838,31.492296,30.334224,29.821633,30.441291,29.791798,30.545605,31.268437,32.40536,30.408005,28.013209,30.749016,30.532482
2025-03-02,31.845646,30.57036,29.37008,32.25806,32.856103,32.064687,30.819249,30.376828,30.713428,29.745582,30.797399,30.730253,32.93635,30.316283,28.492795,30.62612,31.082089
2025-03-09,26.773243,27.487215,26.247339,25.789275,27.762733,25.592146,28.545787,26.354017,25.73439,25.732106,27.858559,27.878883,27.862943,27.95145,24.192301,27.998051,26.185439
2025-03-16,28.711593,26.331724,25.233313,27.553017,29.307308,27.01975,27.561926,26.526318,27.017903,26.244505,27.281561,27.275747,29.856903,25.853106,24.402897,27.189148,27.645455
2025-03-23,29.405449,27.777842,27.100992,28.553736,29.542653,28.725015,28.878574,28.073165,27.84834,27.394243,28.640613,28.351506,30.299463,28.476447,25.142391,28.635276,28.150245
2025-03-30,26.143735,27.448486,25.305926,27.068158,26.871904,26.849026,28.253972,27.098654,26.972002,25.039878,28.536822,27.772227,26.914315,27.194824,23.58787,28.119504,25.362659
2025-04-06,23.285392,22.705456,20.991281,23.749737,23.700069,23.045417,25.288909,23.029723,23.743826,21.607642,24.256203,24.668418,24.065546,22.568633,20.050781,24.529832,22.513167
2025-04-13,24.59426,23.352916,22.222134,24.084398,25.430572,23.673271,26.039099,24.572902,24.365226,23.075818,25.130663,25.481913,25.437344,23.035973,21.477202,25.336647,23.928988
2025-04-20,23.906974,22.563237,21.981426,24.153966,24.439072,23.829708,24.780524,23.669617,23.976267,22.559021,24.048572,23.96367,24.657288,22.579883,20.813327,24.077584,23.072594
2025-04-27,22.342828,23.017877,21.412929,22.84194,23.065035,22.782,24.825312,23.260269,23.27087,21.342769,24.395114,24.305378,23.23666,22.529614,19.891836,24.392443,21.879332
2025-05-04,24.685547,24.799796,23.359965,25.544989,25.504608,25.913334,26.311278,25.309915,25.261315,23.565282,25.888328,26.12839,25.494216,24.190668,22.368951,25.98822,23.926452
2025-05-11,22.287105,21.297189,19.672911,23.531893,23.67865,23.619578,23.646205,21.823635,22.901209,20.137628,22.762714,23.522338,23.655984,20.970853,18.697257,23.162144,21.768446
2025-05-18,21.502876,20.899669,19.782977,21.937199,23.371289,22.104287,23.042994,21.676794,21.670625,20.002287,22.271937,22.46826,22.667614,21.333673,18.54739,22.604104,21.493886
2025-05-25,18.502152,19.426386,17.650707,21.544539,18.532046,20.773706,22.354316,21.089564,21.788142,17.519042,21.323934,22.59622,19.467006,18.811009,16.66901,21.869503,18.035015
2025-06-01,19.596686,18.814831,17.926306,20.353473,19.849845,20.33261,21.557742,20.183105,20.377047,18.356461,20.480827,20.914437,21.04366,18.834829,16.825158,20.872322,19.199387
2025-06-08,16.806518,16.951701,14.897469,18.202418,17.180311,18.043451,19.809954,17.474907,18.192967,14.798466,18.722181,18.995949,18.230473,16.143486,14.214892,18.994563,16.427875
2025-06-15,19.516216,20.498581,18.48444,21.246365,20.255714,20.370751,22.93435,21.269073,21.599336,17.860302,22.306064,22.683607,20.856456,20.325203,17.049779,22.663064,19.006157
2025-06-22,15.468047,15.169842,13.605734,17.492229,15.710702,16.889018,17.356753,16.026522,17.185977,13.49797,16.70246,17.736025,16.724354,15.332111,12.710087,17.308779,14.997557
2025-06-29,14.413292,14.409454,11.877708,16.419717,15.303845,15.914038,17.177521,15.840852,16.47167,12.306515,15.883915,16.602072,16.803585,12.789978,11.78031,16.321558,13.850577
2025-07-06,21.248632,17.961977,16.607554,18.817282,21.734815,19.034105,20.23873,18.964031,18.923893,17.881217,19.327696,20.168934,24.751035,17.427651,15.817583,19.842225,19.699389
2025-07-13,22.192249,20.14436,19.18569,21.590913,22.425831,21.089173,21.846354,21.346683,21.802417,20.116238,21.23639,21.647758,24.470475,19.881563,18.204014,21.685372,20.901154
2025-07-20,21.162111,17.712485,17.438224,19.782321,21.783811,20.191583,19.527092,18.622189,19.526248,18.918615,18.74758,19.693885,22.809191,17.695875,16.99162,19.551153,20.428389
2025-07-27,18.665044,18.440129,16.742298,20.198437,20.00409,20.105291,20.434936,19.429004,20.45827,16.766124,19.731781,21.220678,20.289287,18.872996,15.75316,20.716585,18.229269
2025-08-03,15.004433,15.569395,13.22693,17.538835,17.15861,16.962444,18.313047,16.813366,17.62668,13.06401,17.063739,18.611437,16.932317,15.819773,12.863814,18.055356,14.887293
2025-08-10,18.257998,17.304927,15.520358,18.462097,19.943773,18.035944,19.654598,17.84359,18.664442,15.976136,18.390968,19.102859,20.256497,16.770228,15.177185,18.911446,17.994691
2025-08-17,23.424556,23.600369,21.580566,23.627641,24.354807,23.703704,22.874708,22.333528,23.535378,21.369853,23.399299,23.897214,24.950503,23.52649,20.631355,23.766533,22.631201
2025-08-24,16.926759,16.620612,14.44707,17.635039,18.488008,17.545358,18.805162,16.938544,17.777731,14.903859,17.674531,18.232732,18.801717,16.170891,14.544648,18.20198,16.3596
2025-08-31,20.759297,19.812561,18.666291,20.966453,21.637949,20.481808,20.300542,19.428593,20.90979,18.561917,20.077516,20.765065,22.14454,20.665951,16.847868,20.628993,20.383559
2025-09-07,21.825347,19.708413,18.140265,21.244223,23.890231,20.683909,20.651205,19.651821,21.143745,18.837754,20.279592,21.415088,23.930436,19.74618,17.799187,20.966812,21.634036
2025-09-14,24.251243,22.97078,21.085374,23.873886,26.391076,23.978321,24.109432,22.939295,23.868745,21.346942,23.622748,24.316944,26.484752,23.247702,20.083304,24.131267,24.509133
2025-09-21,20.580745,19.337398,17.262945,20.05048,23.255918,19.509935,21.479651,19.275918,20.118586,17.679479,20.393167,21.834687,22.780691,19.349427,16.170333,21.194271,20.361103
2025-09-28,22.353775,21.339243,19.570975,23.284005,24.061407,23.144506,22.420041,21.556436,23.0744,19.714341,21.948985,22.575061,24.241982,21.512978,19.021986,22.454136,21.923509
2025-10-05,21.69659,20.593858,18.286648,22.378829,23.747596,22.063073,20.989721,20.629817,22.35634,18.944804,20.510005,20.236935,23.500177,19.318061,18.385195,20.403017,20.945402
2025-10-12,20.570709,23.346796,19.902521,23.58638,22.815119,23.209966,24.837181,23.807599,24.106013,19.191961,24.337626,25.235175,22.257806,22.887182,19.782951,24.949728,20.304855
2025-10-19,23.686053,21.840922,19.997353,23.777639,25.864529,23.171081,22.295404,21.012918,23.160816,20.266913,21.849442,22.895431,25.723418,21.466175,19.02902,22.315975,23.087664
2025-10-26,21.574393,20.958976,18.88792,20.417521,23.006842,20.006163,22.055619,20.80591,21.03851,19.016831,21.361215,21.93885,23.545326,20.21668,18.529997,21.76665,20.660822
2025-11-02,24.264611,23.969444,22.805056,23.499259,26.386516,22.931532,25.016627,24.050482,24.053025,22.994853,24.623047,25.182501,26.32156,24.352088,21.015647,25.013651,24.509848
2025-11-09,25.092336,24.139767,22.153987,25.08967,26.259242,24.772657,24.054897,23.921869,25.136701,23.030856,24.11214,24.714016,26.592165,23.127606,21.913995,24.483051,24.495843
2025-11-16,25.414859,24.917174,23.452445,25.045201,26.596531,25.38344,24.570687,23.934097,24.822945,24.05804,24.803724,25.48779,27.019185,24.501128,22.009039,25.180498,24.628356
2025-11-23,28.016938,24.224687,24.458405,23.751274,30.039382,24.036522,24.535257,23.022335,23.85417,25.712663,24.327208,24.869792,30.224626,24.723858,22.802399,24.853242,27.214838
2025-11-30,29.001454,27.551283,27.273438,26.396758,30.62555,26.480795,26.181439,25.858993,26.637428,27.677122,26.695076,26.797017,30.617745,27.724926,25.888918,26.943309,28.255643
2025-12-07,25.450098,26.29916,24.476724,27.597086,25.488608,27.548721,28.054994,26.389681,27.593774,24.664847,27.181913,28.636749,26.206626,25.745302,24.259562,28.007383,24.287603
2025-12-14,28.247225,27.955928,26.927452,27.561128,28.734245,27.379081,27.61253,27.205486,27.847929,27.224301,27.715741,28.282189,29.392886,27.449786,26.281591,28.07279,27.296841
2025-12-21,29.260385,31.124031,29.319149,30.827652,29.737373,30.331405,31.140975,30.991784,31.302397,28.641425,31.482949,32.40023,30.109894,31.40434,28.447802,32.170554,28.521527
2025-12-28,28.237706,29.906479,27.846216,28.46245,28.941001,28.14912,31.196089,29.42944,29.230677,27.500088,30.548876,31.316974,29.137221,29.588183,26.733525,31.132176,27.393712
2026-01-04,27.309297,27.301277,26.18041,27.186099,27.775774,27.133094,27.880216,26.708696,27.361693,26.426864,27.507607,27.914002,28.033986,27.106386,24.923616,27.829096,26.466784
2026-01-11,28.154255,28.790853,27.374949,29.725743,28.585035,29.692389,29.938576,28.844764,29.751469,27.607752,29.264819,30.109483,28.81907,27.994541,27.084927,29.625544,27.22386
2026-01-18,26.13116,25.450741,23.979693,25.133778,27.550515,25.01509,26.881252,25.65092,25.591675,24.637636,26.036834,26.729346,27.552781,24.72614,23.054388,26.228704,25.881822
2026-01-25,29.44317,28.884096,27.658576,28.974249,30.699881,28.832416,29.009631,28.688756,29.291632,28.248667,28.918527,29.147596,30.995434,28.094697,27.204966,28.95749,28.937823
2026-02-01,29.123778,29.068531,27.792968,29.068275,30.363199,28.897068,29.460706,28.803488,29.3143,28.228149,29.237302,29.464991,30.252859,28.436428,26.965814,29.386089,28.808143
2026-02-08,30.200928,29.008099,27.929448,29.047963,30.522335,28.958692,30.063529,28.739175,29.307802,28.814185,29.451365,30.487888,31.312545,28.211905,27.111246,29.959232,29.426104
2026-02-15,28.311662,28.17348,26.973393,28.249785,30.355141,28.186339,30.117023,28.161777,28.463695,27.3983,29.232283,30.160966,29.8761,28.409608,25.915742,29.837605,28.567799
2026-02-22,26.83552,26.524199,24.698773,26.759754,28.092071,26.738147,28.183884,26.92834,27.069885,25.521137,27.188691,27.573421,28.189626,25.252092,24.249512,27.420645,26.801847
2026-03-01,29.489045,27.592941,26.903761,27.51728,30.96291,27.763665,27.870657,27.359725,27.872005,27.848756,27.842719,28.396333,31.087489,27.36579,25.995963,28.15951,29.615605
2026-03-08,27.699937,25.149327,24.270061,25.308379,28.984124,25.246454,26.55094,25.602363,25.765609,25.549451,25.778623,25.730621,29.367906,24.745365,23.328028,25.873555,27.718857
2026-03-15,30.05779,30.191759,28.777907,29.354087,30.168041,29.202358,29.722193,29.649944,29.826623,29.291184,30.11582,29.671411,30.866465,29.678419,27.655799,30.040863,29.865781
2026-03-22,30.00763,29.587204,28.039133,29.254903,29.890318,29.001392,30.311187,29.583923,29.675687,28.712928,30.040867,30.419975,30.821571,28.853907,27.013203,30.326479,29.591128
2026-03-29,29.561341,28.442931,26.682141,28.811245,30.475906,28.719391,29.439397,28.798958,29.120207,27.69319,29.002039,28.809999,31.082855,27.497957,26.362611,29.064174,28.912716
2026-04-05,25.307275,25.097886,23.472166,24.889202,25.872624,24.594022,27.058469,25.029578,25.44379,24.027427,26.196162,27.162875,26.295112,24.764031,22.495205,26.826517,25.227371
2026-04-12,24.621602,24.704595,22.683221,26.499365,25.005383,26.768136,26.796722,25.023499,26.135491,23.274146,25.966372,27.74262,25.70181,24.413851,22.132316,26.900064,24.441205
2026-04-19,26.338263,25.450902,24.585101,26.018117,26.832826,25.843487,27.221937,25.608847,26.177984,25.456473,26.509648,27.789444,27.546705,25.360225,23.278775,27.316106,26.38847
2026-04-26,22.091195,20.925108,19.775058,22.918509,22.623684,23.150985,23.315354,21.234121,22.338823,20.56299,22.160885,23.568264,23.186161,20.392028,19.396455,23.055115,21.785862
2026-05-03,21.837341,21.591465,20.460181,23.896522,22.468104,23.874415,22.938155,22.22082,23.259871,20.839462,22.213433,23.13746,22.957604,20.912397,19.738223,22.767128,21.787764
2026-05-10,18.370706,18.335532,16.953371,19.483805,18.573108,19.314631,20.284149,19.065978,19.597237,17.192898,19.395331,20.251792,19.330038,17.920489,15.94959,19.918954,18.359189
2026-05-17,16.519366,17.211022,15.638465,17.148334,16.752304,16.515756,19.354688,17.622415,17.750412,15.845409,18.408711,19.251574,17.27431,16.921106,14.674435,18.993687,16.423201
2026-05-24,19.316798,18.036079,17.156238,19.046267,20.78098,19.158837,20.892955,18.354602,19.034958,17.998791,19.508382,20.723524,20.861513,17.713908,16.355163,20.312627,19.642045
2026-05-31,19.768054,18.88391,17.556684,20.408412,20.816964,20.689844,21.724226,19.391011,20.296408,18.532032,20.324904,21.417917,21.067077,18.149566,16.735669,21.069355,19.587555
2026-06-07,17.228143,18.695169,16.644041,18.437447,17.627492,17.844183,21.47796,19.557842,19.598571,16.438266,20.436098,21.612474,18.170246,18.505901,15.438951,21.266733,17.208207
2026-06-14,14.768549,16.203176,14.266604,16.705674,15.748223,16.378161,18.856812,16.292964,16.989504,14.210954,17.613341,18.692066,15.685276,15.979131,12.93821,18.397165,14.967891
2026-06-21,14.673456,14.989212,13.659752,16.164136,14.855906,15.99405,17.447601,15.819426,16.471431,13.955803,16.431215,17.523328,15.622217,14.742938,12.646386,17.208158,14.524592
2026-06-28,15.930379,17.668864,16.624533,15.887055,16.569898,15.18999,18.282353,16.579051,16.874851,16.233889,18.363359,19.564184,16.79352,18.866073,13.929234,19.41863,16.534289
2026-07-05,17.661114,16.500305,16.228249,17.355946,17.948151,17.357859,18.071938,16.791594,17.591022,16.83592,17.494768,18.683861,18.454487,17.192734,14.69631,18.495953,17.54039
2026-07-12,20.86478,19.034548,18.035049,21.89744,21.107826,22.749977,20.050667,18.773815,20.588789,18.913996,19.659212,20.978992,22.167183,18.915548,17.101797,20.532564,20.469213
2026-07-19,21.106548,20.660734,18.923069,20.917927,21.131777,20.777626,23.03285,21.224356,21.5662,19.527895,21.967958,23.017803,22.248665,19.982576,18.109028,22.6917,20.732531
2026-07-26,24.393751,20.787033,20.639345,21.878464,25.214512,22.49132,22.294882,20.658428,21.775257,22.425108,21.77738,23.358473,26.050877,20.884735,19.147566,22.784872,24.203445
