Semana,ano_epi,SE,ALTO URUGUAI CATARINENSE,ALTO VALE DO ITAJAÍ,ALTO VALE DO RIO DO PEIXE,CARBONÍFERA,EXTREMO OESTE,EXTREMO SUL CATARINENSE,FOZ DO RIO ITAJAÍ,GRANDE FLORIANÓPOLIS,LAGUNA,MEIO OESTE,MÉDIO VALE DO ITAJAÍ,NORDESTE,OESTE,PLANALTO NORTE,SERRA CATARINENSE,VALE DO ITAPOCU,XANXERÊ
2001-01-07,2001,2,26.32707132611956,27.556826453219088,24.561878024103795,28.9141803866341,28.20102136952184,28.424297455501684,29.959346348620716,28.815146866835555,29.36601713632184,25.00636855019225,29.34733360092361,29.93945263402481,28.230126117647387,25.834709339572072,25.61849861264487,29.44575077586911,25.987683812884303
2001-01-14,2001,3,28.533102150896188,30.509610993521555,27.841380207329173,29.766629031726293,30.44705755317061,28.08908813555114,32.423688427004805,29.741405748639785,30.234017489707625,27.285983701390546,32.82405756004961,31.560887637485397,30.30243783199649,29.543894587744354,27.33020560536377,32.401737877534096,28.524294886627604
2001-01-21,2001,4,29.470196973096144,30.228038327272003,27.920299066308328,29.89951999130703,31.71394535773424,28.58250015582817,31.87470007359808,29.31338401596268,30.157550630737425,27.80401662176452,32.315570160836884,30.931593069811715,31.55386638641357,29.115013500707253,27.58853669742077,31.80693945166183,29.468960720895108
2001-01-28,2001,5,27.24833716266097,29.8748298748724,26.70753985204417,29.297203174659177,28.873986316909622,27.63409340120804,32.666207705572816,29.776714902605324,29.979591166203267,26.07999067445976,32.62110435518868,32.10207316046456,28.77193339542993,28.732895295988868,26.55019825563405,32.55357143603659,27.1714825000403
2001-02-04,2001,6,29.563676438890063,30.664383251783946,28.32336598407302,30.54234969899768,30.98433012295263,29.279801934535595,32.43316078742113,29.93617635058118,30.75459824056308,28.231508477064036,32.65991403158609,31.58773405275576,31.277807414301574,29.712470929048067,28.20014995197249,32.4386845157571,29.125902629605523
2001-02-11,2001,7,28.930721911377585,29.695179725760845,27.161782687812536,29.483831436861127,30.59928166116281,28.74940051075114,31.708451696457043,28.92007036977,29.629119817058168,27.26096179434365,32.202144216562246,30.9713100603006,30.91381799668419,28.326307658296265,27.019022764914933,31.841130631777173,28.54482461307248
2001-02-18,2001,8,26.99415704734537,28.51270378474742,25.31763915372509,29.735230076880683,28.49387557977752,29.770747991142127,31.01609330135601,29.207065288989572,29.89193122400929,25.490182251173948,30.710840831277693,30.810265664463092,28.525686888160852,26.95881125763749,26.36697350522461,30.755595134429036,26.64463145263754
2001-02-25,2001,9,29.593273717617592,29.897358664571605,27.64155698859173,29.89566191321328,31.579791446688617,28.8401203253708,31.728263082031607,29.576233860362667,30.229291158179716,27.868855770312763,31.80762093779329,30.866517095231625,31.56927385477486,28.705410920729214,27.64479211702946,31.500757389105928,29.42322174108253
2001-03-04,2001,10,29.84831893213927,30.87251510803124,28.58904153727385,30.289622670128235,31.652602841640565,29.33233608211483,32.440066885322594,29.87210546320135,30.60878401866397,28.61134247087923,32.97319413552553,31.610142386505867,31.61559247786474,29.72737671897776,28.29503849942091,32.490108333221855,29.44507362900397
2001-03-11,2001,11,29.850317499659088,30.74579350221386,28.44910692385899,30.37108325958252,31.50770674874217,29.2490470522926,32.62404798279698,30.2978901761538,30.75578799126433,28.48772625767608,32.75935364595223,31.56998257238589,31.49786127119911,29.762495148828204,27.8658394139234,32.415594504070846,29.81767585142603
2001-03-18,2001,12,27.73442420321236,29.6726446212736,27.10471251673051,29.239025025140677,28.577839428543776,28.761753001268307,31.58939081308793,28.41537785616788,29.28419874792229,26.75122270702109,32.08665902273996,31.39473161928737,28.960618573266107,28.874925626234717,26.62946704404092,31.825706564050364,27.117708918219307
2001-03-25,2001,13,25.87479703552168,27.880322385190137,25.41063945824421,27.775559805688403,27.178310666765487,27.139997506847408,29.78191507522984,27.515710309511658,28.089928082057405,24.966352292201385,29.91978390681279,29.316969187754506,27.07619731306569,27.063186669661015,24.859022269160512,29.728720946787856,25.782439445228267
2001-04-01,2001,14,26.556807759799245,27.55382230795269,25.2665003122433,27.546848876135687,27.92857510773541,26.504012487109563,29.376220341674088,27.316933129050515,27.97407756252998,25.219547395094704,29.365461108385222,29.10912632749408,28.095285172628166,26.596082085057308,24.91222154740913,29.28024144555258,26.31413413507919
2001-04-08,2001,15,26.690788485061866,26.754935612302347,24.59174889595824,26.802923744633087,29.194054072032056,25.89159204539492,28.55552028288994,26.55633433057116,27.162517060505667,24.769531399112186,28.615200326762672,27.959882530562,28.882902640633606,25.715359780266677,24.1104122599301,28.35447314014173,26.92057873682192
2001-04-15,2001,16,25.454526866878474,26.388124926512177,23.70096151915502,26.75417846441269,27.16523408783885,26.13778821044293,28.62667913965165,26.576464850685813,27.10203104149805,24.009004636878235,28.557171843887925,27.749938905721088,27.120700580272896,24.99743732955081,23.83708903313373,28.2712321010821,25.225643645078343
2001-04-22,2001,17,25.03044945853097,26.809007608051743,23.93429200037878,26.58520127194268,26.14053318043447,25.395544813099665,29.43085221715988,27.03874774784237,27.20304537659289,24.077977534488294,29.2746402591854,28.651220110870117,26.35784853563345,25.51042796936156,23.81001992065973,29.09417848904306,24.70332691033253
2001-04-29,2001,18,21.905580491172763,23.515148398210243,21.446976244502505,22.534593504099615,23.408749401789965,21.457416349089435,25.664017073962157,23.236675221827127,23.231607860781672,20.978806389464303,25.47925859426523,25.330734581960176,22.96698591699932,23.192094498676987,19.933530781304107,25.62654927472079,22.46770492589698
2001-05-06,2001,19,18.721386610004124,21.198126544830384,18.18389606137348,21.359169769854773,19.884346101479917,20.82855918692806,23.680131011384567,21.61726490862958,21.909352762591816,17.569470890997767,23.628984538817303,23.128754592648733,19.80532637157956,20.088585211252287,17.77351335536081,23.39182412507716,18.90554348092195
2001-05-13,2001,20,16.331201560709008,18.7658454370397,15.838490416756116,19.11227746094976,17.59502459242995,19.03003687226481,21.298696234344398,19.06865713342444,19.46559473119837,15.430145775373392,21.207950064423795,20.964445642383915,17.349439639382382,17.593540117303792,15.606578456324517,20.935150083030507,16.383290684769417
2001-05-20,2001,21,19.75541599990472,20.457448201393014,17.313203581054335,21.59684137787137,22.185469567378654,21.215872454060243,23.325780468153884,21.92221798785321,22.12660583264673,17.933519827903854,22.76594359162566,22.45082127501701,21.83739338878499,18.609857806019694,18.27016781370659,22.6381559801195,19.93086155919694
2001-05-27,2001,22,23.90102128602056,24.33042828614777,22.329201057302072,25.187288193475627,25.11527415119569,23.401952009556997,25.99542324744578,24.37755757913961,25.550426718306863,22.94436970658189,25.61167659181537,25.43255622431917,25.18897767048545,23.064505882399043,22.671786561468316,25.7298033242123,23.488713930880603
2001-06-03,2001,23,23.90481343263211,24.74754353423617,21.99065392823376,25.58337650128773,24.9258126838396,23.706807746543543,26.920260415480364,25.28923943655831,26.21564864365789,22.41769955745564,26.252878791842114,26.31928449306848,25.29574532122225,23.304182692672317,22.331836782458662,26.458054480953923,23.3833854166324
2001-06-10,2001,24,22.845015998359194,23.81024567150612,20.809191135992076,24.98167036544709,24.229250799894864,23.614965961706684,26.178592131367232,24.63821640510064,25.52524448700847,21.375187768710884,25.46269184789616,25.860276846872825,24.48806679847158,22.18966439159953,21.416353416396923,25.72006564877504,22.319288659931196
2001-06-17,2001,25,12.507805934743992,15.90093570019899,12.462654269048356,16.79115356292043,12.842296253743658,15.833321332010984,18.6246795292846,16.834622645192333,17.437528364812326,12.062253475457398,18.043323407854352,17.991916359595532,12.932296222701495,14.378152865404946,12.464261431086356,18.095122962548544,12.116519839615831
2001-06-24,2001,26,16.042681273039396,17.539508033154615,14.284451795237826,19.24623131184351,16.957264644670804,18.20856591449281,20.031203253276143,18.782006440596145,19.686924689903183,14.963564707538277,19.187044935515438,19.441060882373,17.21442035818652,15.650704213645463,15.367487342694789,19.407794485820016,15.565340210485331
2001-07-01,2001,27,22.952157257453205,22.48027608135361,21.19520669715428,22.214680732715703,24.1855003419053,20.204655912391928,23.321005673867276,21.162662600727824,22.40351981239543,21.71565318241699,23.013571915069186,24.355508516419608,24.31117744887657,22.45823892435633,20.08806264753716,23.734271499275454,22.753377656088368
2001-07-08,2001,28,20.61371732463861,21.025517697019108,18.94657563232381,21.26156355937322,21.78952626384337,19.64526939760304,22.620508494252014,20.50971091976414,21.5864175135842,19.5463560965788,22.260373138658927,22.860508306971138,21.93833327109289,20.22249891864579,18.4171325299459,22.635558145153546,20.2426138072001
2001-07-15,2001,29,22.932477607383383,24.54000295809845,22.237954941066683,24.01001143171673,23.842201453151745,21.548093134218508,26.54468871692179,24.0406934277423,24.71061790152772,22.417135893024668,26.011891760557763,27.00007510635088,23.79033610811565,23.807654065674456,21.41222550271075,26.57805725366402,22.49164293525676
2001-07-22,2001,30,14.800787720747744,16.350391225265795,13.74555703656485,16.550762714374635,16.18501213265736,15.364841561826807,18.432920856309007,15.910785617085246,16.729930662129025,13.72094392401027,18.08372399548948,18.58430190870383,15.968648249578294,15.54023771508673,13.128291906950931,18.4013290106667,14.887358302376018
2001-07-29,2001,31,25.03851117805471,24.814233437784186,22.557647564184805,25.71449746404375,26.79140858399612,22.630184130625683,25.79892942022652,24.40971365148371,26.038646673736277,23.607359152945143,25.4029559081767,25.40587048903308,26.862926111258133,23.34329078336172,23.41128793517471,25.62668234121543,24.69240957450352
2001-08-05,2001,32,25.11608670454381,24.55182090751144,23.04890121013164,24.62557747534343,26.974598967173115,21.555954571089384,25.33267354270112,23.494513579529595,24.98533306569736,23.72463587620395,25.1637754498106,24.995665982084454,26.73089066067257,23.6635943225216,22.31028686308396,25.29784347026549,25.27719864755307
2001-08-12,2001,33,25.17597334725516,24.29868374094526,22.41291135755808,24.686653770151597,27.84443905687085,23.664891543689077,25.668032053955788,23.59320484508168,24.79936853920177,23.189730068159584,25.430394720102285,25.475652519904703,27.50399150443353,23.38443644093014,22.21926390662362,25.614701608855665,25.258716691215085
2001-08-19,2001,34,21.8215213466335,21.913871621780554,19.98982748397177,21.97607016705331,23.096725431395672,21.334331436353608,23.69199740017816,21.59542071602561,22.349593584318217,20.410940649270746,23.41196600843817,23.4883278759342,23.279646418729804,21.025894933035595,19.01410272304652,23.559336171458146,21.72748245768791
2001-08-26,2001,35,23.567363120414115,24.42457668511852,21.6627530260433,23.90709899294944,25.393669043709668,21.858619341365465,26.399121164928022,24.22406719356388,24.79871127096874,21.66508824162864,26.150496183122904,26.19422897174352,25.58771707652619,23.29506623381723,21.266627140316267,26.378077949329832,23.386522307871488
2001-09-02,2001,36,24.21375694176712,23.77918825881568,21.998560371077367,23.40003456388201,26.89813750836692,21.64449943385376,25.268566810007343,22.98315907119156,23.826934293758143,22.58952451476364,24.972792807905183,25.62911622286485,26.17747990413062,23.13544378631616,21.09903063897023,25.43190890795564,24.6248135952294
2001-09-09,2001,37,20.049948892384727,21.07011155736472,18.93781883735623,20.584096492755982,22.11665674741845,19.07394621270964,22.76431963951177,20.30485295580579,21.087519634493177,18.49450673348992,22.541657399924805,23.33541929753964,21.73235862687748,21.03363516437333,17.58614121043978,23.04020197844085,20.67231653128673
2001-09-16,2001,38,19.300747520368223,20.05080290033873,17.049652864579727,20.659673503467012,21.158487247238327,20.14707562116429,22.53733483695428,20.716158303099792,21.264506986696425,17.690950981007113,22.380972501416224,21.195621672987617,21.28873763121233,18.166992657732767,17.319938642666784,21.89759404132045,18.93048902791787
2001-09-23,2001,39,21.370157602671032,20.86102137280934,18.88561448187773,21.185803338175727,23.13189357302967,21.157373713096906,22.74916850721176,20.372053624438003,21.28492203897226,19.62410868675824,22.75416511353992,22.68702921006236,23.3177574187172,20.01602741810565,18.171768627980047,22.75962756431266,21.253176750198527
2001-09-30,2001,40,22.36942188650791,22.52261486439817,20.6518211356284,21.91516588415418,24.596894613642935,22.612922189778804,25.06167936742132,23.026959362277736,23.053501063830232,20.56260213809019,24.84817482093712,24.763621170887085,24.150147756554446,22.30702303594688,18.67249999279517,24.81428596511513,22.54534385210741
2001-10-07,2001,41,24.28818278269725,22.43264181730844,21.36785926708841,23.09215538700421,26.76122532413237,23.656184527864788,24.041596915909565,22.5742239156946,23.303836920490003,22.195855432473905,23.5068225827568,23.64863940390615,26.549512561223683,22.039636330402647,20.09201461761666,23.77316935514984,24.489763212332505
2001-10-14,2001,42,26.19826233862603,24.593870125345585,23.353676999048943,23.97135884988876,28.8299616397883,23.63301427146489,26.15493783311316,23.82465472431926,24.345295008381285,24.23584420876777,26.376365174462787,25.80778640171267,28.41117844158158,24.27689852486215,21.49139076794409,26.251108371115013,26.24725330614979
2001-10-21,2001,43,26.739769438518984,25.50189186718418,24.23990046036593,24.583808583872656,28.9978643130762,24.175316814290053,26.880274803228343,24.16211881563261,24.80500416279772,24.84613179248685,27.33624682240672,26.675480297633584,28.817549217621792,25.29946165458459,22.353870788157,27.18194353137231,26.781425508206105
2001-10-28,2001,44,27.743759258373363,26.811773890879618,25.9959918938597,25.05729812383652,28.984932931240717,24.10963627976033,27.470470717627524,24.715306329107904,25.330984378747512,26.422932072350893,28.17417980375744,27.250072792855235,29.10534074775961,26.74561126778425,24.010185632266875,27.8694508808233,27.645177521152963
2001-11-04,2001,45,27.795690516860944,27.17924068528198,25.947708087572508,25.5519813469478,29.481407769779903,24.85236260206696,28.566563714697477,25.582530557211346,26.00427590051043,26.082654725580035,29.22752142902061,28.57715335496352,29.501230571260784,27.29545635001481,23.614784192476066,29.054870456165528,27.53403831235161
2001-11-11,2001,46,26.73219700424213,26.314447495474745,24.615991190459315,25.67665769088836,27.827648997218585,24.862794758270148,27.76705737433698,25.48359618248877,26.034387483988727,25.33757339365973,28.22465995194076,26.454733789449108,28.279280165447688,25.054218321673048,23.689336878280987,27.623395837683034,26.215772817719653
2001-11-18,2001,47,31.053609214694347,29.74056830335019,28.446723455650783,28.80259326242265,32.529356914833684,27.665735406765148,30.73147469567836,28.13426390610732,28.90775449868518,29.389519765487,31.34870145888556,29.559015004140026,32.90150991277805,28.604821319489503,27.40491076740292,30.753122363305145,30.334185618274617
2001-11-25,2001,48,26.23599050219915,24.50938651810831,23.8938352027189,23.19921617564701,28.378577521074977,22.836764408047756,26.045486639261934,23.62724511976366,23.815596026217168,24.361557421453625,25.99343328434668,26.66362044753411,28.349700080842123,24.84748515471386,21.114305478984893,26.38415313840146,26.37022324970791
2001-12-02,2001,49,25.136061463423523,25.20229484785849,22.4863716005327,25.61934444734028,26.67976430360694,25.534818686113397,28.96782273940373,26.70957024314187,26.485480166694657,23.834561750242493,28.52075877168994,28.441961776856783,27.26474104884969,24.16238943786077,22.21376414495444,28.88459767380806,24.77961229057004
2001-12-09,2001,50,29.06928609605001,27.709521227553964,26.280893191258887,26.70264527911232,30.42940598042429,25.884734817760176,29.273887422967583,26.830024170318204,27.3272085637729,27.17262925661857,29.2632639913848,29.04791281101196,30.93216555275052,27.048005596563947,24.735282052485115,29.91945433569981,28.707081037711585
2001-12-16,2001,51,29.900706520718806,30.23676967824192,28.30695218540656,28.157769521077476,31.233985252860386,27.65132631083406,31.889549238688744,28.89666115302544,28.80655980903342,28.165751610617537,32.299236824398946,31.84107067642829,30.99457066952032,29.379488096248508,26.57353233056194,32.58240680358649,29.40029870981797
2001-12-23,2001,52,27.416136445839584,25.06719123478383,23.29345634328441,25.516664788836525,29.112671279624863,26.099525196365104,27.15368175228553,25.663890228271484,25.872490041176636,25.08923442505878,27.25303999995772,26.196731631646585,29.70599964686803,23.77110207047819,23.03419373644832,26.48505452374423,27.32717307108753
2001-12-30,2002,1,29.529482035102987,29.204769180273445,26.524000826195056,28.92424960931142,31.26976692120646,28.5040786232574,32.40609166782035,28.82482921154468,29.31786136477894,27.68546582662885,32.35118718167921,32.50021612162217,31.484930042134287,28.75492539309587,25.93168917485703,33.74200695508147,29.08162398865281
2002-01-06,2002,2,28.786008910936427,28.381343593475407,26.48596369363401,28.54021708738236,30.85214106053621,28.14014636841213,30.06041735323803,27.896240767441785,28.78039148595701,27.000620682140305,30.135137463854512,29.762464389646787,31.001140369871862,27.459894932066444,25.32741816857728,30.35123919507529,28.65305071828179
2002-01-13,2002,3,25.917557388659155,26.03536930673921,23.58573835723254,25.453156153361004,29.308281566018444,25.40434367009265,28.84079627323429,25.94280970387645,25.84819814043736,24.37955443207405,28.99679722806593,28.58884679532116,29.28051272506419,25.27514844531356,22.287059147540013,29.20679310389928,26.485057920779816
2002-01-20,2002,4,28.680351289236096,29.72810544642304,26.76123671628991,29.84542032366707,30.80641321567673,28.90200307347753,32.46119975209584,29.59582280939276,29.71299005161293,27.54014187052226,32.68684291096477,32.1381610345969,30.56450196490785,28.05436873200103,26.71807321379828,33.13844282146536,28.32713701911371
2002-01-27,2002,5,26.17038658809785,28.40860417555136,25.371961877106983,29.64333802461624,27.20659276876161,28.75789764335564,32.23341059337204,30.01136825066108,30.005307776120777,25.92758120782464,31.984798826077284,31.84951737241925,27.63098619159124,27.203063591223817,25.555961658511787,32.187329656223966,25.685839483358787
2002-02-03,2002,6,23.762388393839046,24.068400614805565,21.208634805552396,24.775543085166387,26.231290382424785,25.65739497377452,27.70343967915971,26.0698493907978,25.1551575670037,23.00100496247059,27.922753085512102,27.084920669823,26.680137847841472,23.25623597596821,22.10172834008092,26.39013445307364,23.199300881665994
2002-02-10,2002,7,24.97419903729413,26.068323613229847,23.541505208561244,26.290285402820228,26.93921011805446,27.51730626031392,29.555909065046396,28.33420405697513,27.15399427656558,25.12102323602906,29.82906614526525,28.835999751026744,27.67395335458881,25.31065058887453,24.05225825970272,28.072569430924208,24.254198909769805
2002-02-17,2002,8,24.12473067599068,23.106679601201623,21.25629272647103,25.145855636823743,26.512919758444447,26.222170192762693,26.931752719267465,25.47440253616928,25.26953776895183,23.648441930455487,26.875115121288214,26.287364887741376,27.44772918804272,22.36305614512194,22.079556433673773,25.74183644333931,23.55080550571657
2002-02-24,2002,9,27.260812329816385,25.57467999590485,23.89198759073902,26.65565050215948,28.93831439268845,27.267674673171268,29.240756693803885,27.362500358680627,27.36254359131457,26.13933737017843,28.737186554087184,28.56510444342929,30.503874570706632,24.733874962930862,24.373325727440253,28.280542429645934,25.942794819083822
2002-03-03,2002,10,29.968669788257497,30.475710585173257,27.905780989402352,30.448396271183373,32.07411551599058,29.42219439375201,32.86614597087004,30.040457752772745,30.67999124806921,28.458934299052768,33.03285950664834,32.59870464396926,31.982532639300963,29.017110603432155,27.08338795981043,33.394026396092606,29.71054608095688
2002-03-10,2002,11,31.010272319405853,32.52664374288465,30.18111548131826,31.797665334883188,32.90761850782009,30.97757339232063,34.508586405317565,31.986621000611937,32.04722573565876,30.52522956667923,35.01737225850423,33.95076260476742,32.83659330942456,31.55857042554909,29.0771412000516,34.54515146229365,30.781251539759875
2002-03-17,2002,12,30.13455396085173,29.9738739304451,27.906953401235526,29.79367252190908,31.36547579366485,29.030741579897764,32.03485798071147,29.66131733287465,30.04105589394467,28.58239666495736,31.964649256586508,31.637373366445864,31.75310890831082,28.997769093485186,26.33923887649349,32.20360969797272,29.79927106173533
2002-03-24,2002,13,29.673902307851588,29.750349514519986,27.743507336173952,30.00446689128876,32.31246512982688,29.49685079802877,32.37426976351279,30.38884016259924,30.544336490668428,28.656732918575187,32.7552419092748,31.730099228193176,32.18734837314798,28.6039594545353,26.661512580270568,32.35163843561759,29.74690048778153
2002-03-31,2002,14,26.128801925148597,26.337582601413036,24.970240505797317,25.06950709081832,27.715104319800457,25.38092175781957,28.139218522230323,25.063081522359475,25.229855565408908,25.983096881175605,28.202330606633968,28.699254218458808,27.65248350010876,26.55547759369706,23.05288024673517,28.894479184234683,26.096168047655627
2002-04-07,2002,15,28.09509451877196,26.87699817848613,25.137508677505448,28.181350296451928,30.07440064414001,27.05670303236717,29.41006807266102,27.382992935180663,28.505997708165715,26.13258325557473,29.499427285132462,29.04508579130764,30.16264411749526,25.83281954579264,23.721293897176185,29.413605680670987,28.232243584172743
2002-04-14,2002,16,27.031159826840824,25.69487137479314,25.107093220383277,25.20216272274653,28.45039896961497,25.105981299008796,28.480910281745757,26.24988147190639,25.637006446106792,26.03036886607837,28.0018599654689,28.717417310832964,28.54276812859024,26.076008866509763,22.64944660275909,28.73696246212476,26.889641833755206
2002-04-21,2002,17,27.17107867089938,25.90456181243539,25.264284860802206,25.894542728151595,28.743471182336812,25.01517060180429,28.29459398341944,26.323307455483967,26.492324483837866,26.091752672356343,27.52334302266439,28.669129991145788,28.61090899066115,26.123377792817312,23.32438267216399,28.597666940110532,27.049984859970376
2002-04-28,2002,18,24.984742654336465,23.938777484365108,23.10370922511726,25.21977807226635,26.12508036700291,23.72600485213782,26.69529405488217,25.080586497319207,25.731484732282603,24.03958234583165,26.26061542230251,26.446522872081665,26.05966968241806,23.48703167964028,20.868103306025255,26.62047042025512,24.6988302511025
2002-05-05,2002,19,23.13226890563965,22.371373703230677,20.77191720351564,22.65178411347525,24.22509456016151,22.42715881229828,25.319223659726696,23.82250547433828,23.55496174761927,21.763328035180823,24.93949973531616,24.626456301809963,24.673210156930452,21.42300808094781,19.846737398695755,25.004100978724413,22.661782421513063
2002-05-12,2002,20,24.60387330319124,25.079640772805284,23.03442816704697,26.889536375091183,26.95380983698553,25.10786299048857,27.687675431587955,26.19665100593072,27.446133884198517,23.64033698177445,27.44935527818028,27.500499416875712,26.724417112048528,23.985321349856125,22.034438889562523,27.82597858331908,24.532437643914857
2002-05-19,2002,21,19.26517159352738,21.41031386348993,17.767580500300628,20.82918834402448,20.91887485848631,20.586097234924782,24.64363368398594,22.78894408089774,22.130106002150683,18.321144413492146,24.66919420085428,23.510615996594694,20.949242472188352,19.710347533744933,17.48570887998224,24.326761368902694,18.99243538206157
2002-05-26,2002,22,20.99363904876905,21.15459349313016,19.526150829091787,22.226631637130467,22.57748556384151,21.649340114078008,24.50761899586669,22.97366969715465,23.156175174825112,20.076932281691526,23.775852206671907,23.78755409826808,22.558855598037308,19.94864490110505,18.087048056153783,24.270013566586368,20.516453644014756
2002-06-02,2002,23,24.91304859077915,25.363947155633205,24.13073419911098,24.112987106754662,25.745580070377013,23.205051485942903,27.91956702474255,25.145286605636795,24.840249054119308,24.30575786586285,27.39334212794448,28.180621756376283,25.71109139689147,24.91774740773885,21.57017891345556,28.448957868751485,24.523588973556887
2002-06-09,2002,24,18.008237644819065,19.91525396202673,18.5061297412456,17.6618978480498,18.02598846444017,16.90783698647792,22.44851132384542,19.217373605207964,18.26770015891984,18.342992463449797,21.910351358554063,23.49105510814492,18.004735221273652,20.82219364315708,15.671752564621617,23.23876720585235,18.176676340180265
2002-06-16,2002,25,19.251298514112083,19.10183085154877,17.684527205913177,18.387273169699167,19.91362494772933,18.193665427130625,21.7848464281844,20.148843497734564,19.41705444694265,18.339186651768376,21.71461888763296,21.49119264417581,20.072304816779944,19.152485610469792,15.599132720259869,21.183066750692525,19.32106630885697
2002-06-23,2002,26,19.22516646563163,18.582277267472325,17.38533447819044,18.89790896858488,19.55756009480937,18.17995126643236,20.731598581586564,18.82071080393605,19.50376635101677,18.156594083869685,20.43617506811629,21.01510301883009,20.19714731323213,18.18678559943721,16.086530735509363,20.536581774747063,19.12787298564962
2002-06-30,2002,27,23.29923940042425,22.12434228498544,21.37086275264872,22.97162450637136,23.170914214421515,21.366739541867528,24.348942970742986,21.9164793846824,23.122832531565088,22.13251695482749,23.68896158061502,24.67681985788268,23.73946847694721,21.874746975145843,19.383401371030683,24.6417667851756,22.530616054637733
2002-07-07,2002,28,15.02342848121123,16.981172203255106,14.76674117762744,16.08037258613677,13.718054388118269,15.491953075315656,20.09706312574381,17.011042565680167,16.45116194913532,14.776182067944042,19.58961962580165,19.98170912683492,14.662116169469238,16.219838196739737,13.266933635526955,20.628921747674216,14.250659122621272
2002-07-14,2002,29,19.268935453937782,18.805352701561283,16.836673339066934,20.625139721802302,19.4640675296967,19.307658826368964,22.17079952228869,20.37161546385133,21.02854681108329,18.06516647767967,21.47152023150291,21.469782777873657,20.12132035259114,17.918299373827484,16.453490919390234,22.130761484343942,18.782040451414822
2002-07-21,2002,30,20.744029073334723,20.95117811607653,19.66786724630456,21.63504713631812,20.865236219523307,20.165768174130942,23.331146657293115,20.749460118281377,21.840171095443097,20.29825787925077,22.90116809828457,23.849978398119983,21.483864719803268,20.866766402784616,17.91487126062072,23.487302126949785,20.43028585415966
2002-07-28,2002,31,17.85052828868537,17.244589342999813,15.645144135103674,18.812351292087914,18.046140874076293,17.75875811533885,19.9463695937621,18.17218428822307,19.10777587573356,16.53086233353588,19.25651629972252,19.70693452531758,18.394471894820224,16.297773934089953,14.762672462224444,19.69926815443543,17.68375978701198
2002-08-04,2002,32,21.45600765797776,20.56121977153363,19.32022518252734,21.02252154407047,22.311411335237107,20.179666574397142,22.64154288511582,20.754364872226468,21.40032177008761,20.15974340771395,22.171574230937217,22.77293631972649,22.84053263977228,20.52537730186411,18.64996253964528,22.237553516246106,20.98595076108557
2002-08-11,2002,33,23.270193946867835,22.141826484757445,21.61188464896702,21.393446522099637,24.35055504014632,20.23601925480473,23.80367314641747,21.32167477397176,21.71327611844833,22.57601524820746,23.034704726908625,24.310991947862977,24.506595414577767,22.291783406793908,19.91861212015209,23.830878651538708,23.313901969364714
2002-08-18,2002,34,23.77281690717818,23.1135193000216,21.422479939228047,24.12227315562112,26.230784624439973,22.271645754614084,25.978763469106603,23.215802055457967,24.31502936450936,22.30096818089351,25.60851339199842,26.2596836398554,26.054275923253947,22.96365253039391,20.19524792078689,26.154369641656743,23.63615327768249
2002-08-25,2002,35,25.34368791911593,23.93382486707366,22.89107691723368,26.128142205022627,26.19654373801434,23.815361522492907,25.97299148181437,23.611114890358664,26.462700539605724,23.15949335516639,25.437134573469947,26.052728922861927,26.558522848549035,23.2349417440779,20.646550270426104,26.432492063936657,25.077109077870045
2002-09-01,2002,36,17.520272596155507,17.991892918340685,16.352080632440792,19.12657453048797,18.69266210142371,18.065936255485703,21.232248906839,18.84874746050153,19.635126819349317,16.551210812159944,20.51212484103777,21.425490378048217,18.72570506486193,18.12486034388781,14.511753713157026,21.237171128304738,17.44249061240019
2002-09-08,2002,37,21.888670182442883,19.715262987466257,18.63628000608036,20.8307672668071,23.3366716802782,19.79300567941163,23.11652718480057,20.53456416885574,21.02228207597528,20.35812988914172,22.2679888341334,23.207345610358963,23.93641743788848,19.164585393551643,17.561536513245617,23.266373206957912,21.473447847880443
2002-09-15,2002,38,19.14346062109124,19.2173300114776,17.700878354015877,21.374425592876616,20.73151019764864,20.42079020221568,22.06719157160545,20.289965808422533,21.794147358015326,18.758257561781274,21.233549925568816,22.349558742862506,20.38007486925161,19.08559376928332,16.809863889570607,21.94195250195767,19.136860414977985
2002-09-22,2002,39,23.24735633869735,22.32827724398835,20.347344196889924,23.409159050101323,24.59100254476732,21.968478146360344,25.245425438394356,22.95869009984004,23.72636032291121,21.5310341719165,24.952325246241184,24.698235776546507,25.238754651721376,21.285732257210505,20.08610710974803,24.892751077849805,22.747447353810312
2002-09-29,2002,40,25.88559730510148,24.51577812166356,23.078762559628423,25.11951040937787,28.2915234470438,23.44296017945043,26.999845488078392,24.57964756457837,25.616324467668328,24.41141858224257,26.12086375182841,26.89013124347697,27.924398508771507,23.85462841234709,21.938948344334268,27.277347004810192,26.272982219480124
2002-10-06,2002,41,28.49655172969076,28.346343121803137,27.042476621050696,26.16214283023562,28.783388250761785,25.40878769421669,30.835581070480124,27.12293143037078,26.72911803736379,27.52706186253791,30.645898080801032,30.949703794926645,29.162104873583587,28.019652819133444,25.14216728734269,31.174319515489557,28.086403319777823
2002-10-13,2002,42,26.993154034804807,26.164996101403798,24.6520052129649,27.133624746685932,27.7020529147698,25.73473071683788,28.3580755172596,26.425212796694268,27.07478903977605,25.557631224427368,27.602555234504468,28.35903853033431,28.22179101885055,25.57503926994586,23.551016856491984,28.334744481424536,26.411821470749025
2002-10-20,2002,43,23.162577789876146,22.712115033603173,20.4857304864154,22.72397602739788,25.548443776602927,22.313264709335183,25.981192947476668,23.94793152449967,23.55991572736528,21.587709995437127,25.385418640070665,25.57019468909004,25.222497647333327,21.939999477732165,19.799591594476407,25.701479286596964,23.129609420293104
2002-10-27,2002,44,23.652702940323486,23.73184000454478,22.07304978434132,23.68954975264413,25.051551432013067,22.90901321057647,26.14048669776138,23.712477971857243,23.93771192845533,23.05323297180931,25.645955996492724,25.82385345417856,25.318376290752155,22.84285417186162,21.04633690069681,26.158136920219768,23.2367238535714
2002-11-03,2002,45,25.33992479390619,24.158499904787107,22.82869282928101,23.835121887070795,27.62083929190364,23.129808227067752,26.140203703944263,23.98441099389807,24.34013890940149,23.90272397640988,25.897360138666063,25.451260268527538,27.788057375138333,22.83524852634939,21.033565300684383,25.82151956427587,25.14271427421878
2002-11-10,2002,46,24.3760786952506,25.81967735595541,23.65308594640209,27.8373757033121,25.062034414928103,26.362467008514603,28.809349616136917,26.448499217838435,28.041455102760036,24.09331475119489,28.259289752250112,27.847423915914447,25.682270635509123,24.859892970071183,22.990051253908547,29.14306227055081,23.40674310745897
2002-11-17,2002,47,27.59212131328411,27.91634520793012,26.555720575530653,27.502687979312167,28.64026917430051,26.504252479189915,29.902501726289533,27.770547994638417,28.251425959592694,27.31597427415365,29.454904254071124,30.23461065523708,28.679813972311127,27.4044381131473,25.44288663558574,30.37341579205836,27.23132007783957
2002-11-24,2002,48,28.289227106396293,28.603219174627046,26.95378702514025,27.840604271207532,29.98661001729224,27.43763801152489,31.4200968283606,29.256544064608487,28.857511022086246,27.66555379131648,30.623988855865612,31.179452330597005,29.80575422522644,27.871830035633472,25.73343386336483,31.1055552450878,27.856680733816965
2002-12-01,2002,49,26.86502646172521,26.76760609165183,25.27529589222296,26.77071441355206,28.84522169523994,26.02057981306982,29.600554991741564,27.85801648622984,27.54413098411784,25.703473293875145,28.4687679654076,29.375480088904855,28.517491106821304,26.31070941250268,23.912100102464365,29.729873601237852,26.79832912198296
2002-12-08,2002,50,25.47895446247116,25.32477272903996,23.512034663290923,26.114014642579217,28.19522883784409,25.4590503466789,27.897440179096368,25.929154633361023,26.15642070770264,24.146495595959895,27.3923632485526,27.254127949717237,28.17365762902043,23.769586726144507,23.07068386344386,28.03264233464131,25.45013316943639
2002-12-15,2002,51,28.551537303850917,28.8893653406009,27.25463354386581,27.696044342858453,30.10758893953968,26.83419813305868,30.99951779112524,28.481084006173276,28.342145968323354,27.39743535456963,30.407072394234792,31.077062380603056,30.531552760297263,28.17385083580848,25.457351127207293,31.655394137955465,28.128047094833494
2002-12-22,2002,52,27.930757316383158,26.0561067717416,26.46936956674733,27.987541011401586,29.44391161807814,26.16253066093612,27.0134195322198,25.739400271130844,27.532053674970356,27.009545990264854,26.493241699020576,26.86305695145599,29.51891315489662,25.91942195794212,24.87977636259626,27.052383071988995,27.46697904350301
2002-12-29,2003,1,30.20055815550658,30.14944732214596,29.409404796102773,28.87749605235599,32.01444724539666,27.69463718811978,31.30681215291816,28.95854976208179,29.367487513622425,29.196958636272075,31.36225300248051,31.35296805656824,32.08352371900698,30.25688252828316,27.145844530525107,31.7383613735729,29.927376919358245
2003-01-05,2003,2,29.78541504554307,30.737053811168877,27.948150022958583,28.961641019298916,32.039143942798354,28.62405877131753,32.778727567578194,30.221699420879418,29.72235195510775,28.149590161841687,32.83795589760784,32.569612490199006,31.827681845219438,29.55509760863799,26.741759283460496,33.030381040330504,29.79410141947456
2003-01-12,2003,3,28.43175003856919,27.595228697445343,25.451485077892663,28.91573240359624,30.73862038251649,28.057731790432136,29.562038816446464,28.55104879800375,29.11765722845865,26.339439539056524,29.03832724434989,28.385353630765103,30.81889294841575,25.82987009040159,25.53128423991763,28.84226551541144,27.96255078791287
2003-01-19,2003,4,27.935153725524668,28.30478521704928,26.59138013455544,28.38830484662737,29.608892384323696,27.374747456731026,30.634672270571876,28.670173462706725,28.938170069117835,27.09748443414712,29.844408862621755,30.268633503155566,29.659393907053587,27.504729364906133,25.235482250572947,31.03896435179589,27.44781340164637
2003-01-26,2003,5,29.48622727117944,27.578118724863664,25.67185657978481,28.998031528223127,31.9981524201343,28.423307163528182,29.464180665530552,28.54466928556368,29.33495054972848,26.76164742288493,28.97741530777572,28.25576025713486,32.223934771931766,25.45928924660179,26.05621407090024,28.898250859777527,28.818624828061
2003-02-02,2003,6,30.884243303591067,33.0515960203305,29.99539489458384,34.226146382944926,33.418947647625565,31.859791150577895,35.50248709364466,33.47897105229365,34.71271571441173,29.5382225221134,35.33319621395755,34.59902934565377,33.18870343941059,31.127136712023333,29.63151570418691,35.633232859482746,30.026409419077744
2003-02-09,2003,7,27.614454998472947,29.778817892582943,26.876700024744423,30.33707727137066,28.55744491763507,29.15104403060069,32.89641495974349,30.98195412970208,30.666581676430894,26.615587048911404,32.076143127705635,32.2793629253007,29.052226766196,28.378650804164156,26.51052259933629,32.832106103169245,26.57725811647277
2003-02-16,2003,8,26.801495933778188,28.154149292374477,25.50731736786512,27.893180923802515,28.840473292228644,27.114871102410397,31.202579125718543,28.78739543072589,28.6694237192083,25.700160128461494,30.47510201590402,30.95368617949781,28.50686147866562,27.063504347746488,24.21900709552439,31.53206732315093,26.23081911220705
2003-02-23,2003,9,30.841494600745243,31.259607395383597,29.128328682155665,32.44091900189718,32.90574073085601,30.8594067449582,33.62448521605733,31.845199055857474,32.752504675355674,29.3477177217653,33.217946114478174,33.11117584300491,32.90585258844737,30.138332376000815,28.433930159246916,33.471270428711655,30.67820866088661
2003-03-02,2003,10,29.625712533408308,30.37577349290665,28.670809106902944,30.04697209028971,31.75343163643476,29.44439327333271,32.4997846975966,30.393142871608976,30.413566175039037,28.78206082913685,31.75974504545137,32.188453849113856,31.576759130337983,29.257130780237013,27.34702070085033,32.78247434239098,29.41460385669595
2003-03-09,2003,11,25.46799928279764,28.29533344036989,25.487747931120765,29.9818733107476,27.416565856255925,28.67602766127813,31.28081216061428,29.44603939304104,30.017767196998676,25.39291756654617,30.7269521903166,30.95428327215971,27.11586377059171,27.01792172778016,25.22609410048163,31.252738086678047,25.25246923760262
2003-03-16,2003,12,26.25395733110386,27.439333504959464,24.76684816727727,27.888437509536743,26.949449595656773,26.796231256335247,30.29883870160961,28.00123643949435,28.16562361073354,24.789808836508925,29.6002001312388,29.92965642204182,27.35022978801064,26.327682289814923,23.601895418950548,30.726035302865768,25.68793830203239
2003-03-23,2003,13,26.4414695116237,24.71992335187347,23.568343752342297,25.620650853429524,27.892601569434795,25.52562564128154,27.09652701619763,25.3505450597986,25.76668440899037,24.307792215164923,26.40090032139897,26.48906001633389,28.401858068341,23.84879747548498,22.453730729538915,27.101199017578843,26.0556309563773
2003-03-30,2003,14,27.472432243317712,26.894715026497582,25.579775218743613,26.54130430732455,29.76570433638521,25.962976443414675,28.900567836038576,26.622346235993614,27.111579615075996,25.74655722713578,28.346924080786764,28.86765739153016,29.490563641183623,26.66980736992507,23.21892818247833,29.442422280806152,27.38750078350386
2003-04-06,2003,15,22.72083820554127,24.21778086151904,21.52428317895058,24.312787952877223,24.692699498727887,23.586132776169556,27.84452970521443,25.548355446357235,25.27887763155883,21.54382068207079,26.932797133870974,27.44111112764261,24.531564254097955,23.28559379366296,19.944236905854517,28.26719375879097,22.3752389114822
2003-04-13,2003,16,24.166270389826902,23.679812667720608,22.1480218981258,24.97167602891014,24.531235284755883,24.280837232081584,26.99588849593182,25.253542136650584,25.573847208937558,22.74954162110628,25.77486209126262,26.12930423808548,25.265895460563275,22.77372683882477,21.365117873722777,26.50790976731511,23.423822570682532
2003-04-20,2003,17,26.049181242246885,25.20555389461233,23.855372708142067,25.88252771468389,28.404569068191496,24.92668426788605,27.808798542523174,26.33243887665984,26.730398015733336,24.77547765394968,27.24964673261106,27.259093911821303,28.67439956738682,24.30516129649577,23.041321776281407,27.51035645143393,26.098210920863394
2003-04-27,2003,18,25.529524927127003,25.54564810104208,24.74892729452043,23.82087690773464,26.9288377811254,22.93792476924077,27.38061720289225,24.84722299551035,24.57188671022479,24.566709437976403,27.05615131658909,27.672733486823315,26.45119913388403,25.214753419644374,21.33060599211985,28.07079651491049,25.319604466224938
2003-05-04,2003,19,18.56899838834196,18.936053588192088,16.44643826577763,21.53257008393605,19.94569596884252,20.805959022796905,23.01385649300177,22.05201613488136,22.093814359019177,17.144608917064687,21.960884554974445,21.88791997349166,20.29354489355934,18.10126021052709,15.844427626381666,22.383394670579765,18.298171932163907
2003-05-11,2003,20,24.51917233706441,23.279163315860448,21.85194120855594,26.077432382674445,26.43156123920161,24.369553616301587,25.106950187127023,24.23416011661678,26.075643162438084,22.568020360408138,24.582902186670346,24.7709628154004,26.544005073635734,22.403222720708875,20.740035025362968,24.765784814166462,24.232447113952222
2003-05-18,2003,21,23.91455327283155,24.190239902244198,21.929755251071256,27.299285488469263,25.615407055700203,25.280839782577377,26.97515845785336,25.44173259784649,27.479859553671165,22.65316462275416,26.247499282638746,26.565928808762376,25.07711939093689,23.145330884968946,21.49350192006368,27.231984521078274,23.5910977314746
2003-05-25,2003,22,20.013942601904752,20.518076489474986,18.633763943293925,21.671721675566264,21.537241191002813,20.83963261485253,23.44068448814637,22.034150010146103,22.367578399158035,19.03330100052,22.4169489460074,23.137673285450894,21.7119169851988,19.674175955346325,17.573637790376665,23.35887525226272,19.75176854017931
2003-06-01,2003,23,21.17204390099917,21.39956305326937,20.202548412485463,20.622634185212,21.75468381363581,20.386005059172284,23.32903131312601,21.42891270179253,21.53862805469162,20.258734096960488,22.34684220351182,23.475377679192476,21.6848421759587,20.997900069915687,17.940172089292066,23.49063460840871,20.80475633677768
2003-06-08,2003,24,21.63695996700567,20.19682381656378,19.765951068187675,19.52659285210428,23.21172876873341,19.934620740637666,21.892448239006733,20.064412077371177,19.99382321102045,20.54732620488136,20.96509106293385,22.48907343846447,23.599929794841756,20.17102639477952,17.719366474055118,21.841485241854496,21.640821891974888
2003-06-15,2003,25,21.838524495619453,21.3647236661362,20.15292439507296,21.823930371375315,23.374950533174395,20.76852852466637,23.66220355798482,22.01678703258564,22.316187377078663,20.593730706600024,22.6207054303322,23.74494059323622,23.150399057101097,21.07360398292919,18.66424548806871,23.429601426693797,21.72721253829504
2003-06-22,2003,26,23.19155369516812,23.031065484353984,21.202533974093257,22.94892240989776,25.37233816297914,22.56235449654715,25.31314788684901,23.05366141678451,23.450963373053565,21.601856632897768,24.52046965561904,25.002146582076488,25.159373820978704,21.443824431808466,20.145412364887115,25.23439624584817,22.958929788070225
2003-06-29,2003,27,22.353297912322724,21.50559095533164,20.55511170990613,22.202964751493365,23.29131529191792,21.39080047484684,23.40314161117153,22.14251481985117,22.53818925159551,21.182607103654583,22.136623012658323,23.601662394171456,23.346619703594783,21.050381734808017,19.28631310634112,23.08587411331804,22.036854323672475
2003-07-06,2003,28,17.494698352641887,17.58325192465711,15.863916187658708,17.967361952577317,19.51773866558852,17.209475640010954,19.424286044373805,17.761111679572565,18.263716037026125,16.452095784003877,18.74022180796701,19.60577352349006,19.42198360564626,16.75900005756464,14.69166857947559,19.683647112837043,17.22255467597365
2003-07-13,2003,29,17.74520989397164,16.330757836543167,14.525321853615695,18.351648282437097,19.445336713868542,18.973123026323744,19.126691804335348,18.571766307384937,18.782925390217404,16.374235736773976,17.97827404319466,18.283415764811227,19.56493369492785,15.188398370263508,15.211449750616763,17.951444306718862,17.385340263258737
2003-07-20,2003,30,25.56558892533586,24.18106702039999,24.172761569323537,20.67223021813801,26.92296983929231,21.049555675403493,24.335528565565284,21.534872368156137,21.00138775289875,24.548313870338813,24.34592189706249,25.44370919353557,26.747340579750915,23.955448164220943,21.66502885673742,25.121461830960328,25.435914507452047
2003-07-27,2003,31,23.45694468042872,21.157565081297463,20.4074861324246,22.49565767390388,25.9905442831518,21.435616634373805,22.48057226397901,20.61536088918711,22.31068189176795,21.632512199328907,21.837377809136463,22.506847235070406,25.812302898716283,20.44672976796883,19.460745633639245,22.666564635334645,23.24782824323505
2003-08-03,2003,32,20.61882040276644,20.626549475228607,18.77141913546856,23.074764423427126,21.56758640537784,21.53131838470813,22.99303338965591,21.27164325218696,23.48627401378057,19.309132255236666,22.15368155772552,23.107156262564853,21.55768799689746,19.696403368688355,17.619927130156725,23.143460372656055,20.318794107180075
2003-08-10,2003,33,18.992393584478467,18.12248803150933,16.77225925611413,19.377322049367997,19.924326839489375,18.357285384199027,20.607786484431944,19.08999896160968,19.6383237278858,17.710968795857895,19.56337831340311,20.315990011004423,20.28436642540008,16.785098299849963,15.878470488497504,20.413190770755776,18.652012981173165
2003-08-17,2003,34,25.20647679578077,23.825607002925263,23.37286490894781,25.823530346155167,26.877210158934687,23.28169659696797,24.49515565699808,22.52953383804916,25.1421254087101,24.22021002066819,24.15142959000228,25.06945735746317,27.20813989271068,23.2847701628594,22.52069525326973,24.82806440902083,24.85678108554645
2003-08-24,2003,35,15.724505501824456,17.126396035334704,14.968731183337235,16.489873991126107,16.430333596348852,15.494130302733591,19.98588165249838,16.899190620818697,17.256891101307133,14.866328010945272,19.4419779814683,20.544182542199398,16.964534000080064,16.967098840291573,12.802469622166983,20.798156385552392,15.166685043962174
2003-08-31,2003,36,24.80182740495012,22.23991830313384,21.93887198870438,24.00271644762584,27.6459072700348,21.777854352384,23.28625889769796,21.25059403407109,23.287044691246315,23.25222705587895,23.103429376511343,23.65285285785192,27.332892821102075,21.594141431415228,20.679360272998668,23.519263000637583,24.861585020697664
2003-09-07,2003,37,20.98705599084017,21.849650516184663,20.41230124441416,20.72435609073866,20.57457776355532,19.351639311899703,23.509174307998347,20.688202000902848,21.36142082736917,20.52121278754236,23.34211391019615,23.79464275946193,21.53123183416124,21.310541673002856,18.424868611018937,24.133101463317868,20.36483848833973
2003-09-14,2003,38,23.94133639980007,21.764242251544623,21.807899659993694,20.08915808513051,25.44845395261142,19.44953005777209,22.456443697648563,20.076766243971782,20.00187099516508,22.434164955860048,22.47098380745231,22.687867254581093,25.493370943548136,21.61543713476425,19.246912082974465,22.616301114778462,23.892343923409356
2003-09-21,2003,39,26.690438821662497,24.871972690004785,24.600827730326078,24.225876317137764,27.78661513169724,22.421327811870796,25.47458837748269,22.94933985672988,24.41197915086541,25.18692597924523,25.22825453787139,26.234609686139464,28.255045754568915,24.75682165653846,22.316631985698603,26.4388595961778,26.36893023056483
2003-09-28,2003,40,26.13269451195362,24.25727291046175,23.665232020346803,24.108312186740694,28.180722069334404,22.98929326660078,25.620152954457456,23.72774916512625,24.23957778049775,24.731384024174865,25.40360765168161,25.322007544278453,28.047453731183374,23.63322920246373,22.124122651333813,25.52466146166777,26.188248080384703
2003-10-05,2003,41,25.19029241731268,23.63175685980173,23.430084984600807,23.402620295683544,25.888744797554835,22.61782998805494,24.81271082597293,22.64831429221413,23.329298347876264,23.85337555287793,24.29497270790529,25.01518668254431,26.38696002960205,23.23937500839324,20.98034579769384,25.27503534679077,24.54177180004891
2003-10-12,2003,42,25.808699596802697,23.520408240971022,22.696576363445917,24.48203775854337,27.57194847852367,23.16412116754009,24.156447263222734,22.390095673102834,23.63047570398409,23.97006540598832,24.19164169113357,23.705187363123315,27.78384810156804,22.144966887823905,21.724165225597616,24.021257243744312,25.305893882586957
2003-10-19,2003,43,25.063730716091637,23.921794806970464,22.553545540163977,24.326690182799386,26.691400372655544,23.64580857216775,25.80759772475885,23.75682502548416,24.40032480467556,23.626698837237363,25.217528117786756,26.093668755174004,27.005283517727054,23.592699903813475,21.073374064047343,26.137987551157256,24.499246268259544
2003-10-26,2003,44,26.168967226143813,24.37200695517729,23.83006831154743,24.55331157218842,27.292062333034288,23.954019269120888,25.55033402401226,23.52074393829742,24.43738397460161,24.348123822893413,25.05779812470143,25.592659713765684,27.647968894266253,23.440398529861863,21.94786552681,26.01074941377584,25.70493703775329
2003-11-02,2003,45,23.96023343060468,22.339167080454228,21.40480605754158,22.64521219049181,25.427181829795583,22.06136092133197,23.5726572042304,21.549523105373627,22.439198029251248,22.401713609427247,23.516473570324127,23.20334240175643,25.72281450654549,21.330391198502827,19.70020687445133,23.70242947095061,23.52902626798481
2003-11-09,2003,46,29.236300459853165,28.238812942748893,27.252419412083192,28.009889333021075,30.55819480636224,26.51548814957666,29.704616135132905,26.97445109082507,28.28636308472217,28.4481252953494,29.553782817295623,30.225286861635603,30.37111098793943,28.20655516159124,25.31755253620189,30.611130955167944,28.290310525508584
2003-11-16,2003,47,24.54832319065718,25.14993600092972,22.81909554049095,26.970939667451955,26.35880760260638,25.608910930049312,28.660646677712307,26.5587643392984,27.309347690201555,23.891588759234573,27.708502889195564,28.73719618198364,26.24533850253779,24.53373157341205,22.28746312269387,28.95815461489086,24.21112747912137
2003-11-23,2003,48,27.260423056407323,27.728873643285432,25.61463886504693,28.281231775170284,28.419955667965866,26.820878302575387,29.30469886624084,27.11240219908876,28.58430629886993,26.235246133750685,29.12847409268995,29.065873092075563,28.614643594012755,26.40404131141726,24.86612703621574,29.517253125483744,26.95528950395609
2003-11-30,2003,49,28.1026371056202,27.479809990823902,26.293041062545434,27.51028381926673,29.55177024344353,26.87783451399441,29.214604947726865,27.46005017268193,27.85804979955147,26.85668485317509,28.97218335469564,29.041558651268645,29.515575134616103,26.868237061796805,24.9823657348052,29.163107870142987,27.611780788699253
2003-12-07,2003,50,26.73794022735635,25.383133148079487,24.771679077723856,26.79859714564823,28.080393256830515,25.798431882526884,27.6415743424663,26.06359096378475,26.929376749609784,25.101549735353554,26.790979953452105,27.61165402970224,28.376457612026613,25.2787619991929,23.036794427675503,28.07734744749424,26.691205459142317
2003-12-14,2003,51,24.90520067840929,23.886600306293342,22.684253845790263,26.268094238780797,27.0652791989635,25.00825269986304,25.852289071931093,24.838777616426544,26.26613250963842,23.687824500290965,24.89258978542312,25.840977846130208,27.000975962311145,22.92548023611838,21.83669184926216,25.51799287814683,24.775125590938764
2003-12-21,2003,52,25.735614894439816,25.62644860790228,24.13537831209144,26.614639117604213,27.47194013729703,26.10117391146901,27.719911136015515,26.15942041273241,26.763137696073944,24.553164114163614,27.181025628094037,26.999270706485227,27.49513013574608,24.31111897316477,23.28560123613616,27.688213908275745,25.32699955891406
2003-12-28,2003,53,25.640408949195344,25.213321192686493,23.380948306187765,24.708719523180097,28.00235664570976,24.83822042448027,26.9475765061448,25.344716629424653,25.282858074061323,23.960309200265407,26.727631554871927,26.641093179543383,27.844616407593243,24.370694138195187,22.680811443894036,26.812733338537047,25.775359747544776
2004-01-04,2004,1,28.58277436235543,27.33907013508811,26.032241003853933,29.17681535652705,30.59586763417253,27.668952455852025,28.778433874814223,27.573740908139712,29.338421489394577,26.729755819983637,28.83533951730439,28.054881548303158,30.79863826832716,26.2005611105686,25.402844634638495,28.72772946516362,28.27936217727044
2004-01-11,2004,2,28.617139907110303,27.796933888880684,26.591575168992104,27.123807929811026,30.549064108215376,26.49402911261088,29.61607600509599,27.24033452417943,27.427055564178644,26.73690755455781,29.46078687065092,29.35209968083631,30.553691604422788,26.999550906574964,24.8460034747435,30.29372638172366,28.1747661151012
2004-01-18,2004,3,27.52024643945878,26.169136834297092,24.970842416453596,27.637813636234824,29.86836481835558,26.40252448417045,27.832994021757692,26.494258013638586,27.71147322608067,25.557437658578124,27.343560558170463,27.381977888451758,29.76284124676325,25.38794259908032,23.76910813151713,27.730121903690108,27.46964209548868
2004-01-25,2004,4,29.578393025441216,28.877936639765437,27.8190699275236,29.327409344060083,31.193352918815474,27.992230463212064,29.67593037908349,28.281529904650405,29.482184635916333,28.187786082985436,29.760856365847896,29.031278296622304,31.10900238582066,27.89198573587627,26.392995242066224,29.54612061935395,29.365546004148825
2004-02-01,2004,5,28.418787864184285,30.3256238691334,27.273224631769,29.27556724775405,30.655200380823683,27.95557270516453,32.30210099623433,29.695580213472443,30.050773467569663,27.44192134247856,32.39560880950003,32.01004177669309,30.30432683620674,28.979779928439115,26.105123065001013,33.07490505211041,28.48041680174054
2004-02-08,2004,6,26.6864476786924,26.157303516290337,24.383741459173763,27.578886863731203,28.95186892268748,26.541960157789624,27.81186788909289,26.61808137967989,27.6253692343277,25.26376372059499,27.460062867532045,26.899086253019675,28.754637690584637,24.354609705687608,23.659181875597856,27.360870656201985,26.3188032371336
2004-02-15,2004,7,26.796984946252135,27.48300279991459,25.924262969178656,26.50764815012614,28.25931730912757,26.476518778267057,29.056348917435628,27.19641960540375,26.976546998593204,26.07147652547727,28.99342441971684,29.026899517707104,28.170596043575685,26.893871013005825,24.28905715887244,29.07439328173136,26.595571384275697
2004-02-22,2004,8,27.638971966972992,27.14418498793645,25.764667641302072,26.72740980557033,30.100618606669038,26.29116628099439,28.924990957054384,26.989826715642756,27.11039077139181,26.32072852942485,28.92140029312728,28.24094081374834,29.76868211716759,26.42487213759729,23.98564651092257,28.897461045744837,27.577950354213662
2004-02-29,2004,9,29.50026854094084,27.978003529343276,27.266223773770136,26.66144989785694,31.236036851263155,26.76384539708514,29.25822649474741,27.18190477742777,26.741829446617167,28.151937457922475,29.24514890563437,29.167675925714946,31.3980839648302,27.61878778814656,24.82458443068447,29.454453940494187,29.39810118585263
2004-03-07,2004,10,28.514142143220056,28.89893235224905,27.282109085394413,29.21812138103304,29.60677846602208,27.701465709789375,29.82156083465665,27.89857635398964,29.18435993306558,27.399422628404857,29.696626877887937,29.626082415208018,29.711347598366757,28.01566051200864,25.65128469042134,30.347460099162426,28.175204492964838
2004-03-14,2004,11,27.76059220165513,27.249641296451784,25.98244150613617,25.625119745731357,30.109630607305675,25.62805382226578,28.322715809324382,26.068820370760832,26.112965492353048,26.420831688879847,28.62948271516081,27.963117416978204,29.80356889894109,26.4617685748977,23.8243923178066,28.623536298419637,27.753093279918243
2004-03-21,2004,12,27.486927766443984,26.63474127885375,25.2303646598755,26.015439774308888,29.908266131036115,25.768071040837157,28.049264107084134,26.321016884345507,26.483767934974622,25.968512617696927,28.097188946282188,27.140263130722666,29.75684780503792,25.141559609887533,23.770391982999147,27.90339167570648,27.2819401825856
2004-03-28,2004,13,28.425991026437725,26.3607738572143,25.3065456764404,26.37274589425041,31.33075224920876,25.98554766592372,28.11758245462579,26.54130576294738,26.69622613865802,26.01701850805293,27.675127698229502,28.195447327955712,31.176394749792383,26.21606014253219,23.288318732364356,27.976407736014945,28.557134101333
2004-04-04,2004,14,28.25348922061798,27.468396522343028,25.978485076112243,27.152017965203243,30.88196879965036,26.483782489634237,28.88096445711986,27.160358685580167,27.28790385849089,26.60682266608668,28.995575469706484,28.335361781467327,30.832220475185792,26.581197716003828,24.73313601049737,28.724460026989245,28.150887445619485
2004-04-11,2004,15,27.90209587323006,26.709227372842555,25.09034709371924,28.94919162704831,29.687930549717585,26.787184397379555,28.91400755390134,27.844441921680005,29.01219129655692,25.993278028189938,28.47039388185972,28.05063671307422,29.890536520011636,25.302910810409443,24.45218653163115,28.399461522260992,27.32583557756121
2004-04-18,2004,16,24.95074696092839,23.18197774582072,22.36743837219482,24.618074283713387,26.99981480929518,23.83130574318433,25.11686148240337,24.08925219845462,24.96183664318167,23.074033090314657,24.58724067985237,24.77870302123201,27.04152007636877,22.85296425104236,20.730280975180055,24.691305074673117,24.903975525313623
2004-04-25,2004,17,22.15540730538976,21.90705397591662,20.301356402772026,22.82611358449573,23.305578412522568,22.01786892079632,24.04957008917895,23.081460212608437,23.157843653236583,21.01243760266642,23.484421724261654,23.46393409122354,23.737360090822783,20.84123160992869,19.046322999015484,23.40666816099283,21.756001027767876
2004-05-02,2004,18,20.30493524666765,22.376508712768555,20.04089226591556,22.06074197803225,21.19286896051256,21.196673878064644,24.246488148547467,22.47204528214095,22.80856007839136,19.441035595197643,23.67383917606238,24.178181224113526,21.324212227088605,21.224804598586005,18.626899977472423,24.35110214218468,20.05661824771336
2004-05-09,2004,19,19.48358465314985,20.07957526412346,17.956844281600237,22.0986011666911,20.72782676507596,21.227282780631324,22.84568001438508,21.64157973896373,22.40567576675266,18.148250433403675,22.06372992775657,22.28669062200582,20.805082948971897,18.71505265486868,17.153049145971714,22.459556284715983,19.144602436903675
2004-05-16,2004,20,18.09187755560169,19.18584625095701,16.975267608713658,19.23697260022164,18.209325743815707,18.506057719619733,21.67880799540973,19.672887702050147,19.715792726863853,17.047382489366395,21.06353460369688,21.239341918348945,18.69158106605058,17.99786000993349,15.5516794625606,21.774624501655712,17.665434397777137
2004-05-23,2004,21,16.205314457032976,18.1600721106092,15.532182650324932,19.53166376267161,17.765831040947813,18.51069294378411,21.054650665372176,19.530205654292917,19.9877214562403,15.546992901607895,20.34196427580598,20.606039757998484,17.80378556251526,17.00817304738765,14.580414753539165,21.026831067005016,15.856216374111948
2004-05-30,2004,22,18.855706842096,18.7373829482715,16.50340179859693,19.261657956100645,20.27930144077756,18.8859346026466,21.033757907656124,19.383809540983915,19.76772858252031,17.369992203599825,20.292968764036765,20.27011819926876,20.510570111882277,16.820385121148142,15.782398403767822,20.70527082879949,18.35231503129327
2004-06-06,2004,23,18.503788611756946,18.887795709089428,17.099300845280727,20.889088711568288,19.320697091227544,19.85675226798235,21.25250006695183,19.86069670640029,20.87154884114424,17.45789687410919,20.301977432548224,21.17843503257977,19.69767176138388,18.11042723034888,16.152343158864362,20.839065249418795,17.996187064204257
2004-06-13,2004,24,20.639443192549503,19.24131542584027,18.68293764449477,22.62321954539844,20.887106918035656,21.31080794978786,20.73105247375221,19.819231123490766,21.8956119617604,19.707697178569237,19.77465850697968,20.697619294220548,21.511792442513247,18.527653806238813,18.357961861663945,20.263964813516097,20.121283511909837
2004-06-20,2004,25,22.32002136053726,22.29124894172652,20.521723875030546,23.71306698662894,23.785800513119987,22.0079697642087,24.419725195659492,22.352660428332047,23.613259888441828,21.009472407693934,23.54734848484848,24.46723732601279,23.88344131381355,21.49670320713902,19.689004967454487,24.544335471673957,21.76842646200381
2004-06-27,2004,26,22.165271940685454,22.110251693074893,20.516494843213028,23.429062985238573,23.360133342615853,23.13296367394878,24.79439742641616,23.600064119611467,23.68320788142732,21.301124908524503,23.573725894416047,24.675171610480053,23.460322326674884,21.101923564794653,19.79908445179534,24.263724104998865,21.777038851838228
2004-07-04,2004,27,19.087101629495315,17.976221219308847,17.27694781607194,18.07263972078051,19.79407801017507,17.784828451149256,19.472657709705587,17.837451256591002,18.43391604246225,17.751425746321278,18.74560284470067,19.70792263344613,19.968637743511717,17.476520311138966,15.309745800520997,19.590185549861065,18.683124968947748
2004-07-11,2004,28,17.666772145255347,16.56466776526559,15.2893467656045,18.371753659986314,19.753948815216585,17.889738449872382,19.06498635962128,17.74180669313901,18.70824275884609,16.170125084867358,18.00856968603093,18.934935572333732,19.628120098334943,15.913203821004874,14.459917819749815,18.671286875954348,17.907964234082204
2004-07-18,2004,29,16.158500174297792,15.797398709030803,13.1423620856115,18.045689132951555,18.701149793663,17.387696068566125,18.44817066192627,17.562264990868506,18.22806452118487,14.240967781390866,17.520432105621733,17.02579390713468,18.742828274325515,13.284090064569194,13.37559019149398,17.44635656061938,15.872234980693726
2004-07-25,2004,30,18.687688023580694,18.343871135447326,16.744093136334698,20.96103781887463,19.99400972314096,19.57670627996575,20.905612133682297,19.70671694322066,21.14768615300875,17.292549978627395,19.905360266450163,20.83910088397743,20.025758945803847,17.85239733411806,15.753312347768674,20.577598097739624,18.6357104167784
2004-08-01,2004,31,22.623086041925497,20.610381900628745,20.30782898951127,22.523204306761425,23.519570855367284,21.37985527254593,22.367101135476336,20.95347768659716,22.51225261912187,21.45286661808885,21.66587075402726,22.86705263862713,23.74712991990638,20.36945538696301,19.416615883834798,22.177851178641426,22.35982734430832
2004-08-08,2004,32,19.20950132539373,18.35519693655246,16.9563432412541,20.37857060773032,20.047908734957613,19.639802072345827,20.5268070843755,19.13060113089425,20.108561125753447,17.84971990252775,19.8287711370559,19.832340577220663,20.590550287349803,17.136835564725427,16.429023442283306,20.04620623728534,18.889457800960283
2004-08-15,2004,33,25.01943923577072,24.17452609564449,23.49191034295015,25.57808526357015,25.636893359225915,23.49352605370481,25.47400694199276,23.39529891274192,25.50344610120919,24.07354221837459,25.106631950279336,26.082711168376587,26.02539459618822,24.0152747724478,21.796347394100984,25.70012513252154,24.70352180691743
2004-08-22,2004,34,20.55235803204,20.477181996872176,19.86744873441207,18.979914882353373,20.5768785039025,18.94015142816374,21.105361248939445,19.23713108954492,19.165726937893083,19.68377627350214,20.86394462915726,21.963576252569723,20.996025922215583,21.15709516376576,17.27204758895216,21.11791855948312,20.74910660831112
2004-08-29,2004,35,26.176577895764677,24.438629008051176,23.74053705024212,24.43976208993367,28.21379647300828,23.17858622586558,25.4723215575816,23.353691625223533,24.50895763703288,24.47064763488598,25.1568018446753,25.797773469169183,28.142228680687985,24.220376877054463,21.9432703655503,25.737956955941453,26.34050108865908
2004-09-05,2004,36,29.339121721579456,27.320995205246817,28.027391225126006,28.607005848771053,30.16570074588259,25.202969733966054,25.854942154953843,24.566381189420625,28.123981322794275,28.500339262397,25.3753537809694,26.99681423166691,30.33806979426086,27.71909229095905,26.071452395825805,26.14622288160828,29.35923493583247
2004-09-12,2004,37,17.74858440733017,18.736918962332236,16.273445144203137,18.83941625129609,19.33569984026612,18.96562576048469,21.321912448538285,19.61457488369632,19.15259485282077,16.787951891011943,20.44725881221491,21.21510677517585,19.64187822286687,17.84615228144982,15.657104085422777,20.97806210713844,17.30251936771156
2004-09-19,2004,38,27.15392416876716,25.558213632498216,25.512694592378573,24.31351915143785,27.60105303461511,23.092575869811853,26.583145425201504,23.94878081482726,24.301674258685622,25.823208660859493,26.2266278502229,27.327289730390767,27.871251978929436,26.054367002782303,22.7680236193336,27.08239270936253,27.22762860249316
2004-09-26,2004,39,23.978408442807787,23.5467474038667,22.04270450690201,23.719026171025774,25.750869678974507,22.477058489196857,25.08880018562339,23.150926145082945,24.14173534191751,22.381979595823687,24.428477316191703,25.17528526223895,25.640401484883427,23.297002431192464,20.4022010839063,25.21902889841457,24.12779416292504
2004-10-03,2004,40,24.92195964012981,24.125534214190584,23.20268871134747,21.889962446121945,26.620106172596937,21.413019639338,23.075432869157705,21.659517110849357,21.98072764738199,23.36396571675355,24.72172939085857,23.75757037982786,26.54048342134041,24.009049019702204,20.712276143299416,25.0038657962926,24.87663101057479
2004-10-10,2004,41,25.290993394692123,23.24524505001141,22.85197104409192,25.28400092181705,27.05764671116736,23.876055652417115,22.64080839462948,22.60428420822342,24.72413211232762,23.89291921107117,23.490937924075435,23.17366409815868,27.284259195953723,22.952208858259027,21.652947234923623,23.611280504738048,24.755546911707462
2004-10-17,2004,42,23.458875233909183,23.469179346617352,21.413103795834317,24.30207272370656,24.864884526883124,23.13955687985611,23.688125643716266,23.129106454229973,24.3135754012315,21.91198695497116,24.303365839508192,23.970446933633237,25.142243087061583,22.21272919967706,20.2522644666958,24.92536175647594,22.93303409098294
2004-10-24,2004,43,23.915840190656706,23.074869937734054,21.86000142355566,23.174088354621613,25.56619550844725,22.10359355504295,23.18937066970692,22.296880312337507,22.955740912786435,22.45827793619094,24.20092950796153,24.523305054944803,25.922234680661823,23.154746432619508,20.3066521405427,24.579101331080007,23.60644949992712
2004-10-31,2004,44,25.50719634538452,25.69400585129825,23.838520483306368,26.650209188461304,26.957923009605604,24.88715028946924,27.38651439121791,25.40584906838157,26.721784449836747,24.537225945325748,27.206856006770938,27.215884589120705,26.9359931503944,24.87265807930358,23.237832734051224,27.24291804438701,25.13898233326298
2004-11-07,2004,45,21.94305705165004,21.17606365350264,19.20277681494563,23.11306096258617,24.930608500911955,22.20881680079869,23.27147086229685,22.41467911955598,23.419227094333,19.941452611552048,22.730073304609817,23.187979284322488,24.522092859717407,20.15625223492652,18.502367899809016,22.861407490859055,22.086945218859984
2004-11-14,2004,46,24.136552140519427,23.52755164286729,21.94734979500893,24.248317261536915,25.80481349513056,23.30288583370096,24.6082414788338,23.461820312103672,24.526816788018333,22.725052906504096,24.864508107833537,24.98001218163421,25.97047569945052,22.598002632663423,20.623352930247712,24.835253232145966,23.988591439640423
2004-11-21,2004,47,28.68698810641217,27.552721516664093,26.91182407744712,28.5787547486169,29.606640771263,26.710387788377368,27.0168155080723,26.40230714872285,28.29032897389332,27.580565640306848,28.179086321876166,27.86409793709809,29.95457030447293,27.105522150478205,25.748192915138755,28.02696644583327,28.216405039527668
2004-11-28,2004,48,28.21690111638956,26.540354538573894,25.699239827302467,26.1983613882746,30.06574215101896,25.24332436815652,26.583057058795895,25.495888862114448,26.03055398011628,26.366878612505435,27.381591052100774,26.66480651505874,30.357250114205264,25.61065609293773,23.96040141602592,27.36549023966034,27.794994095907697
2004-12-05,2004,49,27.045486192445495,27.062497005787996,25.78530240503157,24.768444620427637,28.68584490704765,24.31240416370917,26.76051551885577,25.673993011078277,25.40760596251068,25.81872326450756,27.368464041375496,27.336553221442948,28.544309930911854,26.26487635396241,23.327693459959495,27.847591717415828,26.964597955225617
2004-12-12,2004,50,28.89596921903593,27.610907466172662,26.92879012800892,26.540581206480663,30.56425760835299,25.726311365763348,26.797667595109857,25.86628654380897,26.310079630573668,27.411939461132004,27.84090882668764,27.12813940073923,30.9689435424952,26.89108880197384,25.24249346334944,28.308392601237134,28.49379134370953
2004-12-19,2004,51,25.190668164993344,25.267467484037,23.37261140124398,25.748024734712786,27.690526078490308,24.42789567483437,26.12836919512068,25.501814614828533,26.14245463257433,23.61008428964089,26.469509139618317,26.18396761860809,27.45464458981076,24.38740044749675,22.34300989772693,26.732492749238432,25.008944774252388
2004-12-26,2004,52,29.59951944731684,29.11001579898761,27.84597647666085,29.220037942840936,32.02014651887952,27.43562089829217,29.216511701355877,28.22949737449745,29.13030917957104,28.0557528142854,30.79901425415303,30.154557431161884,31.9310074717842,28.89603811127421,26.25056750629069,30.25722971354445,29.330308482332047
2005-01-02,2005,1,28.401686730992378,29.13391179672436,26.811544574883097,30.53829694361913,30.25919288815965,28.958228760551147,29.10855172048852,28.95952125252067,30.30257366501421,27.33569216004105,29.87178520268692,29.63223764260181,30.45738427335231,27.343601250205054,27.717401497164737,29.9617793238093,27.61949013635476
2005-01-09,2005,2,30.07217415081795,29.74191357179491,27.85801578816208,31.251316604160127,32.29654576564876,29.31242329120023,30.3113213975645,29.534633950567866,31.20498909549004,28.03014793653456,30.670132059865185,30.41459918986112,32.252676961965086,28.357523864184536,27.62647456153276,30.940770139899502,29.6657747027045
2005-01-16,2005,3,29.039163881594,27.741476741172608,26.0672267534718,28.287087698777515,30.82202528354241,27.964204670379527,28.088998900210544,27.70045896257673,28.38014088311541,27.020418464265877,28.12138565030449,26.895672263482187,31.203424238330147,25.0816062365684,26.51433171470089,27.898498650866244,28.336834299596493
2005-01-23,2005,4,27.01448473936496,27.349852243720346,25.28590783252056,27.448790408316118,28.376423117851523,26.55208593046957,27.653746246248915,26.74651790767521,27.82500737333951,25.409361827494187,28.442836224774773,27.981203912082066,28.5648136323023,26.036002132323688,23.837494264996444,29.06079474820549,26.513247178892566
2005-01-30,2005,5,29.02724836293028,27.109292400417043,25.956974670965277,27.73918868246533,30.479087379224037,26.75088140372297,27.84246403552353,26.893993277611667,27.605526664718955,26.7814695102962,27.68263438831676,26.94254518647721,31.014991970135902,25.959950479915783,25.24353511693592,27.83105170890077,28.73354898565863
2005-02-06,2005,6,27.654352340305483,26.99230080728592,25.089414165838694,28.54072890111378,30.56084156530509,26.997181667784464,27.961762814758124,27.35219575460855,28.57990527479616,25.709018429433268,28.517272747749885,28.34932911813741,30.335979874069626,25.85106437178907,24.46081417803304,28.3538534198022,27.62940944429999
2005-02-13,2005,7,30.4458944328043,29.184666282840883,27.83480164934918,27.90697205350513,32.82236845664498,27.26183581260181,28.874425393151824,28.304109308812528,28.23756968018593,28.567929713074346,30.534357265786177,29.95496465832075,32.772427367427625,28.31299021199705,25.85037840960601,30.5659176813413,30.17253358537618
2005-02-20,2005,8,31.18237273757522,29.75720214233724,29.22999709670059,28.852879322710493,33.82609914445066,28.304822460258027,29.299239611834203,28.42816384154481,29.08569770969757,29.799181018825056,30.259390328147195,30.261076171443147,33.46845969638309,28.96908589639728,27.300310634354805,30.457438597707128,30.968561484807264
2005-02-27,2005,9,29.21733636991091,27.50663294110979,26.020813730404036,27.285928098928363,32.0299579753071,26.78323172050093,27.72777878230237,26.819550684148616,27.552716197332995,26.60094044474032,28.31146285482299,27.873613727703248,31.75846109979401,26.441017805279884,24.63676756130761,28.67453487045378,29.13302535188166
2005-03-06,2005,10,32.40146170312987,31.451015322955687,30.33055342714027,31.067450086275738,34.32252694164533,29.32961567519101,30.98648824219106,30.348633906376826,30.98638290995021,31.07738621672039,32.2309716526048,31.195010928130856,34.208958507964965,30.540527426021864,28.954942677515557,32.234664969248314,32.085167341155184
2005-03-13,2005,11,26.27327647509875,27.98127388598314,25.49934654438929,27.452080110708877,28.303707599992844,26.6078046359304,29.918333770929895,28.706272287740337,28.125214181067665,25.433337564543475,30.0863610849752,30.03996882734273,28.38672231983494,26.91914626718936,24.34896705754261,30.01498794555664,25.84314599512722
2005-03-20,2005,12,27.994239026515174,27.30879957182829,25.797212537242547,27.26159874882017,30.220522063824973,26.54988750374302,28.071778378055672,27.181297545990383,27.534848840269323,26.461353622754057,28.78005275974026,28.225012149450915,30.053672775798777,26.397487504519063,24.43630008885901,28.57891658700842,28.09473825722049
2005-03-27,2005,13,27.934872429650103,27.21577712162726,25.811751715144755,26.713837016196475,30.132154672257023,25.85462524286415,28.33592308644998,26.98291658574885,26.967746779410103,26.10740439561945,28.953524545776897,29.01524395955541,29.944762159958767,27.03555877830466,23.67050183258755,29.15470483485033,27.9948576544173
2005-04-03,2005,14,25.83058851872939,24.84788050275367,24.101126531213392,25.36667388393765,27.143429460391392,25.122546867360786,26.540078694201767,25.656957686783432,25.625874226340574,24.701833528662423,26.239662830963795,26.35355760980488,27.25593751553863,24.680897851965863,22.41481775859556,26.90435828714688,25.571738938436997
2005-04-10,2005,15,27.439276114700693,27.7290730628886,26.531069463613083,28.27106946706772,28.85159676874417,26.799572504011667,29.67716554580555,28.543443277532408,28.655282548728984,26.911051489504977,29.301694691645636,29.89758090510201,28.644197607592726,27.203006598710733,25.104063019813385,29.415903879005143,27.40004855153374
2005-04-17,2005,16,25.49719630797397,25.28366728581345,24.42645027072639,25.202270025298716,27.841045885064887,24.051786805672076,26.085048158384275,25.370268477402725,25.660024512304016,24.39824458316421,26.25442319102101,26.212105797307505,26.9202559592641,25.24817870320848,22.081313114630348,26.23103948022055,25.66754724137545
2005-04-24,2005,17,19.33816181953656,21.708226590268392,18.381400232729703,22.07882962624232,20.532756240697896,21.10208243047255,24.05393621038765,22.6500899366899,22.887226323092285,18.621560379946597,23.77200055803572,23.445150699255603,20.42183724885741,19.71438165611083,18.091300276496906,24.12283907851128,19.08140108077674
2005-05-01,2005,18,23.12025107502784,22.27414258253345,20.897813508440777,24.69349509193784,25.053115589189847,23.46606779650832,24.92210317561647,24.1145390280191,24.982635764926385,21.547797595690287,24.018624238844044,24.56915191434464,24.79959282635722,21.280344577754583,19.828954647030205,24.62416528675654,22.915150803054438
2005-05-08,2005,19,24.38263511657715,24.073708460020868,22.78562588340536,25.39118485507511,25.98875833140048,24.50530888030888,25.834123116540493,25.002286479008664,25.524086058256444,23.42336077094749,25.593627406198745,26.07103680921693,25.92943438047608,23.680000051944493,21.94720938279812,25.585007930688427,24.08053142105473
2005-05-15,2005,20,23.67884298641249,23.691762408722184,22.024530810599,22.90875824008669,25.685967935975796,22.55973853721275,25.412722373495296,23.912189526248287,23.80078605756368,21.93974389268255,25.311131037262093,25.7010021929471,25.25699185772752,23.52966706970722,19.96002675090689,26.031789783395663,24.38078712710152
2005-05-22,2005,21,19.080320532564336,18.897880338148266,17.01720999359767,20.880512009064358,21.37224266566143,19.831464464293177,21.508504650683168,20.846758987624924,21.28614273276581,17.543142433509782,21.013758171378797,21.04143183057841,21.15032723511508,18.46064020910893,15.937200121694632,21.04692646108728,19.930344786605428
2005-05-29,2005,22,24.77106999430417,24.1616726816336,22.27233599854869,27.535298977579387,26.05710001648311,25.261584143227434,25.85203310352025,25.205922104476336,27.58969359201928,23.26222654670913,25.678366936027228,25.779450948668934,26.19178482188221,22.6570239782239,21.94729846668542,26.281197516185664,24.5086935678261
2005-06-05,2005,23,24.70137860508039,23.797470314416294,22.54774715250958,27.19775294689905,26.222207164693813,25.313241482394695,26.2988432725734,25.235236973948293,27.22850755889355,23.18540171160875,25.144293738030765,25.95574420867262,26.313835260030384,22.571160685935887,21.992029894923224,26.03938794742591,24.66631296445739
2005-06-12,2005,24,19.537339808244347,21.09548163668179,18.26931445621873,21.818893341791064,21.01593076732757,20.87869571749615,24.347826126365547,22.644489375027742,22.58857027471882,18.54453021415307,23.274969999305103,24.3553640488987,21.06596814527475,20.124703649951854,17.241351049740725,24.086897560761635,20.22568598012076
2005-06-19,2005,25,18.85799803911796,18.612753123871048,16.757801754451368,18.93930278931345,21.010959114876613,18.58536288238093,21.285719557336748,19.6607944800637,19.552512416167733,17.36266902970785,20.468074006745308,20.858187942813352,21.00791873987117,17.498853688755194,15.38490495541618,21.037948752102785,19.62297464573801
2005-06-26,2005,26,21.96381152581371,22.99625727362724,20.855009352304076,25.155801734754014,23.938580275111335,23.71086981980804,25.188390398164533,24.34604770709942,25.553475294094497,21.16741820958656,24.689493076935477,25.20019936625848,23.897228865089563,21.789859090532577,19.83169220304294,25.22384439755793,22.04082315051652
2005-07-03,2005,27,17.818164246116062,18.74041903806902,16.251708621352567,19.82206299475261,20.57757656667781,19.11580534730025,21.436377255631605,20.06440402588287,20.404323962336647,16.34428360223502,20.77227219172886,21.402251558483773,20.0149122232636,17.87089391390608,14.713933353451642,21.278891330129245,18.29172651915537
2005-07-10,2005,28,21.97610968266982,21.32680783037946,19.552465162979573,23.632381493136997,23.8153198998915,22.0229993302236,23.057464916574013,22.52824545525885,23.347825294838024,20.13367213709416,22.910572677876527,23.357886265551624,23.71604623573627,20.46244635202689,18.18107120240059,23.42410394030308,21.947328992931027
2005-07-17,2005,29,14.622765900699022,16.008843627819882,13.361658497838288,17.86992841675168,15.62265084321017,16.642064457847958,18.666519999156534,17.974934759263867,18.258808142518344,13.452948597070202,17.741834408483463,18.980407430797896,15.790639983180863,15.35352351555109,12.63459962398223,18.54434299468994,14.570964750896566
2005-07-24,2005,30,20.13124837470331,19.542304967766377,18.46957168054454,21.01739502378873,21.695567971772395,19.518279516252004,20.57775614769049,19.56027489947034,20.12129363061864,18.817741809197027,20.645256141563515,21.16903605936673,21.87736050226513,19.168466462700277,17.001931691795793,21.127002464115268,20.19422258713817
2005-07-31,2005,31,26.364524463275533,26.22130457831344,24.806248934795715,28.857098454520813,28.85374681796082,27.706098973827785,26.00400913561051,25.958920836015174,27.905903961793783,25.33484067369768,27.50062386483857,27.428143791753968,28.60833352873225,25.164122273151143,23.83769848363367,28.01788933636391,25.886397054574555
2005-08-07,2005,32,17.69651767063018,18.22478925800527,16.453819920134524,17.126660918905625,19.441612433893077,16.6495164971861,20.34202463911852,18.230265878454432,17.410471163150618,16.75456264987169,19.88940971836899,20.131285672560534,19.396903323390767,17.901741126709226,14.498512312062704,20.297301768323447,17.958874626943686
2005-08-14,2005,33,25.70899819284486,23.753233433786484,23.65410241006007,24.81421529679072,27.281839463906675,22.89497579724325,24.3248687888721,22.983790673590324,24.264321661275428,24.32214469823848,24.106929977218822,25.025315757710334,27.29107699523101,23.648500259846244,21.971210457221247,24.784726659845703,25.618135380295083
2005-08-21,2005,34,22.98606792165199,22.769843507168897,22.04250517500748,23.58658896173749,24.20501831387873,21.70663417413581,24.163703484715946,22.10961839304342,22.587628777013133,22.711120727762196,23.708047032046625,24.51062874138516,24.26640617801416,22.43561757030721,20.054508027959177,24.404718363588337,22.9816060830962
2005-08-28,2005,35,20.734467701562124,22.33136784191579,20.399858919412768,22.970442158835272,21.68912524951113,20.70608214399222,24.221043483856462,22.70261868266316,23.059383673210668,20.23587546386118,23.9371711631874,25.13741329609545,21.481519720268984,22.27703341637669,18.700066645155182,24.70876187587671,20.726817458145057
2005-09-04,2005,36,21.410235077257777,19.57113125736017,19.09676582197648,21.72256908530281,23.63097229258032,20.24186545265227,20.730677193177332,19.39145158891554,20.68008510100632,19.74804846159653,20.53193943304417,21.1660011450878,23.62389433429968,19.87745747454892,17.041133719333768,21.206942899819687,22.138438716410302
2005-09-11,2005,37,13.657536010177587,15.58150341973376,12.583959540330738,17.412962769468624,14.3530482794072,16.28718609300513,18.060814554420222,16.967206511311716,17.750391787512196,12.980773560241852,17.320914702394827,17.741061773582935,14.81727982257784,14.261586929150706,12.844401713136708,17.782571551851095,13.602530259006429
2005-09-18,2005,38,20.72250888092945,20.121803146435507,18.02537758877136,21.927070020210177,23.42571381230781,20.661690531550228,21.65337305652852,20.808631831577845,21.58888357259523,18.62898514429013,21.593919721826328,21.656960888371632,23.55815491621098,18.95935696200698,17.32033887962869,21.961693739471137,21.482178187434563
2005-09-25,2005,39,21.571445079690548,19.799720310198985,18.42187761562317,20.91608786582947,24.73960760838009,20.397534779139924,21.280980724635,20.242919330844632,20.80618215960299,19.445602878810853,20.61592814127604,20.59978713629381,24.571409002694384,18.160219273644564,17.631453805186897,21.032514098105832,22.21911003711731
2005-10-02,2005,40,23.31807579865327,21.249284508385887,21.19494396199562,21.751418979395,25.113385674161083,21.292957319409386,22.20297043247056,21.28291215723211,21.50916256223406,22.2316473337609,22.16021458844602,22.159841745690198,24.91819969383446,21.126602400797463,19.179689534627737,22.77584998621633,23.40330138810561
2005-10-09,2005,41,26.559643614092696,25.620343787837896,24.41794814614987,25.04625820262092,28.61592623853931,23.57447496927229,25.357770358160703,24.23549107489648,24.79915868512805,25.052736432533564,26.5072875613258,25.72787384588442,28.460776312470895,24.86141630572012,22.837829729988613,26.85337812419973,26.66450120689413
2005-10-16,2005,42,23.492463481318843,23.961782576432867,21.87152150339433,23.736467541683293,25.261055371039536,22.832035553194537,24.570529643022628,23.513432537425647,23.495647439751373,22.424307556066527,25.28739488609941,24.697609335907064,25.175169073937024,22.92055898907159,20.604325617976546,25.84456646092484,23.64460234115065
2005-10-23,2005,43,24.998444946269423,23.040284880697094,22.697093246040243,23.26101452396029,26.401253198359647,22.57588035013992,23.40704380179981,22.780273866529598,23.22860768163274,23.25342699379164,23.353763697570532,23.60549099554591,26.663671935387097,22.678783886980813,20.800540210482183,23.816044745846504,24.79359348122322
2005-10-30,2005,44,25.23735128375708,23.682339062314558,22.904330489692587,23.931830292656304,27.51278457528657,23.02990941866331,23.741403018072813,23.04110982523336,23.435596462331876,23.99507293014612,24.50321550410548,23.67195709824884,27.36847210850955,22.74568960192084,21.384680923281792,24.36624137669393,25.069410730243693
2005-11-06,2005,45,24.692571549188525,21.269511049998595,20.59470891825584,20.86954671712149,27.454938150175764,21.044538592433074,22.10823550655265,20.778020790892764,20.850518457110383,21.804469465807127,22.19258453732445,22.509452896940736,27.33990330677695,20.80383009999271,18.622218697652908,22.65402393005132,24.939896268664665
2005-11-13,2005,46,29.215652674474928,27.87156643287968,26.78937615307433,27.68823126668022,31.4406154330442,26.159961003287567,27.792408667917496,26.486708346280185,26.44416759998597,27.410494557649937,28.947739146178936,29.072673422307016,31.39588538836328,27.8229301718322,24.851380923029254,29.51951360235942,28.83032698515612
2005-11-20,2005,47,28.83942652669192,27.36597768787636,26.41763724112997,29.131680806477863,30.5439749575826,27.252480981893065,27.620126702000032,26.83438225882394,28.413700628187325,27.53636191103133,28.37745920651919,28.121692369569026,30.531434372124984,26.29773696534097,25.45891031602066,29.10716175146532,28.20776109875373
2005-11-27,2005,48,28.953996847341728,27.39142033387857,26.43788030450072,27.788319863024213,30.686366227359613,26.230877310459523,27.7214097170371,26.517525165111987,27.350521190292447,27.28069945100457,28.053368412364613,27.46715858490319,30.83921896076571,26.20499151688015,24.8994905857315,28.16611687124592,28.54239427047277
2005-12-04,2005,49,28.096338426744616,27.034681435078696,26.15057020517398,27.04557888848441,29.493566970486366,25.98165500547588,27.09489950285709,26.29881686817516,26.370640478488752,26.667861653125197,28.0326861096667,27.630266536599542,29.572557708931704,26.550115581553207,24.334873798639624,28.318605482694924,27.779711039561143
2005-12-11,2005,50,28.577234631492978,26.325337884776875,25.737219925569875,27.135330296698072,31.01445601976509,25.92986098526374,26.09300242499081,25.82484913318188,26.284742801390053,26.61477210470742,27.029305500179145,26.32401485391704,30.805763588909013,25.33928390053076,24.17060893864495,27.024754074455007,28.26339865502
2005-12-18,2005,51,29.85714640181651,28.02711125884229,27.327331831525044,27.067610073657264,31.21895007254193,26.559184330924293,28.64144624982561,27.03184625006341,26.39562413090596,28.13481344173676,29.712040419805625,29.375312105985984,31.320868466351484,27.08411073024253,25.29825919888101,30.16679000481234,29.1102985834497
2005-12-25,2005,52,28.209896043460805,26.36531400883884,26.10853760286888,27.02406089362644,31.186428239484965,26.272544031130916,26.947172348422832,26.11364535443195,26.189895135315894,26.54540084263873,27.166306110068323,26.54312283395114,30.732238095699586,26.45049509909675,23.975824671290173,26.90605624921168,28.392570436482806
2006-01-01,2006,1,29.457873907788844,29.27526552794076,27.58567279656587,28.78547877924783,31.7759080755543,28.00879091584391,29.92854839024669,28.77770616209352,28.40744939382296,28.19039937267153,31.038813788343816,30.168406003247693,31.58056577844509,27.812873948266677,26.592337451421105,31.297736274286265,28.953816924133708
2006-01-08,2006,2,32.56775551627808,32.39131142386496,31.313492628569715,33.48414423636027,33.618271997820266,30.919245357832544,31.43191021732964,30.824737424974312,31.4516837125655,31.664200212073137,32.97027215503511,32.25171823835758,33.722209050388415,31.0923097193076,30.42102609522743,33.01593676005324,31.250587821970736
2006-01-15,2006,3,29.97767395156998,30.431675491048328,28.53747218757365,29.6707887450854,31.59383170115868,27.77313535584753,30.444699267951812,29.39546445871328,28.824935468908865,28.79876821193974,31.57063110318535,31.228663866089363,31.422365786946425,29.289715693314932,26.82928999163564,31.8658942131147,29.514527538073352
2006-01-22,2006,4,27.41578130587034,28.34193898365696,26.304733199362428,27.309159364019123,29.85177874759248,26.875209874628133,29.38974679663299,27.769491123348093,27.434727935641718,26.52214065526012,29.61804068594268,29.531775140376745,29.52965795671617,27.11722554734067,25.17892165518301,30.11384583639305,27.472614934823586
2006-01-29,2006,5,31.566790257948558,31.349909479429986,29.64479082711735,30.62162231831324,33.38780106658145,29.474146218220085,32.540966056178675,30.14191788413308,30.119126230303326,30.186023381751355,32.60585132780529,32.09856901657228,33.35770631480862,30.079254187375223,28.387064074757767,32.855057763026885,30.78284440850312
2006-02-05,2006,6,29.00941326872876,27.580270682824956,27.11844749924559,27.81582802817935,31.52667534783714,27.555524978244936,28.695471460548152,27.09810509619774,27.66646925297269,27.829945950459845,28.321320935864467,28.900714758592795,31.00983639757605,26.80601165206903,25.83268148449351,28.73616914319899,28.805572953185624
2006-02-12,2006,7,28.37922127918847,28.66124308795563,26.908927877708784,28.33416530348006,30.56525694326857,27.79127457028344,29.84093248461843,28.12222811909465,28.089518386557145,27.03656433350056,30.024868462302468,29.53918775265429,30.43063815127929,27.496484431910996,25.679789295256267,30.182387831626336,28.140484554105694
2006-02-19,2006,8,26.804386737877493,28.083269381573967,24.824507344371995,28.10453909635544,29.90809759680736,27.24702749411879,30.08637242553533,28.41422429369641,28.247205801439375,24.9231516909948,30.305222812669097,30.51460437054904,29.417791189834418,26.64884909104112,24.20816489651358,30.98743240893937,26.83484630122018
2006-02-26,2006,9,26.80312722990412,28.69394579523408,26.31223274017713,29.43014962616421,28.45701943460347,28.335710746441105,29.79841565946796,29.279767772129603,29.153994360548644,25.914233258121865,30.375980520867685,30.298544783476547,28.13249733457233,28.208433842630694,25.5915574248628,30.283094413593087,26.709843364365977
2006-03-05,2006,10,28.178777689792632,29.670880230250894,27.29042090963449,29.668290109861463,29.967403848113,28.49157777194657,30.230193930534167,28.99326366771351,29.46883241724361,27.58878446671236,31.316905445247507,30.614306858607694,29.779066783581005,28.74706309597436,26.122972039939757,31.743724942440625,27.976042495583584
2006-03-12,2006,11,30.298985872796447,29.696866349624926,28.08605756903498,31.03924833025251,32.365439105086814,29.409549403834987,29.651479532002703,29.14305326585645,29.770429795968788,28.467496567287384,30.8975344389548,30.31665757531426,32.36804758167635,28.512623743525975,27.3561088494926,31.09889918810701,30.014836123690127
2006-03-19,2006,12,27.076090956286578,28.25341762815203,25.41318477522301,29.04719652732213,29.53903435848979,27.983932406745826,30.510244925585155,29.130041887357635,28.73611303878157,25.57089600171496,30.250694601876397,30.21866401250793,29.143563566981136,26.862533086271785,24.93541833458967,30.459288722148383,27.20429096581801
2006-03-26,2006,13,25.181250978467396,24.462048369938376,22.78298409215729,24.646337157204037,27.598287736284213,24.39340101951491,26.03877709280297,24.741612577562204,24.99349255757789,23.19678653292232,25.996148734484912,25.6693091765247,27.531251752698743,23.43723451020362,21.24384360519038,26.13801900561308,25.57236051559448
2006-04-02,2006,14,26.59887798657902,25.882523645470137,24.057413417677385,27.4566601117452,28.73496051932334,26.618466889075798,26.96775145016328,26.30962997139274,27.12367747581168,25.056269513742727,27.072991063171653,26.74486589303235,28.68103162294189,24.32516872434688,23.45636613901424,26.978668395787068,26.37386069464877
2006-04-09,2006,15,24.163434466800176,25.47742987899129,22.57800227726257,26.20499749694552,26.517079444393943,25.746310299120967,28.14019425617363,26.29183177303958,26.192326392679533,22.93031761482676,27.744077451301344,28.070194061875664,26.20575502388266,24.05984525450332,21.938474401052645,28.074307619008994,24.1810373360256
2006-04-16,2006,16,21.537144657267568,22.12314230445097,19.814314460585155,22.064734331199105,23.652805863443252,21.769069109490783,24.10621286064126,22.58392081421691,22.63307700745047,19.99869833432381,24.095968294350097,24.008199506692808,23.357520685232743,21.200604910146687,18.262528680255976,24.609780712836876,21.602336640627883
2006-04-23,2006,17,24.957933148515423,25.65092202086947,23.61574135486701,26.000510411603116,26.601889198749348,24.648126199592188,27.180734623277843,25.721388430905037,25.55124987174853,23.705451026676208,27.47075238743902,27.66265951655303,26.541046380076168,24.89816676593836,22.217411341307624,28.01991046151536,24.921278773613697
2006-04-30,2006,18,19.15359673322091,21.768366841110844,18.184535026127197,22.413531582979928,20.694936090888667,20.999937631908992,24.41538305810867,22.55323306987812,22.66627357057396,17.78099770379683,24.31014169635195,24.23458902148224,20.58247838793574,20.714764979596094,17.09981684465346,24.535011317631973,19.089397635421346
2006-05-07,2006,19,18.921578485839923,20.30076029814128,16.938886286203267,18.953534370376957,20.544138520845745,18.948551676294827,23.10949205448607,20.74779431429776,19.603835360644617,16.588471741456416,23.179822208355,22.837799874277447,20.72260824225584,19.207554880979277,15.275837092536296,23.530049135540327,18.82395064734385
2006-05-14,2006,20,21.21598811990353,20.82548118908522,19.16491182017559,22.12328998815445,22.665687321028297,21.064041239567864,23.02712260877426,22.13734327142889,22.38331588140439,19.42502714410273,22.76083636263232,23.270182653257468,22.43109926753983,20.2491931745456,17.830391597357234,23.678945873581497,21.20904939836569
2006-05-21,2006,21,19.54296568523196,17.846169821489084,16.719666620218977,19.220842351516087,21.023441788357864,18.817186198486173,20.04476983762691,18.718312819344657,18.836147291553,17.646101899034395,19.20139073128308,19.12629944037877,21.248883438846786,16.82395863278279,15.582174260252732,19.454092843191965,19.33322363979412
2006-05-28,2006,22,23.800083477064447,22.17516782695551,21.328392112159896,21.036978338445937,26.38907676374886,20.64655527460989,23.77862871909628,21.575060331666627,20.849154477949945,21.88103957868132,23.781475157964795,24.471435495463982,26.236060571486423,22.00380714712381,19.030332874775045,24.60381803120652,24.139827386388237
2006-06-04,2006,23,23.062748797304994,21.56754854747227,21.21505289661641,23.33949640251341,24.06872982135267,21.59772962646288,23.04017124787711,21.79469143706483,23.07831006134093,21.87692143705216,22.51945559679172,23.201788981969788,23.936450669203943,21.36367390077483,19.348302684270223,23.31128410443868,22.533944858694976
2006-06-11,2006,24,22.372857578626164,21.125785889147696,20.337105770500337,19.8765869140625,23.92201526000886,19.33635497246623,22.761878883873408,20.516861202685863,20.17110495184732,20.761597438657777,22.2873838383398,23.07137791358557,23.91066572564909,21.22517563374938,17.785073615303673,23.152770798266985,22.447218850616498
2006-06-18,2006,25,23.892452107433183,21.29992468524843,21.403016114933045,22.721929543075102,25.28395002775948,21.341240374738184,23.131179253491997,21.494119857193585,22.3117480688599,22.53299794020079,22.52708275039475,24.33523395569177,25.32186420543773,22.015687300180517,19.05084607986564,23.635720247391856,23.228551232268547
2006-06-25,2006,26,16.956183611502823,17.870393965035866,15.409615045748884,19.609799351011,18.104847713896824,18.555592453464424,20.50436070222549,18.910465236515197,19.640242669913636,15.948267686755903,19.663628352772104,20.477996485573904,18.41071398101718,16.78879822843104,14.61411820179409,20.275709568404405,16.759616301708785
2006-07-02,2006,27,22.75138202259746,22.367931092471707,21.302963910953284,23.916342951002576,23.818117906921977,21.642139483909656,23.61337783524316,22.400659499725737,23.27986239267189,21.62001330136448,23.47190927117418,24.138072036989936,24.0783452858796,21.634331733754937,20.283355512782133,24.26647610300441,22.48997942520923
2006-07-09,2006,28,24.44065318113742,21.57273590030955,21.466773118608916,22.47187542205765,25.2376978907384,21.69320783774672,22.653165750531343,21.178574867743947,22.010633770966948,23.249980094060053,23.05658351105529,23.681803808700685,25.33431584126241,20.847201840604868,19.689531596474865,23.71434878369833,23.854126693746156
2006-07-16,2006,29,24.17437845522219,23.92494388124836,22.605819950933043,24.917744982810245,25.726028257436347,23.251297917605367,24.8266110767776,23.84912177395511,24.29079341888428,23.0877980445716,25.443713869367325,25.605877115398723,25.666832415753813,23.23956838123969,21.04991080702945,26.012797435902343,23.65463125480796
2006-07-23,2006,30,22.13351330701909,22.39421642512909,21.296293847626465,20.45820045896939,24.62515365874476,20.549073343264705,24.01542683593038,21.936139720074543,21.12228240518887,20.97487292434555,23.97766414493709,25.73290319005756,23.890776866191143,23.594529663285204,18.421653058781047,25.214907931721605,22.80478884139151
2006-07-30,2006,31,19.186654465232277,18.041967103730386,17.89003573377892,18.137777291593096,19.350985951285992,16.657739952264144,19.915366186692484,18.08219013461819,18.040535596485476,18.5785680299937,19.37218989582805,19.497521797601745,19.73395451063355,17.641441299550188,15.668496128565655,20.167296012087117,18.56475010072446
2006-08-06,2006,32,28.36262715952123,26.776687826429097,26.811870676495904,26.702397264185407,29.952740693957075,24.95333083409293,26.938963447993416,24.840590529999176,25.128868192609275,27.33024315142122,27.446354181529124,28.71099025284184,29.84596211201436,27.537330990494308,24.01797339049514,28.557365850459806,27.831325608122377
2006-08-13,2006,33,21.438988273208206,22.23570059967448,20.447842938136294,21.687513015099928,22.657666022119304,20.71173788559176,23.222338618064413,21.41083777093268,21.178376770766047,20.436813780373743,23.60682449671097,24.1851964061151,22.587291013319977,21.724732795250382,18.874294049881705,24.08915479029228,21.17366344395353
2006-08-20,2006,34,21.704281524648383,21.601543410754665,20.227060953070872,22.58244228646869,22.990464922765906,20.16106719062442,22.636427715290395,20.979697880435303,21.75739876491449,20.546914932564217,22.83652799697149,23.534050408078013,22.794911436132484,21.38273818963689,18.78833465224661,23.700230200929887,21.444346817355918
2006-08-27,2006,35,18.759617780933358,19.92728004780914,17.347829316502246,19.792608053911295,20.0209127407794,18.644763951442727,22.090922575302788,19.960954384741846,19.29400011891255,17.75177253030148,21.58487542222589,23.527467815059858,20.05660795429038,19.013896504361774,15.876041942606546,21.9114123547847,18.608215389226004
2006-09-03,2006,36,17.47461092272627,17.50334200574391,15.63157974732271,18.235422903583164,19.47274520501307,16.76227518275591,20.320336311273604,17.8570472712331,17.51816984911954,16.11454729851507,19.25002287166976,23.45298798964673,19.260693388095696,17.636946100748997,13.852920927159383,20.682088344297767,17.524958143337077
2006-09-10,2006,37,27.877341817858287,26.579972564030303,26.40119380451666,25.15258313928332,29.460324185058685,22.402928885038907,27.942939324559696,24.718396264113387,24.79951967511858,27.126821141945637,27.97050742112197,30.09180715463232,29.16107895935824,26.828933030850436,24.112036783819857,28.69309750835023,27.381576257253275
2006-09-17,2006,38,23.7146710011643,21.34350799141662,20.882895303809125,23.076598178772706,24.98215594881116,20.757807850684287,23.807070651485343,22.01826346855659,22.25386980041833,22.48809104936598,22.862159193955456,23.98130012008379,24.771375103806896,20.67012018378091,18.96515779626194,23.67124573918472,22.994801354215472
2006-09-24,2006,39,23.061407626825872,21.500699035140244,20.726061288297124,21.29858775082089,25.19516414611274,19.732827381737906,22.814740606369156,20.577263705265988,20.412341218638563,21.585790479679343,22.180922556955583,24.305393655987764,25.185118524264183,21.21149094094389,18.75483774880391,22.934484666574257,23.042368541830637
2006-10-01,2006,40,24.966284963001463,23.117243689514684,22.89794559402601,23.256180575915742,26.26880322589776,21.63936137048434,24.10132022223737,21.895078909242308,22.237916544225584,23.8966562074805,24.078377442132854,25.82799165011095,26.120069330723588,22.75100010659414,21.158109090552795,24.68559314033523,24.56729887052366
2006-10-08,2006,41,28.686040689279366,24.4709411114772,25.48321053742728,24.70262840815953,28.939026014439538,23.089810136969334,25.026910865272107,23.22583987694282,23.91089290182185,27.094815719784712,24.74701206653149,25.515796964701934,29.61200629053889,24.547566113851268,22.968284829097662,25.1462752347823,27.603674785788808
2006-10-15,2006,42,25.707738007357683,22.15826421302519,22.81736827552477,21.418069073132106,27.1367534747572,21.20069818116216,23.81029181855761,21.50370877352628,20.92131825109284,24.20129323407957,23.073392782170018,24.7708931920342,27.13645314249753,21.518053134062285,20.469388806943407,23.835464216258423,25.29865101148497
2006-10-22,2006,43,29.753872008550733,27.235512425396237,27.18946059107675,26.66785768667857,30.991877757029386,24.773028104922027,28.54631953336755,25.646171799696884,26.336189656341613,28.02432111733676,28.386202930268784,29.30147389003209,31.175616693312595,27.080213762622225,24.62332750015792,29.220621515860064,29.114631954871744
2006-10-29,2006,44,28.60092635627265,26.229889149859005,26.367946757610223,25.484908274241857,29.904873305122383,24.802880111655057,27.019206972928504,24.65870476858957,24.83980845658513,27.652282505657595,26.878671654375086,28.6395129412011,29.705058405298065,26.45934452272754,24.81326913707258,27.99202802549836,28.05705203907188
2006-11-05,2006,45,24.257364329530773,23.677057810175395,22.763885659672248,22.549751664911,25.84907040430121,21.97400067549108,25.136217295254635,22.448645003677964,22.32162060896244,23.243387854139502,24.87032370959525,26.36372600154414,25.890675841151054,23.44477484355485,20.19238887158281,25.367769532474288,23.876348757679573
2006-11-12,2006,46,27.652070441914955,26.51350034071184,25.57945935030161,26.888834995882856,29.375733486376014,24.677075600838872,27.493639570631025,25.724894094095603,26.36996041911922,26.33676707114358,27.48565139440231,28.6565231518604,28.888179013167573,25.89227413574509,23.651656482340886,28.104339789970982,27.10505639767711
2006-11-19,2006,47,27.71046086413213,26.15263256081132,25.760150577711023,25.02139996914636,28.499840192138315,23.82893591160326,26.719539130741936,24.86986502312995,24.54873329879253,26.89973945746405,26.971381222943727,27.7317243586332,28.60267312001998,25.652457307816302,23.320581647293505,27.57474152402635,26.913870356474927
2006-11-26,2006,48,28.31923181884844,24.95399199569149,25.474805186253896,23.108985086282093,29.576799278343994,22.47263684512105,25.531080012418787,23.144284357838817,22.62069484912253,27.146588666634837,25.357022651243007,25.53103241573447,29.78446087781987,24.28098601826953,22.891203698581226,25.321265498719335,27.52762359557447
2006-12-03,2006,49,29.78878923364588,27.617771681437866,27.416996425300336,26.24055537439528,31.11045639043733,24.95906478312332,28.31672853631112,26.0778930485713,25.630698607159218,28.81404674066601,28.135775791515005,28.09193015805473,31.020720546310013,26.828693431405902,25.50643289189717,28.47748717963113,28.66712816834771
2006-12-10,2006,50,31.722796473263774,28.50740759713309,28.723262054896928,29.074641713074275,33.08366864597595,26.79073771669444,28.9546049913234,27.32726636217786,27.731822773435116,30.45639321613633,28.88721780983401,28.819383968240164,33.13696679369363,27.920490945711126,27.09565687351875,29.114550674498197,30.90151875102616
2006-12-17,2006,51,29.53392723260239,29.419182126710155,27.60110169844809,29.215812351022446,31.590816756163058,27.529244969096727,31.40846911950292,29.28809812867796,29.087166909369007,28.404455309375464,31.026111193239945,31.23060482724336,31.23629015108793,28.31861568355825,26.9858364720024,31.490695147131756,29.18010305265853
2006-12-24,2006,52,28.05259025112235,28.619985009053117,26.79497491096964,29.766464440595534,30.12694434921976,26.978594808198007,30.790708525187767,28.96016665867397,29.171736592182672,27.278843384089438,30.290069971456155,30.25171879873764,29.732492964240112,27.43301749219996,26.281557563757847,30.79726898506896,27.973753957414235
2006-12-31,2007,1,28.944435421564403,28.06897137159986,26.93364212506624,29.65733511674972,30.52303658265877,27.003898195931967,28.829706258746,28.394813897269117,28.66662721204664,27.610715735213425,28.755434074236717,27.90854656085813,30.45656904014381,26.797106138651294,26.1878556867474,28.41032413400549,28.45281361762404
2007-01-07,2007,2,29.156138129215904,28.476988877823104,27.246029840281498,28.13992123092924,30.876592170212724,26.45905627246989,29.95603924520509,28.03315442072881,27.938768995251444,28.07359051033938,30.10635038598792,29.77614680647529,30.645509489714875,27.143219083960368,25.882016252937216,30.46043097016396,28.588273430127664
2007-01-14,2007,3,28.176579307251764,29.176552256033105,27.113471804621373,27.51878734145846,30.30132309089848,26.22007112245302,29.34927177985277,28.234221542160235,27.375238552952,27.36948257999828,30.49252211995971,29.379946711249747,29.97249696797846,28.118872136431907,25.652751823816786,30.40488849647357,27.954046447322053
2007-01-21,2007,4,29.61066159870634,28.76312002698496,28.2061922552317,28.540097239471617,30.764532519833946,26.86953419669408,29.012511795533296,28.322488312163912,27.95804350530098,29.08739054672361,29.845332628720765,29.246221028248254,30.675325053078783,27.757459478978355,26.556044609567916,30.13853745357865,28.807176795609877
2007-01-28,2007,5,29.60694825603235,29.174119982892265,27.948279720973208,28.21006795905885,31.46203201316534,26.970987690615072,29.182358672250466,28.40640980509969,27.84502518573619,28.636848532308743,30.68258789524888,29.94410017172924,31.424219759274635,28.108465950999467,26.3302055451704,30.418263314054904,29.32814536647334
2007-02-04,2007,6,29.7058273742558,28.58126573521953,27.846687283892493,29.677484671274826,31.380697243307186,27.802126480652404,29.753323880298492,29.123123921976457,29.546579747283992,28.888423165534824,29.84262929809042,29.390474070114596,31.21903506209031,27.377876746687534,26.562239818072158,30.12547089115748,29.17584422078094
2007-02-11,2007,7,28.983308072869537,27.994965359092014,26.94496016515073,28.01507148572377,30.991637693697392,26.00599867527396,28.08821034222928,27.24662133055848,27.525764161126723,28.050824397058133,29.14363597688221,28.25453973908952,30.660471599534677,26.92730441393473,25.250160429570165,29.203649617921112,28.53426133333191
2007-02-18,2007,8,26.520372226278145,26.934635808981305,24.93988026024074,25.51565551473981,29.27527220420357,24.59421678491541,28.00564174262845,26.702273300963565,25.5209453829114,24.948213577270508,28.616503460376297,28.583490669887983,28.71328462320865,26.69252954248293,23.23452534189686,28.847926503758146,26.663822952949136
2007-02-25,2007,9,30.08187438346244,30.03899913962716,27.945196318436004,29.994228757563093,31.23179317279536,27.98806297272789,30.71109901294764,30.096270530007104,29.64748834583857,29.2336462050911,31.785027344608714,31.49956052322593,31.12449667720721,28.63554378776716,26.89276217150705,31.713100672234766,29.069758057915617
2007-03-04,2007,10,30.513862681051325,31.11516530579849,29.315656265116623,31.04209293354125,31.402261763656696,29.23251690121998,31.224976219866782,30.69771257375742,30.9490594415982,29.964405981306285,32.564933086576914,32.43699509756906,31.433266943486043,30.248845977843583,27.916762968397403,33.06456100777404,29.68907957771075
2007-03-11,2007,11,27.442315183858,27.607531847475947,25.97648817009913,27.21781043779282,29.190943128527927,26.59083067649733,28.77019510185753,27.467025218815,27.044379831526843,26.703640567706596,29.14471577400769,28.89260065330649,28.80445565220012,26.65504578747766,24.65550728000465,29.46814607967369,27.15769196841916
2007-03-18,2007,12,26.49277776916976,28.42848904453107,25.79114888554246,27.121111483800984,28.08491569197152,25.99136407280214,29.39460424640089,27.96139061370453,26.8024339153342,25.952742791149024,30.234246976447828,30.031086160808883,27.982099087542085,27.359084836947005,24.424930226053284,30.482113250314374,26.23615574900995
2007-03-25,2007,13,31.987868840476565,31.564875916885672,30.38685229740633,31.37234350613185,32.91764589277221,29.47237865344898,31.427354551265264,30.6739668769341,30.804079860157227,31.26938641165185,32.8494303038626,32.40934068366202,32.85112120838239,30.479416274722496,28.963364594472623,33.19350286285938,30.719908877524404
2007-04-01,2007,14,27.83434623364776,26.97104324918312,25.725979402198558,26.25047874450684,29.27665311190749,25.488201634764213,27.84115055073107,26.626349436772337,26.387786889496148,26.61114243742317,28.12033837553743,27.86222263809163,29.24418670146161,26.04711430696428,24.240670814596868,28.384114789869454,27.531508534423747
2007-04-08,2007,15,23.906747729621795,24.686929473998955,21.97625845982739,24.672469962210883,26.302421860656057,23.986841574905768,27.047186409419204,25.436442148778344,24.97045816693987,22.84175753083889,26.56658805748085,27.133416021609243,25.68687977109637,23.828059247420335,20.727365494693395,27.23283872585707,24.1925458753848
2007-04-15,2007,16,28.52384760204889,28.01699787213096,26.376989210614507,28.612947401546297,29.874340990576197,27.34585123295336,28.907206460268785,27.965370360535463,28.18752731689035,27.278081382219383,29.238128113849857,28.33693436213901,30.021325485126397,26.744177195221056,25.522427699273532,29.104420704850945,27.904621431448387
2007-04-22,2007,17,22.96072836425467,23.634836973666133,21.27970240617496,24.328394305138364,25.117849285032552,23.696232456958437,26.09539716514832,25.02576897559228,24.65872884589865,22.021966284654276,25.01949663203516,26.02197023993233,24.664795444738917,22.57744459885121,20.73018346077504,25.57658697154424,23.277361523430297
2007-04-29,2007,18,25.00591363992777,23.622599730867822,22.282439945224333,24.82986765532267,27.942548616297767,23.67054435553238,25.60239447657638,24.55999444738611,24.542322296918957,23.286197938050137,24.952443361488776,25.643007003393457,27.382077570587512,22.93655759164548,20.923203945274786,25.446019984504712,25.4968004046746
2007-05-06,2007,19,19.168308384476784,20.27882859549289,17.620557392394534,20.64823031851224,22.67360218042448,19.76610320691436,22.34880276115573,21.248558311462403,20.792505470507297,18.07232947290547,22.017446685559825,22.29939798267704,21.55124279246828,19.36679820199233,16.379440462695523,22.368796518404185,19.773897802090705
2007-05-13,2007,20,18.26294533595769,18.454198896757827,17.26836174911594,18.0809126496315,20.597117525661197,17.609795339626082,20.395332425398312,19.32484086668336,18.550502439301077,17.521653007468704,19.704938453410097,20.601120673742574,20.030477415180577,18.468989702473056,15.61952137493335,20.287499422196543,19.39348027262726
2007-05-20,2007,21,17.09388540456961,18.15743455602162,15.530474559966718,19.92343247788293,18.79749221434688,18.581230436052596,21.412864929733058,20.12118010087447,19.747514735929187,16.22405498502493,20.22079513021362,20.711820036895837,18.69736883631084,17.008507987091466,15.088089969812374,20.643232647920076,17.87864530504232
2007-05-27,2007,22,15.03478190153262,16.55819524427467,14.193808203792829,16.872446307114192,16.30351643382312,15.76312749266164,19.44066630994613,17.630209792000905,17.078930194130617,14.348293439073425,18.4831231641563,19.18821428663968,16.380362849438054,16.17016153897888,12.170348875036128,19.2001154949987,15.644572771784429
2007-06-03,2007,23,20.601039822650844,20.24899504993008,19.175944650712644,21.217567984546932,23.06800095793232,19.68482721542299,21.47734801623286,20.494587263627487,20.60139851840741,19.620542716658157,21.07121225002008,22.231518920219816,22.44149788190039,20.268621004283503,17.925892325373503,22.01388659542554,21.660564864742145
2007-06-10,2007,24,22.959167104890447,24.118079473214877,22.542272898615625,23.082399452016464,24.6871156163078,21.75171316360415,25.587937641421835,24.22492380018358,23.344448461924515,22.797815648991826,26.06129918119092,26.962106550478868,24.2823639293435,23.852102269096054,20.434310663811875,26.544880413495864,23.340007814756945
2007-06-17,2007,25,23.696571978516257,21.742278658759115,21.89186813308797,22.661334256331127,25.547549965644567,22.062876209175567,22.435374095905622,21.79062935321362,22.093105883514344,22.64955038965352,22.343590784279296,22.741928784352428,25.59337890838564,22.05696915617846,20.172644719248133,22.70155015337024,24.025747251639142
2007-06-24,2007,26,14.837664590685833,16.674595422073722,14.526069724041482,16.915348180702754,16.354879190796485,16.245661539153858,18.499797695927302,17.017577596391952,16.738151472841924,14.557212270687346,18.08974485934038,18.927020616608488,16.170365414564213,16.57066600823714,13.820263818728437,18.93432416374669,15.603599172396802
2007-07-01,2007,27,23.34628007709596,22.62986891813624,22.211614323593185,22.574355894611,24.03112060736057,22.270461988264987,23.471814264013886,22.478850122922427,21.95521451442442,22.370645427060207,23.59509879273254,24.021078999151754,24.46555383785351,22.44716396414813,20.463936330381284,24.384155340623945,23.24772401640036
2007-07-08,2007,28,16.415856171145247,16.685868225626344,15.25483954999969,16.059497342223214,16.721847838423678,16.081523854760125,17.983802169822045,16.773066804563847,16.084251950631636,15.717351108085452,17.78972777246913,18.939443080573067,17.014649840395425,17.313119823016525,13.796191054463415,18.4476368693223,16.64334459992432
2007-07-15,2007,29,17.50028333578024,17.37563718204051,16.088781785838037,18.059307207663853,18.96288960002953,17.7385203338191,19.274973799813942,17.99913757621468,17.68445920384327,16.471492359152794,19.06637440883752,19.48468715996755,19.010150903900616,17.267804213366492,14.426107369627156,19.780360701499387,17.90238454142671
2007-07-22,2007,30,14.384865695752078,15.1639985743362,13.76790960425281,15.68463765865281,16.250019804095448,15.289958384353069,16.937357001679977,15.548804981182148,15.484892879680178,13.611406449660135,16.46675283919165,17.250727437577158,15.84892440394545,14.975078714096735,11.801511019231382,16.9486558376693,14.693051669154206
2007-07-29,2007,31,18.424436907970765,18.064291852877847,17.03418554070785,17.759741272245137,19.6993221167191,16.516582225126957,19.358829309224387,18.17589053315001,17.850279282683726,17.540449244367256,20.009209861590232,20.086859800744893,19.310703330978924,18.232061989938597,15.142869669625457,20.69222347983642,18.317999062191124
2007-08-05,2007,32,21.682801548578563,17.846502643150057,19.0147480050758,20.264500344083423,23.517442441357232,19.58460161461947,18.38387800722706,17.831887173343013,19.034376345035383,20.3823473086105,18.11963975006368,20.34711541384057,23.3335706331555,18.9672257072802,17.49823800020119,19.054677414567504,22.27970027923584
2007-08-12,2007,33,24.97364762206796,21.82371872676207,22.238760641431423,22.078580686024257,27.11914061652917,20.512384775522595,20.85028577754518,20.328062291826523,21.45920241462274,23.684381191051983,22.525376857410777,22.464833812250927,27.00134156385444,22.135881947018103,19.922040894300903,23.34111654501838,25.12581941573768
2007-08-19,2007,34,23.457101437729456,20.76249606777101,22.079976637805576,21.35726999810764,24.20604559265182,19.47332142249344,20.75459119946894,20.01502841751297,20.87975856889251,22.63015014543308,21.06254354452158,22.629936377635865,24.50899751213987,22.101299398352044,19.40614911522586,22.06954654835442,23.535732455652035
2007-08-26,2007,35,16.70853769702494,15.876391485555848,14.415208269667604,16.824987716618036,19.481513193498976,16.323278706966683,17.858608726857355,16.533245531552797,16.312186539756343,15.389126839332022,17.31980288039038,19.78697955447708,18.90776118716678,15.689248268812788,13.712532043112414,18.38692013578172,17.233111342329863
2007-09-02,2007,36,28.90080813796977,25.23057233956831,26.093941719847223,24.64905312799272,30.972215491520046,23.421625500633603,23.252575671360027,23.274553006159795,23.867220411095367,27.421126704650465,25.385049889304423,24.19634962981602,30.86421420307233,25.409168192460037,24.42914289843459,25.224351535804583,28.711731174242782
2007-09-09,2007,37,29.31219049156709,26.775431804819657,27.0488391282184,27.212064876442867,30.99072405676061,25.32567598153879,25.25313335118419,25.029444390829507,26.511702416227752,28.04347876837337,26.7957333123013,26.01507556534842,30.73890364400209,26.93357626760624,25.110335098465104,27.0207291806514,29.20197835187064
2007-09-16,2007,38,24.26959275156068,22.644393673329468,22.50626158947001,21.698657738310956,26.565983321206115,20.685006308586285,22.9154391719718,21.69167756117784,21.570293389187867,23.32260012975292,22.89322823363465,23.95861231091852,26.374152281109428,23.589570907816192,19.44571353831483,23.668086404669776,25.257434392553773
2007-09-23,2007,39,20.479685436037663,20.691581115031298,18.98107792068184,19.310115798598243,23.53808971196082,18.50116731700136,22.00711689607048,20.02140623513754,19.514211524955915,18.97681149964392,21.820219934967174,23.59129020660071,22.975706293776227,20.912583845521223,16.97612228522212,22.833151815455487,21.475510122962397
2007-09-30,2007,40,26.797381625672568,23.66486096127964,23.33720374424688,25.308318507103696,29.67073321677772,23.591480581610053,23.937157811645864,23.363450121198383,24.25528381108771,24.85483880252216,24.079740867779883,24.626255667755867,29.172491358974263,23.88463646798536,21.618831256360096,24.717084563641635,27.343189973394185
2007-10-07,2007,41,23.297247060630923,24.496838987509072,22.752107349453293,23.55018272570201,25.87732815971912,23.04955239461656,25.28955691479385,24.12268914854372,23.22869971400371,22.49716041916803,25.466871636460876,26.15561609962237,25.178950994631503,24.843508992498933,21.085538102988306,26.162645791608064,24.13089307877574
2007-10-14,2007,42,23.655974645872373,22.66949884723753,21.62209706488392,21.9879126449426,24.853387540397957,21.694954668386256,23.63669594522815,22.1377786586811,21.714135407934915,22.516001671854365,23.880724635268702,24.19276908658585,24.89117512095389,22.36826670797248,19.965025876522407,24.35119310890392,23.23990363509186
2007-10-21,2007,43,25.65750092613191,23.89129475591533,22.21331819899863,24.80634801444553,28.434294903216585,23.994526203995044,25.649863852008785,24.79037540188084,24.71981413257099,23.521530769270907,25.08234165241192,25.31134052996365,27.84442238641981,22.920790242073235,21.35245413632026,25.413617266600845,25.87789167676653
2007-10-28,2007,44,26.201711102342056,25.65442597078108,25.105663819977323,24.495818859054925,28.71223149416096,24.12022169400366,26.197081123774662,24.118596586252185,24.57139441271817,25.27150183721656,26.386924923653208,26.668344137803565,27.968410272856016,26.349591931100417,22.786170740984517,27.254277163988924,26.759968005743307
2007-11-04,2007,45,26.643044406689576,26.4427301980285,25.23109790510907,25.33121398658979,27.971578123655963,24.51627173110785,27.848760810607377,25.720820158425862,25.680345610863075,25.961129730276102,27.41795865839178,26.64684869658272,27.73296460589847,25.931237529849746,22.841528106327377,27.645542644941177,26.30789099999194
2007-11-11,2007,46,24.486808879955397,22.875760152650034,21.707326633483834,22.78378573201952,26.78661480698208,22.36225855764735,24.225353502323607,22.46648804701768,22.928319776128184,22.60515047165621,23.59137114487685,24.545283898510377,26.58343626081253,22.564007450763448,19.632261541141887,24.19409873947472,24.692790420871543
2007-11-18,2007,47,27.469268239142814,26.93511391296061,25.66236997518057,25.61532603842872,29.675458769724155,24.539271134974264,28.073950725811216,25.490503507341657,25.67601511296461,26.38793333630728,28.001835307001556,27.143725775644143,29.355075368549837,26.49116786478252,23.8254841733513,28.309908092371877,27.330361730004903
2007-11-25,2007,48,29.58923536224562,27.57645286730866,27.3387230963652,23.893129422551112,30.497741740161096,23.332404250804064,28.1937463888274,24.801261485211263,23.880133823872548,28.33304810604443,28.42208030997933,27.01146601602395,30.958197888260177,27.30493149947969,23.83344442118969,28.47832212429457,29.013308382419883
2007-12-02,2007,49,29.583037198433697,27.287481587578743,27.23387158096841,26.248386706624714,31.376545546762507,25.58004611492771,27.862574474457052,26.084236733572823,26.264372810692237,28.579038359316986,27.92019757027234,26.89118358067104,31.179347192918925,27.068467397957768,25.342937131756276,27.903775545482297,29.33806265653626
2007-12-09,2007,50,30.397863844646917,28.300707417510463,27.909424976426724,26.422189505327317,31.03232975697888,25.557698035025386,28.644258938447383,26.83918110042423,26.44724919604695,29.279437189563456,28.535672882212182,27.25202569164677,31.40157927509441,26.853828423382687,26.03453666036372,28.358969156522804,29.448430876204903
2007-12-16,2007,51,29.472227643969127,28.07846938724965,26.82049826678705,25.999173590115134,30.49304259785187,25.258245144111307,29.02521043338164,26.54737640975358,26.183579178005747,28.2114489923312,29.02648884992063,27.75302435317129,30.651899943480625,27.38895828449353,24.743124225977613,29.059619858773484,28.61230626324759
2007-12-23,2007,52,29.84342092467397,29.255038851105574,27.47424363793794,28.385031742709028,30.968445503296984,28.022935496640788,31.559646639810016,29.8891324209238,29.322907333971237,28.393464141004667,31.336874939559344,29.664258823240537,30.70263697649981,28.22607063199863,26.688374895901312,31.061546415265525,29.0207628651128
2007-12-30,2008,1,28.52600379462715,29.203526613808894,27.11658203273932,27.46361248266129,30.27613966946775,27.704098017826357,30.907705968740032,29.126051718971947,28.507128323594184,27.44970195714481,30.900424124977807,29.34581215747926,29.98656621402755,28.13743757965728,26.063430000402587,30.37146207731064,28.210649320700103
2008-01-06,2008,2,31.08353287342126,29.456444223806542,28.28958430370611,27.863163119270684,31.743971702524856,27.42391097806442,30.898025963118748,28.55393017855557,28.16234634533787,29.76810396964692,30.78316431582232,29.529066047257167,31.89596777256851,28.33982351338576,26.321182898399883,30.9525321206468,30.20753379909176
2008-01-13,2008,3,29.9271020287866,27.629105360523216,26.82181979537328,26.157481573876883,31.32786395724485,26.149692628681272,29.32179300291545,27.46925583975656,26.68813396386671,28.248758544535686,29.04287639634434,28.071623192964537,31.00442536733325,26.76746618846777,24.746749180421805,29.001032610928707,29.19474900186544
2008-01-20,2008,4,27.163741103163705,24.254387019793867,23.071034423841663,23.751933182988846,28.540212264156267,23.872851746116066,26.029735131444458,24.994739262964817,24.33021301486021,24.85644218865342,25.04231795273818,25.504705950898945,28.54457699101864,22.73270881661889,21.775524669197832,25.46954091141135,26.43387331409917
2008-01-27,2008,5,27.22042028017179,24.210157466595614,23.775181655240672,22.818590953236537,28.352793126702757,22.407015411396596,26.297906831124088,24.54875323506145,23.27003186369596,25.468498001484825,25.858632739178542,26.116451083489185,28.479610489141983,24.179840836640068,20.897578116756723,25.989778559735143,26.48243530869805
2008-02-03,2008,6,29.414193763389243,27.96241250373661,26.99998435534093,26.927398184935253,31.36545804162805,26.157399090407285,29.0976423257989,27.52428819334352,27.626732536957924,27.97220384149369,29.06990217894187,27.643299213316883,31.25722778902091,27.228037537158503,25.239315570563875,28.824166863398546,29.25002500888793
2008-02-10,2008,7,27.458035097159016,28.70408853437346,26.306478799076974,26.577278035027643,29.58632850929334,26.26466403750072,30.674203561276805,28.49395855197659,27.311174708103245,26.66943711987765,30.29775390625,29.312179506307025,29.08997545095024,27.442714598323217,24.97792246714468,30.402973895436865,27.278728860407824
2008-02-17,2008,8,31.35996752263956,29.6654261007492,27.82712043400031,26.824782842681525,32.306946300560234,26.756155205509376,31.280771505728403,28.498343200683596,27.20615905978208,29.111009414338152,31.181452276386743,29.843331894784605,32.339074692670906,28.152097575222022,25.97533676728258,31.31603156610478,30.435902466992484
2008-02-24,2008,9,28.29438860290606,26.19317099687133,24.38751811778112,24.90644051915124,29.83229512483609,24.39991040763708,28.283898645517777,26.54652507038859,25.59321727304776,26.01150741512783,27.58853792958445,27.564716313405825,29.66750297399101,24.643245634374104,22.99321056899896,27.870575298301866,27.68050137877143
2008-03-02,2008,10,27.964784882396955,29.267603448204905,26.021022447147725,28.367414497193835,29.34075003566784,27.100282072560667,32.15257620741953,29.88722080082088,29.191234848037396,26.766311109133056,31.594198943629408,30.71407762820509,28.9830961227417,27.84461648199084,25.16389579929176,32.05012328564071,27.26535278896116
2008-03-09,2008,11,27.58576521265921,26.858769654719307,25.06721817124916,24.977921165171125,28.26607390459513,24.568292178395787,28.73316800976633,26.746602710872494,25.65658001237187,25.93271035364964,28.33571404296082,27.804061229016902,28.59032814843314,25.95185939530681,23.33673595928394,28.631738961326167,27.184962345904736
2008-03-16,2008,12,27.77774427602957,27.12833516989181,25.25718283716725,26.3138511407943,29.140185966745825,26.44852487767832,28.78258298089831,27.221165341463955,27.032937128249912,26.45186761956917,28.352070440977684,28.5454348592424,29.104776538937248,25.760324943098663,24.498195332982288,28.604870219519928,26.78602919231528
2008-03-23,2008,13,29.054158702933808,25.74020544654017,25.2035064198004,25.034148395061493,30.275495606824084,24.548889830305768,27.77134192441713,25.842189330063857,25.175068056513418,27.40354644380619,27.084881793265733,27.264947433677325,29.88864407852349,24.720153720283584,23.46599458792329,27.681171462027294,27.90892735967097
2008-03-30,2008,14,25.309041206134022,24.203073170139337,22.36041707789464,24.887924313545227,27.030727605304392,23.982521570173773,27.055205492514567,24.99695203013234,25.147483407634574,23.868770327959613,26.422014518836875,26.575982551369066,26.66896662840972,23.34165123115664,21.29726633064088,26.955232877787317,24.288711563274862
2008-04-06,2008,15,28.52519039021496,27.50031896034029,25.507973049844164,27.391168089140027,30.04309454465424,26.300304778601056,30.057868223496147,28.4727342481737,28.44021567999733,27.252369636089384,29.453741739116182,28.76240287893866,29.63803394052513,26.410554319773446,24.30147925918862,29.762619619500143,27.62538023843277
2008-04-13,2008,16,19.899962266899905,20.16809111363344,17.605537762341505,22.169202211357295,21.84233447342427,21.22456033134706,23.18420021457505,22.307296936233325,22.56108136652967,18.67936776700787,22.121704217159387,23.311475363060467,21.771575817270165,19.10076588418204,17.97086968464439,22.64977674614893,19.56606952520715
2008-04-20,2008,17,23.39680831005828,24.18182635510654,21.51004867249077,23.034409101520264,24.844723498883024,23.39368001405183,26.88159586736829,24.622081618370945,23.580830144788887,22.104731489488326,26.1803619764584,26.30803909198936,24.75861828851884,23.097182059505027,20.684060173475785,26.813764333258405,22.620741629536266
2008-04-27,2008,18,18.924428153068707,20.165685466611816,18.09757062409341,19.463006032364703,19.091878733574948,19.511260856225835,22.703618102449024,21.21946621139328,20.566467783455742,18.787034093730227,21.859424186475348,22.29251789982428,19.41630429374665,19.35863862077285,16.964886346916725,22.23359276310572,18.28755693230025
2008-05-04,2008,19,18.29666854239799,19.983894796005448,16.651760673353706,18.9278396325452,19.310186231515747,18.845926866568195,22.90162555816917,21.12262062716794,19.710353669355055,17.146292312609198,22.34667510490913,22.97156499980916,19.564928485619973,18.673145022465867,15.936895696262768,22.801339031898813,17.655821256560458
2008-05-11,2008,20,21.92200690408164,20.96582414143121,19.284929955016224,21.867946445941925,22.09087822191985,21.03156651677312,23.33786844303587,22.291613983550626,22.28456696512181,20.732352425196577,23.1302224493646,23.354817470128967,22.65276175576287,19.76379507183321,18.50573264728308,23.8832242745476,20.88734076286584
2008-05-18,2008,21,26.731095676103003,26.546355033988384,25.13967764938205,26.415135159378963,27.84496019505996,26.73983381705855,28.688696324651517,28.00515711697665,27.614184954395032,25.978189401873323,28.251893310216595,28.18205666092207,28.077226086472912,25.682561727960824,23.63958448457362,28.55891919369333,25.815757371023334
2008-05-25,2008,22,18.841125973096386,20.48143644475225,19.01467248117807,20.128292410146624,19.639208767521744,19.48847003332896,22.38180514188272,20.721125077086608,20.42491480515661,18.863344532030105,21.855166737444996,22.548473571510005,19.28982235658123,20.550041021355348,17.16304971614076,22.51190640921695,18.827653712660798
2008-06-01,2008,23,19.183519101971367,18.139438121303566,16.54646321070755,19.317130447853177,20.51689232657522,18.90346559502444,21.420126675864356,19.85655252481436,19.422402193401656,18.05146058740176,20.44606470793357,21.80573741830585,20.67281461866666,17.17003664953415,15.762454717310328,21.400138115929533,18.4637110933782
2008-06-08,2008,24,17.930696745176572,19.22348904304667,17.772739914739244,20.19347439919199,18.693346795816936,18.99569740810909,21.64361934828689,20.6489409696901,20.26818898139401,17.69374850040346,20.99668974608053,22.22086998073238,19.09927690351332,18.79307763001925,16.263991296506738,21.770187887426925,17.725848923474953
2008-06-15,2008,25,16.030041684822073,17.587373445791478,16.42466352508464,17.351617648488,16.69595033587746,17.035538996201836,19.32606935918157,17.567351706864,16.976970782718546,16.13164698769191,18.545883668346324,20.84864095214885,16.876462149343894,17.745456868403036,14.410980555098536,19.929896483449323,16.034355015124913
2008-06-22,2008,26,15.67071751431302,15.839998838998106,14.029584337994391,17.12856663408734,16.70378617795638,16.31105526073559,18.76673772383709,17.33301303962609,16.805514217122894,14.761719604444988,17.76112579494328,19.45100417098588,17.107640357551425,15.717484512298912,12.72890556085486,18.834233293328037,15.449875845742032
2008-06-29,2008,27,20.589198037617606,19.49416807007942,18.734906169938743,19.57902514650708,21.006331976743027,18.70447577841033,21.662053516932897,19.5121275790326,18.72824944908605,19.927420936902006,20.947541360731247,22.14405317383635,21.3522557337772,19.07524265014564,17.296568098369207,21.842175231754428,19.831325207116468
2008-07-06,2008,28,22.850835152114215,20.80074867663353,19.998232703137,22.17745480509031,24.23735652333449,20.71780889773768,22.45491056192025,21.46063070421095,21.62145877211061,21.366127888451008,22.27400074913388,23.163970016726264,24.635307448250902,20.69775983510774,18.44496194278438,23.186080036797872,22.471330081677497
2008-07-13,2008,29,24.027555406784,23.27212980612001,22.438284400086964,25.67015060924348,25.14897722883811,24.10318811581095,24.160973023395147,23.768118548702883,24.996967367929955,23.263475966265823,24.223618088759387,24.529299933955357,25.75630716191296,22.53126362920232,21.73459170577441,24.829425442242112,23.102032768115844
2008-07-20,2008,30,21.70512462061191,20.34879985445344,19.034323286565936,20.61039434160505,22.297795167241077,20.304612255464647,22.347810027898227,20.760511867473653,20.312818581344096,20.318938993898097,21.840683554777332,23.213296556087197,22.784529273574417,19.84019472441468,17.62053933737508,22.708967832203243,20.955484557344587
2008-07-27,2008,31,22.85510687662368,21.64716723631186,21.296850567067104,20.15622953857694,24.339916490431985,19.787677539054645,22.876308379993496,20.70903221526703,20.415489199576783,22.359387850466405,22.12778429138712,24.178091535028425,24.54803151421565,22.26636117845361,18.877707130562627,23.92542807323359,22.306563761677705
2008-08-03,2008,32,18.73658990798616,17.939599837829817,16.387346846505192,18.42809853099641,20.23828376795432,17.89724533591645,20.075096344461247,18.76154457686784,18.338027813196646,17.421611460845572,19.464217598820145,20.002244221874967,20.44772899380982,17.074988011177886,15.339244265982511,20.13381958754329,18.622858762741085
2008-08-10,2008,33,21.996718606740203,19.502515047089634,18.728115650437637,21.25188922314417,22.59515054308865,20.54424279874509,21.04320119073718,20.22534783301415,20.64393842896836,20.569275193058868,20.593491482425048,21.60761294017905,23.13856332366531,19.27103738592319,17.357305943147445,21.320704010368093,20.65433186148055
2008-08-17,2008,34,22.943627302250803,23.42132884047941,22.19557568110929,21.602006353083112,24.504743141919747,20.611557457284423,23.05468191975407,22.003884779694797,21.004646551352423,22.276465308143266,24.15868740412064,24.58877203213879,24.330514323297155,23.53825974700288,20.10224299636469,24.790468451094952,22.89336851407897
2008-08-24,2008,35,24.338642610085977,22.685935498809,22.220552253638527,22.74806221610024,25.38042416985524,22.034566976235485,22.24781334434932,20.994327855791365,21.478287770556847,23.399293756324077,22.96600151062012,23.928177923526405,25.522249615790763,22.87554447368808,20.19692840452109,23.88687820583873,23.6028165258166
2008-08-31,2008,36,22.884036576579128,22.79516574416333,22.19609214313916,23.25357966054053,23.141671718975772,21.711607429818603,22.693352540797463,22.099419074120465,22.75897419196052,22.773112623710333,23.55934896427832,23.747504054375412,23.3623972362533,22.81002994653591,20.20966354320492,23.955089569091797,22.539679185078157
2008-09-07,2008,37,19.751784322191234,18.29176653981971,17.51620440114994,20.61524225558553,21.873752896120426,19.49838682245871,20.25718775156983,19.209894785695266,20.10732830480587,18.54912577061605,19.74564770372399,21.593581556952547,21.394564273274543,18.696630882094112,16.397995133653833,20.881844451516105,20.08631757070433
2008-09-14,2008,38,20.432653612458413,19.23899945724748,17.772099390427623,19.153814303023477,21.52139636448452,18.208513774159947,20.199713098064453,19.094539483801107,18.61454406876387,19.09904926458816,20.53023481245165,20.18772550027647,21.5303496891007,18.32420779576545,16.201340592875308,21.0591716859672,19.63290432585539
2008-09-21,2008,39,20.5139904562264,19.83832088157312,17.49961179193397,19.453075230121613,22.09929669123945,18.542976934170326,22.07720361159077,20.2571545628139,19.278003928712668,19.06761917890929,21.558969799058264,22.648265712666063,21.88305465042821,18.139459805852773,16.119536785584305,22.225511241099134,19.643628455879234
2008-09-28,2008,40,22.677308817781228,21.565108370425097,20.34377247650431,23.766949540092835,24.927646346131045,22.55038177706253,22.756757880786413,22.04280522779985,23.042520445620248,21.388149837541096,22.71009514135716,23.507877691736763,24.65975721462353,21.082555796914203,19.18004762313648,23.23732635139719,23.12910293440292
2008-10-05,2008,41,22.165267986066866,19.76111877447507,18.258918985182348,21.112729847431183,23.77485050932731,20.585788389277123,21.7943231343528,20.40922193502451,20.442247200385463,19.851230241584563,21.59209490771934,22.02033567428589,23.904488602200068,18.818257695278447,16.82908038155655,22.221031797375463,21.679927870269733
2008-10-12,2008,42,22.795051152488288,23.31915093739149,21.95602721245604,22.434291921910784,25.17793407906081,21.898721910965183,24.20223881690912,22.2662915901085,21.988774360276015,22.0959932372326,24.804859350460436,25.12275714694329,24.85089680402896,23.452468029349795,19.895432405373008,25.59599550922789,23.699917475168277
2008-10-19,2008,43,27.12228296100709,23.19391689320872,23.33619615306025,23.793812408333736,28.23182635444963,22.92378322007266,23.466762459312864,22.476478553871058,23.02162011962114,25.223197921993226,23.25396139466917,24.53575349689494,28.30230770332012,23.499438868146385,21.39016005654589,24.13090066853801,26.82432092682049
2008-10-26,2008,44,24.07961473992739,22.964610280766927,21.56118834071595,22.16319373959587,26.31106019037728,21.79788157685229,23.79183209811286,22.228452986184653,21.66358372096679,22.75661073519489,24.194178925551377,24.68673654386618,26.083178846072045,22.42196201570524,19.74551262622338,24.761934993318384,24.21310925612232
2008-11-02,2008,45,26.01743376301062,25.48942924410041,24.13284409733716,24.47504861298061,27.1321275048923,23.628126674637368,25.21316295323497,24.09367589876249,23.827806976676687,25.238251995048053,26.207264527820403,26.1487129473622,27.479526164448856,24.336939794723826,22.757978907323004,26.593851809865573,25.073515099013918
2008-11-09,2008,46,25.749115881312303,23.61039521038405,22.32648790295185,23.22272883000828,27.658550290687277,22.95470801590339,24.81320319439857,23.66677166827313,23.12469867250924,23.91859066258399,24.552616739479497,24.78200218426892,27.512950915627503,22.53573351581907,21.192886306589926,24.776415923803523,24.942786473790903
2008-11-16,2008,47,24.980294849881798,21.19687730162891,20.95466583644593,20.296182745978943,26.765582016183213,20.64493456831924,22.46474068644443,20.62843572294557,20.268350400570085,22.75635802437404,22.04843372823872,22.509620777037583,26.561141536963028,21.004527336153817,18.477287931403204,22.683736450284893,24.11575808100944
2008-11-23,2008,48,30.094124382834018,24.378378431934284,25.14030749161051,25.38914770739419,31.47531481586855,24.09047952796808,24.317419886241503,23.571108227519247,23.917355500088743,27.436095982220092,24.068723409413256,24.624925379483205,31.699579360402225,24.550537439972032,22.76772241103049,24.51653817955062,28.805614889150043
2008-11-30,2008,49,26.499681153659505,25.575338005765413,23.87882503790462,25.288141057604832,27.861936234616067,23.94635344349433,25.597066456652936,24.56306816695573,24.40281198915903,24.858781288927936,26.849850759464942,26.26282708407091,27.942101403092785,25.37365974830836,21.8952313689432,27.099846916422685,25.398963122355003
2008-12-07,2008,50,30.24925349516605,27.76312887033165,26.91522044509306,27.91442204089392,31.41445896309628,25.96156283787319,26.47488111935273,26.310566152597403,27.53913212942284,28.5382526577927,28.05161894595984,27.334621100412864,31.72842145242286,27.03831052610324,25.617143961815227,28.079810909562383,28.943805450377766
2008-12-14,2008,51,28.750748883496534,25.67208770190729,25.22371681792184,24.179517947492144,29.81443220346085,24.079797845396143,25.499217214111685,24.7882325358205,23.76487958687859,27.08951410802062,26.57291812979298,25.646208135908186,29.664930730252653,24.740639739797007,22.965343635474536,26.861076631191423,26.989949515566348
2008-12-21,2008,52,31.716712335515364,28.803629357677533,28.105382321043784,28.04912228811355,32.023044923603045,26.306384905271397,28.18913393604512,27.72633611902014,27.52596634194809,29.788081482371275,29.852985852724547,28.81373918795521,32.50256296658608,28.21412122716628,26.098088266992537,30.083848273917425,29.519643050962383
2008-12-28,2008,53,29.56993877013217,26.379158659530344,25.532044923929583,24.63306661446889,30.46996870400904,24.188218658034867,27.296239224536773,25.89374789597152,24.244026218608404,27.503896695020096,27.81748937796721,27.70907638272185,30.63274602264051,25.9226854722114,23.55990553878641,27.86703547572904,28.06291880697574
2009-01-04,2009,1,28.158990231566754,26.14326895528765,24.303894618388924,25.360690952766507,29.110532058953005,24.75997731615064,26.791631348279054,25.9656424069095,25.30346015474801,25.929080514725467,28.104129477496787,27.43589151130532,29.204537104455664,24.93615726996279,23.02259351362294,28.681401056786108,26.63199649988159
2009-01-11,2009,2,27.70665779752008,28.32610111500917,26.41139164749457,27.47212080160777,30.06544377872628,26.83800004102396,29.11254857788975,27.831184392161184,27.769075268635312,26.21776752665019,29.78921095943038,29.5887032377752,29.34225877923855,27.81370672672032,25.355962457383463,29.75292234551417,27.41189409009209
2009-01-18,2009,3,26.47280647886613,25.92014424887293,24.06669499415048,25.67464958486103,29.560744294760227,25.604131413856223,27.106433462471028,25.554029128830155,25.870424065337957,24.564493733932792,27.30906473135019,27.251635754526145,28.708929720992742,24.99343198799644,23.38985630955302,27.262477467904585,26.60529356439801
2009-01-25,2009,4,28.35290288741064,28.48031533145701,26.589222000887045,29.621536547229407,30.90394876905056,27.900945425340417,29.981845544309028,28.523771101716275,29.460160703341785,26.688780204249444,29.603866753846532,29.606430547256675,30.3144582431749,27.41591640135777,26.115572220616905,29.60443982312824,28.12817910803617
2009-02-01,2009,5,28.657393974687142,28.407621240310828,27.095378899426198,28.213958297457012,30.987019560762374,27.21271663405567,28.780565973621076,27.77106315810959,28.335324920086943,27.242379690584368,29.448477314870598,29.26687051150998,30.47647917316687,27.95502314701541,26.174337363650903,29.2043435606238,28.33792144076201
2009-02-08,2009,6,28.319320889820307,27.42810267934413,26.42855119239787,27.39049686420532,30.95078981513893,26.866811381650557,27.757052240844374,26.220746049757125,27.19756844925554,26.915874234468788,28.488115553422407,28.020868607287134,30.173081351983505,27.078168401804938,25.238480439044803,28.164495916049304,28.16825195014317
2009-02-15,2009,7,29.068474878829115,27.936262214107558,26.286060695428176,29.74853062345868,32.08339442543239,27.90497669627461,28.78851677029891,27.830621105045463,29.285160632049497,27.241587755784675,29.42538571213231,29.315578668907968,31.3587514921505,27.148612985131667,25.535562279999212,29.216178434935568,28.99159212189544
2009-02-22,2009,8,26.66546034843612,27.128069161860417,25.735227388519046,26.82144669975553,29.506380098118417,26.33392145949748,28.01282684726548,26.585854982648577,27.02142326332585,25.638028724121163,28.327224285571603,28.09544563807567,28.21105418886457,27.00896344488677,24.344702123073574,28.26895568235513,26.90089961075076
2009-03-01,2009,9,30.04917478868246,30.45463425569189,29.311703762335384,30.039795253958022,32.979249246909305,28.69940431759317,30.41316637978957,29.33094693766012,30.068602813899865,29.09968612057285,31.85323524805375,31.343866052653272,31.669642094939828,30.256176618327725,27.482153837607875,31.21049428592689,30.12436889766683
2009-03-08,2009,10,26.28905322346141,27.436880359771664,25.36928789786988,27.974870162350797,29.428089648683716,27.18438152426151,28.97198233868568,27.12115339898444,27.939430641801398,25.475605432576884,28.74690039333327,29.118294597636016,28.094750884877207,26.68316380176612,24.76287262745864,28.98870105706082,26.23435682877697
2009-03-15,2009,11,27.83536734022536,26.64304577923025,25.678209759222263,26.33047598600388,31.16566424507463,25.960512404276137,27.455428220787827,26.105741447349647,26.52672083457156,26.34695688704672,27.660477602739878,27.68498601682102,30.380637496594755,26.311612203558024,24.08125405161101,27.68127474626216,27.889299316868943
2009-03-22,2009,12,27.803229470664167,27.501957727647795,25.84789525584616,28.031296633538744,31.19086944642197,26.89447575769216,28.182466117703186,27.27446358321549,28.037846193854826,26.26386711541124,28.981151987051035,28.67921665736607,30.61678931519792,26.814568464115386,24.75217415642606,28.639501549259787,27.75268165891704
2009-03-29,2009,13,28.833389940102283,27.463080774238115,26.32065058896895,28.24827844472159,32.54587010116069,26.976216916412,28.006797234449024,27.15194463259214,28.10107450989128,27.081697137873405,28.788624358073974,28.20051580619297,32.02484466118242,26.999123302711816,24.921070248211645,28.361266608340863,28.71949031089515
2009-04-05,2009,14,27.1090696425665,27.32185448461504,25.666660437461225,26.71092381363823,30.236542873255505,26.00008086716346,27.81064206448658,26.590380382785547,26.95282278228879,25.72922189431464,28.95735270182292,28.54621500339148,29.50454965981737,27.030118801870223,24.194406960160435,28.569085313382683,27.06779113162881
2009-04-12,2009,15,27.57463442435443,26.659908882336325,25.371659995606223,27.79251102322624,30.704211721413227,26.50966206603375,27.144235054883595,26.251988714639243,27.49536057974261,26.20214015480101,27.735589957959725,27.242496690981472,30.28341580910112,25.844206622432804,24.61685139539585,27.409338755150365,27.28546986746981
2009-04-19,2009,16,23.697325609518906,22.98172151813629,21.44758818439392,22.48933089914776,27.076772075684136,22.87890777931557,24.61949783859031,22.25001647354721,22.64415724730072,22.02375727697486,24.249923149538247,24.561543711433515,26.44309937171494,22.73347539037501,20.287872913170364,24.70299945092248,23.90252504515841
2009-04-26,2009,17,25.283008771820267,24.65410877443326,22.972766153560663,24.94581061317807,28.29637384591149,24.297121644480345,25.60951829582192,24.408345992843827,25.041589289028817,23.6390103789631,26.009918174908798,25.838111905717454,28.125376320253476,23.754184808191404,22.15977849250413,25.82750635091106,25.121338875145923
2009-05-03,2009,18,22.86857911825487,23.04512300776012,20.87850329636893,24.221239691688897,25.31449301131649,23.26770112812136,24.78362123472698,23.489674413111302,24.22723646779816,21.49344341827324,24.567745656265327,25.429135517932657,24.99347580353726,22.73190370717443,20.07902425698446,25.239320277234576,22.79046976084336
2009-05-10,2009,19,22.501303740296432,22.967777013778687,21.0838543761591,24.06069051367896,25.08310113422611,22.709880526921925,24.359107359505256,23.480889363970075,24.17387978857977,21.34960287467433,24.20828088867717,25.05093847002302,24.357341072273996,22.6750255399039,20.04113467496093,24.791528824957386,22.79284874576764
2009-05-17,2009,20,24.452447751314025,23.513099152904584,21.996766239325343,25.30166616042455,26.717896926676584,23.791275733839743,24.424222412331805,23.933408339859604,25.071261096140645,23.150652556102912,24.60826293648063,25.23101271966076,26.629023736047927,22.945393981601484,21.456575166688022,25.008653931888357,24.32660469918881
2009-05-24,2009,21,19.603125664258098,20.10839819806471,18.13528094126677,21.137414215576083,21.47035791325093,20.449036784767333,22.15069115196651,20.87114033092152,21.364132710398994,18.78920869215803,21.29196831839425,22.300105878927635,20.90879687839493,19.21202445284953,17.524956116645317,22.04370453306374,19.421868177758395
2009-05-31,2009,22,15.19745402538638,16.900116909541556,14.008134396814516,19.31123018122855,16.59316580142029,17.8263693346787,20.103729581693862,18.58267894695332,19.422708655056887,14.130999743737304,19.0150105777757,21.56019665417324,16.383123789054547,16.136202932017376,13.313636947729249,20.354920926625947,15.184934630869533
2009-06-07,2009,23,18.177571631766654,18.67116007011837,16.514768829362627,18.95522996215593,19.752877278472653,18.15596647765799,20.25627363666501,18.95987597329276,19.374684482171347,16.903902033450766,20.202254372964177,20.305270549743327,19.686140212313088,17.868316269600207,15.512372801947723,20.345989505372167,18.275455993462124
2009-06-14,2009,24,18.28764392602398,19.064908114577666,16.42372983434926,20.80899965621176,19.66016823904855,19.266061198604,21.24257216717689,20.03237393911783,20.90609572125041,17.065547050051265,20.77137676503235,21.738439962227712,19.739047939712936,18.42032474031739,15.679614608128713,21.48002164284544,18.137419493050587
2009-06-21,2009,25,18.28032653150718,18.348168260761412,16.61918826682862,19.63230244886308,19.566824399833767,18.95034754076826,19.99067009850772,18.712130360293692,19.667680153408167,17.523740080800177,19.272074843072268,19.940043972508924,19.30154053032628,17.683175485125634,16.33650081710797,19.954467178090912,17.933154460876136
2009-06-28,2009,26,19.44492732235824,19.77628250010232,18.607074113894907,20.92072463461331,21.042811036551115,19.768621189407096,20.931427530227527,19.413958194286792,20.705622582519595,18.96147511485457,20.765479594804507,20.81770723913558,20.45221576267228,19.892130474729125,16.864133047959918,21.062227904213383,19.350842689246825
2009-07-05,2009,27,18.187405526101053,18.525859925284315,16.43593355777947,20.38945122701781,20.93734885073873,19.369678380713346,20.709818370140678,19.19742318190537,20.34712267201941,16.978443834457142,19.94169083137017,19.943685505910704,20.01877229830473,17.5772836147017,15.678432674357415,20.425546452023976,18.44231002992697
2009-07-12,2009,28,16.303652886104707,18.010683051558697,16.184486387890846,17.70269267615818,16.915917400780824,16.779181339259008,19.431691203103465,18.11573277361981,18.280919390415256,15.99515068517627,19.445448309828198,19.717783062927165,16.605732912262436,17.91405973106116,14.42486150889074,19.805379277805997,16.431264587489743
2009-07-19,2009,29,16.180343519920243,16.20174597677137,14.53558956043003,17.50562663447289,18.65227864249206,16.95477885659904,18.04592406158892,16.705531236227458,17.59341172369492,15.09609177463905,17.18504553625594,18.892319897757066,17.738702294449087,15.805578232188916,13.44318961649164,18.244124341617592,16.42649591194009
2009-07-26,2009,30,16.837385501640647,15.450564909082996,14.10741228240723,15.727379759152733,18.04659993590292,15.739266519534237,16.475422305893968,15.588371174304518,15.974019167241288,15.612104918208518,16.4025204844289,15.975026475130068,18.09833093039317,13.823665739379477,13.858055971927223,16.213678186420356,16.434898913709944
2009-08-02,2009,31,20.61258931693884,19.318042380215008,17.838450438910705,20.729618895621524,22.341087644140774,20.4482309901116,19.94734528877992,19.787111730204,20.05172651201311,19.458831720867096,20.404403571545824,20.19909927449779,22.27502558498309,16.147275822927792,18.0104013051047,20.321596980328195,19.53336985509672
2009-08-09,2009,32,21.59479639428923,19.80634693080174,18.97699871640768,22.167243934813,22.05753247001981,20.89942701749667,20.822258290326975,20.288894464567107,20.889298369039995,20.83672194620353,20.79643580593588,21.03252738762416,22.58575847802475,17.71648661289283,19.19715822257068,20.673278454931747,19.146817616857287
2009-08-16,2009,33,19.911024305964684,20.898884232364487,17.933091266343524,20.2264638032232,20.93831153378321,19.25912172791273,22.07036673431841,21.175629760940357,20.3770848403005,19.08658146804577,22.32087559968362,22.501154116864477,21.127715181660008,18.783846483430608,17.28800021548123,22.62996638870986,18.966687750623556
2009-08-23,2009,34,22.352585102753903,22.525113778327828,21.000875767502198,24.847953868763785,23.77434827732564,23.657407045057536,22.149770364121864,22.161987721827124,23.48017404317389,21.75403626080439,23.671613035160743,23.06540620551919,23.84477947853707,21.153296539705167,20.762402990070548,23.2798860049761,21.35699267657298
2009-08-30,2009,35,25.254640002355,25.083908806985885,24.625863402738123,24.858790962469005,26.69999946972602,24.21531005869194,24.432099384052066,23.36251512601778,23.278935531347464,25.04202504581756,25.851483084938742,26.85234296289737,26.45918462635467,24.893916899572023,22.700584062637407,26.38475252364247,24.82473892150221
2009-09-06,2009,36,18.04804295032948,17.993827823382706,17.27251402466511,18.63917857976187,18.710267536380748,18.304286567707624,20.09153721422913,18.760313477454247,18.8768723416935,17.393275647651492,19.2142149136696,20.9265444619315,19.185749319989707,17.5450065214265,15.36431103343132,20.185220388050418,17.874704458642842
2009-09-13,2009,37,22.15118123205472,21.026382513391944,20.363420324824823,22.206072611468176,23.59529243232055,21.553861173730407,22.18559790074652,21.2318500850727,21.637688727294865,21.113806225719813,22.331970099246863,22.74208520750472,23.658450187403265,20.54069655735029,19.220426037236315,22.540231185883226,21.987999665447965
2009-09-20,2009,38,20.30697028210418,20.8000325251744,19.4881180066817,21.74667656705493,21.111235413173677,20.866872534635288,21.807013631214552,20.483047995133838,21.076705780514533,19.721970834399503,21.709844438957447,22.26397234153233,21.3367445505724,20.63364779944471,17.89644091791545,22.25657684415754,19.58716723089912
2009-09-27,2009,39,19.192895146717284,18.061909155042443,17.9901977110036,17.895141895328248,21.33208283029778,17.851088354486297,19.957260790788748,18.116210507479583,18.205422755090225,18.123488079174027,19.70607863504649,21.08761762994319,21.15924306449743,19.62955367145305,15.482021610813238,20.606629436963225,19.86937822678661
2009-10-04,2009,40,25.069592845332515,20.859291318128868,22.16851051613199,22.312569247824808,26.848410808978297,21.7613521941687,22.454915794617232,21.478069937074338,21.968419571445413,23.828483069841447,21.796821192126256,23.037730029329783,26.78983638829706,21.24444484484257,20.249222831018457,22.65639280852973,24.481792318853085
2009-10-11,2009,41,22.73038590675462,21.669167057029224,21.453815918425704,22.36406580323265,23.80814436256753,21.61136682674845,21.955662424293276,21.09734556222891,22.00072969335866,21.909492611750977,22.597507434696347,23.01199503921756,24.196771606975545,21.97832755038613,18.95922032312381,22.97160454505577,22.465988995893944
2009-10-18,2009,42,25.08468461742425,24.618840421949116,23.852847036684945,24.89176814329057,26.48751588224217,23.67011190780188,24.289116189361664,24.04008973158799,24.610770561457144,24.472177016319385,25.31565925631173,25.361704517888896,26.69971233169084,24.19050373972571,22.37792146765907,25.358477922801637,24.50019080426815
2009-10-25,2009,43,27.505509385117534,24.979101266433943,25.17842172455132,26.22070995682762,29.172522837810387,24.763476110333183,25.465508230226032,24.63999487443404,25.17209735541894,26.485259029272573,26.199916745470716,26.487367809943432,29.399986854391205,24.81713709248164,24.03024160141142,26.343299932909105,27.207536210268334
2009-11-01,2009,44,30.53406235241982,31.511461100344462,30.32197743257592,31.71387517736072,32.00193391739219,29.40571828667875,28.94438077409483,29.325001519933924,30.08009137192817,30.57601464854048,31.474636376781383,30.933382311921235,31.865373153023743,30.89900615557787,29.021886465320296,30.93254479783388,29.68237661865522
2009-11-08,2009,45,25.89107306245978,26.295386685491373,24.93853456823828,24.91765684457052,27.410527677557187,24.07489204652214,26.85771320443112,25.93255968960849,25.258825197611767,25.22573073830192,27.3647357296634,27.79091516273684,27.454863645855525,26.32299174892605,22.82917426460136,27.68661464683697,26.000403573892186
2009-11-15,2009,46,27.94797065420654,26.987014232668034,26.620809293576013,27.605910851841884,29.520870523572764,26.506680600278013,27.035880842292272,26.562170402229608,27.267202970799637,27.39567038447034,27.929377612819923,28.33598327379664,29.38173062092549,27.137012894558342,24.67702957544807,28.13966346486907,27.819713877860423
2009-11-22,2009,47,27.565026910455376,28.43915021343272,27.122704119204208,28.781984394504907,28.44395813281937,27.57511431523425,28.070696499882917,27.785359649658204,27.87228926567182,27.099243441904623,28.93273363319826,28.70186145607673,28.600710323878697,27.83373208191256,25.680645324442363,28.7217946957702,26.953794997336093
2009-11-29,2009,48,27.65974828850195,27.9190784344541,26.84998157961557,26.651836290245967,29.407606801132555,25.62943868502073,27.699485083710695,27.033950166578418,26.537613303227435,27.26147705738939,28.710926582699727,27.939006666610187,29.272777240708987,27.23261002245089,25.12079576571801,28.25391177048655,27.407659717004577
2009-12-06,2009,49,26.746904346166584,26.15317924597116,25.357190325922318,26.149661288374947,27.98849743264945,25.06772558293288,26.664591108049667,25.887070080645675,26.03513536994471,26.230969562037053,26.99304797845485,27.14466335317196,28.11178603779855,25.20665232315336,23.8962176921884,27.016929167357443,26.34045618242331
2009-12-13,2009,50,27.87239038867533,27.52031517028809,26.25599157439996,26.988428885028476,29.81662705913462,25.83379694424388,27.23893167256614,26.50457308583445,26.747956667860898,26.86720819226534,28.63184837902779,27.896866171186502,29.777432949846773,26.695407985178527,24.745787274777182,28.064012758885813,27.335455397068653
2009-12-20,2009,51,29.084647005589307,29.299030678104486,28.24898586848613,30.577038503828504,29.990968050557893,28.488737457353945,28.922553993870157,28.83551051944881,29.582093319081046,28.6685286211887,30.058052751615445,29.83165078021766,30.114390943961716,28.3860186270022,27.43520676638816,29.69137171616526,28.16953319616395
2009-12-27,2009,52,28.734735039670493,30.086708834430556,28.328584230147115,28.66818419098854,29.93385131971471,28.152712079395503,30.01618744541535,29.355766035798307,28.33486170124868,28.28547214469437,31.39678495332792,30.420390342445064,30.1061458127379,28.762358031822,26.876167615561044,30.63191071975021,27.99714370043772
2010-01-03,2010,1,28.426873100310225,28.07746605578262,27.308611697185963,28.08870668922152,30.365723894403036,27.452785148276934,28.813478992562253,28.15492711748396,27.95896147748495,27.657515707112537,28.95189490049948,28.313088558433517,30.135518799417262,27.354129670493723,25.356419261637377,28.640415228976195,28.016043308288904
2010-01-10,2010,2,26.289324985047568,26.88286478839704,24.819046269292414,28.5198309024175,28.09930668258385,27.290557110171523,28.15544910820163,27.58777885734261,28.164261000497,25.41223352001005,28.2148287339644,27.840773086342207,28.09322361780409,25.498480730015253,24.38678534638017,27.93301473718333,25.69512411076425
2010-01-17,2010,3,25.88846904307872,27.516585725202745,25.238884642363228,26.75537866070157,28.16286352596664,26.317359828580763,29.05243286377487,27.816178409526877,26.86055520089405,25.16200276300797,29.376560567880603,29.14385158096684,27.706577553251996,26.631317600601975,24.092792927055758,29.215206982338263,25.38872972267336
2010-01-24,2010,4,27.809225931744468,28.938389807621803,27.099422465834667,27.649563204674493,30.13562994193889,27.652935779232774,29.27027204085369,28.92001197418609,28.039494126276963,27.006660168565165,30.092494510468985,29.203667537864003,29.811690278955407,27.61255403465087,25.868080264601296,29.49297890411198,27.49176281803059
2010-01-31,2010,5,31.560060483915308,33.34097932396667,31.357702129164306,33.88260480903443,33.50860003592084,32.37340609478061,32.07580935086175,32.691089477539066,32.15263509470423,31.2739243469839,34.67444773752452,33.52704824463055,33.196234625739024,31.83595946507818,30.26443364642609,33.40808923650394,30.565625086627563
2010-02-07,2010,6,29.4362041173908,29.5929788089256,27.988532838085217,31.209917908623108,31.63019569673686,30.172964191804983,29.86692952414643,29.775828735549727,30.41778051223307,28.451101957477796,30.49220143272763,30.385390073462634,31.28914616374896,28.427980917359605,27.146377820332237,30.250007573405824,28.740562347710288
2010-02-14,2010,7,27.148166074715984,28.115471334599736,25.709946052734047,28.897476136684418,28.86152296680419,27.80906033607984,29.54865583525455,28.95002155056247,28.968167452429604,26.376077232532484,29.41279007387368,29.589188526904167,28.65979137199725,26.763014397509828,25.290674965917507,29.41022000247485,26.253918282747915
2010-02-21,2010,8,27.460848797242157,28.350964725144635,26.33618734236195,29.00423770291465,29.15822384888644,27.703539358602992,28.896597642592717,28.53052023156897,28.65518832533327,26.83640954840438,29.596571731567384,29.21901573839213,28.97300073631021,26.67380372346697,25.697679331261863,29.139494569334264,26.97828950265026
2010-02-28,2010,9,27.232619416913167,25.865695159318356,24.74021492410573,27.784426481950856,30.101436938293595,26.72585304240616,26.52506258327829,26.02271970278257,27.52380879844472,25.472933929065757,26.56870273243297,25.726471124633623,29.78003113794511,24.70365909611136,24.03449297422273,26.179706502567303,27.33592528217244
2010-03-07,2010,10,27.99772174692829,28.786270069415124,26.907501888359768,28.725854470616294,30.390245280911707,27.52683228844995,29.83339148429671,28.324049587497463,28.78821493921448,26.595151269395654,30.482302293323333,29.609879681363577,29.94587610311029,28.127734187661684,25.133932044264267,29.905569599099355,28.063954141262084
2010-03-14,2010,11,26.29657403167764,26.76787412192013,24.87910178877552,28.90016212349846,28.786842607375345,27.521718208087155,28.143172589404937,27.28005640500552,28.54495590680266,25.1848068634222,28.26172705481063,29.045689729346098,28.368074770599723,26.25468156268864,24.007631326232925,28.620719346048315,26.26955733594869
2010-03-21,2010,12,24.65631363474725,26.42979579592056,23.739216591260448,26.70571998755137,26.94497065117057,25.584979296651124,28.135793936148325,27.323873569438984,27.06028228916534,23.831390933325373,27.972689072910327,27.955923275806192,26.59358462219533,25.08882056350617,23.22053568359169,27.960436266695687,24.642101810948866
2010-03-28,2010,13,27.323363803681872,26.665990035416986,25.32727642702443,27.95801962273461,29.50236078229858,26.485606901740784,27.58681660421388,27.27557690608037,27.756265675718303,26.17540776045706,27.95752717880976,27.71908865720436,29.511159918943427,26.287394688541728,24.63804235116053,27.874576202810623,27.05667932464106
2010-04-04,2010,14,21.26485599728932,22.44042498318117,19.700341580923197,21.85485015596662,22.97820587214676,21.3327819156524,24.2765737261091,22.8453854330484,22.526357908304888,20.28221824547303,24.040939565551227,24.23595882940164,23.136862217229304,21.085284959576462,18.08963490267657,24.19954750449224,21.150919188065032
2010-04-11,2010,15,25.59266656460756,25.33103765353465,23.739527253842294,27.18155257474808,27.49289758147177,25.81981425242381,26.27001067848317,25.61419409318404,26.671799586943685,24.497411270913982,27.01719918354249,27.241925185581422,27.32907473442637,24.82141945585697,22.709496513960364,26.97598572299905,25.604542021481496
2010-04-18,2010,16,23.45991850206137,23.28080561064454,21.9146705625749,24.77916003408886,26.13239501089101,23.83844787150889,24.833327073745057,23.902355408111177,24.823453220136013,22.183782188106576,24.85888407158129,25.76434483232524,25.30502806483089,23.217075111651827,20.69438720249148,25.34902687968573,23.983507635779777
2010-04-25,2010,17,21.17438070378249,21.86559287012259,20.216903397120937,22.60183230184373,22.715008010694845,21.8230396403309,23.488881063878363,22.49218343561346,22.751483379744737,20.440704418650093,23.23693430021212,24.061342414177336,22.64055871963501,21.19221893600385,19.07105395110996,23.78715838004932,21.3350447747264
2010-05-02,2010,18,20.6315191421116,22.01821430354739,20.381338454604464,23.202746809948056,21.80050346817819,22.01335882925773,23.76669475010463,23.00864793356363,23.236074417771192,20.36893042295132,23.77004631174591,24.642449810819805,21.84416666362276,21.797998327203167,18.762722600083613,24.30343627556429,20.55509953100405
2010-05-09,2010,19,17.018843552627466,19.396685112259792,16.40987271255588,19.78388037426131,18.3001798302222,19.08409645321133,21.804181101718378,20.64778675376595,20.30583594223291,16.589402817767976,21.35768406112473,21.81368236593159,18.339808934443703,17.87454767457383,15.57823949444871,21.46909356537164,16.34390273891048
2010-05-16,2010,20,16.911481714923717,19.029414866270542,16.432489183166965,19.90832755679176,18.25155826218476,19.46591245928633,21.643678515019985,20.49233572427328,20.42844335906893,16.22723549477027,20.618314705885847,21.585357308709074,18.234992540020738,17.918758510835662,16.02545977982806,21.250442056973156,16.63591265871197
2010-05-23,2010,21,19.883586368045293,21.29277615964031,19.10662067433639,22.011805801164535,20.993315979783223,20.982541278215603,23.223428186800323,22.319863416002946,22.46869977999573,19.416318095306977,22.92221561613537,23.62032338422585,20.98640452940952,19.99391402866136,18.25241984048254,23.345641906947307,19.78928207644234
2010-05-30,2010,22,15.778161678535136,17.45801170141712,14.894839918073975,19.206656755436036,17.611038832731552,18.418715399664805,21.67610269107207,19.848229572742014,19.852404783849845,14.87597945087806,19.86219205402193,20.56423388144398,17.44612066165821,16.604748550780357,14.01998861058308,20.484515343160314,15.438156992920003
2010-06-06,2010,23,17.44955504968513,17.423594559179442,15.99963785931402,18.56119117708433,18.835510049900417,18.11662593556801,20.69931372817681,18.99650403604879,19.12916179365841,16.592467680824893,19.27509894267821,19.980554031875897,18.73091961242057,16.642220415991666,14.63625973168697,19.96975899489192,17.691288442945865
2010-06-13,2010,24,21.250305539085755,20.97048604208777,20.005529194250503,21.689829383577617,23.10842622605895,20.56035626041996,23.38257701751442,21.848041977820458,22.22959401976106,20.335677255795694,22.630921126856947,24.66702033503036,22.827771571612267,21.551139369612866,17.563157597383054,24.00923801728191,21.23477141490844
2010-06-20,2010,25,19.77925096607576,18.827962468173716,18.486358778817312,20.024040832406,22.2756995837129,19.47926613109299,20.981371704412965,19.8302842311116,20.138252718341327,18.969083481349884,20.12610553229526,21.47949052306841,21.735748401479828,19.17574221501956,16.65275082258511,21.19995592344997,19.82591062543206
2010-06-27,2010,26,22.801755600761112,20.695168905420854,20.96497439576549,22.87495746499016,24.93098628723912,21.73208340407952,23.40063121784533,21.984723557806632,23.14802258448591,21.722259783235256,22.564399745660424,24.49677380718632,24.715324967063992,21.39734845676581,19.63500708380368,24.009427583847497,22.52600647882631
2010-07-04,2010,27,22.60835197625473,21.096872077567745,21.253684213125503,23.373242785533268,24.509125628354894,22.70038295804764,23.44600883239212,22.21541819783,23.500142925172867,21.77644308774624,22.54205793405508,23.733289183953374,24.24808845556841,21.721290994454712,19.5346550092557,23.58416390838921,22.371960768481152
2010-07-11,2010,28,13.108672503492242,14.507229636218756,12.566028175675562,16.35622937196777,13.762253839999635,15.49318187117116,17.71742455952369,16.45093522158536,16.906289763180013,12.608942361730826,15.976286990508374,17.34391232063828,13.985489470618113,13.886581558081108,11.683634581091432,17.009846230075784,12.625971473773534
2010-07-18,2010,29,18.317682905700373,17.757203119395893,16.997986037855984,20.12477518547149,19.20679541502416,18.849096595243747,19.36041309812673,18.095131706634124,20.04369966764506,17.539702309264108,18.978158948328588,20.787741482418507,19.30949430392055,18.694043214961763,15.681328112290467,20.279984910894044,18.062075018561437
2010-07-25,2010,30,22.310422902248384,20.39436757234114,20.446761389379493,23.74813421851113,23.30811342709511,22.020707669251976,21.80394713732661,21.032583908972803,23.56453965274788,21.61931915787396,21.09440259479341,22.61925776756677,23.2471162729742,21.066553015080565,19.03691955153783,22.26336511287204,21.646738080644223
2010-08-01,2010,31,12.803392788311385,13.50486419246649,11.654290594458052,14.101699505533489,14.483711655628762,13.832641187321729,16.261610998704203,14.51274947946722,14.66236291192982,12.04441246138917,15.22557984182845,16.205275051677322,14.268757010518812,12.902387359560269,10.106442870245989,15.93527388059463,12.735838226552282
2010-08-08,2010,32,19.617956026487214,17.859283034989573,17.21911977261913,19.1316217141492,21.652944821767857,17.949765479089056,19.741821353011503,18.32827634093049,19.26629676930825,18.38040109211736,19.217917077365893,21.066476336065328,21.30096372582277,18.2054086737261,15.13715363111705,20.338282443305985,19.76661230483145
2010-08-15,2010,33,20.343693671846324,19.1462272489503,18.373201059681605,21.033044829255054,22.053202365787712,19.58250303280706,20.52976377503865,19.74237840875403,20.463942343941408,19.263350021182085,20.289444371838595,20.971427196440988,21.9423976469224,18.86853551543839,16.953714827691694,20.678577897133422,19.96388456956395
2010-08-22,2010,34,27.92692044281437,25.95970034040113,26.973950744838763,26.44254738376254,29.64841031428181,24.85441434214628,24.408343423559785,23.67763551390016,25.26052197271597,27.73116438193048,25.62388771849793,26.46034126333149,29.190513456189954,26.71570384875087,24.482910079514944,26.02381917875107,27.24693956400828
2010-08-29,2010,35,25.525683325690192,24.55666670158728,24.904425441637013,23.79860040403548,27.236065220073986,22.43287536689827,23.50807768818936,22.763675144740517,23.531001165655027,25.01152770725761,25.141350581842065,25.710597686047823,26.622165945045737,25.687860762879552,22.23736968393126,25.43716873721367,25.725911017055456
2010-09-05,2010,36,22.40316407806318,20.699865076841828,20.612660957207805,22.521528996172407,25.151600419813224,21.026657378197942,21.29553198188804,20.562816036273908,22.342487370664596,20.7250167725459,21.442989315511856,21.35629610745412,24.539576213792483,20.593216713775888,18.252435574385665,21.488846831125755,22.875505647248016
2010-09-12,2010,37,23.3317741384224,22.38641031566205,22.57624225311821,22.10012964407603,25.71573917747514,21.04224434414425,22.969253367654787,21.38769183864841,21.788259920542018,22.49606105366762,23.439004519904334,24.05915763628772,24.76776682548081,23.50320401661567,19.29560357109663,23.89918831603168,23.93937483887788
2010-09-19,2010,38,20.750439866015657,20.239042719289948,18.945970013592238,21.702091872692108,23.212779730536337,20.923911844594752,22.08234889305715,20.261308780521546,21.05305441391678,19.431096708814795,21.23672907445338,23.11701194937981,22.703480532730865,21.14077056610023,16.98908306977399,22.691136369499908,21.12211304919096
2010-09-26,2010,39,23.11960802851496,21.482517733502743,21.02009652246917,20.956318442310604,25.299308309548,20.641866083771102,22.107502144905293,20.54614539109267,20.55142690710825,21.756776457830544,21.87302053707503,22.9824642813752,25.123278245962723,21.86443140160485,19.09465579623574,22.779987775649577,23.05697280570181
2010-10-03,2010,40,21.177152476562345,21.16522258837848,19.250843693750983,22.168392223971228,23.949493429380205,21.114050246573782,22.57531692682828,21.14301029552113,21.47466752767096,19.638791037088573,22.30572121277516,23.654022563821226,23.637419483376284,20.834989171845194,18.088364182079136,23.227029369301995,21.52525047664694
2010-10-10,2010,41,22.118840422562805,21.6335380021443,20.28896748839804,22.23589936892192,23.915334662007545,21.359134931822084,22.902480751015357,21.42425852837501,21.668515517053773,20.754683162015525,22.688865465106385,24.07234728368466,23.895856551682165,21.774110525362943,18.62985004042752,23.77060995083266,22.02344829374246
2010-10-17,2010,42,24.08771022958645,24.083228274957456,22.896004450881808,23.660277951331366,26.095276169738096,22.530452455793107,24.242299399640054,22.864092710420685,22.819387506832115,23.03957799905063,24.94500821431478,26.45889763176602,25.954093818959123,24.841412476696984,20.989584526019737,25.93973353884225,24.001400018316712
2010-10-24,2010,43,24.714434907243053,24.687443782017425,23.76493293961912,23.71192869969777,26.580772685086966,23.014726366315568,24.933563805182544,23.797319298285945,23.418279545181186,23.959117761747105,26.024277535971112,26.36281429403876,26.627076296272424,25.357680152799475,21.362167024118477,26.32628561792541,24.656164319688735
2010-10-31,2010,44,24.93732533890615,26.044967608665356,24.328641138356037,26.71807448636918,26.760597874198822,24.71731925532317,26.869929989294825,24.963840232948204,25.60720025489941,24.0789413291236,27.900015367780416,29.30454134105672,26.467576816735583,26.736138688371643,22.180354129604705,28.527672818029,24.46154012577232
2010-11-07,2010,45,25.620048645687223,24.744620011051072,24.301266818313124,25.846701511314933,27.315217356254752,24.15075973009971,25.159857791644843,24.048466853352338,25.009968296655707,24.76529964150943,25.590846865104908,26.37808303627364,27.39345079223161,25.002618969312334,22.037646491221423,26.09476529922038,25.28633356351416
2010-11-14,2010,46,25.89681605973606,24.863020797274007,23.89184004623697,25.82034276496796,27.988513126274466,24.25374053896164,26.13287783920244,24.59605559410987,25.34346719170736,24.43774638267148,26.12475979462331,27.549146783319763,27.952067108227936,25.453753539682804,21.541544222940853,27.07140902390452,25.407463209969656
2010-11-21,2010,47,26.82423918833297,26.03060736483348,25.599634673178677,24.6621128661292,27.82632422288377,24.372438509338465,26.34931187866033,24.628664474487305,24.358707847893825,25.84692600580651,27.04993207692068,27.71310708850542,28.38696319440157,26.70023154684051,23.00499651501536,27.48271663688167,26.609592620253235
2010-11-28,2010,48,26.453409047660685,25.9160944495374,24.439804853965672,26.48990284828913,28.328057741607054,25.600888599606865,26.72838763245341,25.62077792180049,26.101280820812963,24.757719494762785,26.934653127761116,28.822974446648857,27.95764968386028,26.5186000442052,23.16587758138937,28.06005320763634,26.19728163181933
2010-12-05,2010,49,26.17979323879325,25.95722869210152,23.9799622397774,26.839933270499824,28.563323207999225,25.782156592016825,27.550776362071577,26.00360972515948,26.06995785819574,24.783605682836477,27.03330904807879,28.918839755405315,27.69108520787655,25.842944033871447,23.44982984180308,28.195825311769013,25.90237960532669
2010-12-12,2010,50,24.17589216833716,24.53511037907875,22.467923218524867,25.44478940396081,29.68223196096018,25.174192330398466,25.76652717590332,24.548611419479567,24.81415209984826,22.78915195443633,25.536149846526964,26.268252449858217,26.57182330238313,23.74500577554525,22.09040122306712,26.114708797805697,25.032458698653144
2010-12-19,2010,51,28.56283612048764,29.211724623942423,27.57521400688598,28.40067950033006,30.67770614736968,27.438922332213803,29.272144423281837,28.08533152889896,27.709389429036417,27.623425722926758,30.193001977499428,32.19346110454467,30.18599417402937,28.94220237294157,26.18582018413649,30.991535854899485,27.919124941298907
2010-12-26,2010,52,28.607752153158497,28.56381111307693,27.355954216768385,26.7526621563094,29.315392326902764,25.890495454942855,28.252981041332724,26.91788680138526,26.636573084179904,27.88082750790299,28.96405015590387,30.200131220958944,29.914554397111697,27.57350514347392,25.65836980503113,29.44139258129023,27.83705224759495
2011-01-02,2011,1,27.968115233393096,29.3941384886882,27.580509868679368,28.80734401515552,29.466306474630606,28.053662566451344,29.629373088870032,28.729903830986515,28.374507448677917,27.421829799699303,30.71761021799855,31.8636594576977,29.38314871438222,28.465658705650604,26.247727273487524,31.052532270696528,27.472546748395235
2011-01-09,2011,2,28.45115804242658,29.379283868427724,27.7889040682098,27.878632485866547,29.53490174249046,27.47075395571833,30.15739861313177,28.5727511933562,27.49081377413875,28.03020902961928,30.85838455926805,32.32542086033166,29.669046714959457,28.256606153692704,25.7910808479605,31.29072269954793,27.684021489639488
2011-01-16,2011,3,27.541998618971583,29.43595313924208,26.96888197769395,28.21928381919861,28.735753950942097,27.49101435539805,30.293617343068476,28.319784577605013,27.58775976446044,26.92076675749737,30.731494289249564,32.27110572002648,29.120407277552776,27.97550756788839,25.20035266003187,31.23266255179029,27.30223749911368
2011-01-23,2011,4,29.601271375265824,30.536859733971955,28.405211199038625,29.77168361345927,30.63388598997623,29.81150622717662,32.21739027729535,30.424172224564987,28.8660687168517,28.95019951445984,32.415015029907224,35.1845348491823,31.046808583395823,29.897335092493982,27.285036426600247,33.522422488188326,28.83532496218411
2011-01-30,2011,5,27.917732003112555,28.85607913714736,26.630857157093715,27.989865213632584,29.326976560116872,27.95319089312657,31.033007201926008,28.88962190999613,27.74286906546576,27.375046904899676,30.59206557170653,31.90347905171849,29.41559935536624,27.59344319085807,25.37848070080784,31.16358192652872,27.556112582471496
2011-02-06,2011,6,26.165186672137047,28.59130674638728,25.93949542515238,26.84988538708005,27.112159260284624,27.02263591034839,30.298744824467875,28.93221392643916,27.09693770772557,26.173183227684955,30.142004156731936,30.97740932937581,27.403989241390157,26.981593110507596,24.82845166940857,30.28348979837974,25.29532403123347
2011-02-13,2011,7,26.990190164769785,27.04881047389146,25.381202955000568,26.84451185521625,28.38707339543047,26.57654085490695,28.155339944466903,27.13091774383149,26.68188222747026,26.10272755424405,28.19275563227666,30.309088416497985,28.655153475212774,26.08755532262068,24.112724865927408,29.020495715206614,26.39235953693441
2011-02-20,2011,8,27.218030168589788,28.719759514082725,27.15607709639244,28.67355790024712,27.519290396057176,27.59051667585336,29.507626230445616,28.32108392690683,28.072404650559392,26.697445239741835,30.001035417829243,31.4921690511575,28.21015260394476,28.68288391741265,24.788940224294866,30.59945240879245,27.2302162897876
2011-02-27,2011,9,25.022560185907427,24.815526252616444,22.826317341219777,24.854616091364903,27.060898314221184,24.27698444675755,27.502946592280885,25.38269410368684,25.11185019356864,23.663181574191764,26.2282002155915,29.780839089756064,27.227384510187573,23.181798039758256,21.816891913068236,27.75785584645729,25.123336435970916
2011-03-06,2011,10,26.213460843688893,26.31931071901626,23.96007137417053,27.25590988000234,29.03483364689712,25.887664404615013,28.13026501624994,26.647871720945684,26.855116616489838,24.79147262272873,27.60778456188384,31.877469471522737,28.523133021984325,25.495787606580866,23.28605596211065,29.381159586449197,26.54629907196744
2011-03-13,2011,11,27.283355010829226,26.68926615603189,25.67031116113265,26.60057130597886,29.447482760617856,25.36301440529841,27.637702469227964,26.32870823649617,25.76917528686225,26.1434065440106,27.70288281131101,30.01832777213536,28.981572186164417,26.135858002131663,23.991748394893754,28.665863541007734,27.47002847882294
2011-03-20,2011,12,27.52875239938076,25.480348720225187,24.761993110338565,27.044789728664217,28.88740877819273,25.3560933048047,27.54179149883481,26.138968111508856,26.439193522160306,25.94604954220715,26.97140658490069,29.27630994647661,29.22386947838036,25.49340153985878,22.91156996201102,28.119145555738832,27.38982420276118
2011-03-27,2011,13,21.978149040938955,23.19875870381337,21.189085608366437,24.873102023488,23.64406013488769,23.187491101494476,26.19766810336544,24.69982734680176,24.7954809409065,21.2365310216245,24.821819701752105,25.890372726152528,23.68975586136336,22.748279784383342,20.27588036995973,25.59406258495353,22.27517979742703
2011-04-03,2011,14,24.77345796042581,25.30824392436664,23.786765152728968,25.395845586345317,26.231526614117847,24.20770520930738,27.325013141242824,25.764390116109475,25.01863232517429,23.89340746442969,26.97723108266856,27.456291604877485,26.531825647390946,25.10673971746012,21.489579465411648,27.260267955682984,24.833569948242683
2011-04-10,2011,15,24.945425522066607,25.40143937190204,24.16130443495147,26.80748637517293,25.440395370754462,25.321430169477424,28.098969923859087,26.813572254924036,26.752913053255025,24.627416843504417,27.353111509843306,29.44496952169989,25.92562943904096,24.834558936037187,22.7496249989928,28.25941338137872,24.1697488962158
2011-04-17,2011,16,25.867290543466616,25.275057329043648,24.728047816015074,25.72200026398613,27.13581504793541,24.827107433186537,27.485579404469487,25.81650315321885,25.72605073708611,25.09011437573771,26.54417895197352,28.256978770150653,27.021101653345763,25.74634622046256,22.581619096818933,27.54466927261502,25.842348869920095
2011-04-24,2011,17,22.52747051872342,22.50699034631888,21.108107765691937,23.811061098462066,23.973853301154872,22.858269017635628,25.25488082173961,23.645343468405983,23.48880137762678,21.501214686072988,24.28670138239345,27.64710506788804,24.139146132818983,22.21270150538249,19.71540977121462,25.910397329908992,22.465760514421284
2011-05-01,2011,18,19.489671254250077,22.66976023127021,19.80218756209461,23.871622863269987,20.835732864504124,21.960016964945552,25.553619184577432,24.00695804942738,23.73419508775386,19.34805326976712,24.634828689707305,26.73448888310846,20.6838819603202,22.04292797485641,18.56719598515124,25.723199609207786,19.44267176296512
2011-05-08,2011,19,22.699967078720743,21.20614566020112,21.28861772643853,21.90272527081626,24.56785605802613,20.962782160195605,24.355216268200216,22.541816060945585,21.876359483267237,21.782315434433343,23.359295621269197,24.10129086476452,24.239401320232844,21.58310367280804,18.156641477678114,23.88684413484398,23.24632835002601
2011-05-15,2011,20,18.61019988409801,18.62053431732568,17.296782539709543,19.876993913026084,20.00559454084237,18.902369269686467,21.48748501257716,19.81972362666935,19.97627855233717,17.600596257350308,20.164312768085697,21.165831559430558,20.450304079239896,17.649117855106745,15.365691544090057,20.716558510543315,18.60882498247604
2011-05-22,2011,21,20.28597503892857,21.3889843975303,19.32070330761128,23.04356777384168,21.2502629275149,21.74081347992061,24.05031323224393,22.5055535145549,22.72422729219709,19.61065049058809,23.303296147796495,24.4043083396562,21.48826756716695,20.98890733058433,17.438261734551904,24.05722141825756,19.9891721758881
2011-05-29,2011,22,17.310600362996183,18.09150263902221,16.886442820372153,19.680286286842257,18.947655280372285,18.686274955631685,21.85118773657796,19.68161858001313,19.652182625697783,16.970309167396366,20.32380784104913,22.493506195088926,18.75785563074944,18.03716049375485,14.696531823731938,21.601565403947625,17.61322932359022
2011-06-05,2011,23,16.145581427074614,16.82180264306221,14.964231684446972,19.15634767498289,17.250880421399188,18.005041836771724,20.32887913117256,18.52058753521412,18.9961515993988,15.396703927669805,19.06341553394929,20.712667158029145,17.400773470005937,16.36436548372668,13.592460666096834,19.99982211081249,15.955699278659257
2011-06-12,2011,24,20.97319257827032,19.42124389737908,18.884520495160025,22.83088931441307,22.43218209459374,21.29572803418762,22.773400409576148,21.091567005306096,22.020021510450803,19.60218227834884,21.12888176823075,22.558499584300822,22.83458320330469,18.99167978258816,17.601909256992325,22.06909880479488,20.912265151016157
2011-06-19,2011,25,20.35245423458104,19.029179943141653,19.373501568212905,20.90059792285874,21.088216507726028,19.88958056215461,21.872643584760212,20.072828250736386,20.406040724476256,19.796167204699177,20.842288044520785,22.851861915177093,21.11529779894472,19.923001411265894,17.113427067974683,22.222486160039438,20.18701535286608
2011-06-26,2011,26,12.745707875206357,13.74086775861061,13.1464623751213,15.8653292514029,13.23123417281822,14.971375095337974,17.258728694637732,15.767782826114011,16.131101467371455,12.67831899156989,15.339878126449914,17.448955817363974,13.409340263793826,13.875561687754791,11.627330092285606,16.475145030161638,12.588801179934707
2011-07-03,2011,27,13.195947566701332,14.663119989671689,13.491978813508176,15.750176380077995,14.105030036519668,14.527823785710671,16.599069042038987,15.110566852866828,15.441865951814297,13.041327330339344,15.775977448467568,16.968414572692627,14.290181872467276,14.780792332186168,11.905783861523735,16.500502621824264,13.377576330280045
2011-07-10,2011,28,25.33358009564217,21.771624809135,24.16602260704684,21.99102305656388,25.58162888132317,21.86890597938724,21.946702829255305,20.848785157637163,20.09690792733209,24.773968812451184,22.201926894414992,22.675791640166008,26.07379404090086,23.64165146906573,20.644446913577426,23.04803679180705,24.75058187628692
2011-07-17,2011,29,19.28546112752789,18.134449369109262,18.00803291765905,17.563294229053316,20.142308250698317,17.33278119027078,20.43070194811585,18.178587695035063,17.359217717456257,18.617131542703568,19.80755755767161,20.80710419426067,20.269699943571936,18.319557514500133,15.336798618282646,20.57870629342335,19.6068918081628
2011-07-24,2011,30,21.64014911897087,19.78686749757226,19.87657849896557,21.69328447324889,23.362008164671945,20.60881721098911,21.926911762782503,20.45246797140543,20.81577076697303,20.49022369202398,21.354882016532866,22.36827804071884,23.65865377845911,20.640483520320625,17.524524294247374,22.422140016947708,21.537802185973717
2011-07-31,2011,31,15.39779060687798,15.80301229938515,14.63939227693993,17.207538942495983,16.127955613182177,15.90784908292223,18.8869874637259,17.207075410818128,17.294314942481236,14.64490221938615,17.40878450880835,19.30629634086013,16.533829148671803,15.67018069737883,12.427165491154213,18.40331456432604,15.023700110995868
2011-08-07,2011,32,24.57364113020928,20.90656919062519,22.36677455775169,22.264256461745216,26.32983221114785,21.43661389172921,22.187601234057897,20.87570131673441,21.31484642234101,23.498913389491285,21.793620998002748,23.046654788631635,26.374363350592063,22.20481683672961,19.467322103031226,22.79832256190231,24.28404341232423
2011-08-14,2011,33,20.77834082570315,20.289108524444515,19.81705635674992,22.329818512712205,21.87489610950123,21.42384689286869,22.178756041012424,20.692086477403517,21.33681107313899,19.991017275639678,21.51593753022033,22.631448577356466,21.92586391128628,20.43210766727763,17.96402033619983,22.30917735389068,20.635359525037902
2011-08-21,2011,34,17.31231465947214,15.967231257129582,16.20268360808981,16.41563361457416,18.17275929680407,15.687830481903587,17.38194333290567,16.080122692058612,16.190365516509562,16.733711521590653,16.769501976739793,17.192933425749086,18.53140128625406,16.030501788342757,14.14660118712313,17.33585852792818,17.151543959131782
2011-08-28,2011,35,21.113191932324742,19.271979621224315,19.87204874947522,19.89401352263632,22.916558090622207,18.897817126879207,20.29576280999809,19.006160059842195,19.16763280842402,20.280540615957158,20.16866220416445,21.15018477658377,22.635601633764143,20.494813910387325,16.654770495718687,20.860735454671303,21.15422540212256
2011-09-04,2011,36,20.14521563221896,19.162760011677044,19.22891103174164,20.27462617627212,21.803471185471015,18.981570619413752,20.004129509884137,18.66723520848658,19.508096818121444,19.624081541904584,19.89296946752639,21.020272355195328,21.53821499191196,19.875331009146628,16.90032418117096,20.73246367616896,20.103053006200454
2011-09-11,2011,37,22.92512866674396,19.94488695587939,19.752983407627298,21.295870836292,25.35985129220145,20.229528441852587,21.377707239490206,19.813539451004623,20.448822838919504,21.1356356747373,20.76952770282696,21.850825041130868,25.382878581529425,19.919137787149037,17.974765558525384,21.411002390538645,23.16284053344932
2011-09-18,2011,38,20.972852972023272,20.72878345548471,20.41389546948613,21.939979113283613,23.06017857741463,20.54305112806833,22.1888736969528,20.76217245919364,21.343077548562665,20.53740749208946,22.09531173458348,22.82487558997224,22.669080748981493,21.656199972290835,18.0697640398559,22.88618166152745,21.33361452544796
2011-09-25,2011,39,25.9937044141222,24.655853239458,24.59579854828125,24.83095574237052,27.753743429346315,23.111816855471105,24.189094549017813,23.230183427984063,23.694361430091632,25.313225616352096,24.785804408350035,24.34456969849825,27.431916614296817,24.724614535483816,22.265577835968905,24.903440244043875,25.891426568404043
2011-10-02,2011,40,26.234577473526294,24.34745113173528,24.31635166251141,24.96585858435857,27.82009075201502,23.480312843273666,23.463620077416778,22.816281081856072,23.953918759370268,25.10106912533532,24.565237398684285,24.54557434503601,27.9059932756608,25.21223896390419,22.07171434151124,24.840835582486804,25.966572810376107
2011-10-09,2011,41,24.057730239023726,24.18322113582066,22.553942520425927,24.68207017013005,25.030258890260686,24.00281512629878,24.536950258749915,23.801215226805056,24.32393474914789,23.14117185337337,24.90352993589459,25.04775707162615,25.37820240337416,22.889595446116758,22.036185158674645,24.978660680543182,23.48953674809952
2011-10-16,2011,42,24.95189870002187,23.057048960281083,22.75272345098649,23.331946821439832,26.379776589699272,22.099337851525583,23.344850484553294,22.40503278955237,22.71597014201364,23.63960792726017,23.371980691885017,23.42618836868163,26.650131159307413,22.42189543059469,20.43236814984584,23.50614661573197,24.71680050204706
2011-10-23,2011,43,24.34212361584913,25.3302845070357,23.52039563518345,25.146809555235365,25.6456165398429,23.550923655545542,26.34211792125646,24.993996501773985,24.075041100936858,23.529262063205586,26.667640177408853,27.295008895853456,25.73604686287839,25.328488194805665,21.22733148544043,27.072384201617155,24.1158673538352
2011-10-30,2011,44,23.91941352608581,23.111767547217003,22.00708508851153,23.51708903766813,24.777730297989358,22.333080073274395,23.56219649801449,22.252149546239284,22.504886597336625,22.63229685183719,23.6893526234152,23.614995552844437,25.32218902359598,22.562074358585,20.10478767077052,23.86802280672376,23.426069187668134
2011-11-06,2011,45,27.97464217305029,27.1105317276424,26.59152257051104,25.63485959030333,28.417835981028777,25.032323800458872,26.46631194690226,25.474353363235277,24.953738932973486,27.228416455744085,27.595358083155247,27.494528636778146,29.163367834790797,27.06900071437339,24.70851712191257,27.71595845903669,27.373376265369014
2011-11-13,2011,46,22.321903927139022,21.611474801228244,20.167028582825957,22.684178505625045,23.768742447690023,21.54432996605047,23.68487517131661,21.93136039832969,22.453551447321523,21.0815335816554,22.756016745298968,23.99366182394105,24.04138688507227,20.74776688195709,18.970057422240014,23.76743945216946,21.67614036493224
2011-11-20,2011,47,25.7036936230948,26.62063376888284,25.022544844761928,26.84327420734224,26.686109120716967,25.479788496687604,26.75314301582536,25.396773639034915,25.39700364973213,25.044892360442667,27.61787114989706,27.470498701954146,26.86218922847026,26.62552612102405,23.327676477618347,27.802379555898167,25.42939837473744
2011-11-27,2011,48,27.570133847466156,26.961822447746297,25.772883367834623,27.365657502696624,29.111304982691493,25.0972403277148,26.80608116572521,25.670337050797105,25.93971874475946,26.38583564007376,27.57412033246193,26.565867637366942,29.36973003623108,26.178521465396617,23.999866982765354,27.262849520330555,27.470094490565383
2011-12-04,2011,49,26.642817837237697,25.440413539089374,24.49886222676884,26.94302668883687,28.228365065873245,25.03840051746737,26.297230322924012,25.50123779693207,25.718217228256798,25.11013295760439,26.755061341983414,26.2425916676894,28.60048829450571,25.144347330870065,23.31904176010393,26.68135918469812,26.34765680009786
2011-12-11,2011,50,26.602518167581643,27.550781059875167,25.47307255210978,27.345343351364136,27.88019488494896,25.547158014206666,28.815827639387926,27.391648976709934,26.4489380599468,25.819584090208178,29.246978961234483,29.50625623461371,28.18850985825292,26.859172948604048,23.900327934296374,29.3304792019719,26.262093232969715
2011-12-18,2011,51,30.037216937680043,31.94732212054449,29.36382906185174,30.931284509954,31.486863035347447,29.058522593867675,32.48454740096112,31.69490501403808,30.090313825588638,29.45550645349801,33.72861014692298,33.5734012968778,31.63634095873152,31.00508673124083,27.687459459996344,33.40967432533458,29.586011963713204
2011-12-25,2011,52,26.068088246741965,22.21956536103922,22.468060272609435,23.19933620095253,28.76307066346345,22.089843985656973,24.98540999520972,23.23068752437443,23.470945528108786,24.011611501867517,23.86639637967725,24.655010349345652,28.65745227769535,22.946025195497278,20.183305648917663,24.69255570189593,26.06001914350813
2012-01-01,2012,1,28.451466429034102,27.633726118978405,26.788670957881788,26.14217528275081,31.19991960532572,25.25330301478716,27.672687002243176,26.501110915146864,25.804040194024317,27.292287497203983,28.72266624913071,28.287203644806485,30.921279732324894,27.514666882248136,24.182837435952788,28.380774581968904,28.37672002489033
2012-01-08,2012,2,27.89352418465044,27.03116026819388,25.704941668336964,28.185101628303528,29.572958256561257,26.474064042669468,28.619159259184457,27.15527068200049,26.806567072635065,26.55966643836555,28.257297084857893,28.465383496245927,29.8629912354311,26.544773304089755,24.29737572381652,28.31247832863765,27.460915659315823
2012-01-15,2012,3,28.20580497211471,28.32657126628005,27.11280267304198,27.99694546915236,30.338964785583634,26.95544259796732,28.60953277054056,27.686802596055067,27.12983340059941,27.411719913289573,29.33928102600626,28.532789723892417,30.338359311740835,27.63332713692849,25.750980169966663,28.878507785834444,27.874905113261345
2012-01-22,2012,4,27.124202637445357,27.08447524479457,25.86664304927904,27.03309780075437,28.622752097162994,26.329269590831935,28.63849894576448,27.37358105151684,26.13781538028306,26.16052519215776,28.30764960912399,28.22282172920248,29.017654928921736,26.2743700855468,24.408780333450743,28.26202586672311,26.886055993905284
2012-01-29,2012,5,31.17203745848117,30.349089732302275,29.59533272534212,31.89710108722959,32.295845578106835,28.912072506957376,29.505500087237568,29.27180957645565,28.607552405206192,29.95661122458322,30.871278239328625,30.313712017234124,32.99031658614464,29.826588480096117,28.10567520038676,30.291076208514006,30.48018106810166
2012-02-05,2012,6,30.85768526830882,29.781000906978846,28.78778082095318,29.76352388518197,32.57184369999951,28.577224895914245,29.7895842182393,29.231097669725298,28.52933776168674,29.578442988701426,30.49411667002228,30.744081188726295,32.38042888125858,29.245904905125236,27.400190664469207,30.406925470161813,30.332235084389744
2012-02-12,2012,7,30.91008010824982,28.96306614784289,28.36639914643796,31.392870264393935,32.388172711556614,29.09697962236834,29.199958278555915,28.77389387155508,29.162410301238356,29.505897321368497,29.974493239761944,29.2692230152634,32.63093798501151,28.174870039287363,27.274241225744152,29.60056163093581,30.36956839677137
2012-02-19,2012,8,28.736428517325653,29.391511418926186,27.66140410787993,31.184886475404102,29.8890404860061,28.74592066486216,30.456555836402288,29.41035907893986,29.27690106595332,27.816812657934477,30.830462935476596,30.5480803003851,30.142609888982584,28.476142464393583,26.78902819713205,30.55706703499572,28.074451572490187
2012-02-26,2012,9,27.26494212009425,29.02413733325788,26.563360755805327,29.13419466926938,28.583956055602343,28.355412695552086,31.013652946094037,29.42034895265257,28.42970983949426,26.71704857421806,30.84763930349639,31.040410527643168,28.682146825385374,28.131903280417443,25.58798425141888,30.877225905715136,26.883060371779365
2012-03-04,2012,10,31.37498990111676,30.232264178139825,29.690513689537013,31.56992734897705,33.07616583670977,29.303262703207007,30.26102275125487,29.67964908054897,29.024179652712352,30.09898487816243,30.853027130721447,30.52237857191389,33.17758007675524,29.56686372534295,28.20983805940169,30.44959700224218,30.99014699941054
2012-03-11,2012,11,29.673019701296145,29.276703268226026,28.02317263324808,28.94713735012781,31.325393184037846,27.943873048288943,29.671206604982608,28.611872559584583,27.517791983199448,28.387881071951043,30.450486572067454,30.598802263203336,31.262341039061084,28.40175007396316,26.639992831328264,30.16876710417686,29.78609416041413
2012-03-18,2012,12,27.51686698589546,27.541445007202217,25.861482299527136,28.558311601479847,29.474597092296,27.14713319265397,28.74527089310805,27.618289705747134,27.375462207308956,26.16183338658748,28.60207904303745,29.086779494169917,29.361972330159656,26.974174107776875,24.7718193915286,28.858648822732167,27.620914644308165
2012-03-25,2012,13,24.14744073482401,25.322435066898244,23.45547773315511,25.83733765000389,25.80505313068562,24.928606855669845,26.73890882886881,25.51221369656649,25.40799614034754,23.39923906379932,26.41394618971523,27.834415764821504,25.651938705370696,25.0425712070684,22.729085719835265,27.24560532691194,24.275058405097283
2012-04-01,2012,14,27.17475213599481,28.026390589122325,26.170755896614835,28.84245893217268,28.506012646204272,27.249312608245106,28.535291471564733,27.800881790557465,27.905110954538483,26.47494048128246,29.10722899994293,30.1463991715259,28.433298608050848,27.40194831141664,25.75729469826813,29.468931772937516,26.8663870716352
2012-04-08,2012,15,26.04101274556636,26.20159797322776,24.11208469167471,26.678246637185413,27.30310638986809,25.64363986767704,27.67281017915152,26.53795294922668,26.341153503164158,24.791017352126715,27.250194838552765,28.68948083296619,27.497070537110552,25.51262521687165,23.968047602668893,28.039349483183912,25.890602290469683
2012-04-15,2012,16,24.424981938365807,25.27677187685773,22.923590561935303,26.87042606728417,25.109009235192904,25.01577193457801,26.989309800262006,26.02082618217964,26.271106983117622,23.479867488916867,27.0236783180402,28.30225502384319,25.522918266679326,24.384258899001864,22.157441303489357,27.50449648668621,23.93096810209783
2012-04-22,2012,17,20.729968089394585,20.276307170579173,19.97781365893008,20.124006968168985,21.54325690647128,20.157456010158157,22.392596319882585,20.66617713284183,20.23908792689822,20.138810705414507,21.67017326354981,23.122030231187928,21.74968486126785,20.53199516420172,17.61906439928915,22.51189869770565,20.700883752252214
2012-04-29,2012,18,19.1635345289606,20.5812149779883,17.875736688869445,22.437679827213287,20.130868884212965,20.83725510600911,23.88197438987977,22.32932021103896,22.06718776370681,18.365885282394185,22.78718320508024,24.898700775804546,20.183264568505603,19.583044635952344,16.898159634891805,23.64994048325749,18.739136676582685
2012-05-06,2012,19,22.718158277612243,23.235775507335216,21.3987871096424,25.19397317511695,24.079474246563688,23.495282653062343,26.003083176237507,24.50668844247793,24.633050106742846,21.90675347138309,25.205178188968013,26.12414728149249,24.10374921997542,22.20143556575979,20.071789306377795,25.62615918273328,22.20342743943001
2012-05-13,2012,20,19.976912961196405,19.41342348127223,17.436231984643676,21.38595470502263,21.608259788360712,20.05563625129493,22.232131401929493,20.880620179609817,21.15230834927344,18.45023539310365,21.47938822378844,21.36981410800286,21.893440844929817,18.209988046456665,16.782356286789817,21.61244265487283,19.854056995833982
2012-05-20,2012,21,20.231062773725395,20.694768331198294,18.311086553118358,22.46803212023917,22.239751455785605,21.531702106677123,23.54942583690232,22.38374635324849,22.71624544968577,19.011299990964016,22.796216944905076,23.73481385984189,22.27768038598727,19.92380745211844,17.729650802309042,23.505478980256623,20.15965459353197
2012-05-27,2012,22,21.78183894605403,22.00198367562121,21.37102724369797,24.07665884069034,22.72915048832191,23.18929620445772,25.37014151592644,23.392694545101808,23.55511509788946,21.401998363276032,24.043844625960183,25.18595610538904,22.628047746120732,21.947867412363347,19.54263053311408,24.86514495356909,21.128931877748023
2012-06-03,2012,23,14.232233108854354,14.892969257033457,13.930496512415562,16.42985045484134,15.39550732683906,15.966754655580264,18.08491580896405,16.762396394803925,16.601385310671333,13.7569400832409,16.378025821173864,17.28548611463562,15.286325387512854,14.774570683221548,12.581665879816814,17.20526869376345,14.115962680780664
2012-06-10,2012,24,21.60967305452207,19.668862658014685,20.174902130675296,23.76060453624952,23.378038042832262,22.536363504721542,22.86356129660203,21.654584652293813,23.00698117034076,20.938903579025357,21.504139013414257,22.65887041811673,23.015554717148596,19.355368349266275,18.940585685735496,22.47446511636275,21.46454811353246
2012-06-17,2012,25,18.126944084118385,17.329315420915325,16.286725911188675,18.749033455337795,18.923475181500528,18.31955893282111,19.86153950705125,18.13502326123126,18.705611413705604,17.11928129732542,18.642002104061508,19.618232018864056,19.243428301166844,16.626867838513487,14.857033923918069,19.4559129838141,17.468045043174147
2012-06-24,2012,26,22.143161648488874,19.95910356497205,20.65385107879842,24.52366122745332,22.743883329175475,23.324780638460336,24.01565645735048,22.74241177893304,23.961117070715023,21.40687566398904,22.305120248505563,23.66073263944641,23.31903660895742,20.660018675969813,19.45143109521243,23.425843766990702,21.492280988359067
2012-07-01,2012,27,22.29882115225381,23.149397588742055,21.904515447083465,23.73915117553302,21.91196171642673,22.152313255742097,25.723900097104615,23.88889707045122,23.41979349382703,22.080914634687424,24.360697194714568,25.998266173822856,22.69750624457842,22.78122906822624,19.548951755630284,25.385442125354025,21.23984508437288
2012-07-08,2012,28,16.006000329782296,16.766782657424017,14.991078841760292,17.50795876128333,16.60938437438558,16.55027254146345,20.08920109028719,18.17195694118351,18.10013513695704,15.363486898227,19.056546862713702,20.181259704086017,16.89958563366452,16.76300207748685,12.644755097648604,19.94621291412533,15.528629144247008
2012-07-15,2012,29,14.660864567357752,16.328943623662756,14.390471667871076,16.966597189505894,16.15271700866835,15.686256144804693,18.73703820086777,17.13160923945439,17.15040529030876,13.946959580291644,17.887606415191257,18.563955589767414,16.249969197976547,15.89128872996316,12.609765815436193,18.454264652005847,14.729971009765997
2012-07-22,2012,30,20.194254506969084,18.65802599626309,19.39713726957604,20.74074780515262,21.070339478888744,19.374793844333485,20.615645878516556,18.918102782113213,19.58268458595948,19.58734597237225,20.048832073459376,21.90251502193852,21.06021175973664,20.45106135595916,16.814564633444117,21.391063973861662,20.104201520549644
2012-07-29,2012,31,21.2811667148978,20.071193509010364,19.1586160934807,22.14116682325091,22.787695513399857,21.22042334248507,21.90066844450837,20.62553496174998,21.875212361434667,20.066868417308623,21.688601333651192,21.97617563340221,22.884289326354804,20.321360909990705,17.457364736766994,22.102291734251256,20.806459157614697
2012-08-05,2012,32,24.671183243681565,22.376145192046664,22.91376521509098,24.43875787939344,26.07869695893576,23.074455001025896,21.91454300727511,21.506466372601395,23.695544738358947,23.726422616681845,22.58428649406929,22.36898750500537,26.401416824591205,22.833870752271945,20.8477272292385,22.97185781743895,24.30965715212963
2012-08-12,2012,33,24.588302438016715,23.227049732004907,22.228966391393325,26.39443784952164,25.95075841941805,24.893561089514456,23.28207876800448,22.609677060610284,25.661157348617884,23.24589593391719,24.117141982900115,24.64355775416701,26.42861829485212,23.641567867265465,20.419948636695757,24.63196144551913,24.11321516371159
2012-08-19,2012,34,25.59715978457967,24.33714870908367,23.555462196641194,27.193556700434,26.80745851472957,25.87210135048728,24.51539456114477,23.65819362194507,25.0228829878417,24.289868928718352,25.0529139960483,26.430098615888,27.309116195988008,24.596932012288523,21.61083200436792,25.85061388706275,24.88790890341499
2012-08-26,2012,35,20.460678810011625,19.338657122431023,18.80035025478996,20.073595305283863,20.854232824086967,19.051284102706223,20.69784712999972,19.35240792707964,19.51339081262189,19.505513267924737,20.442813237508137,20.68959325728712,21.59157815771213,19.23681294743516,16.807582653737647,20.786341568261907,20.191329259435445
2012-09-02,2012,36,28.476428619836444,24.70322863328686,25.31869246162137,26.09014712203117,30.07737397900517,25.116826669896746,24.167703500642027,23.311586761970023,24.28618872002379,26.827322820442465,24.610841344858144,24.691468130867435,30.285632722626325,25.497497812957217,22.864862195958978,25.16167380525175,28.221501142188224
2012-09-09,2012,37,25.1817919953296,23.133014048594656,23.810377698084267,22.674777347417105,26.294538054618016,22.04528334825042,23.672614940053865,22.023335703069517,22.017521741572192,24.28088395748417,23.760162777921337,24.508993256766843,26.51698902122763,24.430807547650417,20.917198869240654,24.557371777797638,25.95163531573313
2012-09-16,2012,38,25.2129666734693,24.5414951117054,24.2302436380124,25.03454825282097,26.45127585303069,23.47613137415784,25.38661525826413,24.19412858492368,24.009409719717247,24.56472893426335,25.65256135948809,26.213061484365124,26.657589975010936,25.25690359214478,20.63610417042776,26.157130373900657,25.04868889240563
2012-09-23,2012,39,20.2147602611527,20.1963000211126,18.42761207198081,20.655507169309114,21.817995041763226,19.490150565806506,21.806052983676032,20.073911154610773,20.248850220570127,18.785350656884862,21.53705218096316,21.78919987537148,22.185497956846675,19.86568488440685,15.946440560706868,22.002598118642076,20.401512872819307
2012-09-30,2012,40,24.26880394384514,21.69374490750116,22.531673510093658,24.797449547620047,26.57487728788092,23.78294472221856,23.41467285712328,21.973237731735427,23.246851283743425,23.02716248268754,22.95289142988461,24.31869076011637,26.388516775889745,23.41565717365792,20.327063787934065,24.001840460790348,25.57365612071158
2012-10-07,2012,41,25.21080105215733,23.45442443514175,22.73478458873339,24.51882633850688,27.20927251170601,23.50050069742681,24.463117260279528,23.122425022372955,23.251142838696445,23.5526412780427,24.29910902213225,24.958749221020305,27.4889360100146,23.14807183779319,21.132914989662584,24.945840182369704,25.850613387768483
2012-10-14,2012,42,25.80946086210941,23.831077489263212,23.052325879564936,25.78683870463144,26.77951876557729,24.599963857093528,24.795225666146237,23.495982894897463,24.26082153656245,24.200529137129724,25.00971570035596,25.627007042301308,27.36106340857546,24.16176234246433,21.204210341795186,25.57267040842433,25.70926763940693
2012-10-21,2012,43,23.43011320204962,23.413945205176056,22.950820569137395,25.794322209698816,24.539377360763947,25.099074134188424,25.394858502090496,24.272123611252027,24.78790553068695,22.59953638297769,24.89074833196996,27.058784531133192,24.90682045373217,24.24038999109906,20.846098160979206,25.959345364057388,23.48594543297657
2012-10-28,2012,44,26.411984307425364,26.620043308241787,26.102967477204423,27.37782387506394,26.49156846160098,26.042833244785225,26.649016866878583,25.737559148615052,26.421568644723312,26.142343994200697,26.991348339262466,27.294087373985437,27.034575276393227,26.8246738945584,24.50378598089363,27.501045406214644,26.086224136969477
2012-11-04,2012,45,28.46189602492245,26.76826972290397,26.115173160448048,28.445440224238805,28.759010412355952,27.142929452726737,26.75072530407252,26.16846765493418,26.57693846491685,27.055612778636817,27.26716121491932,27.13640619673819,29.491410540798,26.34436460026272,24.30479416724315,27.33718272617885,27.43770516336446
2012-11-11,2012,46,27.29528831177544,25.25853639777535,24.92268515775557,24.055465133417226,27.886823236280502,23.800121076625597,25.58818456799921,23.84534086549437,23.78681750493507,25.83858250123443,25.978195083089723,25.553556658187,28.633311339787078,24.84744702359174,22.099877108668338,26.043153217860628,26.76733912162061
2012-11-18,2012,47,29.083919944910463,28.620615618569516,28.23322664411489,27.54480425800596,29.022557595321462,26.191278224439387,27.972614021412483,26.85089085269284,26.446329505009658,28.510166509347236,29.265489791275613,28.33148131923213,29.545644408487448,28.925572407778706,25.0912254924402,29.034791158836644,28.107886653704785
2012-11-25,2012,48,28.615737242434783,26.485201303892804,26.608305293051885,27.538939586707524,28.35655378007077,25.836601731092927,27.358444731020025,26.218938712578318,26.330701193464247,27.746223023825475,27.52806045069839,27.34647129809439,29.293870485887567,26.54909054205547,23.80627980573411,27.67210118318024,27.48541234574228
2012-12-02,2012,49,31.38460235644799,29.82253654272572,29.51337583570641,30.411338874271934,31.0393961067115,29.18691928230197,29.97275227916484,29.501825407944715,28.98303027815548,30.57253645777837,31.007127963309685,30.307569915072296,31.77857077535975,29.987115813943305,27.924284618178262,30.644819782204824,29.80109305009045
2012-12-09,2012,50,27.442425954909552,27.00196109295908,25.872028999870185,28.18827099885259,28.42386657551074,27.61186026790428,28.18049048821363,27.45475759134664,27.317661722112305,26.59385368553136,28.08851726251247,28.177749883132485,28.36504049558897,26.58799050304321,24.959104168992305,28.3190151371368,26.33694634990229
2012-12-16,2012,51,28.876807673097115,30.272763504402477,28.58534682273018,28.41827788665181,28.83462232170416,27.976361106568167,30.306124000438103,28.778633963845,28.023177941951264,28.506683111458987,31.237377368216904,30.76720070132027,29.3841597822182,29.54300937343125,26.57678683112541,30.88216642764217,27.652373664783976
2012-12-23,2012,52,27.98475689685483,29.18683846317121,27.917416482026745,26.63759753108025,28.41997571136226,26.83731932867141,30.31032354838646,28.76978579038149,26.43457334708794,27.7252628403654,30.2455992479861,30.2201740131224,28.840758509617512,28.9271846427057,25.177085788931738,30.385090210199824,27.25795359238781
2012-12-30,2013,1,26.716627076786,24.841604289723865,24.15600431758742,26.910125943876448,27.61739348941693,26.22277768452962,27.36749248115384,26.38711388030609,26.305766435985227,25.38331153449111,26.334013163578977,27.155152644751208,28.134608294512773,24.172944112308983,23.088504032409784,26.887901802585557,25.840726660910963
2013-01-06,2013,2,26.75298915897404,26.814088230702414,25.634906452317733,27.5401977229686,28.19271360266041,26.38763942988529,28.557091598955605,27.082617335133737,27.282040484030887,25.99204679495572,27.94009913159656,28.786955121392506,28.300461686255847,26.28731511051493,23.618053237549283,28.449469721247308,26.0940962390437
2013-01-13,2013,3,27.954174989285463,27.88392181742166,26.57987698264744,26.994264117309022,28.684495469890287,26.530231195987422,28.79943966100932,27.38854323746322,27.00346411837524,27.03685103331696,29.071163851254944,28.038312806594725,29.368183625710977,27.189335963826995,24.19511250500735,28.766451908417647,26.88096877249746
2013-01-20,2013,4,27.18988312287987,27.804439270165936,26.092138155858496,27.831814729032065,28.00602451948481,26.68275867005573,28.895189919207603,27.55065340810008,27.285868706301937,26.22431811707092,28.63434203672203,28.96302511621357,28.63457710678513,27.04782646807183,23.76580855393232,28.90951264861045,26.33184484908523
2013-01-27,2013,5,31.235546170974786,29.099393595510453,29.10352385012365,29.66423571819351,31.09082013178896,28.96944346974101,29.01630452770533,28.594811950287266,28.16035309136497,30.344142087801234,29.721199514545923,29.052598621646027,32.01682320893041,28.77214288956853,26.29311230750694,29.456765404419414,29.620748086759665
2013-02-03,2013,6,25.456934031679207,24.31647177189906,22.58831222351399,24.84410037029357,27.7433151355238,24.51228075506144,27.06696610965117,25.03220951427113,24.82717490149571,23.262533769296446,26.02993299806273,26.401329166484327,27.81623576506685,23.70002404134831,20.94352569800634,26.54949068789846,25.575459837592195
2013-02-10,2013,7,26.91364310668395,28.21799986499713,26.272325816996457,29.42367437339965,27.328241681452592,28.673248293470387,30.141950001174436,29.192053087903307,28.8110728161209,26.35163934855681,29.686850951553936,30.42495273836861,27.69409718752828,27.10123387371829,24.61010817314337,29.98709192294664,25.30273860355593
2013-02-17,2013,8,27.66975956380444,29.430305562293864,27.005105880053566,28.89211918626513,28.26402930451004,27.9464016598931,30.846110513537,29.665991064294595,28.708095087697124,26.898323107355758,30.705526989362976,30.71292184947957,28.6574008142626,28.29590828898965,25.340198029095628,30.73234863430553,26.98645469506153
2013-02-24,2013,9,28.47118081395997,29.068294404157957,27.69104055017101,27.777374259063176,28.667612904535236,26.966960970806188,29.048521381077894,28.073998840133864,27.45418565193968,27.88259568123233,29.21067490185494,29.33477902219623,29.28921280864584,28.376279240688596,24.9267581474692,29.31372661179992,27.631455769757377
2013-03-03,2013,10,25.17391133154988,26.37666517839249,24.82981409599216,26.58914195072083,25.60444262467165,26.03107312962202,27.991397056913232,26.409040517435443,26.27919857749267,24.790998326914117,27.582045224012237,28.741746989864545,25.76236137920365,26.11136877862276,22.972341680607144,28.286011507366503,24.649747957759143
2013-03-10,2013,11,23.933116632999138,25.723351935079613,23.48217448917447,24.751349329948425,25.35068790653209,24.207840952633887,28.039744919312596,25.752698068990338,24.97581761503873,23.35401219860373,27.0718843352743,27.696455608481028,25.08267857209136,24.577054463406533,21.390611232949635,27.55685985438278,23.74111436576535
2013-03-17,2013,12,22.20150629433886,23.086845867669403,20.688045688720543,24.185103515783947,24.487317440335083,23.16757658120134,26.213772198201617,24.16067181178501,24.23155709955324,21.05228345547001,24.945185165074992,25.82112825655873,23.85008297739802,21.813923003600905,19.663590634538306,25.674808502197266,22.55827349536824
2013-03-24,2013,13,24.16936035107155,24.08120530805608,22.424610145555302,24.89659044572285,25.838740770239728,24.345716523080878,26.14361387091545,24.66290244362571,24.60170140238424,22.815446518939847,25.57587868661592,26.02709158925676,25.631848694274787,23.65706938927382,20.343594943492047,25.954714519403687,23.93178063518596
2013-03-31,2013,14,25.55188316482682,24.991093637592503,23.750400673528635,27.10090189036869,26.429536563921296,26.251979638864327,27.7501150915296,26.75523472278149,26.58985038279554,24.255260524385022,26.78015158186744,28.09815881065924,26.82742130250084,25.23348842480459,22.05745149951072,27.64474167795797,24.88851066419699
2013-04-07,2013,15,24.94244140762467,24.21953486786214,22.692451642907184,24.797784175191605,26.353782272621228,24.107428412026263,26.377675125967315,25.115889737017746,24.549271854169216,23.38373229581406,25.789083896983755,26.59404842808561,26.37576396861132,24.186720196324277,20.92756096755588,26.36519077845982,24.572024565180037
2013-04-14,2013,16,22.64358778257628,23.320597009109783,21.6192930436494,23.76509637066296,23.980188426223176,22.965001154130032,25.624502065230388,23.43129449026925,23.023250884972438,21.67269585612654,25.147674317793413,25.886731605324147,23.78752121317801,22.79181255782882,19.675720740042376,25.49549256938777,22.418424923786255
2013-04-21,2013,17,24.38754972558531,23.50575219034386,21.98522285370036,25.937019396395907,25.804382288923623,25.026941834576192,26.03874899416554,24.98151203403225,25.16481585978529,22.795877575740235,25.26246982095561,25.64165970064559,26.030884453688813,22.79832236890412,20.693645234683483,25.510283509345903,24.017550070009463
2013-04-28,2013,18,26.01114678352189,25.897309365303023,25.10999354537653,26.543793919540587,26.882987432529276,25.394130633144304,27.911620331922705,26.192984759838552,25.7878443424949,25.239392708605667,27.518141859640807,27.932044941781346,27.10507342806194,25.89017249040562,23.109338495708958,27.881493331401547,25.58796587530172
2013-05-05,2013,19,21.970545939343623,21.73042835406403,20.727795748130983,23.16016228000323,23.350300373102808,22.18855831705925,24.27497492865293,22.59273575819932,22.52647838667181,21.065997501326088,23.27723567021357,24.293102750238383,23.18734292910366,21.81144906071556,18.7704050763203,24.101551231339485,21.772255389195568
2013-05-12,2013,20,19.1221352310868,19.63746079758032,18.27263654050514,21.6293408700398,21.1536701366162,21.350837705064773,23.464059651766853,22.209064769497168,21.520238996718497,18.603209040162263,21.933930302079105,23.18797177574384,20.186311434594824,19.57852322525973,16.885165120572594,22.868168313909187,19.600140720043537
2013-05-19,2013,21,19.50549975509349,20.234075970741223,18.56164054058248,21.054076589289163,20.839842908564187,20.39776174135343,22.56814213188327,20.6991418382719,20.54502933132672,18.628399715380677,21.752530485211,22.99437749096647,20.71012881547788,19.83998601805517,17.171317046075174,22.72040057322284,20.238929820510577
2013-05-26,2013,22,19.09058001357463,19.267433863967213,17.98720316095699,21.44165049280439,20.68472531951859,20.404410249324687,22.56751000429381,21.566123887099227,21.331185675880445,18.08080879775692,21.422837958397803,23.017027489901235,20.831304839218905,19.148886901755837,16.102021575979197,22.451183774466617,19.033099707246148
2013-06-02,2013,23,20.951176995629663,20.89913610507176,19.91085908258501,22.129401899519426,21.97979358529092,21.32785619271768,23.500590866578214,21.799992751579783,21.58887583308957,19.997620842185945,22.1639274283405,23.581561926561548,22.41697122507574,20.351058262537062,18.056834267984097,23.24132516566088,20.65627572221576
2013-06-09,2013,24,19.59663185281643,19.845246768963616,18.91151949612568,20.28402402145522,20.772373831951555,19.76090710687821,22.567015133515746,20.786017954937822,19.95367598766917,18.838598704579447,21.495393398004172,22.749731335035875,20.76109944255196,19.59418482001138,17.018772905345596,22.421810336775515,20.01423854069569
2013-06-16,2013,25,16.63203455705287,17.47046603271956,15.54491479056222,18.59270249661945,17.800629084239088,17.98301600428008,21.09094824943876,19.365803096325365,18.71513713082689,15.721188493735076,19.631577668458352,21.19029080192998,17.998020111363825,16.846646583264267,14.28722601286103,20.6927112105308,16.798452967260726
2013-06-23,2013,26,17.168100560800756,17.45425363644354,16.549561368964262,19.538546401829947,18.69838990254547,18.91566013645481,19.62082917349679,18.382263731522997,19.112288444242832,16.523302684886918,18.24084502876579,19.608387936800312,18.726089797885265,17.480182184642796,15.339976586424791,19.43787312367657,17.698960856928657
2013-06-30,2013,27,20.66181394952605,18.904120055343043,18.20084658955301,22.437658419211704,21.516003279753036,21.291871221829563,21.239129819953405,20.109935229908334,21.036998090911982,19.202211075344024,20.065162980711303,20.76612058675514,22.134925999696648,18.591168442119663,17.237394499106742,20.774911774114617,20.20366444356358
2013-07-07,2013,28,21.39124268393105,19.5383111891716,19.30675100158989,22.14910522529057,23.24626432146345,21.20970412294837,22.31259277610668,20.75387939849457,20.996449651550176,20.0503135387219,21.43481172338709,23.27074669120768,23.247745322444725,19.212762277117815,17.725713468982182,22.52206779786052,21.66510679137032
2013-07-14,2013,29,19.20555851419613,19.73573227426899,18.825564577818557,19.76145952372324,20.329522019223223,18.91829992905547,21.64247228105284,20.27241133355475,19.47739847952139,18.58436841717989,20.677645145763048,22.9921580556268,20.530337303301543,19.936789340542678,16.299065582552924,21.947486043209665,19.12084221454322
2013-07-21,2013,30,12.486550391257346,13.918288966740118,11.810848902471315,15.166724864925657,12.716945778785329,14.7202126939938,16.57332856870601,14.883379277316006,14.780761836792855,11.93455913874108,15.729327903681504,16.921553520500822,13.339548054809274,13.267596307270695,11.077221244078205,16.429823022532606,12.09161966059086
2013-07-28,2013,31,24.958843442310545,24.170397400601843,24.197321421294056,24.890860786040623,25.330113710958283,22.69237617973809,23.236338712731182,22.30238034929548,23.36975802740705,24.34620033796244,24.216091826467807,26.222312096958213,25.93815100423157,24.65322175986407,22.33634657435921,25.050035461754245,24.430472913778058
2013-08-04,2013,32,21.45718806989712,19.54366434865923,20.014521909796677,20.248225290150867,21.788290488287576,19.51346008197681,20.17433601357152,19.172609444159963,19.784834343859824,20.79670635787655,19.835565994725087,21.88173752653631,22.220299656326706,20.55860472385903,17.8271928278115,21.10406517842511,20.947404962986948
2013-08-11,2013,33,14.744746460417524,16.68845278927004,14.269125854641118,17.194038409562335,16.30197157919804,15.982387001449997,19.46186753542708,17.70659753626043,17.209796327900747,13.74424478602758,18.674622313594405,19.8235650795168,16.430952313323736,16.37272905803359,12.43847450156638,19.427746160622917,15.230279381705744
2013-08-18,2013,34,22.056726693800208,20.426505693240458,19.972082331842728,22.32432681038266,23.80229406617996,20.835315418366147,21.52596404462097,20.292513286045622,21.220517396460306,20.751299492822053,21.159602219717843,23.376844051391927,23.762863898369336,20.97690938195552,17.718115105855265,22.46849980699573,22.35362026697863
2013-08-25,2013,35,17.684462649174794,18.58608215500805,18.41838046207614,19.46979369435992,17.899542615821325,18.310975515397512,19.58596344105356,17.932645555471442,18.64940523448056,17.77139356675379,19.117131790557465,21.0088261221297,18.39175627866767,19.28931061420509,15.675016979630152,20.297162990980656,17.26097480097228
2013-09-01,2013,36,22.410708060442555,20.08929455407393,19.694583445602323,22.58617012983277,24.30962906476747,21.130041313907817,22.60225728093361,21.010460531556763,22.025675943453017,20.703935333526577,21.78655626536448,24.061680052158323,24.542159625462123,20.196888785518865,18.01144665541404,23.030219279623317,22.54499484136741
2013-09-08,2013,37,28.65006833954054,27.76089779807052,27.26497464911961,30.08371493362245,29.06086759334313,27.27624992115311,25.78012360219705,25.15221788282518,27.85387573316839,27.780398737861283,28.19078602976613,28.950350098211487,29.717929946869955,27.62325427406713,25.559769248824555,28.126370566231863,27.52405699115558
2013-09-15,2013,38,19.599833250352624,19.3914115617016,18.57408496523284,19.816479001016845,20.77209148646989,19.25257041371467,21.4397456499995,19.56043667285473,19.834672653511777,18.76372856122973,20.983636308645277,22.317974906726025,20.88206799978455,19.91391867406292,16.74122836887908,21.90141830892245,19.850212796357766
2013-09-22,2013,39,17.254353696314983,18.12350314614107,16.213458101836157,18.847016244417144,18.96604242190708,17.870416572502066,21.179888188665185,18.876612887692144,18.840011768378396,16.400018841128784,20.32182158102721,23.015094881751786,18.8163759091646,18.038111136088883,14.541112250633857,21.77674895210042,16.999543120597576
2013-09-29,2013,40,21.927882966541105,21.69057309805457,20.559061399475077,22.12967255285808,23.10639921988848,21.54631879185464,23.321842076827068,21.79485267242828,21.75313212400313,20.976403819964897,23.26130415846259,24.511304829641173,23.43624555926525,21.598018897584552,18.70449755674843,24.00960079051277,21.510675385313213
2013-10-06,2013,41,23.015417101453785,22.551845232306768,21.179471417031884,24.078958237455,24.46852568958884,22.51132429950179,23.732838305370453,22.37797753866617,23.038794112532106,21.459112829244848,23.86510067233792,25.941355000930336,24.708104413448616,22.914370957598365,18.733012574806292,24.883234438364287,22.94383653990342
2013-10-13,2013,42,24.37560309038199,24.747801925581918,23.62244366710971,23.13342598648298,25.124483842659146,22.687869149285397,25.383936556713227,23.227429422155605,22.83612350661694,23.59871093548323,25.83130935735001,27.501999446323936,25.638012287699578,24.886970381893377,20.720878316649067,26.573386854854817,23.54955913821321
2013-10-20,2013,43,26.274658293951124,22.687848578129756,23.40695958277136,24.99932480993725,27.805768735138773,23.612889789399645,24.597685266166668,23.01253963470459,24.103841701365727,24.66436582528834,23.57133153940176,26.66804792039157,27.763051121391378,24.51146121113773,20.7300667954594,25.224390119489158,25.713754243927823
2013-10-27,2013,44,26.150664799615377,24.236571005920865,23.92589100547459,23.742010557935355,26.671322891043346,23.26754731039589,24.980413242262237,23.089650674795173,22.891389644309264,24.5132488094111,25.15272666633903,26.866376910248214,27.546172272744787,24.907673658001883,20.671858201225643,26.02049871620133,25.58525177603461
2013-11-03,2013,45,25.606421059469763,23.77091770741477,22.737488982734572,23.90553293625514,27.25797924970716,23.6661149617788,25.146195542360537,23.058990536479204,22.747351928233165,23.71602896549838,25.053302036632196,25.863201259602757,27.777706564163157,23.29054717353365,20.90964442303427,25.523410181243356,25.40173926314896
2013-11-10,2013,46,28.446547043062694,28.0033422543296,27.19747971092163,26.840945286410197,29.1500970754334,25.942736283232342,27.88275417294517,26.186142784217736,25.82783399122802,27.63640118288913,27.936397611940063,29.947452964165784,29.47220962664335,28.446797307885863,24.27647667326315,28.847742226259115,27.708881792032493
2013-11-17,2013,47,26.05052016662048,23.965717862664,23.055021936743263,25.993649285464063,27.123870918787823,24.88707651410784,26.337041220929112,24.663863290563807,24.690045160790014,24.288606607203278,25.30715178452529,27.029879464614744,27.75939512805129,23.68742950433415,21.76527030805139,26.229359124737943,25.65162834388548
2013-11-24,2013,48,27.748166434092877,25.55382589389012,25.221871365883125,25.67317219575246,28.177122005968076,24.92262569510952,26.26355489280412,24.33882027762277,24.25371232751297,26.1699118716108,25.683962571775755,26.737568842432893,29.087184716375635,25.357472302369278,23.15243598324108,26.457425899468284,26.97682264101795
2013-12-01,2013,49,26.79615010441961,25.89973279611388,25.466130710219325,26.397842437028885,27.104659435574344,25.676577515276858,27.174401235997504,25.43838295775575,25.34746062918885,26.0534252171039,26.766140649638647,28.51223953586383,27.651749557509845,26.1648593354612,23.425932229900614,27.619260705847093,26.15166014673896
2013-12-08,2013,50,28.00281665561435,25.95805634211884,25.79956445719356,25.578737152474265,28.0152841648466,25.317271734603437,26.7254041054506,25.28034890013856,24.70841378475122,26.81145619219682,27.026626836273056,28.02572839536436,29.01334410928852,26.01063022756935,23.69615986432779,27.494805147503214,27.129655268635712
2013-12-15,2013,51,29.364493535752462,28.494257899489742,27.12199774016928,27.11652242995444,29.43374331098058,26.75064133799981,28.87009879242922,27.207887537572287,26.53327766649877,28.017918412945534,29.594310326184036,30.46349753716564,30.47322311548653,27.38876610949524,25.420988061749146,29.83572068932938,28.30318391933596
2013-12-22,2013,52,31.22738816839387,31.407380908282835,29.747339477132883,28.487233687014808,30.756187926037587,28.16828869116352,31.16879980348637,29.048091845822025,27.562064633677387,30.315967333464307,32.364713247720296,32.47029970534086,31.92173571568198,29.96155433518923,27.720510275097997,32.151964460100444,29.83997469899468
2013-12-29,2014,1,26.202672955919265,29.39658118006008,26.275216298073715,28.99867289974576,26.783809729631884,28.14288275827926,32.30534136469093,29.802471816818432,28.647023576113103,25.835770521174663,32.01819876138266,32.79504382963771,27.072291521492154,28.003398717888555,24.84068328827096,32.11774278480246,25.35465429799576
2014-01-05,2014,2,28.751395023007188,28.925781504177586,27.96364045418144,30.811520488489247,29.237249707575643,29.579704269939405,29.61189618680637,28.68622369345132,28.83737512017416,28.19429787742005,30.04640639829429,31.40213812650696,29.58899855337548,28.09155544708216,26.37062355938431,30.396442510377167,27.565704439528226
2014-01-12,2014,3,26.52473750660625,28.042508886821235,26.05251960788243,28.80287897870654,27.43318280743105,27.658868028697206,29.860533678149345,28.589109413840557,28.12712013371537,26.131645263783444,29.967101472796816,30.651503925374897,27.53900823261747,26.816106538882025,24.630290179619067,30.013875793337583,25.586849528824228
2014-01-19,2014,4,30.226289805604992,32.53113279362986,30.14008191759436,33.074112931887306,31.19678146057355,31.501158609967128,32.88883449454349,31.209604881583868,30.88797365102749,30.03945487637085,33.9335988593824,34.00265150507184,31.31575453511536,31.10357807613806,28.3462266046666,33.63614553014826,29.06299851589769
2014-01-26,2014,5,31.11698379172935,33.07072943055045,30.846207388545317,33.71232948700587,31.363497791247934,31.43014325322332,32.9565569930452,31.736257378714424,31.50825794242366,30.374840757844147,34.288459746455736,33.6111804648551,32.10228006075708,31.76153921165814,29.413095312502207,33.7621159413556,29.784170188029822
2014-02-02,2014,6,32.87407481562984,34.901516708992176,32.532871765062254,35.14118986470359,33.423187802227936,33.04351967918366,33.63666557223039,33.06705217237596,32.47692789350237,32.1255571260227,36.02365194873892,35.47305738443956,33.97488685004039,33.366930813293095,30.81918244900631,35.19651899692364,31.395526280621635
2014-02-09,2014,7,29.742866086530256,30.982442419666217,28.837492833649467,30.76005992719105,30.257922105485644,29.513343788942315,31.3915122007142,30.251158485908014,29.551366147229817,28.794613416605248,32.68641128374901,32.46805242708109,31.090597084590367,29.51916882583262,27.12771509745356,32.22470354054072,28.780074586122826
2014-02-16,2014,8,27.67849479341445,26.6997697104269,25.090702529913997,27.76956897264435,29.074192616076587,26.71715223098814,28.70459719510537,27.360311716253108,26.86095038972022,25.988880877285627,28.236201349894205,28.365974927526924,29.29953400784938,25.151967289044915,23.79600489521509,28.28681399724255,27.17380051857056
2014-02-23,2014,9,26.00971199094559,28.559624597716184,26.083455420852022,27.827642240694587,26.577338436812845,26.904652294811903,30.14273946556336,28.125267633215177,27.018975157093863,25.47661984597068,29.895952695375914,30.98268906318274,27.07778418294252,27.128456681813468,23.83245591719849,30.19351289976833,25.12463788909089
2014-03-02,2014,10,25.888561985207343,26.02989121337436,24.43758594915733,26.56672294083096,27.182697073077374,26.00735932182008,28.45288442383702,26.59233903166536,26.23132830170036,24.57489319298211,27.898630203313125,29.20967765766977,27.55040706538785,25.67561139558491,22.63196295170978,28.51502081839305,25.819085545295653
2014-03-09,2014,11,26.59072358513124,27.89677902579562,26.384479308614928,27.062098826680863,27.420164046156945,26.40625251858391,28.410333066222968,27.218108092469052,26.65091019833858,25.91903564229993,28.76290881994999,29.418475816834647,27.7058868168864,27.49479345526203,24.00108482348893,28.989607883759444,26.10638163867344
2014-03-16,2014,12,25.33008348128664,28.167855836180987,25.57139219471916,26.812386101200463,25.5619958062952,26.244805653889976,29.859769687708194,28.14007684881037,26.65637593166702,25.021574563197,29.84576057334999,30.502594318030017,25.960459040859032,27.42768505943307,23.42961721666116,30.042392644863536,25.030522246245106
2014-03-23,2014,13,26.46323199131007,25.694327821101204,24.03582357831412,25.5073996640387,27.252838943729923,25.45689014056781,27.854664616265037,26.05367140039221,25.31409932675893,24.837229587095795,27.499244354710434,28.85451316833496,27.656451908317774,25.324094425891293,22.160329211967248,28.13167910939793,26.213011643957252
2014-03-30,2014,14,26.38987864736118,26.386722375589137,24.272455920343813,25.99127938633873,27.202027955468196,25.912877322163823,28.2410454763963,26.446076934616293,25.611823251802623,24.87617179325649,28.082672637675238,28.74606642504587,27.800509734503557,25.26885728115237,22.1006874145585,28.337452714923774,25.778641644192515
2014-04-06,2014,15,26.44828318690395,25.792964143285367,24.474127908248025,28.01458602576029,26.93432875265464,27.362749580864435,28.087952527638425,26.88438813444856,26.928854834076944,25.462089879708564,27.40238443515001,28.639522467662054,27.30098450229895,25.44799591158047,23.44350439185149,27.9622067901253,25.68494328270061
2014-04-13,2014,16,22.315048144130635,23.296221468748573,21.31695176905621,25.105528888248266,23.17964261024639,24.03333265778334,25.999389848625697,24.09364707748611,24.287621608219037,21.59171887216472,25.222533639684897,25.772555559471936,23.44841203910504,22.366485945547243,20.182127646784185,25.580128440185074,22.218363333905163
2014-04-20,2014,17,22.761536248402244,22.489741926254244,21.338118144444056,21.358362176588603,23.61652189744657,21.216292222954596,24.862855683262776,22.42551400023621,21.550259796374,21.996474141613295,24.104777386487815,24.586948942302698,23.937070780279093,21.99687737818523,18.769565444427982,24.54718470713397,22.77049753286768
2014-04-27,2014,18,21.271995924921416,21.14213944803169,19.043819738047887,23.771512348027457,23.025908918401917,22.58821105834293,24.596226706101664,23.169763485301623,23.4182346767642,19.631780454895225,23.378741174342828,25.24567478879121,23.272531227715685,20.759146184660864,17.70764166749951,24.400584603475732,21.568834918528555
2014-05-04,2014,19,23.02654800513229,23.306160996463507,21.93502397545693,23.23631627928643,24.016852956979385,22.82326942429119,26.684802397347053,24.05199695240368,23.103901687666863,22.00501527131878,25.332299720466917,26.57110794920806,24.39767638504735,23.204228480814187,19.944935555688964,26.10892659017485,22.896491266646475
2014-05-11,2014,20,22.24103739577677,21.51928974773838,20.002242387874848,23.0473545065948,23.525501152394348,22.45406713939848,24.921761376517157,23.14625109684932,22.77335401990409,20.972953447743127,23.76487021673293,24.995769202548534,23.821141638811028,21.003506419684136,18.452922977271985,24.521407513702457,21.94504798519001
2014-05-18,2014,21,19.796833059195546,20.038163057014124,18.588385527813024,20.30549088546208,20.38621260023929,19.73295223329365,23.45968208646636,21.40890637880796,20.57411998218753,18.888286450045985,22.05174406637877,23.50182672845064,20.811180227971903,19.744098447083392,17.375821687491133,22.91197237623181,19.986390782173757
2014-05-25,2014,22,16.00785968908165,17.70185150164785,14.731848554687364,18.58479973531905,17.104702915640605,17.86917321930521,21.508121685105927,19.378109978019417,18.82260276473432,14.858793042507966,20.192961098311784,21.262098191562043,17.17975924742268,16.323130678932422,14.159301810194515,20.685580794825245,15.826413653931528
2014-06-01,2014,23,18.936938035442104,18.89564061164856,18.07791181147997,20.33223886007354,19.239231078559428,19.752453196462977,22.297223905780225,20.23449733585506,20.155607413872342,18.219908107654582,20.676865784120768,22.476989694682736,19.85693462474926,18.79742769672317,16.284710953707176,21.777075877628214,18.321084888154928
2014-06-08,2014,24,20.08726052489213,19.646047799063645,18.39600437345395,21.915502152272637,20.952214462681223,20.96629900177473,22.17172708872804,20.67511757045597,21.32341365384962,18.94842809123585,21.42629641908588,22.964709346185156,21.51291336516156,19.683843477941284,17.31591880203758,22.445256100708725,19.97495321122141
2014-06-15,2014,25,19.033374770421016,18.72879391641759,17.37006512720604,19.065231609912143,20.364667981399773,18.535514945689314,21.08271061088184,18.924183317407387,18.902647584851707,17.968901342428445,20.102723786325164,20.267825212761394,20.52194472905752,17.99970233662118,16.21463090395301,20.357002661419475,19.227018349254227
2014-06-22,2014,26,17.960959288451047,18.374157884736054,17.00847838130162,20.62599426933697,20.004351058948664,19.729515792473556,21.95795402304424,20.262154150133007,20.644699030426384,16.880337996745673,20.72589569587213,22.610260544440177,19.38190118134252,19.073047514909053,15.737424254963068,22.12308465244719,18.754752925785404
2014-06-29,2014,27,20.07936326202432,20.60110396718674,19.698083417227338,22.749540364458444,20.77279936693758,21.605753605276767,22.65689612964152,21.472491080048798,22.182523078881136,19.49937859214465,21.886214843353667,22.15234006125972,21.19199878552706,20.552847539571893,17.32299771029758,22.320401380206743,19.354623853678326
2014-07-06,2014,28,18.24674769564792,17.392082563087122,15.858485967370395,18.92209355178333,20.207246039903755,18.804359979764527,20.978824359682484,18.705537937709263,18.733556954594743,16.766992064777455,19.562758170784296,19.132408651058885,20.29044338358875,16.89137976812099,15.083397843010076,19.77537755910198,18.022032242900924
2014-07-13,2014,29,19.68638544806796,18.95944310861356,17.462780355455184,21.965836089281808,21.20483575195493,20.82499143976042,22.350996807087267,20.55695459192449,21.15259309197592,18.194098797101944,20.965730488764777,21.586796418675835,21.448194779024163,18.73404139966705,15.82588680150623,21.56077050509518,19.145778984393715
2014-07-20,2014,30,18.180760836509204,18.69965568890196,17.49386749927619,21.111528081553324,18.805367338489727,19.54515171173764,21.075203192129777,19.573814986092707,20.489548133544027,17.54694240272917,20.29214637145336,20.559690190132734,19.05526354137995,18.690067635820373,15.90635033349938,20.713481772435856,17.65402531720236
2014-07-27,2014,31,20.471787838095093,19.260248325018487,18.61259810313146,22.43574328933444,22.15301874811609,21.409680165225783,22.585991650906667,20.41597050902131,21.3945948027818,19.367301708667696,20.99748466210964,21.25590112202894,22.065269345022077,19.20233256193221,17.344715572845157,21.51403606474516,20.09881561978487
2014-08-03,2014,32,22.89237959136373,21.447613429413167,21.120149106395488,23.261511083160126,24.847642155950105,22.8905803945534,22.938039051200487,21.31113257717777,22.233045270998183,21.910997260944374,22.71706952759714,23.199784618182324,24.326904381564223,21.73172853716664,19.37412783278813,23.09904987611416,23.02642749647567
2014-08-10,2014,33,20.08173414547011,18.89612424144867,18.16858060400149,19.94956097006798,22.00560300037828,19.38112469284077,21.36105298856952,19.985693134951894,19.524615576122603,19.066851502730685,20.612628233277952,20.28099402584477,21.69257692388586,18.48141316269337,16.923038402255028,20.67195707944508,20.03195058753227
2014-08-17,2014,34,25.73350687161989,23.800353767012737,23.86945029582825,24.60335258926664,27.33963209077396,23.638694336055327,24.579810089689648,22.666123359977423,22.63418847287471,24.581054480459347,24.69901282240302,23.684976878513226,27.296511397858843,23.856181182076348,22.70831311280341,24.456165343581347,25.289285332044823
2014-08-24,2014,35,21.207350036198875,20.853730267807364,19.94818558731011,23.53407244880994,22.636619966706014,21.837149202746925,23.11579500203925,21.667770002786213,22.028567427991653,20.299902956719077,22.530414526803156,22.920845160265817,22.675305708955158,20.876219593587013,18.80763266868288,22.85707979146282,20.659518025313425
2014-08-31,2014,36,21.705099097243306,20.205751589874723,18.977849088311725,20.072700686398008,24.108520589697196,20.080198840284904,22.437875986794342,20.35675515311105,20.017587906227185,19.7869936768196,21.606661777578907,22.301552679982148,23.71879824708327,20.151431916587477,17.479079028032853,22.088391888164963,22.07219143183726
2014-09-07,2014,37,27.155211629094303,25.26340402875628,25.50337098484665,24.55809106713249,28.358993195675644,23.45676425064853,24.8490020651859,23.670254109370244,22.8417433311328,26.09017601914293,25.536653474089388,24.647768005206576,28.724407891969424,25.57387360896242,23.262529706070435,25.15157051235729,26.714382789848305
2014-09-14,2014,38,22.763589665082737,23.4596950123305,21.132284814738128,23.060435793229512,23.01411744491159,22.39882088812162,24.67272174601652,22.882019364493235,22.09214270044913,21.808973081200406,24.635673265333292,24.18315752240204,23.790837008060176,22.645679842968164,19.44486852681255,24.5259354921703,21.825559846795795
2014-09-21,2014,39,22.455937033301,22.15270276364487,20.33335479086442,22.36613314492362,23.483400247434083,21.82597297069496,23.4760187888632,21.85727577853512,21.752056681713245,21.25985417403574,23.134847688881347,22.76920553294796,24.219004135794616,20.71811689083219,19.23436695246833,23.021215629204377,21.281532362143626
2014-09-28,2014,40,20.284960627709268,20.024907425776725,17.417387104288288,21.46258082418215,22.480758441103383,20.77269442692073,22.989718456657567,21.254891704707948,21.23885314665195,18.525277821097788,22.006337815652167,22.861045963359327,22.39759080658548,18.86977872180524,17.32219353034622,22.464937441503,20.05121383834077
2014-10-05,2014,41,26.70087357500192,25.542932118942485,24.876863471998405,26.78418206317084,27.60024645203224,25.683826628185454,25.093764146632427,24.41357640353116,23.93969109380315,25.691274314682985,25.964332369189243,25.164878482767197,28.22117491946717,25.8034345349824,22.96197061899397,25.6708868217095,25.87357116709501
2014-10-12,2014,42,29.061571185039583,26.767102252699928,26.97049216496384,24.210091355301085,31.462292406490167,23.62485763127586,26.529969435044,24.84159006490336,23.612776203864705,27.415582110830847,27.22877062347544,26.87179098617677,31.248659728576783,28.165056629429987,23.64950232803319,27.24946069437464,29.223508836124143
2014-10-19,2014,43,26.0652775782876,24.494390546640098,23.23525641846678,25.349875030063448,28.01210446220076,24.480371610231533,25.36612969445765,24.28386432598164,24.02099105103375,24.35934131566532,25.841310966788942,25.07677166674015,27.949782067744437,23.780663107995416,22.19681221684672,25.4008522108343,25.51870856837764
2014-10-26,2014,44,28.916129270575684,28.985163376529584,28.19211195630105,28.06577137254533,29.463241434556124,27.075302762261074,27.28438356249395,26.6379221175553,25.30151427841933,28.569197361863505,28.77393342880976,27.58314019843253,30.10351137949233,29.067263010324677,26.556350198891383,28.132370110827186,27.403749378543655
2014-11-02,2014,45,25.805580315902883,24.01387983090334,23.470688719186725,24.474248730001,27.15488209643248,24.31780986712246,25.73431748481951,24.49071649328455,23.827590315309287,24.481143246619585,25.292099856091784,25.180738384832917,27.434127594053056,24.258118450193475,21.697431742613706,25.32168630237916,25.638528484539844
2014-11-09,2014,46,25.39386438494944,26.78588603249491,24.506603929778592,26.03421095155534,26.71549629618026,25.200626969797728,26.88212421962193,26.06105619058981,25.00631366550572,24.632561682582036,27.949158637967457,26.43959674680972,27.02402283141972,25.906812014955275,22.703623264618766,27.16328208087242,24.584723896736083
2014-11-16,2014,47,26.92855636616317,26.802008946058844,25.127554295225917,28.41149915967669,28.11974955628661,27.133795953011727,27.26449299136681,26.47934927506881,26.144095928468342,25.769501103593203,27.5810412914722,26.558962585469786,28.52220135582,26.189479116870803,23.799499908719284,27.111781144562062,25.720527331462765
2014-11-23,2014,48,27.631463859685752,26.82618745608625,25.23745306720751,27.448483265581583,28.72128263709282,26.649577169037848,26.88974981057748,25.792869751174727,25.854909579581246,26.01343349933088,27.32017787751697,26.678689694468865,29.43998909364796,26.03114701298607,24.17187237079044,27.07909394803579,26.457319952406973
2014-11-30,2014,49,27.46463544641836,27.54918092044432,25.892882798134803,28.01744275717509,27.91351489470148,27.270931828129395,28.414444164353974,27.556586427564746,26.161707829589247,26.699412596909617,28.71529178371677,28.098421968218457,28.523633133950845,26.533431288278003,24.942587996988056,28.310713859453596,26.38947703060757
2014-12-07,2014,50,28.332185534129884,30.104118294299028,27.78267312240262,29.53735120239712,29.487159572293542,28.50198931552882,29.415699633495453,28.98553559241356,27.32443201098657,27.792500573148608,30.85397059452998,29.695742162411428,29.88960319320207,28.561149704347827,26.490006237999555,29.995691885453613,27.10341269500815
2014-12-14,2014,51,27.36472726328493,26.81154480773503,25.39425446612706,27.25803338062196,28.991100606346556,26.769406560458425,28.012139139648085,26.787000749265992,26.302784365450567,26.23259206456462,28.27740372331628,27.653116683754316,29.35509312567104,26.17549024233952,23.912421298411864,27.910104770249816,26.2845396340054
2014-12-21,2014,52,24.729735098290167,24.706193238687412,23.019014021730463,26.704025654565715,26.5778437331374,25.79339474171132,26.306639607376678,25.77252989434577,26.142216074023462,23.746972772750595,25.85407441539682,25.627294751190437,26.80203931396072,23.74864050650436,22.54616202402908,25.73838939032209,23.842279526743926
2014-12-28,2014,53,25.12436287927812,28.423211649791007,25.386765012935715,28.356447075094497,25.895196091590503,27.541272783218048,31.27795308393917,29.621513249781223,28.45009771485152,24.982922304065475,30.7716841941272,30.797169582541738,26.257117768512263,27.153519503250397,24.300428314227364,30.734863243924195,23.958009803391533
2015-01-04,2015,1,29.167009036973635,30.62757949280078,28.494420482293627,32.38220322699774,29.45908130671164,30.65799637037201,31.13663921967888,31.19211568064504,32.0791054854421,28.471509063471824,31.5154455143652,30.60846276810227,30.164776776288008,29.23866516372928,27.983973810742256,30.99610095014777,27.962305101101613
2015-01-11,2015,2,30.010343932123565,31.99142266641548,29.8808998168837,31.85347674006508,30.29444769909433,30.707279811648014,33.22716407108585,32.6187254264138,31.738765666162895,29.66227756710503,33.60994730202151,32.74223413236058,30.848487533657707,31.25441573550213,28.389912275600597,33.120187602631034,29.203006685262103
2015-01-18,2015,3,27.944117731415933,29.208065777190967,27.221674058536777,28.54205730415526,28.27007204333912,27.547081371685405,29.95778234498494,28.84534143819437,28.512011511218525,27.27281210634384,30.47032320262034,29.455544762212952,28.758073287580928,28.43971075368201,25.68235117141036,29.90104039634511,27.35582653467225
2015-01-25,2015,4,26.99330504919418,28.062805505195406,25.62203065504939,29.98053094886598,27.71582379401127,28.908073795961755,30.46139892266721,29.43532213483538,29.21063124363669,25.77456397388059,29.932218569800963,29.585332425778127,28.167519278507893,26.671170901535145,24.930267320199636,29.73652979632413,26.44880671256957
2015-02-01,2015,5,27.2057432324423,27.83643374412553,25.671917796029177,28.52501228877476,28.58139087640295,27.586474319222354,29.269621062209232,28.10310845610383,27.74485449408365,26.19403732265477,29.594483577843867,28.13742514504898,28.92367176107458,26.48873248626745,24.68348466996772,28.906423568725582,26.54074414528284
2015-02-08,2015,6,28.93009192173392,29.95338607800286,27.887640752513114,30.27284766095025,29.4397112509659,29.104384757377005,30.497747693743023,29.95332581359071,29.5660346436174,28.046205509902386,31.334085794754355,30.24221928485963,30.34545869348592,29.092272736217648,26.77218070153126,30.68783244228176,27.957922619308103
2015-02-15,2015,7,26.49485099330986,26.7998220996816,24.69962948322719,27.147010882695515,27.810911398830456,26.49992718199505,29.046422941691677,27.786291174950534,27.401391807600945,25.413385584330264,28.3353954579407,27.656461520336386,28.11041657989089,25.142425722787163,23.85016047607069,28.05675361021157,25.74869602259921
2015-02-22,2015,8,28.39414190540289,29.581915170144928,27.140464660861163,29.16344438564209,28.825474768016708,28.31241197966547,31.10548175111109,29.73017886768688,29.04167430788103,27.242822030263756,31.19755103701637,29.78203213632589,29.8339216552646,28.14445504662922,25.79264872116056,30.521126498914743,27.62743378713768
2015-03-01,2015,9,28.24930500339817,28.22535591491504,26.416423544591787,28.695594384556728,28.33743392300553,27.985458256194956,29.426492307346003,28.505170241516907,27.866774424648096,27.07281129298516,29.428515119676465,28.462903747661414,29.1587510587626,27.059719483466505,25.378032055282503,29.030622321798845,27.171413586146095
2015-03-08,2015,10,27.904767128491496,29.25657586502368,26.70747823808293,27.706023159481237,28.298511239707608,26.638833339303314,30.066798179559736,28.485109677005127,27.52648306919404,26.972980014384795,30.521679253185987,29.19656652003286,28.8243725714076,27.743018686606284,25.08353413641812,29.94389657171738,26.9095212995524
2015-03-15,2015,11,28.565159374222333,27.982621812108736,26.361004348761657,28.02545768022537,29.18450963594224,27.3029459458674,29.389808626981235,28.4050903597745,27.964911076420677,27.464442448353203,29.309256836862275,27.591312724625,29.392937091326612,26.56049864481785,25.009575785225888,28.679652242044646,27.74824615437387
2015-03-22,2015,12,25.433563615364456,24.83865677624115,23.97096353732281,25.62077903179896,26.421678232493704,24.799046250076984,26.76328408822373,25.393767596158117,25.443562785706643,24.56638093740251,26.03308173836051,25.97781757395865,26.355019238004356,24.642083565425533,22.0728816372663,26.249868699015934,25.244560068187045
2015-03-29,2015,13,26.005604428520844,25.89266012370713,24.08562311411116,27.147231209845767,26.44188432531124,25.773220172720062,27.62932962578865,26.22520938922832,26.579919628434453,24.71374025548671,27.317271028659047,26.975740304211723,27.02112707300076,24.949457535405948,22.915609769148013,27.22852753939694,25.18102479430864
2015-04-05,2015,14,24.69774036579304,24.696548768960596,22.97915406976004,25.87702475275312,25.6625389237478,24.77024159867177,26.895325780262407,25.62745537200531,25.680732002930164,23.59207750734516,26.481014487856907,26.04293484186548,25.689910700882724,24.09672058944793,21.49536741408805,26.34576941189701,24.194579304389237
2015-04-12,2015,15,25.281092350393955,25.782824910780008,23.936514339091616,25.53429037048703,25.75922977015497,24.75275537989161,27.705904813271577,25.85416875764921,25.500919530536333,24.227148296326163,27.17845281790861,26.897714023641495,26.122264005962943,24.838388322981917,22.47975157221034,27.16483434165761,24.61845368002303
2015-04-19,2015,16,23.2858818721894,23.10300117972563,21.85236254897706,22.872919817765556,24.27608189840479,22.48094096484485,25.93771690946974,24.013686731511896,23.180970705185384,22.46766631595196,24.800652405709933,24.5141726851142,24.307868707133995,22.83991752446381,19.714657860013613,24.96130682764221,23.07599843480195
2015-04-26,2015,17,22.907339780947414,22.333510790298234,20.73845587986808,23.52572347152801,24.953024565600007,22.603009889177983,25.07690024862484,23.89011395442021,23.61877547411536,21.3089344509541,24.24526509536809,23.98279135824857,24.740971182304,21.12613248466549,19.322659118236963,24.207043492864024,22.898010990369027
2015-05-03,2015,18,21.29579795680298,21.4299089578169,20.040138986328586,22.689162049974712,22.28545606374564,21.62228761891448,24.00974957657973,22.6880473823052,22.73773100231492,20.31812762248637,23.274838410414656,22.953708666675496,22.400797630368974,20.650605363623164,18.316770785172512,23.26992123747525,21.21286229624581
2015-05-10,2015,19,19.782431525153083,19.59669822111313,17.630824781670018,22.206729434785387,21.30068877253332,21.32399644201173,22.950019947641447,22.028224167761863,22.32131147291329,18.18463577864811,21.633711410291266,21.79112476929821,21.22845338210176,18.869645945960748,16.84418927029339,21.899207843026534,19.660677916920083
2015-05-17,2015,20,23.529133348698167,22.547860333660267,21.5734323596362,25.77952646925336,24.82974991138382,24.499800771666614,24.62342288959826,23.54332992652794,24.624746376754253,22.14119428671117,24.15613017061572,23.674985584865684,24.86188676274421,22.126533667560995,20.29399033622034,24.124274651365035,22.90611147944818
2015-05-24,2015,21,18.975111822670797,19.43995767158232,17.743568846474943,20.42112562344188,21.44301366417784,19.909889003945132,23.050636224774507,21.01061822321508,20.53163059630273,18.131556978107707,21.555944041462688,22.55662710775905,20.560611540746507,19.06690892467491,16.35185818567646,22.24203716285541,19.045335596783787
2015-05-31,2015,22,21.3258983116199,20.54696956219704,19.971015149127517,24.28683211122241,23.21339165767328,23.03512498985693,24.0656664211618,23.186345418954826,23.597192922916896,20.374038674834075,22.50819249669195,23.07596723345733,22.98540106703416,19.925421207942744,18.86292943653501,23.058841862090645,21.11846884562963
2015-06-07,2015,23,22.52162265163898,22.480542407107,20.963905064956,24.605228171462105,24.08554587021834,23.780199964074093,25.44199737237424,24.31233746912573,24.02342238118271,21.46466544401257,24.20408098873122,25.568780027631163,23.93537723419749,22.304608985091743,19.607756573560582,24.93529223649236,22.110196940661123
2015-06-14,2015,24,16.913187832138867,15.857266247653756,15.379547559167818,18.09452123159454,18.781934544035984,17.770509185938298,18.61768984169029,17.732652373871247,18.138027877023774,15.853680249140153,17.180355983585507,18.06001434428994,18.346344679018703,16.080934270172662,13.770018123713092,17.855932153601003,17.232412666644688
2015-06-21,2015,25,19.534511593164478,18.062724871421928,16.80644120340762,21.139488678602945,22.580755235176458,20.01365991172643,21.017895706888535,20.241225868324182,20.608165577666405,17.290022520166143,20.218477297035648,20.35987737043849,22.018889359065465,18.236216414904096,15.237541032624344,20.505604721562037,19.84247606912392
2015-06-28,2015,26,18.677750991271424,19.122025138025343,17.8393617979488,21.184174780334747,20.07126757059161,20.43889538262955,21.53800828672359,20.835460524125537,20.71011558390877,18.02910892767633,20.922029333403614,20.93444343140183,19.889563683837537,18.694549538658027,16.156004915120256,21.01315459906472,18.38945305508102
2015-07-05,2015,27,16.722473188716936,16.841134873026213,15.347512165211745,19.899780821232568,19.120584602271247,19.13037201919457,20.360415728377184,19.34246803977273,19.509660934515427,15.590661614764526,19.12660345515131,19.75990841266601,18.61301366334716,16.403834957731164,14.55854878302684,19.61956333414216,17.167157166087726
2015-07-12,2015,28,20.258490906105383,19.727709288790283,19.269567809913045,20.51702484630403,21.13120330200647,19.62522148196148,21.503346356984128,20.17451673235212,20.10109858316918,19.57459872055912,20.896472253840724,21.94614979263265,21.166966674870967,19.67492141467005,17.440077961338368,21.419314453513188,19.829959893805
2015-07-19,2015,29,17.783002530592597,19.1055719847364,17.236975824716563,18.8850486817814,19.7845795361048,18.411078212497472,21.024234760606944,19.26501513196277,18.606986937924137,17.205800519885308,20.5038397991296,20.61137332299328,19.362602388536608,18.745117452053105,15.401942904901288,20.676377096754692,18.18157849864497
2015-07-26,2015,30,23.682505355992067,23.684703130457702,22.282499125919838,24.140197359380267,24.88470013418699,23.727572735672293,24.18717965440221,22.85670009563496,21.994708426078,22.530900415607185,24.55684503332361,23.94882188267464,25.10069344863008,22.8943367902592,20.486556855203787,24.220637737654894,23.3629063698802
2015-08-02,2015,31,26.588944055859187,25.006635085351935,24.763359436231475,26.45460378556025,27.7933033901528,25.585807279883817,24.46966197956408,24.234856742759803,24.22740396548157,25.496616579148043,25.282311823460965,25.09053312543268,28.016850154832525,25.37123354272876,23.337054573119737,25.2771400444195,25.71466280764968
2015-08-09,2015,32,25.7586967536995,24.386753370004424,23.578955999812724,27.68945561136518,26.750159646915915,25.79943981440678,24.401327572480582,23.915399419611152,25.02496586853744,24.58187057357805,25.24096143317945,24.618012847283456,27.091100070467327,24.423115490640537,22.03567882263066,24.98491270061575,24.59984737972044
2015-08-16,2015,33,23.186395490491712,22.86268605758895,21.35549900990836,23.78614327027684,24.4924447591176,22.59243376742919,23.392296871708016,22.488785171013376,22.43289799792893,22.20972027794717,23.384126965411298,23.229940969667663,24.664930779961548,22.43572531135176,19.819111693769845,23.420302321999507,22.760833141296057
2015-08-23,2015,34,21.9646476514858,20.412074493701013,18.91639891703148,22.45776243436904,24.161274872560316,21.73052492473116,22.005484722793625,21.045660258701872,21.26926035423801,20.440662517054147,21.52963317606872,21.705083976858717,23.78976257795533,19.374113430842893,18.12483263693497,21.616875045686783,21.949145648678684
2015-08-30,2015,35,23.70400101061493,22.791470630336672,21.65173387146673,22.671239874192647,25.55295734560816,22.45270916117665,22.88480042994196,21.82351029433213,21.61361679405616,22.370446010971506,23.215106334933985,22.690283666081186,25.230591105678364,22.5457705156955,20.097292190860536,23.0268930147772,23.927609845955736
2015-09-06,2015,36,19.3055064656713,20.443069724385925,18.65378229874049,20.40570590893428,21.24516253185484,20.213356331048328,21.46588371654989,20.329417134074426,19.79477947798727,18.805856018152227,21.305641520281373,21.165988688199025,20.82005690055464,19.482166963553876,17.250623392616518,21.12431660183721,19.16257948824016
2015-09-13,2015,37,25.956563996225405,25.265574833477487,24.3362788502474,23.23572057911328,26.90668713719998,22.643663268905502,24.476765863401894,23.29729342918891,21.96696949751643,24.9219834313752,25.99075105345094,25.43656212171776,27.071152178937407,25.916148946933426,21.578270789256468,25.766403015345745,25.575327010810213
2015-09-20,2015,38,27.173995279437328,27.02654813042582,26.242432942090037,23.014852424462635,27.47745376123842,22.612732314081573,25.873635873155063,24.614692584446495,22.48935050647086,26.54104544743644,26.86987091328675,26.307228031826792,27.74946634005395,27.7431217113596,23.18764104500818,26.76577513558524,26.65919355947695
2015-09-27,2015,39,22.924354457487013,22.219225868233227,20.974904255837387,22.24336765919413,23.94448125318277,21.95460558858157,22.5367419073255,21.697990985721734,21.29176747495648,21.90045203776408,22.745062176592945,22.7473531039256,24.23714440945953,21.958687300355624,19.75142853221558,22.808188193931503,22.78328534020889
2015-10-04,2015,40,25.188496595797545,22.06246838234127,22.67524534426861,21.17424138812792,26.36898642059258,21.13946490735774,22.38369277197835,21.00788288661412,20.660689730933505,23.505963312627493,22.002171449537403,22.21484014094679,26.75288359630982,23.166404674305102,19.61208373464696,22.511327609157373,25.15291590317883
2015-10-11,2015,41,23.240551326265667,22.886521656630133,22.302879561125543,21.53411191134226,23.34853567325301,21.39258985507135,23.009540546739764,21.83357468889905,21.124006737934867,22.66146080190875,23.32659958843545,22.74434909409269,24.178993195640537,23.088036632651058,19.85216731101569,23.3420582377514,22.568588604502924
2015-10-18,2015,42,26.76800935516946,21.35059794434098,22.30884885914895,22.569234677723475,28.645807387650585,22.53850544864453,22.36657763778642,21.786422611087943,21.790562023155378,24.29376208741968,21.91906457711092,22.159569235182197,28.57774602492343,21.78681143423669,21.075051357303288,22.25065777586397,26.61009144076118
2015-10-25,2015,43,25.456651127936755,22.184550181634897,22.90492404448637,24.212558425608137,26.016440636488703,23.22012805693245,22.400129368284357,22.01738406094638,23.44964932742184,23.73144468762341,22.199159829441086,21.92081156188266,26.77399596836576,22.47434626316241,20.91301960670583,22.290938039581835,24.32791289743388
2015-11-01,2015,44,23.54587230166873,20.16953220194591,20.4789175339896,19.62504381509054,24.390791007097697,19.94984265306588,21.660174517172766,20.20993208600329,19.99573483252479,21.86151314639938,20.955284861775187,21.151679735620707,25.176273340424057,19.90675757136041,18.217553409603067,21.16131096483443,23.11769539069616
2015-11-08,2015,45,25.05155646570861,25.3361027469513,24.183068779367417,26.76289341847102,26.30071451256312,25.881860163527875,26.509536231572014,25.180840534358836,26.094174989748844,24.193202779853568,26.61829930260068,26.588944121512444,26.26073657223617,25.909204687579702,22.794034397765778,26.726866582135163,24.16190397964333
2015-11-15,2015,46,25.39349799972396,26.22381965844616,25.23124356341764,26.33200930129914,25.29605223954297,25.52299996109696,26.110892448758943,25.25995525508732,25.87968928380022,25.08903803036907,26.44138209850757,25.556983040349508,25.987509812167254,25.99890775571097,23.45930831319193,26.199690936362902,23.91595489445401
2015-11-22,2015,47,25.2588856892236,23.75750558564404,22.38174386857989,23.898575188148588,26.13315078825707,23.81303001708199,25.247883343488063,23.42554343384582,23.74509050888092,23.820207900486054,24.696553084138152,24.456245946755622,26.732478473177288,22.791500209299627,21.2936442153938,24.80765325169274,23.889098865323955
2015-11-29,2015,48,23.692498750821656,22.325692459464328,21.85286131218248,24.70664636152131,24.33708376005612,24.58447148041989,24.15182346088198,23.664302180897103,24.658395728019816,22.56128402770035,23.53108830802885,23.654826010012563,24.96440830746213,22.17125586950123,20.80440781450191,23.74864793616965,22.70152076685204
2015-12-06,2015,49,27.21071962039903,26.8035211725784,26.744343700087377,26.641761906090235,27.687256112088104,26.324052943226,25.996637188658426,25.31506631132844,25.83877092984791,26.8773887203032,27.04313315684661,26.062467505668373,28.38052816832848,26.400446404569177,24.46156938631429,26.46726864704647,26.01845258136965
2015-12-13,2015,50,26.318194091089907,29.19112777811632,26.851909943777788,28.44980257749557,26.740924963679344,27.94355058363199,30.35919130508823,28.83461961027864,28.152370158007,26.38138379074457,30.97451841841529,30.39040088396509,27.288649840704725,28.242523234117915,25.255743290940927,30.585654178477547,25.033324787880208
2015-12-20,2015,51,27.914426094163183,27.80419948817825,27.45169097253889,26.6891330906323,28.78999738460289,26.527557547334844,27.94405977788541,26.999551352959177,26.67540688524041,27.558784359351588,28.204698483355628,27.496332322812144,29.23192844795905,27.5705092142918,25.21136257453759,28.02052824837821,26.6158977634502
2015-12-27,2015,52,26.52232788213585,28.26307830119184,26.566750209947127,28.030384945017957,27.742309782083257,27.988490803054557,29.533641842989457,28.10539368072113,28.062575974809683,26.12654520770696,29.767142058863783,29.217998903074037,28.11213087391209,27.101909655566075,25.330585853762297,29.383470404638004,25.402445168508034
2016-01-03,2016,1,27.795687315853712,26.8117224778702,26.02675129654351,27.757705339363643,29.24221138350616,27.233961503017824,27.887385777064733,27.159415667645337,27.422902566346167,26.894508012100065,27.79667980805104,27.848771084993675,29.5223873407224,26.200289020153384,24.67217370844037,27.759869420598395,26.967583308001416
2016-01-10,2016,2,29.37572484157568,29.18698971408771,27.66668652430401,28.039784539313544,30.85364927211397,27.89030263844297,29.188959038292356,28.16177535118995,27.759178240005284,28.32955458247353,29.514499395131036,28.816640036446707,31.14217704419464,27.72823077867189,26.61045710720576,29.01229448561099,28.741430218329008
2016-01-17,2016,3,29.78457119719556,29.417841343991537,27.87737324688428,29.62321316344397,31.47382368148476,29.071540820245733,29.49578520438414,29.049010528960785,28.994356265506635,28.54053608880402,30.464863137249303,29.006387422669608,31.802045604897277,27.567698428505345,27.23207783681805,29.533841463451047,29.169440622920938
2016-01-24,2016,4,29.24777990510565,29.38686552027395,27.548062410836952,29.129079462516877,30.248135623889528,28.260564381858405,29.687987080120838,28.691457117254085,28.77436159174969,28.263299697429712,30.423664728800457,29.38690089151224,30.968141651521783,28.339818590660087,25.96947785338216,29.81232855511271,28.49610942778883
2016-01-31,2016,5,25.115737912584304,26.827789315791016,24.798029693122874,25.07447238053594,26.00298065366258,25.53923174834773,28.413930653830658,26.290413656854007,25.266963906484108,24.678523970133007,28.29875233142407,28.65339398705413,26.219898772515847,26.969068139260777,22.840483357147605,28.494242696146216,24.69275467093743
2016-02-07,2016,6,29.687502793517048,29.21384137017386,27.84592118047462,30.199521002315336,30.597640139892487,29.34329399639115,29.47968754337411,28.705869141615832,29.42251270951124,28.746489840229664,29.95174766474472,29.71414848543563,31.04039821845684,28.415429751204087,26.873386724918216,29.689382459786067,29.085262553068503
2016-02-14,2016,7,28.928414512938662,30.49585694189011,28.34015146101484,28.62110226211093,30.190518707456103,28.238949504444808,31.144702077259478,29.731327148041164,28.50679891590036,28.330689104120964,31.59596315854556,30.926026465115203,30.04661121515694,29.797674678746635,27.158991416429387,31.235849361830265,28.639631052865496
2016-02-21,2016,8,27.51929652583492,28.72976531453732,26.096195386803668,30.24370564165569,28.21794665468613,29.507582290138828,31.413173864603745,30.26474855596369,29.412137429075003,26.51398091375225,30.642071663662467,30.08467451902734,28.81040517703907,26.641155175743812,25.930175016196884,30.279525950930125,26.491480071589635
2016-02-28,2016,9,25.36788665005599,25.85844122880557,23.784141320513747,25.580771290120623,25.99214621176109,25.737236506536966,26.98907703143862,26.11159164230545,25.632751690664865,24.31439753404753,26.634818608007397,26.21310811929625,26.452437597812374,24.78391667340743,22.24430868741088,26.427052443741356,24.83206027408816
2016-03-06,2016,10,25.014745503625655,27.46180633797066,24.617014728400594,26.653361697991688,25.363450162592507,26.51996901965049,29.022754424514996,27.029233463832316,26.17901358445797,24.479469801363177,28.92039616076977,29.049836690856445,26.050585078456685,26.63767890341441,23.26763838683229,28.88190218333862,24.48496292993386
2016-03-13,2016,11,28.844436034272533,27.657167425541992,26.32666404541341,27.77868853580384,29.63633557198932,27.403553924658738,29.188202260187,27.535761687043426,27.000722941120543,27.27450703126373,28.974732091003684,28.42866759801489,30.15584857491452,27.05113474653793,24.6701586237875,28.75771815902799,28.24390201748542
2016-03-20,2016,12,24.238369447077257,25.473365634234984,23.148033874058157,24.705054832356318,24.45890457836634,25.035889103912783,28.1012832374684,26.56524963874321,25.12156347472607,23.483100716255112,27.453708166477483,26.83115930120257,25.277895894289934,24.52484847983212,21.93195990440904,27.226893676936974,23.398590875764416
2016-03-27,2016,13,26.380118486657256,27.91505329542831,25.991354209507268,27.24156519344875,26.617525474836345,27.355675023495,29.65183410978178,27.932543468723047,26.96380760991643,25.94855635935866,29.49206634785706,29.193190219909997,27.114029243645984,27.53169980368031,23.84403699991129,29.351148847964414,25.54680746006516
2016-04-03,2016,14,30.403797341129497,30.27516839346652,28.97243108639383,28.50853627636319,30.86653542959805,28.17708487983223,30.432657041633096,28.807380977481998,27.776993857904426,29.650064984376304,30.916605509307992,30.37645074427932,31.493391305783536,30.23853355139011,26.931822578523917,30.712576793364587,29.599346442363974
2016-04-10,2016,15,27.347338567215807,27.18495092107289,26.052151106264912,26.76317211843672,28.39764776872229,26.971898018776837,28.901405378958923,27.074495763407125,26.3304877178543,26.61671063387756,28.49066981856441,28.782963996948904,28.667299511810068,27.305885754982665,24.50878987993513,28.81674587003405,27.11386147727864
2016-04-17,2016,16,28.797572301621603,29.81423089855007,27.8146780432064,28.68471725214096,29.75798275239551,28.8918440093405,30.86899194633995,29.772263097391495,28.236063430920503,28.033860958601416,31.153090641302462,30.613828746456345,30.209264431220685,29.15944615927524,26.010211691630087,30.86185843510637,28.134446308619253
2016-04-24,2016,17,17.575114294368788,19.96690539154671,17.011595228443976,20.846037826367787,18.451640407214956,20.66433665620468,23.88513605657193,21.852939820723105,20.940706901587617,17.013294812128432,22.55067858427634,23.681200634115797,18.738244899911766,19.313081297140418,16.07016261426319,23.165491443790803,16.98346155865816
2016-05-01,2016,18,21.446365260709666,20.95119458322586,19.65006766154265,20.122310749122075,22.312125538473744,20.121178852852093,22.98390177735087,21.26211364547928,19.845229736746177,20.344059880860613,22.488876760573618,22.78993266226468,22.792261421910588,20.279734627739167,18.38567837173179,22.66537373313232,20.91041074801648
2016-05-08,2016,19,20.45951521442664,20.35534877411084,18.348888528378744,20.585041941631413,20.99190768870841,20.541145875800684,23.29044658449579,21.42360205365465,20.404242760047985,19.278817782922324,22.281546770236197,22.12045818904661,21.726881850180018,18.96675263387109,17.366145584962936,22.254833841043908,20.06255510232519
2016-05-15,2016,20,17.167575179533298,18.55480786833936,16.70586372796899,18.10079981031872,17.96115356194011,17.847858840127405,21.21007141357956,18.85319929147696,17.81477169234692,16.630614730719103,20.376004223183635,21.37184241261444,18.303749541058043,19.03757742756103,14.499841762663111,21.052641081016827,17.033260286978955
2016-05-22,2016,21,17.02691345386677,17.636840781169152,15.21419728320578,19.00295687005633,17.731309416380572,18.521360607220863,20.04578346830763,19.38970552617853,18.50325207327676,15.928082646347404,19.116848863874164,19.217915880712216,18.17920579505243,16.651995010134446,14.825481702781133,19.25640937260219,16.573150844908145
2016-05-29,2016,22,16.06360752395375,17.599502462313882,15.352850258191708,18.637379410721007,16.250080742543048,18.483330498330844,20.032870751428188,18.50949207305908,18.326926757678127,15.354197929090535,19.29179367461762,19.750005407153434,16.908513974959323,17.014049911951897,14.219404533609543,19.65652765546526,15.59762971099175
2016-06-05,2016,23,12.312756693041004,15.163805956525334,12.280694910563932,14.93303984687442,13.273699816909213,15.260245663165431,17.22817074244641,15.144295362497305,14.627070500659382,12.013252751229182,16.41663476110021,17.423314225641544,13.30593668908226,14.16400449342958,10.95528716611391,16.941597895612922,11.991134963588252
2016-06-12,2016,24,16.515369495062906,17.724255037714425,15.815004354255224,18.40407398768834,16.86037403631881,17.80725705086648,18.846026214844283,17.325682755507433,17.117642802035043,15.838983006364716,18.725492650812324,19.06412417419516,17.274093200801424,17.70527470192043,15.144130674392969,19.022708887223395,16.13739132945428
2016-06-19,2016,25,16.28702300303691,16.107654611184905,14.480705877268534,16.3107604767595,16.977934007199934,16.254769444312213,17.103220297365773,15.725389803601548,15.41784274554766,15.292509736038568,16.928060789232127,16.567942727286862,17.29506914956229,14.495754471776229,13.871401928787028,16.7732537338645,15.959950354542691
2016-06-26,2016,26,22.197425925747,19.39997424042301,19.360832744926714,20.30533950811341,23.55912802644697,19.229698717517437,19.954384383932844,19.63427210473395,19.14651046293822,20.618117815195777,20.30915060662604,18.4785464883172,23.916548067998704,19.16817002094542,18.85702366830067,19.716816239627608,21.56016373184492
2016-07-03,2016,27,19.96735126907761,20.494631293485924,19.02751517782406,21.218179785069964,20.680371881678404,21.124132768834727,20.234317779541016,19.766894616461418,19.858608746948537,19.332747197124363,21.14239222373797,19.976767208376984,21.01028717991008,20.16834455730889,17.697091101681117,20.644198580030825,19.25681084956763
2016-07-10,2016,28,21.82394346337828,21.979486929582382,20.99935292182185,19.01788700478417,23.020310036964897,18.856452377299696,22.431350207537328,20.113338005264087,18.8290557114812,21.043202497291357,22.31411159730061,21.57434378929858,23.4605769374656,21.77605013739794,18.12310609332741,22.264672161781625,21.22424694341469
2016-07-17,2016,29,15.248849407893198,16.003388735277056,14.579922753091184,16.300037264823914,15.883539847847626,15.71804867073069,17.152194426289107,15.366456747674324,15.577836610566385,14.825093428115071,17.28096761744776,16.84134819951019,16.492632546480095,15.408239291787009,13.44423704726298,17.12470176681847,15.25526348664112
2016-07-24,2016,30,21.186814989362443,19.540740779213817,19.014884925036696,20.064823129347392,22.12182484054283,19.70403444690287,20.85165506201653,19.34701962111832,19.260503786650656,19.950827987443475,20.24185527950138,20.48539848533281,22.485807663685566,19.561854057930937,17.169873040717814,20.5982662376359,20.792749420330534
2016-07-31,2016,31,24.076356644796128,21.1016676197174,21.48380630843493,22.01687607594899,25.98686588719366,21.97189402242732,22.57816696166992,20.776238016896432,20.538534902546505,22.661168720644422,21.905785741434467,22.433172057581075,26.21636233642755,21.28628838482137,19.686101618458697,22.499349164869454,23.50567592379218
2016-08-07,2016,32,19.05674189858455,18.202659832643292,16.968768392713493,18.46771222636813,20.69185673934632,18.135434440357496,19.384500389543984,17.9857717251468,17.70427703484164,17.666560130124687,19.08603832773316,19.39128989479291,20.90897875218778,17.315869606102602,15.55274268915153,19.166383920583705,18.53889438598304
2016-08-14,2016,33,19.412760003039583,19.314185097781834,17.928953219010115,20.46200293444452,20.733187418527557,20.065149909894597,21.420647904754727,20.46605983139633,20.191348344612496,18.56735760664108,20.539242917841133,20.998170346262643,20.833940722307183,18.73141779784492,17.19670702974011,20.87393632280384,18.768751818536103
2016-08-21,2016,34,21.91991330175019,20.4793861105498,20.2990603662743,21.284959509259178,22.875606106970597,21.12939948495597,20.54135856962065,19.688010351998464,19.62565538514617,21.007341995282168,20.76588588565975,20.33234560907369,23.461931581202624,20.61007947246218,19.001305281929262,20.714529033743005,21.252230578034396
2016-08-28,2016,35,20.40227758684981,22.17791383556212,19.90007647562577,21.98872543090865,21.010758459965093,21.727381277882152,22.65610015913627,21.883279851442804,21.11528974036648,20.20670293286627,22.853207826820803,21.83102647827642,21.38710617006516,21.28599966945127,19.19320214509792,22.409890311104917,19.75428024649299
2016-09-04,2016,36,19.25674833201993,20.87406257017335,18.430067647529476,20.993632159062795,19.652949240011782,20.869559983949404,22.84939392801624,21.219739719242245,20.4596423477576,18.62345370452504,22.537985490410875,22.93430734773209,20.26182203219204,20.10113046892933,16.97158066584845,22.70901193637437,18.805682743334703
2016-09-11,2016,37,24.34463136321943,23.57164350298168,22.6168564768523,23.591562061082744,25.79561928269777,23.34181050014618,24.512182836282356,23.29892337254116,22.143336340872505,23.28947164237298,24.695426191189583,25.651539483802978,25.924170770240103,24.12159473206339,20.4680154908855,25.11308470350889,23.67565182598453
2016-09-18,2016,38,22.23889664854936,22.57815819254308,20.54429924075542,21.31398904465493,23.305834271129548,21.10255359099792,22.285100341885844,21.114328651428224,20.2462346222536,21.078601977688383,23.023286573401776,22.398656883651032,23.67424145996801,21.759136400724717,19.19002280077915,22.69980045773978,21.849962614938576
2016-09-25,2016,39,24.44547256509003,22.016937281277137,21.797127678421816,20.963567902644478,25.79594872317254,20.531602751487625,21.39952506685396,20.226793480414848,19.631452252486916,22.92675879889318,21.90298596419297,21.088903835841585,25.99076057308889,21.9711602527632,19.80334143890182,21.591861118309183,24.152453371135373
2016-10-02,2016,40,22.463395885825925,20.83657509431656,19.878844065695816,19.53876433769862,23.45760540852804,19.56561596451886,21.372611676986292,19.86892259820715,19.22347153982771,21.152855127547,21.156713485717773,20.91970767743504,23.81854599323052,20.40252070923214,18.048689637290977,21.183700009101525,21.861915542109
2016-10-09,2016,41,22.86079044292946,22.7297630838748,21.30080307915661,22.664960541895457,24.478509010693305,22.228710032184456,22.780519613371645,21.907346553554785,21.5875710489232,21.811927957395334,23.117866957032835,22.43262208439912,24.49882096765584,21.885965729590037,20.16189534714124,22.767956030112188,22.09441094257118
2016-10-16,2016,42,26.23810742106984,26.328984342912623,25.47533155481902,23.88984054894674,27.686505935352702,23.13872582326371,26.002080922919184,24.62348049510609,23.635323356508977,25.396899039887472,26.396777989441183,26.068966197196364,28.02126157974184,26.52613896912249,22.64295692921719,26.40792430123704,25.500445174399733
2016-10-23,2016,43,23.352013191507897,22.62978889794746,21.689052013136585,23.36127496333349,24.34911883909732,22.734851398983515,24.0587962514805,22.49494115606531,22.420185099375924,22.19709437126786,23.652551109346994,24.07358651533924,24.851024047748464,22.57963664511895,19.798211518381628,23.91908911389614,22.233213028175168
2016-10-30,2016,44,26.485501842916086,25.007689501430946,24.41685084230411,25.44391516844432,27.29338989991951,24.866988922178056,24.959867149330787,23.646202837461004,23.796504016958338,25.39438869231732,25.42528326521704,24.641842950065183,27.873349110592287,24.78029450739992,22.542294416563163,25.04435694147696,25.669437506128197
2016-11-06,2016,45,26.677035607886594,25.838698532535577,24.337221371566923,27.26929087298257,27.68647665451581,26.528649476197398,26.1372378880359,24.931210784912107,25.09221560521135,25.21614228539312,26.49258708871288,25.96556154801196,28.114835179450427,25.476260180335576,23.465929348421103,26.34458004005268,25.769259730439305
2016-11-13,2016,46,24.821076335440576,24.325454523822643,22.365980777046587,24.01429181581452,26.307205013837045,24.027791052711517,25.12570656979397,23.51107341518649,23.491684992019444,23.31271145931111,25.314357678301928,24.45922896547137,26.566668871286755,23.09304842856452,21.373346153898886,24.891319271169763,23.86786138529405
2016-11-20,2016,47,27.548061969811087,25.45422527581644,25.372483814513675,25.63522151538304,29.02876922274236,25.258572120617405,24.754788462691685,23.63764124090021,24.362212427441623,26.32542837162254,25.152434037774157,24.59832720229568,29.460406143232664,25.40891218242034,23.979557307993925,25.005628720188334,26.42613821723712
2016-11-27,2016,48,26.177269710997354,24.04794523405876,22.98275664007124,25.66426642451968,27.36374520584885,25.643844521030346,25.34108354885446,24.38182068663758,24.56278487240965,24.532413684342924,24.962414516102186,24.78014986855643,27.885169842988837,23.121328187073747,22.692937805003016,24.90759857386759,25.142401177285496
2016-12-04,2016,49,25.851848754490053,25.286827829600902,24.36649773876119,24.839510416700723,26.886635655389725,24.96919173654289,26.20988124035538,24.365521970476426,24.149157753662585,25.089433738699917,26.662503173960232,25.999002559487067,27.25749088714482,25.30679669246213,23.073167436296924,26.354636828726747,24.94051292193225
2016-12-11,2016,50,25.77093578765751,24.792331885681477,23.294363085316046,25.677390646366845,27.515635584302515,26.10158938944263,26.564326049982636,25.47483331952776,25.392224580574407,24.095505883910924,26.09023001204321,25.58431478587765,27.71737979830002,23.546250578061745,22.74282813801647,25.848509573889803,24.775849474729554
2016-12-18,2016,51,25.330227310593063,27.211147216845674,24.623879461449228,28.110506446588605,26.18264713329708,28.651804512838904,28.99233203587657,27.465129318237302,27.105690676172184,24.9490374027677,28.721303137246668,29.4134408611493,26.389502236281587,25.89185507004092,24.87357464861336,28.93486965425794,23.824128434985795
2016-12-25,2016,52,29.12872701323324,30.9514886473796,28.82145499252279,29.376286447048187,29.997979666020232,28.928283333011272,31.025379108618026,29.90262122711578,28.79033350524604,28.73658322912501,31.4744057031937,31.078989247427472,30.5517423530343,29.55507517181747,27.71125413641473,31.11343462919769,27.585806867183056
2017-01-01,2017,1,28.35776625575553,29.669445248300843,27.613212383205955,28.576255432197023,29.303655117551635,28.599217872668728,31.36176057598681,29.45239256920753,28.730226287169938,27.76015703589629,30.57275383028633,30.63215014105537,29.52485499326787,28.67507328324795,26.136183067161877,30.68074502590352,27.46334735659576
2017-01-08,2017,2,28.70595306779427,30.78585316631586,28.041057458046588,29.46044319016593,29.897401727807686,28.91622549717337,31.827558934514794,30.08919503150048,29.134891860872333,28.13266542067812,32.311074026528885,31.239146821261095,29.826829860569426,29.17279719664827,27.234137981031576,31.76114326073932,28.10895507097887
2017-01-15,2017,3,29.33204040625534,30.283199145595653,28.392196667120324,28.526713998544786,30.00940299581193,28.51851036680557,30.951489050951366,28.99010127872616,28.278809399987388,28.87771307470023,31.478215613096825,30.20561719776164,30.34763479232788,28.963637024034472,26.997668845025757,30.838919148753064,28.310412742378254
2017-01-22,2017,4,27.18521296870601,27.50322450706953,25.41372131730141,27.7064265864236,28.45048697165963,27.52007591463577,29.30882040196188,27.434621500783148,27.79015426486439,26.12292121419488,28.93220770534499,27.91137448796686,28.590558519694795,26.574780371710865,24.583753177787106,28.513901391374617,26.38878981700805
2017-01-29,2017,5,26.57617410146745,27.71092236321618,25.67809059985888,28.71170341400873,28.644675410826235,28.581635724316847,28.524441838612017,27.41396856431837,27.72299847350895,25.879819089033468,28.34521608889361,28.270849261322432,28.517061415786447,26.590156081923865,25.198730455884245,28.26445236131403,25.738589597840832
2017-02-05,2017,6,26.82138847046684,28.86456198072128,26.22653773662361,27.16138464496249,27.581760333080275,27.58283768043862,29.39961135352666,28.24168339419675,27.36066450204868,26.24235621989779,29.33421452675031,29.11049231043402,28.02174130738012,27.743968731903205,25.24393429178354,29.22526855991311,26.151758588549264
2017-02-12,2017,7,27.84904599281812,30.08029544277232,27.77139917727372,27.573996762434643,29.09963688684516,28.851326688376176,30.164475410394694,29.58723897859648,27.1770639176938,27.499764320150405,31.073523484267195,30.349243400553163,29.197407707744578,29.300349513673957,26.562750105282337,30.559979556358023,27.06030118433292
2017-02-19,2017,8,30.10890825927028,30.630797725750693,28.99383270920328,29.41205249230067,31.417406267099786,29.997245027598574,31.03229599443886,30.515609782825816,29.233715729237534,29.159102554664567,31.528603874966176,30.910518129559534,31.781183609170807,29.78103901720066,27.93261597076688,31.173798645079252,29.6046072787673
2017-02-26,2017,9,28.1894348444012,30.30794357185933,27.418364072121022,29.107196830567855,29.294471283297813,29.548594279639047,31.44248860640011,30.42651101545854,29.71293543462884,27.36196228623793,31.83529424295797,30.822076843755266,29.576075504185148,28.737910948867704,26.81778191934289,31.174869410445776,27.430922762724265
2017-03-05,2017,10,28.765605651580536,28.12654589589979,26.48299427929449,26.981342914558592,30.13663777309731,27.41852176818455,29.49733487788164,28.00579630665965,27.55065341471693,27.431798941373017,29.433997510109112,28.883550746742927,30.53505385704482,27.42642906318788,24.975075846492626,29.177885984954536,28.38252340301349
2017-03-12,2017,11,25.796055596154016,26.44033397845368,24.776444251492897,25.601784246308465,26.565853984332986,25.469910379849196,27.47818420232211,26.43053406851632,25.80980331323851,25.12702692158445,27.29970527913148,26.550998266173828,26.965220125485573,25.75410132111888,23.470495696815632,27.03451849756409,25.118342861011023
2017-03-19,2017,12,26.34504940028049,24.750634275773947,23.960454422917746,26.318679117021105,27.377630093995943,25.503830866770706,25.453180824702407,25.064756716443345,26.067985103554925,25.030443066016627,25.463446783090568,25.374577936136497,28.056210361392345,24.687657403436443,22.931122710233254,25.40728131945586,25.510036544337108
2017-03-26,2017,13,25.51765109274531,24.9087375465995,23.097653864544903,24.16934402783712,26.463359966885157,23.807508063592508,26.1588266055716,24.388671978046368,24.66935887495366,23.963914734976637,25.747926071299105,25.100821808663337,26.855293706577257,23.730322930291088,22.280238944862127,25.522464640219848,24.859719217305557
2017-04-02,2017,14,24.941132090113182,24.590696639851974,22.909198900610345,24.106631525925227,25.27365536834468,24.363955899094982,26.07133971011326,24.162941382271907,24.118224604955625,23.81937719008249,25.405024413732225,25.102697035694376,25.88002614349012,23.52492712418647,22.18765611908172,25.38796201284151,24.020385880997235
2017-04-09,2017,15,24.948847835742065,25.200237412442533,23.526637706908907,23.321735910006936,25.62715664658169,23.78560322009152,27.200059901868634,25.718871233060764,23.81282459453127,24.17057586279441,26.87138848242822,26.866085021643624,25.88971589614986,25.167189374288927,21.30286109513531,26.93597419574536,24.42421164088493
2017-04-16,2017,16,22.790720187252244,23.42375567523656,21.164635223314207,21.69069448255357,23.655819643699708,22.316727403815037,25.418674385582392,23.77068470050762,22.762574938645333,21.78307933828828,25.070837930786663,24.667979551454117,23.99638247766089,22.7156467754755,19.81423917318706,25.002246169894644,22.156254372506773
2017-04-23,2017,17,20.673695733648472,21.765615313800414,19.9455652998524,20.452033374990734,21.19497549225012,21.11734825365025,23.748570717458477,22.163626832838183,21.309045424899946,20.114548404788007,23.466075251525613,23.645311026560325,21.612711112011358,21.12378798712371,18.18172402980385,23.560350324776305,20.58036092992099
2017-04-30,2017,18,22.16907514230932,22.4634039346089,20.36953934125384,22.152923178105127,23.29000722206053,22.390707719279987,24.06513766853177,23.1647330425312,22.30388449876043,21.111043083654344,24.1053623810475,23.91438890081853,23.699700384986908,21.29896653495761,19.42874235935712,23.877588720004383,21.655609980426384
2017-05-07,2017,19,23.148291517868927,23.00418988880572,21.738539513805424,21.724725907757165,23.94580105796379,22.0059702172396,23.9253496220091,22.788235583614995,22.2032174672166,22.388080127059546,24.09688796666793,24.028183872808988,24.48151914677565,22.420801466899185,19.636460888963008,23.96107693427696,22.81239943362953
2017-05-14,2017,20,19.236116509946925,20.267867719695005,17.916458812771165,20.36383092261496,20.086594179945465,20.71818745120919,23.068933853950167,21.70695989435369,21.010020438938927,18.46985819154703,22.232430718987533,22.86019554035361,20.38041838715896,19.25469333322613,17.316401932389443,22.5085183608322,18.86361625830761
2017-05-21,2017,21,21.6145056242188,21.420281542389635,20.43355206334708,21.65151718684605,23.01876922822016,21.748279218047745,23.156480816988488,22.01034811341917,21.66631904926785,20.856989700158618,22.743617743950388,22.94779127691634,22.87942545938676,21.28142232483538,19.214392903970538,22.861156833148517,21.310286329762956
2017-05-28,2017,22,16.69036562316973,18.917497783327413,16.052607917108677,17.925335519370577,17.86860351294257,18.34290428603478,21.705469598575515,19.64519462833157,18.78989373354529,15.892625909554273,20.9379246963567,21.77844993251996,18.055929810844333,18.147426172731237,14.626813049288836,21.31985375839204,16.460563127563972
2017-06-04,2017,23,17.760740561221404,18.79221123876348,17.693768084102114,18.49870518701417,18.55141129765486,18.81305563618624,20.95115693317557,19.550762674405977,19.17093277350797,17.439436049509638,20.32023633403696,21.422453060304377,18.907663721835757,19.664104125034587,15.16534360923758,21.06283156139277,17.673041562828413
2017-06-11,2017,24,21.15761561989017,20.32379374066904,19.431313792265083,20.907379343396144,21.60152060750853,21.382906912529943,22.44744782962188,21.24749551054719,20.64900499220697,20.413428728170143,21.90873244149344,21.94093880820467,22.27795747808508,19.817146359388182,18.416193787030963,21.964943533074365,20.473416048240143
2017-06-18,2017,25,19.92162161720305,18.51372717743489,16.997379610997548,20.469021689324155,20.783160825908663,21.04111762151141,20.797008611718,19.913704346000376,20.11531506219256,18.558574980101785,20.258155518899237,20.61494894875992,21.454506566625763,17.910442989713175,17.121719309118276,20.468147540978958,19.60291459618232
2017-06-25,2017,26,21.388127237366582,21.847487077530005,19.958990578960293,21.3168212998481,22.274130662399955,21.707856785836828,23.301839572695187,22.14538425197849,21.47613575313889,20.556796813037987,22.983070641059378,23.09143186708024,22.89057554517473,20.891930030276285,18.457852160720996,23.060352918919747,20.724344483604327
2017-07-02,2017,27,18.817632480017465,18.606026294643183,16.097036998887557,19.31680005646887,20.217752023946787,19.423199559117226,21.01664360758167,20.028196477518456,19.55597861918918,17.32246783452844,19.963873831018223,20.42385737529662,20.831614404111296,17.104332356288776,15.676878467579114,20.128272028585236,18.11839375277414
2017-07-09,2017,28,23.550712376794607,21.65268360068804,21.278132937075085,23.02415125710624,24.46869959008861,23.499720871678647,22.774632695812528,22.05473497861392,22.27902420999485,22.472383706186164,22.65552013777035,22.933934784963768,25.13919418474882,21.887763927989575,19.92593545966537,22.90577076652512,22.645619842241395
2017-07-16,2017,29,17.498695315848295,18.345583541052683,16.91109788068756,18.6777239938577,17.767103609908165,19.572844130959133,19.86872539575872,18.55702150815493,18.37539879263264,17.09746730341016,19.199613814746147,19.932280755107293,18.4316004418038,18.150712275910767,15.774567465413424,19.781345261053097,17.088768109157076
2017-07-23,2017,30,24.421540610118264,23.275125046020374,22.227695505705785,23.619804917346865,25.525269513303133,24.9702706895433,24.071466896346287,22.855696748015166,22.137499831660623,23.40194274228657,24.019431186031984,23.752515265883783,26.120928107081237,22.830532520054167,21.338286570312604,23.9314150278349,23.364867216814563
2017-07-30,2017,31,20.903495280438868,21.39447866726532,19.354962588414327,20.79243974458604,22.04334403954992,22.11347723068571,23.574537321707943,21.89610526047744,20.480872489234937,19.96802883824025,22.791767460546453,23.863038608006065,22.447834407961047,20.75250800305976,17.953253268621193,23.26469822265864,20.155955385326376
2017-08-06,2017,32,23.38437124568984,20.44357846286505,20.461955238890628,19.83039784999121,25.198252912983023,21.05672329395741,22.12843336099786,20.42102594103132,19.87592727190828,21.6828309693138,21.592490510816692,21.820846246580548,25.10721447661116,21.703789919697343,17.249272463207387,22.09539455630308,23.348770280411305
2017-08-13,2017,33,21.054948251986904,19.87912402681705,18.14308104688548,20.346340412185302,21.50093704113512,21.87823748251032,21.32668408986083,19.910374408077885,19.935225879609472,19.574541850889226,20.75803572832248,20.719651327621584,22.674079744051785,18.793919281380237,17.244868265867403,20.911769155886777,20.0981758534105
2017-08-20,2017,34,22.70775555275582,19.25437542522894,19.33520744284805,21.34243873187474,24.12819931050039,22.875690200000506,20.781986570219257,19.34526357031488,19.927418499776763,21.054534425617472,20.468671727696535,20.950995819266595,24.581196388222537,19.7325768665122,17.404744171688456,20.82309123261334,22.0106816034754
2017-08-27,2017,35,25.992701421219717,22.801323438249923,22.82698006617251,24.24185724343572,27.19064794550288,25.13885047352912,22.536168774084867,22.582976952094533,22.60672783338394,24.369298499400223,22.944766303058312,22.75433078159219,27.47049418011227,23.408885703334043,22.21299382721881,22.962234302976128,25.62154653065931
2017-09-03,2017,36,29.02172933306013,25.74035337688064,26.664898449272417,25.337555865446728,29.784482439211967,26.238916537016053,23.543311255318777,23.642097330464946,23.05400561353232,28.12007457467112,24.96501297723679,24.6168415167261,30.331704095523783,26.762378906231888,24.469386038507963,24.794332101153767,27.959188866165448
2017-09-10,2017,37,27.70592904060197,26.63734403907109,26.873104557487537,23.53873081150509,27.763726270437065,23.50160346160064,24.58322261999369,24.39515375211641,22.539959521209656,27.22356318891116,26.13134622780276,26.116365671800477,28.47378277134251,28.153741303667704,23.68685776984597,26.09921049651801,27.17472650291464
2017-09-17,2017,38,28.37501672919039,26.13891308749917,26.58559667270799,24.261553088823955,28.56371429353004,24.731564039429184,24.11723144130874,23.764021174938648,22.878942303928145,27.50500023995261,25.320811024785563,25.051072164365863,29.39587557361853,27.235580780216488,24.22197506301979,25.294684755358915,27.811525662311645
2017-09-24,2017,39,24.400471036805456,22.0860725603124,21.092649029543043,21.351916648092725,25.556971921998425,22.27890364819972,23.34970976937964,21.620433176214046,21.025879446541023,22.6427359253805,23.059023284086415,23.51879342739794,26.019426327414493,22.06008635257892,19.44058370578723,23.330596067200897,23.89571768704129
2017-10-01,2017,40,23.723344775854088,25.089948501668253,22.97778391647677,22.831170862629296,24.856545299357787,24.061787568464243,25.67235093631133,24.08239702794459,22.547262093792224,23.34431081789015,26.02307800689301,26.103907747088737,25.24861934838608,24.273592738705187,20.82208969081289,25.918093720527544,22.867653084572435
2017-10-08,2017,41,23.30598143107489,23.75043366763638,22.233030794781715,21.61449539519491,24.947673033820887,22.237674911970338,24.660457305240907,22.81312570101255,21.60270112181363,22.12368555036788,24.725650552856973,25.7770494733538,25.21844240873477,24.50231929442417,19.424721837302226,25.38033832542584,22.985404947697315
2017-10-15,2017,42,26.24387877328055,22.659093087161786,21.81873128640514,23.084312302725653,27.81646884802444,24.426025115691864,23.985643475813347,23.01304706722111,22.322820360179985,23.845510421641364,23.63691311955968,23.547352415532117,28.084237271754443,22.68480616932949,20.716761503125408,23.67846375108931,25.57171974863325
2017-10-22,2017,43,22.12401768845174,23.7414837381733,21.188777209386004,23.30156403496152,22.60520199084617,23.32155574396004,25.068422456524463,23.71038304415616,23.03142588572493,21.63921678884225,24.95481009214988,24.708117474764183,23.185805626357386,22.2781469539828,20.254691850647987,24.70650107799911,21.21400615147182
2017-10-29,2017,44,24.63194838760749,23.60573845580697,22.57077324485609,24.46145803020114,25.43877101844545,24.265402213333505,24.10640902838971,22.736213353144656,23.29167701773448,23.640096916524843,24.210738352986123,24.192059398661407,25.904045060794783,22.99180272581269,21.25844870484384,24.12788982354031,23.80966549742254
2017-11-05,2017,45,24.801383194009,23.27702697863711,22.26390078137592,23.96888062215987,25.963608084565003,23.762783686319985,24.629655737918597,23.225325722632476,23.269347375619667,23.59313366571347,24.2771102327289,24.1556195878597,26.39710764351038,22.746768371739027,20.615123225648382,24.23708935119868,24.077832810640977
2017-11-12,2017,46,26.87517230452411,28.53536398121035,26.530480717385668,26.55825043859936,27.666348839229688,26.45164049853076,27.67037478410815,26.351661320475788,25.352469617839898,26.756977751767277,28.8205186026437,28.291685978357364,28.259383282606205,27.79712740781518,24.56002772741793,28.36441561853816,25.73722541300113
2017-11-19,2017,47,24.77570080849195,25.5586804662432,23.727757778015405,25.44893727983747,26.21605478508397,25.05039002260186,24.66310642898604,24.160279728282585,24.558444405721826,24.15601013535456,25.12352439252845,24.518710743063547,26.422816291278856,25.106333368419893,22.34033149134765,24.9171886593395,23.86232987889704
2017-11-26,2017,48,26.82280957039105,26.84851938727568,25.261175934149296,24.42257826101212,27.684917722429542,23.930499524836986,26.78811502039606,24.772293842860638,24.38022223843987,25.975702151672916,27.233680090966168,26.83134062527968,28.38223932700728,26.242950836471483,23.34781762474389,26.95640301937693,25.758809222044007
2017-12-03,2017,49,28.568129977664437,27.396307585336,26.887774004593503,25.84910045918964,29.806608469728,25.515011157768576,26.88879438461437,25.814498935055425,25.41314223227902,28.05093081810075,27.959370186215352,27.510408195845205,29.949507983955176,27.09155092892272,25.09992843201521,27.5024913519096,27.87916314826821
2017-12-10,2017,50,30.032850066667358,29.38522040869381,28.298676834343382,27.84294608093443,31.43344991106532,27.944076506174053,28.225425258669844,27.07593431943423,26.278484908102072,29.604935048535648,29.58561357935786,28.53948301896252,31.81051462313384,28.27179798176036,26.80554677962797,28.800145102573705,28.753197893620825
2017-12-17,2017,51,28.50981239063553,28.436928474572674,27.322240279433785,27.022550832657583,28.419660778596256,26.97694353523401,27.980369801423997,26.537682172106457,25.830758307544684,28.47022047032119,28.5500371974268,28.52847456353694,29.265189787595883,27.167651067385805,26.037357427734435,28.353522492948112,27.089051614231817
2017-12-24,2017,52,25.54601499196646,24.92686837263453,23.9434068767815,25.50054053323609,27.050523059091063,25.565044238607246,26.00976510228638,23.873992684104227,24.514198473055067,24.765836640605777,25.619397766972003,26.02408327632195,26.9683443514997,24.28507295086962,23.073416493938964,25.877584569374875,24.535516810867023
2017-12-31,2018,1,27.69024772594948,29.24521169276126,27.029875208660894,28.541986153239296,28.56776171697677,27.99913428710387,29.60331217818636,28.61392771436023,27.66963726760357,27.37714578115765,30.41445929457099,30.14415835306008,28.889571837937048,28.36349091795909,25.80462086686052,30.04641744908521,26.66649492988689
2018-01-07,2018,2,26.913329194411347,25.90013167598863,24.8779268053219,25.12566945240611,27.596140425969367,25.34243567477782,27.246766699298824,25.03675211423403,24.720662585443247,25.885379308522484,27.03865680281734,26.81492013494281,28.593041473373944,24.533440775959964,23.34010909523225,26.76564607414948,25.645763302106417
2018-01-14,2018,3,26.55966704232352,28.474953427751945,25.60082259935516,28.592270127364568,27.34306998997596,28.54042354667202,30.295085356464885,28.972193600543136,28.469206849189653,25.88499213713227,30.16087674557905,29.945481876157366,27.798647495770545,26.820647416682785,25.30804273577317,29.870913455164363,25.49899617809491
2018-01-21,2018,4,27.82058357916284,27.127412867190237,25.7154794310508,27.182431107475647,29.35968221725136,26.55667816319214,28.966837935823047,27.69083817915483,26.883974629605586,26.64487676545391,28.52582491754969,28.69439435069452,29.651994075554217,26.541915973562187,24.30130441215807,28.658958222301507,27.645110270405063
2018-01-28,2018,5,28.17835118012692,28.328043484230285,26.641719798652492,27.35958061047963,29.5013664169368,26.89960093602557,28.146731257091112,26.79193650580072,26.92932945781492,27.26593628401697,28.55504495034487,28.04879253572531,29.78158971425649,26.85695030927941,25.03774716417004,28.182637865995936,27.90119940508408
2018-02-04,2018,6,28.640622162297277,28.37546368397629,27.01575608240785,28.139883356434957,29.56798512947992,27.787606554755524,28.808502397453815,27.83118011672776,27.543412404517603,27.60679139007465,29.12773673317649,28.930093852657517,29.62029982901908,27.38448261205132,25.573832434937053,28.869840950415323,27.735736390651077
2018-02-11,2018,7,25.21503035841148,23.6830370675272,21.925859381058835,25.149373715832123,26.723014557652785,25.164821349822724,26.15759762244044,25.06944680647417,25.172512173885934,23.575925834535614,25.033576527715244,24.832206422749238,26.846967908866617,22.079899317292675,21.86718953508723,24.941687010972235,25.115535414765144
2018-02-18,2018,8,25.78699757785871,27.397010621231505,24.78209907477581,27.22629891406922,25.959853177243563,26.826381580249684,28.353075277701063,27.00444418969093,26.718477965800965,25.34165351382793,28.474628981883395,28.77149301976207,26.304860004587063,25.84546651036361,24.057663071847657,28.365228880641517,24.730998413260732
2018-02-25,2018,9,28.65315931705588,28.47419623576248,27.158249207693803,28.52406127963748,29.2378294243802,28.020777747744603,28.88821545703765,28.068697589032062,27.756873578708,27.750003836152256,29.404299966391036,29.365441301762257,29.574630159208677,28.231724277522,25.762905248588208,29.19847455929869,28.02541772374567
2018-03-04,2018,10,28.44645077473409,27.602549850813617,26.614073120394742,27.017784288951333,28.89390338499576,27.23467677839321,27.836505133626066,26.44685565106281,26.714496203831263,27.466831022762477,28.21367252564533,27.75832743786094,29.324248144525352,27.14721748599621,24.879433600421816,27.92129733464489,27.866922183178183
2018-03-11,2018,11,28.473381322323128,28.538295740766056,27.376037764358863,27.235624642599195,29.280371881254855,27.51695278712681,28.497152039330484,27.346956095509714,26.91292009894862,27.777503743080512,28.8596298993924,28.66484933786315,29.27562301591557,28.786303212626635,25.381029986439195,28.80875397475032,28.251038301987144
2018-03-18,2018,12,28.379781288529912,27.384955626815117,26.942123259922624,27.70632252806709,28.397193075726424,26.782224984089225,27.75788978376472,26.60690702463125,26.88995734959433,27.67674887542381,27.915161207124783,27.756750356154942,29.0708029003217,27.60880599721977,24.82363899504814,27.858010200605,27.86674418410844
2018-03-25,2018,13,23.465393191599016,25.04022111770695,22.4325811306565,25.89118688730966,24.10565465366637,25.268859453336304,26.799584291419205,25.304135471690785,25.740543382275128,22.59173624427032,26.50260366960005,26.47292529926145,24.556434235517585,23.752715481002195,22.027042212241582,26.36275078312525,23.34311869202277
2018-04-01,2018,14,25.73096857107744,26.81008291956204,24.580546840271698,26.783972110067097,26.35382896948531,26.016564505440844,28.06741142272949,26.72531265357872,26.351178262565004,25.007684507037443,28.13411481948126,28.06805010947256,26.41349147553609,26.439384712548325,23.075986880562272,27.9799719920597,25.224434114852045
2018-04-08,2018,15,27.27063872240379,27.14907568909212,25.55285236913754,27.6241542725336,29.01140110515648,26.774315012928135,28.05092312782221,27.194937474634735,27.17378509954464,26.012920763682995,28.11649716364873,27.83165693668664,28.88244107515196,26.553862288293512,23.888929232893958,27.843137625378876,27.59565323960749
2018-04-15,2018,16,25.30643232878264,24.405042777437643,23.000669375286765,26.404380066054205,26.504584255260852,25.998685569223134,26.262888655370595,25.118102783599458,25.76982168582088,24.039429191529283,25.658798708234517,25.505420510017,26.658883566101544,23.79216460366469,22.15433074571632,25.628532667216025,24.91245426964567
2018-04-22,2018,17,27.629041931957502,26.924199441856924,25.918032189227887,28.6061989239284,29.064244832929024,27.872840383031345,28.00374078333552,27.13124395692503,27.07192800003022,26.85821488040371,27.940195450225435,27.718398279256892,28.94530220657702,26.274660926399186,24.906565286429124,27.78184589154566,26.949442758071772
2018-04-29,2018,18,27.59534122953084,26.436880716637,26.092173881835397,27.544103758675718,28.41105727669401,26.818653150875136,27.14689700179476,26.02706074008694,26.57282224419999,26.978211735445413,26.979064054612987,26.94833207451751,28.34006484779152,26.89562048419549,23.966413373402645,27.105305509324644,26.77240151407905
2018-05-06,2018,19,23.17175806995525,23.050093048925337,21.162071519122254,24.541107200440905,24.600349392386207,24.06358433383465,25.053525407529783,23.604694632988476,24.183297657453384,22.086423124049457,24.484999082821272,24.796694362259935,24.73404613148752,22.48953023804097,20.27885713947161,24.637536875655737,22.61390137094051
2018-05-13,2018,20,20.828518451410837,22.32486525273272,20.47088649110024,21.81478853027026,22.11260877548545,20.914932080370733,24.04324028304298,22.417200639402715,22.13095302357832,20.225582271378546,23.882121336305296,23.906531336493888,22.044850840991987,22.24488224849241,18.08930735678824,23.886224937065705,20.903875616361507
2018-05-20,2018,21,17.704234031176476,18.929961638155778,16.99396679648913,19.873574106466204,18.271594408968483,19.057649157068752,21.34955991183356,19.75123630622765,19.8228413400818,17.117901150904032,20.846033007138733,20.919214318062096,18.50075004275701,18.533714120077622,15.30860089509064,20.938146061160094,17.652352734717397
2018-05-27,2018,22,21.386115919822583,22.119111586735443,20.12790142463813,24.34492512827828,22.34030634839829,23.38291077632241,23.77197815586457,22.796738471489448,23.73134921534887,20.672158102887284,23.51002393450056,23.44226999874063,22.28816372087103,21.3136565910765,19.2924935826334,23.44573761479029,20.59102369640073
2018-06-03,2018,23,14.458961267115374,16.564546503746175,14.203652439862092,18.737459395612987,15.02153340487194,18.249110278322277,18.620611029533183,17.689780019289486,18.621074613059804,14.310864974194626,17.675346869101254,18.06129288352082,15.210391894270554,15.55497870050875,13.566513181220936,17.999467176000664,14.067430852237097
2018-06-10,2018,24,16.77480616256537,16.94917110390246,15.828996526317038,20.917930828673494,16.971919891306595,20.38844845500538,18.933446572751414,18.015377575267443,19.401679238694523,16.52442925316947,18.0047344067396,18.52121815334433,17.352646895817347,16.936311123821167,15.409278390264546,18.51777311500505,16.256494389711367
2018-06-17,2018,25,21.702501713078917,19.360977251138262,19.55700904580483,22.22931053808757,22.15014891550331,21.988607974893185,20.995962974281426,20.029904059868358,21.242845442896957,20.834000174454815,20.31800446778665,20.33580250367321,22.45781541515041,19.120457737163733,17.99136808423415,20.587390166206134,21.03957066317453
2018-06-24,2018,26,20.02746133546572,21.24504815490007,20.650076589440506,19.86180730093093,20.892866796074223,19.550942814948478,21.33089399754828,19.944793578308897,19.54022557768103,20.21876782534227,21.235664981990663,20.764399184049623,20.791405445820576,21.99514672158969,18.02269143628603,21.45186301826731,19.47591581563101
2018-07-01,2018,27,22.582881357985883,20.027921402632305,21.2207140867543,20.268148469073434,23.98355424571796,19.913029372461978,19.77925556116132,18.86953764828769,19.46205008519839,21.95108071864657,20.07787579788274,19.77771132975576,23.76773338060121,21.855581606995887,18.477773317627893,20.36805336909285,22.26301773924712
2018-07-08,2018,28,16.69269953424559,18.904541278444626,16.2491120568608,19.19184366294316,17.481325621784922,18.19141391989807,20.44530013837898,19.37309179281259,19.49029591965349,16.37925324638461,20.544049888049365,20.30391931019703,17.668541840144567,17.961187962727156,14.80951106844107,20.331808765807036,16.09883876566617
2018-07-15,2018,29,23.93925529956204,24.68972872874376,23.897699109833116,24.68909686945733,24.415840655763795,23.02199729835972,24.33909432325002,23.012358925559305,23.69869434483597,24.375531100046786,25.03201960278796,23.555705276139665,24.607475764042626,24.63771772214816,21.965420182140097,24.459839225515225,22.89411942206945
2018-07-22,2018,30,21.94547035089637,18.93565476525313,19.36458344912254,19.123894137995585,22.450269014371223,18.597264631067613,20.46522925685516,19.04310162779573,19.119071024504656,20.981335159898205,20.093279693240213,20.277641264254832,22.8271570481849,19.59850691654581,17.18587069717036,20.46543788723283,21.718331286206723
2018-07-29,2018,31,17.40679236329814,18.279114224509133,16.129818269396207,18.24210256621951,17.62515150291844,17.906485447091946,18.677025714351554,17.252454479762484,17.886637496388357,16.77943136721548,18.77368366522191,18.078656355968384,18.03608851359157,17.89099896185286,15.00381326755826,18.540978631394715,16.793059656883507
2018-08-05,2018,32,16.477367916622676,18.187328692438253,15.854240423403912,18.947094759770803,17.0636774362413,17.926355148988034,20.600646600083778,18.74232554993072,19.05189012314709,15.918167457537658,19.97996550060454,21.29471439299879,17.312208182102925,18.16226101751897,14.348223337923814,20.754309215657628,16.455530496299108
2018-08-12,2018,33,22.31412361272667,19.67478146278528,19.18835355712972,21.54534410578864,23.498187137832478,20.710837113811245,21.091046708665857,19.69236105683562,20.804145892305616,20.601893545135734,20.449294505594096,20.260801069820022,23.666455440079385,19.268148637733116,18.166541162039167,20.58745449723096,22.016378856412164
2018-08-19,2018,34,17.886237640331764,18.973720437173903,17.87542121899054,18.98938869862329,18.418189343128443,18.21493789987061,19.86541884286063,18.20511644090925,18.92454606259639,17.723291762365935,19.43685314046356,20.389814948778582,18.499202730112557,20.139455305053445,15.82994880598156,20.348316998864338,17.622696362415734
2018-08-26,2018,35,22.805685842359388,21.73653459447279,21.43854265373792,22.47364312836102,23.487935820832945,21.39163361184845,20.75828515266885,20.093906888590237,21.647197204559983,21.99133033076609,21.56732668525729,21.56858748567072,23.738748404049964,22.525151595420223,19.283107237883637,21.62607539749892,22.14538480779232
2018-09-02,2018,36,20.3496171602718,20.75839643844409,19.15829330518802,21.544003639902385,20.65550087788297,20.78151713190852,21.52983910696847,20.357683141634062,21.247624900243054,19.75794415479302,21.39136872229638,21.374311236358395,21.071920185936,19.791126071203823,18.454220775235736,21.43233482525073,19.70284578356781
2018-09-09,2018,37,22.19474186645665,19.68269137431309,18.756283935658573,20.306254318782265,24.35050579215049,20.01852067802557,20.65822051912981,18.92461358801111,20.09854904966112,20.166276310640725,20.5505206913143,20.87536661965507,24.0070552071089,19.53698498560215,17.39179971332408,20.748617056531216,22.268666548227685
2018-09-16,2018,38,23.780102711386668,24.01880228189009,22.174926598725747,24.12379085166114,24.437456291927223,23.255777502612258,24.716695696549927,23.1710049973525,23.95811125070381,23.194432314925308,24.82966392484062,24.91610982540161,24.513326867666947,22.998227628550136,20.910665797429093,24.808315094203166,23.0418951851981
2018-09-23,2018,39,25.916086295089823,25.324529062201982,24.61251155105225,25.13709894816081,26.41936886813533,24.357444755819312,25.03165952387773,24.15300678897214,25.19295569641949,25.07396082990752,25.380692025386924,25.388626273430265,26.327892818966426,25.602706817850365,22.03837713279715,25.372257340910853,25.69235804010273
2018-09-30,2018,40,22.75951963103109,23.0959617969578,21.571609136163392,22.466507145336696,22.868978648605744,22.1989756624671,24.137541200954782,22.46482268197196,22.7320554055813,22.326581908827823,23.64483066988198,23.536047596173145,23.177487154264707,21.75552670532033,20.204270265671585,23.61577641287429,21.69909781779883
2018-10-07,2018,41,23.265046800885884,22.393030954576503,21.1854850050614,24.47235289357957,24.37324251447405,23.763116379962465,23.23934620114874,22.14493895691711,23.85036806677652,22.11516706962285,22.893856213722398,23.075087732381892,24.34367506292336,21.879684537307146,20.149695529446088,23.063103729964705,22.81148000676034
2018-10-14,2018,42,22.411310137008613,21.98473235844041,20.096233619243147,24.53208030121668,23.716306053912703,23.958484121884773,23.30770558727031,22.0365837032764,23.764508958432074,21.154574404953568,22.795579419817244,22.51639082618158,23.728299334242536,20.643182913022027,19.91544892833308,22.745982638543836,21.17550911350713
2018-10-21,2018,43,22.72982053376226,22.37874087697661,20.76138932110465,23.32756677979515,23.246452705671302,22.524500985556745,23.35706633520543,22.38143788374864,22.85599361613772,21.660693442191263,23.04681025748645,23.59671469840078,23.60984232250788,22.02319574412688,19.75433996894853,23.49719309946796,21.01439064789333
2018-10-28,2018,44,24.407817906854696,22.91415722283727,22.30735354605457,23.07608703772227,25.145438694759797,22.988285707844422,23.369444505118768,21.883960270076603,22.860931124006,23.33601334017227,23.083444928916503,24.507772353138886,25.2024622884036,23.61585890826945,19.960402885019796,23.991816791303005,23.049248476876727
2018-11-04,2018,45,26.40821816531541,24.352555951075768,22.76234581497991,25.38250545092992,27.3557605969297,24.63575385742973,24.2789575504492,23.51704552687608,24.35005938423589,24.12114475065731,24.23053213012167,23.838981101455072,27.80300942719213,23.298159090199864,21.819115234610265,23.98542019345756,25.82439626580621
2018-11-11,2018,46,27.916652357869783,28.52061319452867,26.254403227710466,29.310329817590254,29.289507087295277,28.03769238298924,27.359409882792928,26.979268348000268,28.361201577457194,26.642250513735448,28.32513273164823,28.03420979121946,29.29295425893717,28.443219834370343,25.53795867815158,28.14894313401672,26.734939436385577
2018-11-18,2018,47,25.272495944834432,25.404757702020184,24.14811769839188,26.70738101289386,26.447918423893363,25.454173339686644,25.714960893458603,24.62869897024972,25.266566345603035,24.68044125349905,25.654382984772397,25.40408274812518,26.191536750572528,24.210136635481817,23.003716571507358,25.438986362076555,23.684893578531927
2018-11-25,2018,48,26.16024687974456,26.20303817090195,24.898726167991924,25.942600008987245,27.324664372148376,25.56983380704313,26.39893635229884,25.027137592860637,25.189275579209895,25.58798771312186,26.59603969689572,26.5807450235372,27.066973433991656,26.18570843127862,23.039025874403237,26.458468062070484,24.671927296569084
2018-12-02,2018,49,24.940127118674024,26.506848205127188,24.846862367327063,24.285697223175134,25.55038124892025,23.945520491827104,25.835307730182613,24.3031385912214,24.164713017861203,24.998401206309403,26.64741197231012,25.687587756030965,25.357897664589316,26.261629670705062,22.16021674088873,25.91194513772565,24.32225184042177
2018-12-09,2018,50,30.624061714574943,31.46544230467221,30.57021871666625,30.093220443952656,31.1043885144192,29.84146666312003,29.271390937160124,29.42364354616636,28.53990017691237,30.833950101725836,31.182328124273397,30.405428521395365,30.844574740494537,31.32683497565888,28.87331765509605,30.187398645509248,28.91233593305809
2018-12-16,2018,51,29.65582344369385,31.379511422439933,29.72666837985048,28.825616024789355,30.152753685951943,28.805912366398207,30.728068326722084,30.06209868691184,28.80869021294402,29.604694711880416,31.54683618917094,31.89138874660605,30.099474879305337,31.05591441578293,27.97180240569531,31.40818900091541,28.72186968332995
2018-12-23,2018,52,28.27805887072549,28.55039680131209,27.03148184186501,27.56315957932245,29.94373721356396,27.64752686253846,27.45408382360164,26.48648343272024,27.16051899150393,27.16795515826368,28.455784403813357,27.989788387020965,29.5301330374935,27.911173006457023,25.953576802230977,27.87836570515791,27.29960438890277
2018-12-30,2019,1,30.158505482716603,30.48705822674196,29.284757482973795,29.13363109599976,30.87251868202102,29.48137108055321,30.763039580587048,29.67508245691076,28.668144017049716,29.770003442152813,31.319694030233272,31.178417609387004,30.809072472413995,29.921154514338404,28.012742064826835,31.026426277981813,29.20689154570957
2019-01-06,2019,2,28.030527345615614,30.012733198178093,27.753576998807944,28.671985393478757,29.103334367584072,29.171291469146848,31.607124217397622,29.947348047231696,28.21761169918829,28.02690956536241,31.87369956309661,31.66350899359608,28.549982683999197,29.10659143714317,26.67755674850622,31.583976730675147,27.1941490006254
2019-01-13,2019,3,29.02974740449373,30.580388499221318,28.389931713466428,30.187273848624457,30.017537648549,29.745161935322688,33.092465003099804,30.839693691699537,29.99595649928262,28.99559528513888,32.4472541908165,32.82720404108259,29.79285926708384,29.818570551025008,27.444666620106094,32.73072934383982,28.114723778799217
2019-01-20,2019,4,29.32793903228092,29.39697222211468,27.978411542491354,29.25901586668832,30.3273641344885,28.89137141891735,29.952247508413244,28.68792103953176,28.827065271874,28.707336477273227,30.259911377811846,29.9052025622756,30.259446950492716,28.434089068890938,26.893929658640264,29.93515124386304,28.7049032581463
2019-01-27,2019,5,31.86337347042913,32.961093331196665,31.16418824961678,31.164715565386278,33.13975704907489,32.154935289380475,33.19249272137967,32.41413372089336,31.22981466005926,31.354561743505627,34.14865091992663,33.67528837517587,32.921175625333454,32.194105280403285,29.54401252000368,33.632681284865285,31.15661110068267
2019-02-03,2019,6,26.864472464091374,26.762028194948044,24.92076452537882,25.704280543895,28.34541763684028,27.0455149376868,27.875651523601213,26.64080575026475,26.2272280209685,25.798429778778107,27.91103924177426,27.1463318796492,27.934904105875024,25.406476880893624,24.083826997141703,27.41753519584521,25.96782710931372
2019-02-10,2019,7,25.940384404539603,25.211051069597197,23.827660916014487,25.118471249228435,26.940220709291765,26.58032586184861,27.27275551998928,26.28031539421577,25.30670831161469,24.74567133771555,26.87869728385628,26.932494993801065,26.985623810742357,24.65758237774588,22.799034820525392,26.82895527520525,25.473091450662945
2019-02-17,2019,8,28.23531702402476,27.83937114845715,26.02435415195171,26.99245438831193,28.72675742227708,28.711411401265064,29.68127273470597,28.345350532036324,27.3780105949148,27.124313997069144,29.627188490169907,29.21482902845604,29.11624160972801,26.709503881064247,25.03655029026694,29.26817321030828,27.40764394539065
2019-02-24,2019,9,26.657521091986496,27.18080940022905,25.12883044854666,25.54610649460838,27.421437460435577,26.589619986338967,28.727540992091765,27.671644460504705,26.68182944131691,25.896477978194657,28.47566420319793,27.542159530351743,27.570130252469923,25.877842030225175,23.60639349474042,27.9608264333348,26.453058840450897
2019-03-03,2019,10,28.30134989273288,29.527662686955956,27.525859917384285,27.625959805079876,28.89835827373558,28.66260797606165,30.67797689187631,29.79814377524636,28.38916671252764,27.80805688392459,30.67994178507751,30.372245328445644,29.08411472092265,29.07691396495123,25.74974015717677,30.44468903588222,27.840737350546124
2019-03-10,2019,11,25.116430204040448,25.106155393474392,23.60669985384463,24.53375361363093,25.437230926897684,25.84636984031019,27.03290577324069,26.030172221196164,25.714306333993516,24.207881004925653,26.535805311657136,26.762427705317496,25.8802497377727,24.62092411824729,22.342601536498304,26.613293063617263,24.90641183930266
2019-03-17,2019,12,23.30706412022025,24.53390998779329,22.28118712773023,23.353859912781488,24.21743645516261,24.45001810091036,26.923897206609524,25.518271023638835,24.536267120077653,22.32834927544953,25.997501348520256,25.951753564921997,24.26674996563827,24.09613188444318,20.594910695161687,26.055129926498623,23.31859126438028
2019-03-24,2019,13,26.68706659982257,25.020307668999063,24.039350984365196,23.712860198248,27.668413818720797,25.14032824404604,26.53013295543437,25.163667471749445,24.419314714793824,25.277650961859827,26.091287801172825,25.81338841317477,27.799949614697898,25.022341586687748,22.087600053232627,26.04057109705856,26.32532628205909
2019-03-31,2019,14,25.74517397837596,26.4831424105142,24.707104314822693,25.257131008874804,25.831565710105867,26.7099420530302,28.332894911918974,26.986233037973378,25.872852728558147,25.37518127428533,28.185550460154875,28.466369970789497,26.342127698728937,26.524340481261845,22.919150121353876,28.24187901715243,24.96956410497989
2019-04-07,2019,15,25.06448138665355,24.274129369365635,22.8460655711664,23.374285333213358,25.540805726294867,24.67746801879569,25.957358040545493,24.75180947836344,24.11791485583012,24.074330123927112,25.55017031054476,25.55351990445283,25.95703835653062,23.54130421054661,21.46936995263445,25.444180744268188,24.48659737219386
2019-04-14,2019,16,25.631916743294457,26.56728923346188,24.74876357351877,24.06725567863101,26.816913597677303,25.49777935278462,28.46314000388276,26.23969409893085,24.85089212574371,24.91405485236873,27.950049977488334,28.353429570673605,26.774714493843582,26.163150030301413,22.263173102413536,28.17110415120881,25.41676862027767
2019-04-21,2019,17,23.9856284766277,23.802311494660533,22.5822962665304,22.82649446952911,24.405511912551304,23.87756911023704,25.583417019413098,24.178993238969284,23.67101001179615,23.277119544279188,24.99944669384977,25.43900473098549,24.655037629558315,23.31305205930492,21.088520827508205,25.24239457610069,23.71931708405281
2019-04-28,2019,18,23.54040852599469,24.477812158019304,22.75493637396365,23.631223017261146,24.07097193014172,24.59083368112375,26.15924641689824,24.93430462824833,24.18237985696811,23.34375020060416,25.68481643808869,25.433644996499115,24.15744735099174,23.76457039244712,21.50506057224628,25.55381293026202,23.063026336968107
2019-05-05,2019,19,23.360212868551795,23.783866510208227,22.202028114603173,22.522303843782066,23.57650249292019,23.804261346274515,25.4923636767329,24.19448726109096,23.263448111465067,22.60626850299814,24.96483598519197,25.3709500176566,23.86398885424993,23.341715412268208,20.284719308868315,25.15481302742856,23.580361772418986
2019-05-12,2019,20,19.210946769174303,20.620468945899752,17.968812693720277,20.54678569521223,19.794495430811523,21.13429287256268,23.409233343496965,21.841551493855267,21.45824944296462,18.563600690346064,22.3197080570898,22.10069447900407,20.070327123619872,18.80679074624427,17.449755948470376,22.187165904185083,18.91577529071797
2019-05-19,2019,21,19.040458407948226,21.15368717006529,18.71912672335634,21.96330958604813,19.53516810139756,22.03128377872698,23.721454203302592,22.39580432445972,22.24412664461976,18.683119021867338,23.01710119701567,23.52329068299574,19.774270702052764,20.03212640744969,18.158112017512757,23.240098143277105,18.890515756092945
2019-05-26,2019,22,20.47620292427917,19.84841737055829,19.099471263580863,19.81210288547334,21.228999025639915,20.160009624721766,22.087813391282328,20.49989796130688,20.42978329947784,19.93729723210544,21.268911363345715,21.78870468705169,21.24612216323499,19.46912042189833,17.587298452753643,21.612294967860397,20.18490131203376
2019-06-02,2019,23,20.24089853981441,20.61887180169762,18.39044650973952,19.931072057712644,20.703085861940195,21.03416646493448,22.94505798295357,21.3488586386148,20.689092812472825,19.30169454280652,21.934610888658664,22.270000213561357,21.161457547810087,19.28925539808496,17.10396052015686,22.18783150167148,19.76080377339674
2019-06-09,2019,24,24.099135115339948,23.298465194986832,22.15168591781115,25.870396503380366,25.218123748688942,25.677510098294096,25.32119972295733,24.563556271837903,25.09117217353179,23.29828129629987,24.439153889247343,24.362988466843763,25.305882608568343,22.578581005016428,21.346739612984617,24.606325784074816,23.52256204240085
2019-06-16,2019,25,22.44312132463492,22.36992388747648,20.92781395137892,23.34041388403801,23.566920855767105,23.49055660154521,24.4518459253339,23.377586108121008,23.34695874454924,21.626424285236435,23.79968116231811,24.062514263985936,23.688719609529358,21.68291490597832,19.455690790560983,24.02683735826944,22.15382695519378
2019-06-23,2019,26,22.472762050162256,21.466816291117723,20.7460698129439,22.885041165919528,22.9600352167995,24.357287020296667,23.804354008710764,23.166632818246818,22.76149846056436,22.183748050535225,23.08643143889192,23.754150310937927,23.06287817605213,21.30212452650353,19.2211931957391,23.54640649396146,21.71208605483536
2019-06-30,2019,27,15.198417053566322,17.63079006331308,15.461374790349046,15.99021439892905,15.82280513218471,15.911298949439246,19.56441636544275,17.7328658921378,17.07118418631955,15.110792798588326,19.04538016381202,19.92024899428745,15.880167776553323,17.93151423956596,12.846263171563349,19.69798023500088,15.227595278516292
2019-07-07,2019,28,21.50538934489168,19.358920744487214,19.73123622427181,21.059668887229197,21.93383165256435,21.43377112360381,21.96890870753252,20.5822986107368,20.349120792344124,21.044959593409224,20.77417694686295,21.58059218630315,22.109520044105853,19.3402484811527,18.37121441472843,21.48062212173253,21.056854322592844
2019-07-14,2019,29,18.276673971149144,17.867731666259928,16.845098892354077,17.400603971311025,19.267602459577876,18.51312208359766,19.49782500531166,18.279564710840003,17.579945954324682,17.5056062806712,18.683407068458987,19.262605722381096,19.18336870035149,18.209093622978283,14.91778800114756,19.28777729228518,18.07386841542637
2019-07-21,2019,30,21.8293763888542,22.314288991346544,21.13775696707914,20.88853467929931,21.184445876002226,21.650686478829595,22.95266933830417,21.77651325671704,20.97364134797845,21.887561128700007,23.08808574924221,23.440061638618737,21.80784985917876,22.65231941790745,19.217378142137925,23.36663063631599,21.39330270412476
2019-07-28,2019,31,20.56740989095916,19.801593814577373,18.599797133756297,19.380278618562787,22.05235836260589,20.41672840879384,20.600506668535683,19.31789088311133,19.46970872543096,19.765498387129696,20.45887372978838,20.620918284207978,21.82345962892628,19.682212567678494,16.732594906005822,20.67561596387053,20.168905013333752
2019-08-04,2019,32,22.065782307657955,22.11351214136396,20.35576262512139,21.275903958649863,23.01089171671497,23.045697722809347,22.88781081274717,22.02107923582003,20.609539050645328,21.381724837660386,22.89739533213826,22.35187104577324,23.192134828641144,21.67312595992396,18.58910928338845,22.779412497279697,21.26512335445682
2019-08-11,2019,33,23.377818589965347,21.073968705337947,21.3980113907842,20.09274950765428,23.67786006023935,20.63187599918557,20.92038979822276,20.02236801246544,19.76088226751339,22.66583252972237,21.38537436811439,20.261992333712925,24.085919758527893,21.466647333432714,18.71888995061464,21.00050980704172,22.98745094219629
2019-08-18,2019,34,19.716492607480006,17.46781243291745,16.517854067320936,17.413934622492107,21.18850846364708,18.421189633422223,19.379561449278896,17.34752527707583,17.396960147439618,17.993205318837116,18.929698500695167,18.11269213632753,21.283639758710237,17.003666859631675,15.10347609070806,18.66084949284384,19.634784963895694
2019-08-25,2019,35,25.14137064812266,21.52054613536355,21.626907151889885,22.509962389866512,26.882252218103872,23.6553998993784,22.09422449606848,21.53332075985995,21.25928251524028,23.436290500670907,22.17217200638412,22.421727715155505,26.61262815247171,22.035098307586537,19.93526447919213,22.46052058942164,24.687239121234
2019-09-01,2019,36,20.64539401227443,17.39859867248454,17.617435556020794,17.771505309002738,21.970780467210567,18.359789035802027,17.502158153856463,16.549701356268546,17.491973086579204,19.23298255718733,17.3073423501217,16.714383162578162,21.841774571356165,17.169249813123614,15.868232435044025,17.258495388665544,20.54272405542132
2019-09-08,2019,37,26.97143113812578,26.182879860721417,25.604439366889817,23.978129635254543,28.262812761974548,24.103695909949344,23.245698489531136,23.490474542890272,22.793553751742067,26.44842174484974,25.4896665482294,23.78702925607521,28.165874429651208,27.01490139706502,23.44084011735873,24.56846265550229,26.961900537547397
2019-09-15,2019,38,25.718319678091788,22.57849915449553,23.68383632429744,21.95861677896409,26.60318424046966,22.541691225314537,21.438283714539104,21.125354206035663,21.143327671954307,24.805089816467834,21.93099415436452,22.176917014417626,26.564002801092435,23.92045940765997,21.010633885386596,22.275864140161563,25.425281887105857
2019-09-22,2019,39,23.81210598890386,21.335671534162085,20.533654718559827,21.33817603332656,25.00085952386073,21.62205742255448,21.58479058846788,20.940476361064167,21.13810924167969,22.291900024371152,21.70652816656864,20.801009442928347,24.8536570044558,20.490183113212872,18.861535674719832,21.27044318660132,23.38415111942754
2019-09-29,2019,40,27.553191402243836,25.630049811243246,25.995092776145363,24.919490306150347,28.862970842069203,25.313454508934853,24.008828438405743,23.262816174990167,23.598601484951907,26.73841172530493,24.970741202614523,25.068089433757443,28.53772223225892,27.50024997211512,23.047677547608306,25.25296919313196,27.35250512094833
2019-10-06,2019,41,27.38230406516921,26.15683027625338,25.09037128971441,25.18510568425769,28.1213894504516,25.69144938750003,24.27235291928661,24.498485569644284,23.910250823325143,26.346407823809358,25.70783502653048,24.528142209322947,28.215337845349403,25.476623235128123,23.50530443970366,24.930522661153123,26.26168047449981
2019-10-13,2019,42,26.213492934768265,25.53493738886136,24.400734717378388,23.685685120877764,27.600374793582805,23.42750919985188,24.72531050634801,23.794036358424595,23.52197735370256,24.85472315261549,25.41919211020201,25.07583239521942,27.501711086877062,25.352038548782403,22.194999837955777,25.148359563719268,25.798013148603417
2019-10-20,2019,43,25.98898076827001,24.335676819530885,23.70802259699052,24.029524723688763,26.662803987323752,23.6976473696597,23.97356567160381,22.928162407813133,23.55767060819204,24.767358017182325,24.50642375202922,24.095833883773928,26.93959853824041,24.26207675865907,21.60743160771623,24.239679362675915,25.20601977042432
2019-10-27,2019,44,28.684710862246877,27.944179309202408,27.040090677689527,26.600661277771,30.20955512684244,25.96040419353941,28.331996556273708,26.877583013757487,26.662198283201093,27.567511114414422,28.543659272957672,29.170770711975923,30.09253369703256,28.33485162008125,24.17446770802431,28.878741199023104,28.347234533160847
2019-11-03,2019,45,26.343242863737323,25.06651711514764,24.244382272701724,24.204385777314503,27.19592810630093,23.541046979651338,25.23712736524576,23.852992998593813,24.20841077255876,25.26100166951577,25.361154434071995,25.81619684008575,27.481066427635877,25.471459899346826,22.21926931529641,25.75049212954049,25.65913076092291
2019-11-10,2019,46,25.577730969265776,24.22433590024773,22.755547799361736,24.58407780102321,26.792546027329657,24.184212064804413,24.87486304347091,23.686201528573967,23.96481689781592,23.955365717343994,24.776656361369344,24.735233013841984,27.01480274679117,23.64482375742373,21.6396022179534,24.777754307726354,24.399720816599395
2019-11-17,2019,47,29.575657634661468,28.452095472990575,27.712890135892856,27.22352679002853,30.7169862192353,27.13785100566221,26.99406193991792,26.616499400943905,25.902847887251948,28.54070737686415,28.23381908301151,27.16449017023462,30.913038137796764,28.079864330616303,26.08363715208344,27.594348922401025,28.190742586500875
2019-11-24,2019,48,25.72292402014616,24.65772722423204,22.989598552632778,26.090712266308923,26.90349319791193,25.46800786463911,25.11579722635252,24.79844398399452,24.86594024143107,24.387733420853674,25.13743309912743,24.262067190720387,27.080568017186348,23.526194177317347,22.739458242630963,24.730896343223737,24.50647723128532
2019-12-01,2019,49,26.06703435438787,26.068478600556915,24.339279408357584,25.70648373592468,26.39246248687134,25.30706702174674,25.97082084121926,26.07988079516918,25.254688570877345,25.224752579550643,26.622151243531857,25.880209388115976,26.80104026278934,25.546507192686416,23.24478118076752,26.16151093783444,24.967991228694864
2019-12-08,2019,50,28.19587388400712,28.24818428848852,26.48152155228812,28.21694038027809,28.75246931340057,28.233745447303644,27.1182988002766,27.39160787111753,27.202309789489625,27.329728762666345,27.905354456055218,27.09478720179144,29.1666579062414,26.616813540411503,26.44664745886795,27.25704406992097,26.342769346468536
2019-12-15,2019,51,24.674002879374733,25.50870276209134,23.22540497801001,26.622029243480597,25.55769440900124,26.40873256766812,26.524126681224946,26.24041508364987,26.194838762749896,23.947792358956267,26.642981515199075,25.778717621960084,25.66070767074938,23.81507283668533,23.162166164915583,26.07169963888926,23.151989484411683
2019-12-22,2019,52,29.534361565588675,30.683615238173427,29.08241673412848,29.2692831499236,30.37283338889821,29.66445694067917,28.81529781352674,29.015083120767173,28.18727983373952,29.59168956893904,30.73040491409632,29.36566538180945,30.212206229279857,29.415119362858665,28.22422450503738,29.62868038035652,27.615975818222747
2019-12-29,2020,1,29.64595334901159,29.994971969742764,28.42293519559114,28.905393864427293,30.52726889186043,29.12191710355506,29.073071493699324,29.01558220206917,27.59682310630664,29.12263424297285,30.02374145045425,28.54254012352052,30.629026720422576,28.52663000459297,27.64545966331944,29.050583441896684,28.542956086181885
2020-01-05,2020,2,29.675715256228266,30.77012163235435,28.62842349362987,27.76900143566586,30.326797012396863,29.03299161304685,30.808823393663232,29.901362230375213,27.99785746147021,29.36781498659046,31.778415205984405,30.65062150929495,30.47684505455282,29.44494480364022,27.23766860006172,30.88767217796609,28.36006603729372
2020-01-12,2020,3,28.05810262613775,28.070398923430616,26.3054957047118,26.97521836984725,28.74163382958696,27.647156370499268,28.53395633308255,27.85950192340009,26.950473576375884,27.3459223059621,29.038258673928,28.23655691686666,28.77419306964948,27.11883610890324,25.22352868027068,28.50262606447224,27.416618524535966
2020-01-19,2020,4,26.508375010742032,26.64253970249884,24.8627103891855,26.95062783786229,27.61359956686273,26.82972452662013,26.852793223656303,26.64902950930905,26.36566896307958,25.89217244975344,27.36372604535256,26.68594785520651,27.661474321799847,25.249765459520333,24.058777663714054,26.79463855721013,25.74327739551061
2020-01-26,2020,5,28.18056075637405,29.59549403546461,27.311524871819405,28.915911166440875,29.514909488725973,28.58839921448068,30.10240785582073,29.185118694553125,28.70313259020244,27.67537036762731,30.8363394964309,30.099558917659955,29.31616349938293,29.149925023612173,25.72468108781646,30.345838427310355,27.519743216326937
2020-02-02,2020,6,28.52688603296856,27.624957950892988,26.38337088688984,26.012499034404755,30.044369590979517,27.50766938257401,27.937259457201723,26.962359297120724,26.474387172616854,27.54166748124113,27.65778980667973,26.99609591183315,30.0191910128796,26.278687344646567,25.028351709085094,27.324774374467285,27.82325872128222
2020-02-09,2020,7,27.7181065239041,27.154607705724263,25.448860246308,25.05794623919896,28.080175483076776,26.49843998028965,27.90834613722198,26.864361339420466,25.634272216117544,26.72115713083033,27.932052831938773,27.232743651397787,28.74587720149272,26.066078630605137,23.82742655429459,27.543101801564312,26.98971622395065
2020-02-16,2020,8,28.579933301515712,29.83010124194342,28.601046114551774,28.04671875635783,28.71603030861968,28.30583718445924,29.257220860472923,28.650115367344444,27.07907841863464,28.53201217994647,29.826621025052415,29.349426148715363,29.182699748447963,30.28982266560816,26.20243340393228,29.59680815172289,28.43070876823281
2020-02-23,2020,9,26.044132043649487,25.5645274353434,23.94848186608004,25.7943167360056,27.049320249183367,25.622516087123323,26.561072252234634,26.207094674048488,25.910474573796044,24.80612376784849,26.66345359835273,25.899152436989016,27.133145696868304,24.796958675014675,22.473179675446623,26.206310242356157,25.87153265482653
2020-03-01,2020,10,27.17280175296189,26.103048329668518,24.51736603358623,26.195657463300797,27.83141756234216,25.73147845667148,26.39795434579209,25.718457230406923,26.210360808848403,25.520261595031947,26.64029262261989,25.966983144816684,28.666493143354145,24.76268883038284,23.524957539230563,26.08775927175981,26.91284749064484
2020-03-08,2020,11,31.67362106843651,30.35477561889681,29.46650675322593,30.00181773446855,32.46314866484579,30.57743713693116,29.078104469588475,29.374306113503195,28.472332508363376,30.66019197577701,30.436231155725785,29.36737923223696,32.903880117482665,29.797263196394947,28.573315485102157,29.63655500915886,30.95470598894309
2020-03-15,2020,12,28.949727877073148,29.14278514146297,27.667173053907312,27.629549083255583,29.57454845024691,27.343664697084957,28.852801926281987,27.953964525693426,27.553661297912,28.175206878456144,29.726403663271952,29.24249245985499,29.968684124670432,29.154717285735927,25.87054194774549,29.435925967072787,28.293068552916903
2020-03-22,2020,13,27.556489043561037,27.362382802373567,25.528587700099997,27.65439936376753,28.513428824288503,27.21097638585546,27.46291418047758,27.19095841940347,27.232171963805555,26.367358321414084,27.98011774831004,27.34748248848311,28.58577669357241,26.690844090125477,25.004689190652503,27.590932118216145,26.99930587290432
2020-03-29,2020,14,26.62383631358889,27.2234831812031,25.10550402494903,27.979091014180867,27.36299560371811,27.182048510400488,28.03830061709568,27.54066371868183,26.98641459769232,25.635940370463143,28.332065478238192,28.157328808725364,27.462787386993643,26.64514615595176,23.896792532190936,28.056889890458017,26.30037093226801
2020-04-05,2020,15,22.234893786554323,24.31678402805125,21.979242871478267,22.92474791265669,22.95478754869485,22.32865030394251,25.2436516820168,23.95735770683784,23.175720261501,21.99390762809693,25.71256106488116,25.30171907173013,22.852957360993024,24.54561709187745,19.88302521945712,25.602607245547897,22.23179519015824
2020-04-12,2020,16,22.3964667964626,24.23771816428536,21.521400443198093,24.74638019289289,22.973750489275165,23.916690342828268,25.78463514344685,24.809090803072053,24.69193353858246,21.80047697532834,25.66670117894292,25.22878005241127,23.10843264090048,23.08374183226066,20.471386389570387,25.376026803033454,22.08273522423284
2020-04-19,2020,17,25.731249979870963,25.52417848765977,23.77688177137536,27.13468336207526,26.74431737734599,26.65966613258941,27.17372510036992,26.37236222502473,26.360562785497613,24.746205975690227,27.0120055293624,26.04821762691611,26.669521486437,24.492427835739974,23.419720347144175,26.694749201347214,25.25049603274569
2020-04-26,2020,18,25.18120036867748,25.81723816410056,23.59780200646848,24.865630848067145,26.60302513427508,24.90630005746888,25.86613279181389,25.064192398863955,24.68777296921045,24.35659743374459,26.460423939362236,26.27550889089744,26.30991555549003,25.15681205948776,22.406332377610912,26.45961494595104,24.905604381766924
2020-05-03,2020,19,19.84125824048252,21.586273812535985,19.07245674446397,22.772280068624585,20.933938233257663,21.60921972046488,23.63672069071333,22.352197974068776,22.65126102264613,19.43195423044692,23.335859757790832,23.129210047966065,20.75677226869296,20.490196427668707,18.41403483563347,23.27615967095481,19.52854315032856
2020-05-10,2020,20,21.043470223131017,22.369557265788,20.30918084274062,22.951703386647363,21.72290520488025,22.417717501617,23.935950026220205,23.04267249763786,22.79963217042897,20.653235809339044,24.016160578541943,23.352538787451078,21.740590668092825,21.798371581065123,19.06231742616275,23.74774918677522,20.54903547783104
2020-05-17,2020,21,22.81522838612168,23.713753195968007,21.48090106825333,25.047851519925256,23.48946476194437,24.659085295835517,25.0182872638758,24.390888143762368,24.38759046244761,22.03165844776768,24.88135294233049,24.929446595698355,23.607521388521526,22.683024498894603,20.91730178726406,24.83773255021605,22.41783112142928
2020-05-24,2020,22,18.663005795718163,21.290565346349787,18.84547531953827,22.10908615872973,19.186327788849216,21.2805763990876,23.35738177063166,22.19356289752118,22.088949109243558,18.58661146239033,22.92580126642665,23.22044941678523,19.24876715869977,20.56854940828807,18.020605103132727,23.067497593082795,18.26134280952803
2020-05-31,2020,23,17.184920405482387,18.94256155119776,16.76150268014808,20.49359450311888,17.353410934713665,19.763208978424657,21.290786326105323,20.418528032674416,20.52498439333443,16.867632865369384,20.091955080073635,20.717781627274583,17.80335890832555,18.10111104144756,15.981928245500322,20.57694746043584,16.935406272302096
2020-06-07,2020,24,20.800029258777123,22.205047132618137,20.34843972264504,22.52610758940379,22.45428665579027,22.104419665293648,24.5638698600124,23.407304200011414,22.66641121881116,20.29048535955234,23.45333632762298,23.95668086337272,22.07566623061781,21.49425084589968,19.012383610103484,23.9638603755406,20.691693498760543
2020-06-14,2020,25,21.86828502571568,21.141047520424003,19.330526838920346,22.562743768805547,23.24626508666179,23.16066918808828,23.170965728537336,21.91079854544107,22.02073356083461,20.78022323604107,22.454616916540896,22.74767053223685,23.028856824263645,20.283160728572337,18.85790965793162,22.784431153314223,21.47100572316152
2020-06-21,2020,26,21.12218092031,21.845174338009315,20.09035585195276,23.002494708413167,21.69658895036541,23.240924076684195,23.89733108487144,23.00077102859299,22.85007874139834,20.70533529738608,23.25332094085165,23.477461398451155,21.959304830742617,21.184489691356543,18.769166746072894,23.407556244538487,20.769197423503083
2020-06-28,2020,27,14.479117426632914,15.554410055502135,13.434319541426811,17.17048592936425,15.204171345200386,16.26536851929575,18.831273042773365,17.525762019467045,17.791844820556346,13.950138994759731,17.448370574356673,19.326498197416736,15.28390247020942,15.376171362650076,12.52095623436792,18.41797649510453,14.111583031091406
2020-07-05,2020,28,19.34955812329031,18.09697426407576,18.493664121670115,18.33222899976231,19.466031402062697,17.78291498648154,20.087235392356405,18.651278138594197,18.592920804443654,19.090253892711903,19.20062888009208,20.868472248396134,19.819753972719997,19.510520315377853,15.47100404508715,20.4246081969976,19.232462149103377
2020-07-12,2020,29,20.604740767558724,19.880935683687618,19.4870292465562,18.72141881499972,22.188207394100843,18.50946097331004,19.50811141711977,18.464508067044346,18.162302913031237,19.92197679588309,19.514924281396908,20.51457966370081,21.82403102436581,20.657204698563376,17.257583648949982,20.397114371133647,20.78209000584893
2020-07-19,2020,30,23.72326314280545,23.399768963043115,22.019313114982,25.26049250080472,24.009147413918747,25.12389311182913,24.66697002221822,23.85036553915445,23.863905342124447,23.07815013505745,24.293410942771217,24.607550335701585,24.310087227913403,22.8546408904981,21.040736199803767,24.61952257249687,22.879862952425157
2020-07-26,2020,31,18.64235711926199,16.813357738035318,16.14031474444331,18.24889013313112,19.688414460725028,18.020348633578383,19.055814951571364,17.857185391512786,18.070498331185657,17.323022526482497,18.131962216364872,19.338275563684757,19.85263311264598,17.583155929405414,14.877740216123083,19.088453494406025,18.606253028879912
2020-08-02,2020,32,23.269900362463996,22.07628975036556,21.74487538494256,24.2280832869666,24.579861425629908,23.7037177484775,22.7803489084494,22.422443142184967,22.67117359586891,22.490234219451324,22.91770655809543,23.078395599303537,24.39482477180746,21.792582798343805,21.174371303520672,23.184907980394456,22.81817565259908
2020-08-09,2020,33,21.86228291132275,21.795290582469782,21.06071944943337,21.436956367322377,22.05782810199888,21.1849387965454,21.31508821648689,20.554923657503995,20.79638753991771,21.572452816035263,21.880270319686822,23.533758785525425,22.49023011660484,22.174573588852457,19.265834572171048,22.622115678283333,21.74201828835788
2020-08-16,2020,34,16.46023463711929,16.66026430546856,14.967284304543524,17.480742426145646,17.070486531091742,17.427899073449804,17.60110169457972,17.06791414830592,17.070617488219078,15.925737150876676,17.142504179322874,16.979954694480586,17.351580126405224,14.892030623103487,14.339483260648908,17.110504592701414,15.795131995350204
2020-08-23,2020,35,26.10670805775214,22.620549141471063,23.55337704571349,25.087077969596496,26.31885257780243,25.070826354941197,21.92726408010321,21.883912713187083,23.11269057193614,24.968970470943383,22.564602340764296,22.89904088408478,26.879526734812377,22.968322480295694,22.32168081840013,22.95864185848348,25.46738625408183
2020-08-30,2020,36,25.670375256925016,22.26879566768085,23.459740631117057,19.86652867566972,27.241714714722317,19.89836345706974,20.682361725120437,19.512893634647515,19.786337845946008,24.42855334845115,21.439699834352965,21.99207498956562,26.970855850970885,23.93093566305797,20.311513803344663,22.021142190683143,25.98838991103468
2020-09-06,2020,37,25.49018477166175,23.888305077928976,24.46703133968093,22.1694847827866,26.97340263462702,21.578406687408805,22.840261653978,21.38456532366864,21.7721669090704,24.892513230091005,23.530517036471014,24.469324016828097,26.774802922281975,26.06031949443689,20.857152589859087,24.32439087421693,26.45447655058293
2020-09-13,2020,38,23.647073259685037,23.36088989131741,22.43799240946664,23.01231861114502,25.712784993745597,22.166520731176035,23.86088325122355,22.432140358763856,22.910984644917825,22.782508570110032,24.272970730504948,24.33409807174354,25.043839657168597,24.57667473761706,20.48584618312254,24.6126296216961,23.964353688643623
2020-09-20,2020,39,25.399945292233497,22.363082193870788,22.904923752122148,22.531318352335976,26.507157953291976,22.64973129360833,21.956657615416947,20.870454638097197,21.829756290712,24.352497328252973,22.44946819404503,21.305215474408914,26.402651941454085,22.292160027763995,20.64123398342698,21.925274050165765,25.4595305643313
2020-09-27,2020,40,30.16914650218673,26.79404045218852,27.935059294408685,24.951478010132195,31.53814769408864,24.355829911495885,26.729606567249355,24.970335673542767,24.680367816917585,29.35429250912404,27.25273109700257,26.80455124795919,31.139084468016755,28.413196513904712,24.176408734387078,27.33872509562573,30.27742632380072
2020-10-04,2020,41,25.82364171198743,23.301506508642166,24.10553094361245,21.4419111368202,27.08111803660474,21.42383476880833,21.38840853855144,20.339313154344435,20.793928464564797,24.961768461426946,22.240290391599977,22.214425529109825,26.74640400713475,24.34433114542808,21.17874045981984,22.448258439155477,25.623644923906767
2020-10-11,2020,42,27.89302705399011,25.58514602962079,25.359961579939696,24.538001687753766,28.425012512263503,24.418267342114536,23.972547431033835,22.730928000908392,23.74109613452173,26.6570442251199,24.89345830611852,23.780419113179747,28.78313650771918,25.18881747068791,23.337377687903142,24.32751374142044,27.1373477072086
2020-10-18,2020,43,29.912183997253656,26.81162920994545,26.56409758556809,26.245258842195785,30.794995805583653,26.28620629329019,25.235454542643826,24.246892112632853,25.07221893788317,28.071304158231136,26.192134142128413,25.320914587241944,31.200203650706523,26.789086989843188,24.603659273026736,25.73742326411716,29.210398365545142
2020-10-25,2020,44,25.00130954825893,25.80011302220033,23.52434708020702,24.747999889510016,26.869535906415443,24.01928284545663,26.823174857537182,24.553525708681576,24.623543948343357,23.861922470067025,26.77715153054242,26.067084011684532,26.45188465633908,24.999638768397254,21.7508464118022,26.53288502702508,24.70028095553828
2020-11-01,2020,45,26.38628480241106,24.34373062150056,23.480671527222817,22.33086585430872,27.652085417910563,21.836218917385185,23.538786635106923,22.49690576231325,22.499522393930214,24.950882683186485,24.52430953318939,23.20802222300733,27.79046971457345,23.74581753617933,20.49890469735113,23.77721410628168,25.91284009002932
2020-11-08,2020,46,28.52454930014592,26.49503702903861,26.19734094496205,26.09862964210056,28.566978951545224,25.882754047251424,25.44992683788778,24.553753276676325,25.1913607442449,27.570157738718866,26.43961891075233,25.99045266616698,28.988787752320867,26.47292241080269,24.4017472592241,26.29753799214522,27.44907812930824
2020-11-15,2020,47,25.77938223437453,25.803065123080195,24.340029033603347,24.28024962118694,26.401449508441104,24.5597779042012,25.199237428670724,23.91509642266608,24.217392255182137,25.05187711190051,26.163476620298443,25.034925018680703,26.82621954030512,25.265999937416023,22.27799684252977,25.5548876073729,24.113327093201505
2020-11-22,2020,48,30.26879526872279,28.00324413567972,27.20805897835407,26.96727118321828,31.18772458994856,27.001480257188952,26.96616723308063,25.68957953316825,25.86662631772036,28.57248728186797,28.07451681492132,27.678877820223168,31.32335385208425,28.384087028548706,25.09111597267469,27.973017948247684,29.018977292464427
2020-11-29,2020,49,24.853451727593416,26.115014751328587,23.617692193418023,26.081049535955703,25.902326650217145,25.915624509293444,27.0458682090826,25.66250304383117,25.63180983183202,24.135804486355173,27.16716501145136,27.1078783122677,25.852708582712417,25.01867241325424,23.181445966310253,27.08131449749792,23.930724084859264
2020-12-06,2020,50,28.359412876949047,27.11210590740765,26.30855813741472,25.811032407340548,29.49848761653829,25.934232288345868,26.34940791894673,25.106983061951475,25.11819139058809,27.189566825720807,27.526099721074623,26.88631713743801,29.43407815211528,26.87116935859804,24.38048862359863,27.097356232644994,26.94855503123404
2020-12-13,2020,51,29.10767744989776,28.129078477684622,27.687940068655344,27.447316112972445,28.596186497403814,27.30397538635568,27.163971614559603,26.323506210128983,26.160516619449027,28.59136894556481,28.496473034945403,28.16067999199716,29.2925587897135,28.00830414458419,25.64979177634419,28.18308712684945,27.059403542881064
2020-12-20,2020,52,27.3870974581214,26.61105152488009,25.277093483688773,26.37452353466125,28.207695416747683,26.197597484024023,27.46889735519365,25.23365592560211,25.957727253087118,26.21219121806399,27.113891733673224,27.1023697197598,28.3417373642498,26.130511025359706,24.00315719867321,27.30927360967647,26.25556504694278
2020-12-27,2020,53,28.08809878129603,27.51193926939324,26.585663162509,27.909286524568287,29.1607084281351,27.797459080719424,27.4794173782838,26.14573057397619,27.13512660659223,27.368740244845032,28.126233684655396,28.104187996239677,28.965488658448443,27.022026602439738,25.012913697255836,28.01419493643505,27.037085394332347
2021-01-03,2021,1,27.60694569571752,28.504748630117,26.51075656284986,29.35657312756493,27.201676267769315,28.837697099074436,29.384494759251005,28.00834307187563,28.57802323492539,27.060337917340757,29.665280737608544,29.760451075201733,27.75562412122041,27.345055150287543,25.605913227938707,29.498018511120826,26.427195893465026
2021-01-10,2021,2,28.67597652126003,28.17859490848045,26.855580237658558,28.06405973434448,28.91534624869165,27.756493837216645,28.56337391600317,26.84548140984077,26.86939024878575,27.72914660768112,28.64558227836311,28.32429826227481,29.61417053841256,27.23708988622945,25.223526624965828,28.510149035668423,27.77838902075014
2021-01-17,2021,3,23.54668281437347,22.988874347987714,21.50876819759528,23.95594956619399,25.014417701964025,24.607889926571644,25.30665642874581,23.07289564256544,23.582712408614483,22.529670425689662,24.228431989000985,25.36452283370848,24.74099838043272,22.27653378727033,20.665512059459168,24.90452086342291,23.23086665968368
2021-01-24,2021,4,25.629288630442577,26.98714940634364,25.08500886069216,27.72897252014705,25.20243074345112,27.99894650777181,28.41779850106198,26.16141249124106,26.711647343495585,25.684108309322056,28.015157068756235,28.673883517797425,25.665662181883704,25.68589812906354,24.34465965228723,28.262263441739016,24.016571587308075
2021-01-31,2021,5,25.476839851075,29.17977683122224,26.25357834089088,29.101972912039077,24.69661990913261,28.212831421094823,30.32175332116664,28.784067889126863,28.28073717516696,25.948178830913808,30.724340663431008,31.19357190813337,25.51357107825261,27.862868077678552,24.996104216753675,30.692681836988594,24.328938927611897
2021-02-07,2021,6,26.90201528590925,27.708546987220423,25.90635256018381,27.706564820948103,27.554446726530067,27.1047572942314,27.90314411908475,26.73294405057833,27.40073668933428,26.28732580114135,28.639068783516493,27.768510178414317,27.711290462596995,26.48393886024224,24.63912375810145,28.008644600437112,26.562687245340687
2021-02-14,2021,7,26.787726266043528,29.12074068817757,26.57408082940035,29.257077418622515,27.94033337980619,28.51688778016865,30.540576045089143,28.50337540069184,28.811211824883685,26.6321505738592,30.597616511093072,30.4711636777194,27.638756560542877,28.26751359517649,24.91752370275149,30.440176375924725,26.499428792783835
2021-02-21,2021,8,29.116971478652463,28.1610892139264,27.005443441836093,27.45344264166696,30.83314691765232,27.360290328508174,28.199678354291112,26.85394522827941,27.47620975807921,27.870260825441445,28.666270975220257,27.486313208094185,30.741558178051097,27.18179459566177,25.30081449282138,28.024982011948083,28.871152975488545
2021-02-28,2021,9,26.01316010905969,26.045631176881447,24.35877753361835,26.533968550818305,27.32742547177104,27.01645498877173,27.86027053076741,25.942031174696886,26.34636708574985,24.999741704445185,27.391791734241306,26.813371326724152,27.121825866257367,25.023907864853285,23.235950217709945,27.146588932044818,25.429097760398427
2021-03-07,2021,10,27.8922003472327,28.038243565223876,27.1315935612148,27.13467604773385,28.857762385438228,27.34422883042344,27.65764832566153,26.648988625662668,26.803534289395508,27.46723887783604,28.43639743359058,27.786678915717854,28.83257161144125,27.69442337890553,24.536369474903125,28.000903926483574,27.815991517347143
2021-03-14,2021,11,29.31511669085293,28.576872945594378,27.75349620727702,27.93366807131541,30.4109660514984,27.654324196480417,28.440427630010223,27.25112287942465,27.811703346013555,28.592473588992828,28.8100466509402,28.29968200025533,30.256550523765306,28.317614509694227,25.99884549947108,28.55184478909069,28.798137685359325
2021-03-21,2021,12,27.62647780733832,28.14280396788867,27.021138362156787,27.144685677119668,29.238767474250032,26.89444684798193,28.80738397937474,27.40151723490133,27.29194798814807,26.52728438833299,28.932098654544717,28.922345043192653,29.16333688824333,28.834207679709287,24.930808217345703,29.167014993566823,27.790671921804588
2021-03-28,2021,13,23.310363369405344,24.89352018441727,22.815248601925298,24.758450729506357,24.422212986130788,24.44317865555811,26.875660954689494,24.512781153096785,24.77898186573544,22.716401465966275,26.49135605287758,26.67338784878466,24.325312546321324,24.95914839113188,20.84219412802501,26.69339029196424,22.9751862502805
2021-04-04,2021,14,26.688066531639148,25.3929204849292,24.31331092864936,28.123160580794018,28.197550081130228,27.401581515063032,26.268605663199462,24.915311470527158,26.683100840350185,25.110935199381395,26.261853309730437,26.047844526902686,28.075197072563025,25.133161103248977,23.75785706101254,26.18567776166763,26.152679502482044
2021-04-11,2021,15,24.671363108866924,24.76181591700897,23.64386051401377,26.304591485432216,25.444794946383936,26.08056607240262,26.173561201846294,24.267802658081056,25.065598512115777,23.921245982595984,25.926459057300125,25.74846418077412,25.55467732808765,24.483247355410928,22.034446966271894,25.86533301217215,24.41377311896764
2021-04-18,2021,16,24.012073853147847,23.14982716411924,22.2416217265768,23.472179114818573,25.40602083580305,22.81690892105397,24.668563342302956,22.500505398837003,23.49063169699592,22.940172224398804,24.29552048357018,24.05160592894027,25.334840846337865,22.428102628393138,20.59327942019513,24.179231244290644,23.57422822376467
2021-04-25,2021,17,21.5263344017235,22.58701416068494,20.467932518330315,22.975700571423488,22.62567114530009,22.596405927739085,24.41629880788375,22.42751949359844,22.67106893431184,20.50404098733874,24.20425215551863,24.04010803037577,22.759089598784577,22.32325319230533,18.72211976741716,24.14345648703977,21.4668103896704
2021-05-02,2021,18,22.54347952421721,22.702442194098857,21.50197261862768,23.08202678816659,24.109119430813056,22.718649154771093,23.91540414459852,22.324426233861352,22.375774719477167,21.56163354450994,23.79080754730092,23.785095497604328,24.07791394892807,22.56461164891885,20.01712582628861,23.812736947942387,22.9904997580135
2021-05-09,2021,19,20.14209254398616,19.42821178507449,18.580970781507386,20.50743763929321,21.36509748002849,20.54314327117252,21.49587466626404,19.124867394187238,19.910810168242037,19.168350687981725,20.88366801191718,20.985563670207224,21.399113287796844,19.39013261232727,17.38864364913503,21.07716007008711,20.202254500993178
2021-05-16,2021,20,22.24593212122776,21.759705820063285,20.94728021190139,21.397075039999823,23.740639227041925,20.604441512658944,23.06045922593542,21.15914440402737,21.1934575539979,21.4528824062798,22.926907221476235,23.391753073329877,23.44871200465788,22.068086652827443,18.738427317478493,23.32703119714666,22.24273424457025
2021-05-23,2021,21,19.61405153409548,21.571798498442437,19.64905530875408,20.543265488885694,20.93675812609014,19.72976052224099,22.49580781452857,21.09830099328772,20.63369602513173,19.25799624911846,22.37308324838613,22.87704465974052,20.60815028886537,21.269319104072743,17.186329190055023,22.69655248190325,19.38298622038808
2021-05-30,2021,22,21.85935743619116,20.79005908254367,20.32197882373881,23.1962848007679,23.18269743591128,22.464488857961538,21.99269712909665,20.824472475918856,22.187186447374973,20.882749965139933,21.310496170902667,22.032078356113075,23.062682507120964,20.526157847496187,18.717019267209725,21.94228606774616,21.884640354351856
2021-06-06,2021,23,18.213213996690826,18.374296182254238,16.32772850038313,18.91344780581338,19.28195158169942,18.71016278383508,22.01343779383178,19.306441707363373,19.29673384780287,16.973212837502444,20.623930293657047,21.837508690003755,19.600283050168898,17.722685895043494,15.14772656118402,21.37088021466877,18.077903583685988
2021-06-13,2021,24,17.20954281206757,16.166781151472634,15.85038253112292,17.398329686550866,17.678497440103776,17.53422579648719,18.61738227755265,16.56125235124068,17.201098158401518,16.22649942661968,17.293337968933635,18.014379039928922,18.237616462597057,16.41612254596766,14.160181161209174,18.120495178461542,17.264475812809167
2021-06-20,2021,25,18.338284649597327,18.166401415745582,16.723274992965656,19.38815077997389,19.339335092873508,18.933483700647933,20.46671398596583,18.226373186978428,19.191250263594835,17.334576515030406,19.495208051607204,20.44495192113912,19.702568604679183,18.17332107142398,15.61333110412326,20.22344014602632,18.16541273189041
2021-06-27,2021,26,14.010396154077204,16.325490577897032,13.613325277893756,16.508794856922965,15.158293655234562,15.903751490505812,19.051437225008147,17.343580922708885,16.938262174274122,13.474869857891068,18.138437343779067,18.868182168173984,15.255091091840882,16.188463256346832,11.819954307761083,18.76131451153242,13.943766388931683
2021-07-04,2021,27,19.583807899838405,17.795147067194048,16.534398581141797,20.20828103735333,22.00805316617275,20.06705689031338,20.11007115444706,18.73980530330113,19.73978580000816,17.589068814525454,19.08992633406734,19.653342504064348,21.84864382209925,16.897571594667003,16.0978691670384,19.546969563060543,19.57758983640336
2021-07-11,2021,28,20.863346438610414,20.588591854709552,19.324755947465057,22.26663652062416,21.607991777641693,21.549303089176213,21.754093831899212,20.60392246246338,21.669976469588605,20.05360596413285,21.33571573480383,22.82448774656517,22.0301192773355,20.112201414421516,18.28267751214476,22.21752734660169,20.37398029980312
2021-07-18,2021,29,19.41509169869441,18.985076831602083,18.239976175083136,20.988866259654365,20.158951180498303,20.034960669440192,19.603347261167475,18.68001749410257,19.705934847404343,18.73178690705444,19.38076241067994,20.19660111193387,20.568816400402763,18.767226849047617,17.27426336197013,20.070750393279614,19.28015422242671
2021-07-25,2021,30,17.48751462104238,17.32238325457583,16.300191012122724,19.86544582105818,18.545116675508893,18.60103162252458,18.213229479664616,17.10111417448366,18.792892811582977,16.813413305143133,17.913223081646542,18.868514549378755,18.343971444833237,17.334594480124302,14.74337180509133,18.626375030398133,17.11471011053841
2021-08-01,2021,31,20.32070404651696,17.841953642078554,17.66084266745526,19.660341742492857,21.568811004378897,19.474022127639987,19.277088871502663,17.380411360109008,18.698772640377573,18.85724117731753,18.520009967259,19.335744165024668,21.84050985284754,17.717910645835527,16.35057723266594,19.254708993691523,19.988068338995674
2021-08-08,2021,32,19.597085555087645,18.63493527176538,17.869424857179357,19.896403701532456,20.05248319511498,19.5167749704388,19.3697127461781,17.78306390489851,19.17470312025216,18.313614912322723,18.966407613217573,19.453566121926524,20.613327650489957,18.49879532026405,16.4492889370754,19.542987509949565,19.33156804061643
2021-08-15,2021,33,27.66024394139667,24.55830889317527,25.46246363615292,24.62209443109376,28.62120812597494,23.841471992404305,22.999182592675567,23.093022205798658,23.45160474329312,26.65056782390993,23.6200755874832,23.72043613217912,29.00510461542137,25.096459000394614,23.019161137980856,24.19832880576296,27.029154894486915
2021-08-22,2021,34,23.935427603114064,23.16251640736676,23.284961340801846,22.59648491796993,24.231556167433123,22.156509592112734,21.17759033403313,21.754094926908422,22.176747311817923,23.71043131456064,22.06133343585126,22.409344551055582,24.51569385049886,23.43806677011808,21.3117509254689,22.675167527917317,22.975166544438693
2021-08-29,2021,35,25.245792526382584,22.13579452673256,22.408493116458327,22.509930973961243,26.698902987092623,23.69492798882562,21.9722811751741,21.01219253688664,21.340703440738984,23.41760968571975,21.881897020546383,22.09716789934513,27.18539075225477,22.302453812469736,20.500758878927986,22.356207397819265,24.56298332008712
2021-09-05,2021,36,22.588133965373192,21.273909112283672,20.857158431143706,20.925125987756815,24.676537172781988,21.49440659826173,22.62964211956057,20.69151562777433,20.83876396765214,21.31176624898836,22.15332427417045,23.484856754621724,24.349284041342127,22.421842507142348,18.444246399175743,23.239081145732605,22.49648067829101
2021-09-12,2021,37,24.39807451216257,21.68159514500388,22.16449552483546,21.61327639222145,26.0395399230573,21.766749758824723,21.04342578520928,20.0781748789007,20.687026173167965,22.868051830909653,21.075983035925667,21.13883891067093,26.01108636451044,22.35376972882324,19.81528230334901,21.701377174392373,24.44618295659273
2021-09-19,2021,38,25.65795312731729,21.99853224845837,23.015745247161377,20.97687806685765,27.39469713568246,21.740573082804836,21.823866146298958,20.39344650268555,20.81618159717776,23.737600591507213,22.00541129752155,23.10677805486715,27.42865227916526,23.3760615538645,19.803045256515205,23.10671137457024,25.779195915335272
2021-09-26,2021,39,25.8666722286622,23.168316354121224,23.40417274671417,22.536617753051576,27.408616553757657,23.28688755059948,23.40963138435742,22.32559628672414,22.207268720503656,24.143677031363623,23.211090652663987,23.809092372575535,27.61357670493108,23.901139958649225,21.10029388869765,23.834872363364862,25.486385436713533
2021-10-03,2021,40,20.65808308845628,18.3491146356058,17.96867073079391,19.7156565785408,22.157500181614605,20.08644677435876,19.91429283320035,18.19913763467368,19.42168573484029,18.81364294112198,18.883987778502625,19.58164181413676,22.37086077546521,18.052879845242185,16.86063673087873,19.4196379301366,20.51861409742556
2021-10-10,2021,41,22.79909990499685,21.39021784003609,20.976654075581937,23.286427671001075,24.75193673253148,23.30796395182763,22.46326355336359,20.52476073525169,22.340903027416907,21.39709290610658,21.73814019289884,22.445524269679808,24.74621698570988,21.5137416653167,20.080047846357377,22.421470727939194,22.34035705170541
2021-10-17,2021,42,22.22917622550267,19.811719924910488,19.025095539803832,21.923360936698455,24.089299624800944,22.446821058118665,21.120189928104857,19.741800085290688,21.212357172994,20.06546347428226,20.38111910551657,21.025260470305493,24.236305997178363,19.347113016428192,18.75759114991668,20.882770581254757,22.10925152488153
2021-10-24,2021,43,26.02672495897212,24.034773136252788,23.453396547549367,24.131104063420064,27.34576743130857,24.910380435879777,23.68800419621148,23.29691062629997,23.564818003406263,24.18777210827753,23.672179786054603,23.9906761087176,27.58720724002735,23.767312021561185,22.57436803598572,23.831746245083743,25.429468854739657
2021-10-31,2021,44,27.7032263693202,24.877098141448588,24.624182726497025,25.860298704533346,29.641430162306985,25.859883110802453,24.522707736179367,23.60483935863941,24.49696493615376,25.839476503859224,24.49859266074705,25.321868570024435,29.529329489556982,24.631743343158533,23.963849929923523,24.94307180206836,27.33357486699148
2021-11-07,2021,45,26.48032022473741,21.71377376096844,22.82826550152837,21.66610378594625,28.633199590122494,22.761457946463132,22.035756936921324,20.314493343303727,21.53934214026494,24.173431672181,21.33384862462164,21.196457824295745,28.868383532785543,22.445921047619787,20.55251668131917,21.585839422714923,26.241217955103465
2021-11-14,2021,46,25.70863088462957,24.45208067578802,24.02440772949327,24.02980882355145,27.487322895549827,24.099404003629356,24.048046768232965,23.14708534884762,23.678259701178263,24.32108992586253,24.056422148535265,24.200214966930787,27.40597358541599,24.805737185582,22.260761276609035,24.3412153426915,25.319366985896853
2021-11-21,2021,47,28.557731571958488,27.55164199800633,26.753729828713528,26.13240685633251,30.294574856140454,27.768741445651845,26.08624942101126,25.48706838929808,25.072668463749896,27.08671836831573,26.77986989867636,27.95145242490537,30.23975660810139,28.100748364048883,25.603382827861715,27.466200281729204,28.182155529443783
2021-11-28,2021,48,27.01408029799296,26.151834451313466,25.572855005035805,25.958401024341583,28.736385554406127,26.31268497845074,26.547856856365595,25.402056221900047,25.660766224571876,25.891270725477668,26.309964598618546,26.607762501246206,28.808078261415933,26.88033856315296,24.32807104238916,26.70869910880311,26.671797221561643
2021-12-05,2021,49,26.894513425986588,25.31486446161006,24.37835630317017,24.87635096481868,29.93698788465701,25.08886103096156,24.874597243595403,24.35135712660752,24.79442859209213,25.042882190914604,24.916249424657785,25.193607993524356,29.62322847631447,25.104932144219383,23.60808857720434,25.05665165104278,26.722646949747507
2021-12-12,2021,50,29.575991445219803,28.088703491032,27.726315501736877,26.527727742989857,32.313430616716204,27.17325836535126,26.89000247032232,26.37922691246132,25.83082451979008,28.114177961317303,27.2577790099305,27.617373021786424,32.16632932861799,28.180132574935087,26.346717595537157,27.41354430211733,29.296595511732075
2021-12-19,2021,51,29.25952096642061,27.71219913486733,27.03442973887487,26.823181660402387,32.24146009285656,27.928028177877493,27.004606452697224,26.504062034309683,25.934547941278808,27.42667583941877,27.18322713942755,27.39108198736556,31.90056379789551,27.481380342635237,26.180382012459376,27.212587225927063,28.84703316649979
2021-12-26,2021,52,29.41294816899637,28.42145562832798,27.58737401446094,27.475672003768736,32.60502704702247,28.094313674298338,27.429868336669205,27.288974768898704,27.516479354082023,28.253693997927,27.783205578956768,27.99690271002263,31.74155334708313,27.758630963904046,27.25039240883736,27.730556279012603,28.592096043404226
2022-01-02,2022,1,27.838108079927466,27.6929022467721,26.224719201555903,26.71681645654497,29.519804315687026,27.51370442266476,28.07679335368966,27.18656875015853,25.956968305628823,26.75933176433276,27.641350621475286,27.65240905227045,29.327591947607093,26.72926934924954,25.897694017249,27.56854284626164,27.348312943450843
2022-01-09,2022,2,29.33549553516442,27.27969876332069,26.63124427778486,28.352034980342506,31.003750393780667,29.30662077826423,26.992898501738168,26.88372178015771,26.987299557068116,27.93589170711247,26.76722710349343,26.464393731397443,31.20467365662564,25.64769323626006,26.731836719646196,26.41798132879627,28.35755399616581
2022-01-16,2022,3,33.22505063531942,31.46067425640408,30.29455812821477,32.7677808262053,34.80747238147885,32.35195093142634,30.484201342301883,31.09834527746424,30.57854976019514,31.106805112686413,31.014785461095503,31.67980355779437,35.45646626608712,30.5621964100278,29.90780908313035,31.126539032519915,32.24316956733436
2022-01-23,2022,4,28.03516593402877,28.25736429747234,26.295159640307965,29.75706545795713,30.16200847188073,28.928110839470623,27.828844159407097,27.376481666069527,27.50145141765796,26.75929537988755,27.91956083289473,28.37736569839025,30.06969704315009,27.285179672573317,26.58136689028261,28.129844837226045,27.51997674057747
2022-01-30,2022,5,27.648357317714616,27.95945640616833,25.798823544486183,29.32488204751696,29.20012368598221,28.64081311563421,28.461081173955183,27.8723362613034,28.11893842551573,26.136526621635102,28.29990185659169,29.257676265953044,29.75341964228273,26.89295269370221,25.94635849302288,28.70884084608224,26.911366667066307
2022-02-06,2022,6,27.738658608003323,27.9964496453942,26.431256496493752,27.493040561676025,29.56290920887233,27.715963088714325,28.00660326320993,27.074996523175923,26.60927519639644,26.422427693421717,27.79578002335189,28.275096978138723,29.617777837289346,27.382001180161968,25.510411992873724,28.008950197999955,27.44090308783189
2022-02-13,2022,7,29.90906168227029,28.43358825671393,27.691801622047187,28.225946063087104,31.7520989235201,28.29824419893047,27.811962022030663,27.32407004616477,27.5154797932873,28.30839251613724,27.942151724414902,28.432961654148976,32.090792320870065,28.24064642193292,26.613720684102056,28.1963494183266,29.45087335694511
2022-02-20,2022,8,29.88232208065391,29.716471678158364,28.18977977833921,29.429247856140137,31.587985173584716,29.24804418458288,29.232998166765487,28.69882733629896,28.646088325814024,28.608172504652472,29.29251055531688,29.736592231092427,31.633321839409906,28.96143014920668,27.43437531677334,29.498874806144705,29.40037235609605
2022-02-27,2022,9,29.565280411080813,29.473094251872634,27.65406518206727,30.066405543259208,30.05071136141424,29.614977162777222,28.94833845577852,28.465759095030943,28.720299170208538,28.6161232906466,29.21096077956162,29.443544133332864,30.5762239146877,28.92856064416412,26.9746124168328,29.451394934010363,28.484493400851356
2022-03-06,2022,10,28.26492573702504,28.61296116517805,26.899832363348672,29.085929024787177,28.474375550434555,28.0684574181202,29.49586203216464,28.27963165877701,28.45134248378925,27.26843095013476,29.04380358080844,29.774606894932667,29.156847178705867,28.29942576216293,26.342568231645597,29.55430534347863,27.565688300325544
2022-03-13,2022,11,25.59464539831056,25.743163814422672,24.16384780904098,25.422150458608357,27.16057612364774,24.74252612188823,26.54599813678174,25.23431970571543,25.14525911066164,24.52658610563847,25.897157726865828,25.975283193459727,27.15905503968935,24.957502153016947,22.98097874864961,26.05476364090951,25.408023710842084
2022-03-20,2022,12,22.44636084705093,22.941810745166052,20.94498185933747,24.507439400468552,24.47149170000936,23.100939035108805,25.766575549156254,23.533743015636094,24.28489422471556,21.03024701353401,24.487856296027378,25.562760116597715,24.513217180392,22.64047609773794,20.020179230228905,25.31748485005298,22.26430883047716
2022-03-27,2022,13,23.43318237147583,23.19469331220777,21.37809015399286,24.099053104718525,24.576422485927576,23.6702751824908,24.663507011124416,23.37371706529097,23.685610997933463,22.02067396048084,23.881581185906484,24.212481434454496,25.03528601414449,22.286788087142146,21.05083411539988,24.200273448473787,22.854561168228525
2022-04-03,2022,14,23.26200686519824,23.427824474855274,21.847114051033568,23.949907135395776,24.277302511174263,23.29466153786756,25.21138901891236,23.069245636184498,23.607176558612142,22.123858798341352,24.35183880463307,25.45457195014645,24.484368808481225,23.806259247357545,21.002808348697744,25.265044240335666,23.01785746160543
2022-04-10,2022,15,21.767634356190648,22.976013791586546,20.78847249123304,22.654589377698443,21.848129701649672,22.06887064507876,24.394668351109456,22.29596429106477,22.636722951019348,20.83842502589703,23.461986118993718,23.98495720660269,22.422557481007228,21.847356746448657,19.539320442137218,23.86692660755374,21.22220238199774
2022-04-17,2022,16,21.68022767487947,22.22593104966414,19.92739963912287,24.08270497549148,22.980144592499748,23.42506858403465,24.714617364955718,22.807372819974823,23.401689893345544,20.370430687817468,23.494288319839544,24.257103722050505,23.248252032806512,21.17612280617319,19.852113784407745,24.019471457793053,21.31628057384748
2022-04-24,2022,17,25.35926289355893,23.84395735604422,22.915771116275334,26.24482192170052,27.17225507768678,24.75395716663493,25.398936291130223,24.15252978238193,25.356455079730008,23.672307904847425,24.736756176969187,25.7779940196446,27.225007817551894,24.0198309407387,22.02588549995101,25.46479673814867,25.48273616852465
2022-05-01,2022,18,20.03675651918507,20.267095276033444,19.013218316549523,19.867892668360756,20.73740294348479,19.992747283503512,22.27605209128155,20.3982899356198,20.329825434899377,19.05168268141516,21.33978324741512,22.324407351306185,20.903942713866364,20.527666713486653,17.4332359413215,22.129993319278125,19.60650887386497
2022-05-08,2022,19,19.57628108236934,21.04441365402645,18.179159293475145,22.50041401670093,20.17513925847436,21.278977738997803,23.330895259846056,21.435753544398715,22.054596479158345,18.424774291678947,22.280244255891613,23.103511964535777,20.7804355860677,19.785866491682317,18.42309361404753,22.847645515098492,19.23366738393943
2022-05-15,2022,20,13.743831586039972,17.86435987852784,13.72968622468273,18.428984581005007,14.32920118687684,17.092930032786562,21.772378838097044,19.399595342859044,18.92041553583164,13.009694875292356,20.260493156300992,21.72785522610029,14.484839358385006,16.509945952095062,13.939361527809837,21.149405632466955,13.311652989079043
2022-05-22,2022,21,20.12919745942341,21.62394397955205,19.451791112996247,22.898747083686647,21.079397877792708,21.141010461166555,23.357810201172228,22.02280282652223,22.211986487625627,19.364801693820848,22.59263847813462,23.29769057919073,21.339392697028675,21.24988269956866,19.29967098263654,23.16846352220748,19.81743245304755
2022-05-29,2022,22,14.642894924070536,14.85267987891809,13.437633322738606,15.370881885290146,15.289571791732866,15.191703728880814,17.476055412181264,15.636279836382185,15.785887922559468,13.903947853800684,16.3869433778705,17.4555988864436,15.46530100461599,15.238729228603544,12.438661740045037,17.30553718275753,15.11093438603486
2022-06-05,2022,23,16.47357456717865,16.731645806766014,14.79063808251612,17.523997414679755,17.76125772435254,17.660653481305488,20.069194521222794,18.19958136025961,17.691139459143415,15.191569084793963,18.737040350447487,19.714245643255847,17.919538937020025,16.806409863365182,13.873009994155789,19.57054637042977,16.681825182829904
2022-06-12,2022,24,18.214397155486783,18.50569496022613,17.01130563724115,19.43783061844962,18.705113575425,19.344590387135703,20.025649151371105,18.440877474004573,18.74226222999409,17.363620712464787,19.35791785830543,20.732909223140087,19.05907889038439,18.2927863623344,15.997606784399665,20.224994243241103,18.02903899735196
2022-06-19,2022,25,20.76214483744696,19.9969069154532,19.071382416384136,18.220046900567556,22.365401397185533,17.996834718122443,20.71084400099151,18.87026589579396,17.918795407401607,19.41542279304616,20.524504882019837,21.544109331629667,22.33425079073225,20.829547228056494,16.730391776696717,21.455472292965407,21.313052670974937
2022-06-26,2022,26,20.1487269665437,18.26092711237193,17.78875954381745,19.84848154584567,21.439800825761388,19.85355011928956,19.859385498758652,18.386551713819625,19.53276377321456,18.712313802223505,19.168502483945904,20.37804070830024,21.698285293394992,18.549084377703952,16.492023617582017,20.03315383814085,20.02002129079197
2022-07-03,2022,27,24.48763062809732,23.38512248626904,22.567694366983112,23.022740477607368,25.13080366517243,22.503721715860845,23.3700353661362,23.26700808438388,22.75438269523725,23.2531385271568,23.219364466811676,23.4789079527328,25.76600867164641,23.209957987034706,21.131960004532203,23.37493576602226,23.822993851736225
2022-07-10,2022,28,21.76169445523884,19.155450878366985,19.533076000298244,20.59289280715443,22.69341851127845,20.947340847442508,20.881485869516087,19.322321180863813,19.992211535952094,20.551838942400117,20.005057701507173,21.763506154165757,23.18868980444536,20.37378879927532,17.496530931215926,21.26390047129353,21.54214124024075
2022-07-17,2022,29,21.223021503581045,20.30745606940947,19.827245433455357,21.898620974449887,21.94909027715157,21.929464924442875,20.965839886456813,20.492949031483043,21.13848569668436,20.49813927735199,20.671114829918007,21.428453003299847,22.323866037788537,20.725015262487524,18.569536352238003,21.319748130096613,21.14499009266054
2022-07-24,2022,30,22.33824196991006,21.42963826020897,20.975025970320207,23.39935686190923,23.74274315188144,22.748836879411105,22.08473674896507,21.58034960164652,22.93068439573225,21.47032582183254,21.73002435758516,22.35471542183601,23.90406380657064,21.58207129073511,19.523020642546395,22.24814894987879,22.066479289628106
2022-07-31,2022,31,20.939735448191684,19.28398874827793,19.114690526777807,20.339412511814206,21.686534517346097,20.641307039150405,21.20871159634159,19.76514731221385,20.01777271561893,19.77357863950783,20.47285271764318,21.67978949045556,22.15141404917802,20.200002243455614,17.708271999124793,21.66173205030408,20.626758264402813
2022-08-07,2022,32,16.772082206058382,16.18347860145162,14.80047080997037,16.627015868822735,17.441406842252224,16.502033023760585,18.58740224643629,16.092913085144836,16.863066979350407,15.38010603772776,17.26160625358681,18.429666209413675,18.031572647536585,15.949290067252312,13.471803201419478,18.17610390918829,16.74327563082754
2022-08-14,2022,33,19.5188751417084,18.33086377318734,17.35721898903969,20.18844466266178,19.93715591840088,20.08380531743073,19.902588449483712,18.568353713890176,19.12638054808525,18.306065802096786,19.07419194555902,20.306201139229007,20.41470962509685,18.05971120457712,16.78027585396506,19.90919656436271,18.924902815060477
2022-08-21,2022,34,23.220141961921293,20.908080205226,20.07241398482166,23.504102130730946,24.58200314660852,22.9963513979427,21.200065362557723,20.84084941715389,21.541702043753546,21.258265878271867,21.00518126962505,21.641848336654213,24.993455787423034,19.8865776537528,19.62173027166313,21.32648105210754,22.83011581120144
2022-08-28,2022,35,19.115567566958788,18.15248269109584,16.649638140423697,17.7903651651882,21.098310049157245,18.65080091238329,19.877437502580204,17.762427760037507,17.536739583584662,17.310177943569737,18.86752106802804,20.079766408452446,21.25676066718967,18.058964923289533,15.341468649638818,19.79926738813665,19.262895001876707
2022-09-04,2022,36,20.357093275897444,20.065723430373264,18.390636646758168,19.89220471183459,20.884201713353065,21.11541960751842,21.443915542291137,19.91203656580541,19.817004527597742,19.21651797246343,20.694924751711092,22.05536042133753,21.30565613301104,19.53183710183557,17.466175628782494,21.5828316440321,19.86357048579625
2022-09-11,2022,37,19.69505773762785,18.157363071116304,16.60854728135157,17.481424511188553,21.257523245144384,18.83049029763908,19.45212071421543,17.55298353864001,17.627117841910945,17.59718851619416,18.580513834437248,18.89201630414978,21.61934115435626,16.570324131279158,15.55261682010909,18.85426172118364,19.734454425518724
2022-09-18,2022,38,18.99739830282204,19.535052070231323,17.133663941614376,18.453222274070697,20.172244531503,19.70287121094025,21.718582581500616,19.25510338027756,18.72004112292176,17.279481575647274,20.594013646773963,22.210933860100187,20.45226805366605,19.137748506166364,15.691445621976625,21.737549473861424,19.04178360658836
2022-09-25,2022,39,18.60682618203771,18.36194198777173,15.731600779183903,19.795549003850844,19.36048308484736,20.528937482158803,20.433737190402283,18.607040659916866,18.98867814928118,16.741860687933837,19.336117884813447,19.631093779664155,19.99961647655973,16.795818774182194,15.857586522011603,19.64716724500264,17.877953484373272
2022-10-02,2022,40,22.88247257708889,21.18258524144382,20.655615609836666,21.60562783905438,23.20240611451189,21.64286791434466,21.83176407105026,19.696204637304533,21.03138914500197,21.595052954048352,21.130401958118785,22.263690927921925,23.74641861050285,21.58847777363242,18.528960770166112,22.06135647917447,22.22385005938075
2022-10-09,2022,41,19.56799089340936,20.0089977117998,17.86656596074616,19.26327464268321,20.52367939091364,19.28077676397493,21.056884265154515,19.091470359703163,19.40050063721121,18.099465916744094,20.297355617176404,20.83485386249512,20.78489819456712,19.43185898773652,16.639818706158643,20.89481086133744,19.32426186006346
2022-10-16,2022,42,22.949105428452658,23.38363023404119,21.05914298940149,22.126865246466224,23.46761640101164,22.435430788165352,23.915835299922843,22.112699776191214,22.205940642235564,21.635536385333445,23.426403273545304,23.8440553608609,24.01085646456273,22.251221238269512,19.583277865680724,23.83455429898316,22.308591754610006
2022-10-23,2022,43,26.39292957546475,26.08738190990521,24.56322419167411,26.17988601468858,27.342590673688075,25.814140545662152,25.752631885317257,24.344616579328264,25.368098255239588,24.98074654170445,25.66471958077831,25.847042263678784,27.46310196511994,26.09660364942773,22.29091219211653,25.95713482910873,25.88053849315386
2022-10-30,2022,44,19.80668477631597,21.38294938327407,18.6303244741384,20.485273202969918,20.436918707621,20.346836028718887,22.92280372308225,20.126237955464944,20.404466260436,18.884034331657485,22.74153241822214,22.69040210934662,20.734234148010785,19.646288680426444,16.718225363334152,22.54889432418136,19.17255730577556
2022-11-06,2022,45,24.06879382336001,23.09080199036263,21.464787600837987,21.080436841363,25.405946487325107,21.509248020412684,23.770240288781707,21.24215899479854,20.869148770423784,22.292603892872386,24.3118807491286,23.60869021814146,25.57317967028231,22.600624187123792,18.72574459274428,24.035477994706067,23.76655830655779
2022-11-13,2022,46,25.65717916844588,26.988233127065303,24.087267446644876,26.284276303790865,26.25984175941134,26.05097956516261,27.30141434516573,25.15664928981236,25.29059871815422,24.464487003931445,28.05195778520592,27.562171218851503,26.69445131184052,25.69924226994093,22.32477786276203,27.58987885491955,24.79196011345341
2022-11-20,2022,47,27.105536967784435,26.381456786889768,25.28267497220924,24.71332528335708,27.44461521512927,25.687065853575483,25.393250356957797,23.421721314269227,23.455845310263435,26.01741219103269,26.270607196097764,25.38946118573294,27.98565199200251,24.872159304994344,22.74046938024754,25.620239940874733,26.235175595450595
2022-11-27,2022,48,27.477984174338086,25.25893511192631,24.44615902684913,24.977561760516394,28.70022877510348,25.293923322758623,25.09464336206197,23.470700313023155,23.88742988403529,25.66717949600133,25.126931083976448,25.385210327703675,29.0115100499746,24.25761367079293,22.59236089673797,25.191678019185822,26.825211625214852
2022-12-04,2022,49,30.45908880295133,30.21404393039533,29.05891779702431,27.577443054744176,30.316836640183613,27.8502731396885,28.074609306046284,27.078729602764177,26.65264523425914,29.57424681849099,29.808839885496997,28.48757457990209,31.251614625849783,29.30634116069762,26.92082828833264,29.132920677647903,29.25464020135268
2022-12-11,2022,50,27.6067618857326,27.20136979800552,25.5412287826335,26.294976047107152,28.5243814568622,27.01246416492045,27.664166703516123,25.331642305448455,25.403959050337164,26.50809290814051,27.88613909601649,27.073408445579343,28.837743492200104,26.194713283821116,23.92191276214864,27.492080837779785,26.6533963776663
2022-12-18,2022,51,25.62346376446069,22.873099767322987,21.98981056788799,23.18922438366073,27.670649369675345,23.750759598524567,23.652800351468187,21.75620638116613,22.34830348039093,23.4692203502419,23.37903483172,23.69311483593964,27.642971399668102,21.823736611967465,20.485316107227725,23.35765052914853,25.051202315204552
2022-12-25,2022,52,27.493218896932127,28.01551480181436,26.337244476379286,26.41635150284994,29.09732028980947,26.8949680647488,27.63302350391799,26.066329996678736,25.30258498593086,26.60933534581428,28.75239155756963,27.85355132480837,28.984913906995853,27.3728169440091,24.30910738598321,28.21832467991779,26.773935356551423
2023-01-01,2023,1,26.691475110931588,25.997728753445752,24.880624723730623,26.05092729415212,28.180865239073484,26.68160292233893,26.528812341717863,24.615986405409775,24.948889055830627,26.00521862922557,26.52837086136723,27.015542369647168,27.93594128192621,24.64847223306769,23.44706721180636,26.549185627827207,25.673789746677784
2023-01-08,2023,2,27.145865495600752,27.596960609655643,25.70867661744382,27.096136982951844,28.622507329696557,27.86953640597821,27.89535679275023,27.377968358621967,27.07838882812082,26.200782270613885,27.778490220107045,28.928054755588747,28.332702599897345,26.054594495054005,24.943087025970694,28.155573645216613,26.561373588531165
2023-01-15,2023,3,28.28074410093643,27.063074558274327,25.804934488108653,25.528735634826475,30.336937698940275,26.372838181111497,27.794449603244797,26.314437991055577,25.797467668462406,26.766635110595494,27.4320837128214,28.305135495579144,29.90151113156647,26.659818033385196,24.53196510318617,28.17645576462121,27.64645357080547
2023-01-22,2023,4,29.99301259152524,29.69526151197552,28.44698237695838,29.753681472369607,30.63886588242741,29.91179815805403,30.346957231749595,28.536545006888257,28.39988882247716,29.02063194892806,30.59309155352704,30.59252833805958,31.066736387009787,29.063607916701766,26.78294124754904,30.550624582398896,28.854844914613707
2023-01-29,2023,5,26.78822611657809,28.31795291758295,25.8079473957512,28.14067355791728,27.90480936447132,29.04063938145778,30.10590961445177,27.81429843060382,27.453303266178136,25.88141505281085,29.642664247983465,29.88859462738037,28.19978434146601,26.38167287013632,24.926492969032317,29.414961854072462,26.008708497584664
2023-02-05,2023,6,27.95554807901076,29.132596985871857,26.749826529434323,28.03060219969068,29.05033381085851,28.89343712903665,30.01624863071275,27.608485750470845,27.55841274784036,27.11074240913005,30.373695051515256,30.04933854897389,29.19722885330672,28.02417455929091,24.93069547654577,30.109726336604226,26.997932994462086
2023-02-12,2023,7,25.36499045775817,27.839573219640933,24.79234725305647,27.743371094976155,25.79064915287856,28.170091972694745,29.23514248261299,27.09049264288568,27.0029624110332,24.83025888543832,29.090313004002425,29.24084949236353,26.37417266911982,25.97969441551628,23.8677836371973,28.914786053263736,24.40129887897049
2023-02-19,2023,8,24.21169989204161,24.743778750332183,22.73640270030065,23.94282386842228,25.359300521635987,24.43056012795545,26.025703713775727,23.951829977654796,23.941084818830696,22.91183141272838,25.95131350595713,25.92558550770392,25.57267082612027,23.52604338544416,20.989300986997364,25.814888799260505,23.519071219102397
2023-02-26,2023,9,25.416494295864027,26.87297795118808,24.42981247195334,27.696312067054567,25.718347622852335,27.82855598714821,28.40238880902616,26.652484171483422,26.971334476060367,24.77345181262399,28.345476629414087,28.37511744846231,26.34531692556433,25.504823228045797,23.420297230275043,28.150649822854717,24.52391286294737
2023-03-05,2023,10,26.91202078516112,27.012317021010016,25.27404889662708,27.277038701942985,27.673581176294736,27.398516307619698,27.987329805557657,26.478488155216365,26.97955403822509,25.66896504572728,27.91713382836544,28.5529108587301,27.959757097899683,26.06041968118829,23.54250726674557,28.06968023445742,26.407770092596586
2023-03-12,2023,11,27.364096777779714,26.155738445233176,24.715396646704413,27.444673018796102,27.41475735374242,28.40195151124068,27.54311619416617,26.02306378550344,26.50637493954713,25.639496411730125,27.061759420287554,27.25424679912968,28.37967704529928,25.13649857237634,23.742313909289408,27.08867294401105,26.40872731041716
2023-03-19,2023,12,30.117733536846696,29.368314472597035,27.727389761274008,26.920954934188305,30.249328961997097,28.03650380531026,29.490166311013805,27.52495308814111,26.352590219381973,28.29190137067179,30.37596408959591,30.06919611496424,31.12671257814385,28.99600902130163,25.371757821156816,30.202653743049638,29.358466933679708
2023-03-26,2023,13,26.465886959237935,27.522654941087083,25.055333960024573,25.12724185557592,26.79508314407992,26.617344155428192,28.1165769148846,25.945674248237115,25.096569928171117,25.202335147407112,28.57826172634637,28.02207131398656,27.27069556114757,27.053706905423866,22.70439881665021,28.360293349174604,26.085158736236657
2023-04-02,2023,14,24.389086196781587,23.10114059519412,22.18590791773352,22.98093619942665,25.16269406982919,23.20699061635532,24.601205647860603,22.32489221944437,22.710494702109617,22.838461527808317,24.407913480486187,24.577148828223702,25.428036811268928,22.861108508938425,19.996917477403024,24.470505189988945,24.04554623863446
2023-04-09,2023,15,25.484689199479543,24.09470564368437,22.76106225989409,24.760580815020063,26.026707897002748,25.16264149949357,25.346972323715164,23.66614297594343,23.89032461498581,23.8530464773103,25.483309424594363,25.699707046673307,26.574144816306568,23.49598114849977,21.146561498786703,25.39079648967825,24.905545278379535
2023-04-16,2023,16,20.383315092501647,21.58318817081736,19.341195780509533,22.75930148505029,20.85051883440561,22.74944734634733,23.355787799935296,21.30750776216581,22.31671038812387,19.551965375048503,22.914997046334403,23.994215530847924,21.270304549154627,20.763086917139017,18.187225120551783,23.212674295832265,19.724151164052294
2023-04-23,2023,17,22.340210616358466,22.396018772491256,20.393571860407345,23.218965888023376,22.97521575515487,23.741692318419236,24.140180243,21.59980613609413,22.483767149266427,20.97663052519207,24.074912813525177,24.37891584843638,23.28925968413187,21.695320447914963,18.72244572208692,24.15418819345373,21.64630663555588
2023-04-30,2023,18,23.80200833304662,24.125914967136342,22.54351252037123,24.125832600252966,24.22619810182019,24.247127906082525,26.109670950441945,23.633100417496323,23.891240364418103,22.83154723185656,25.72722890449293,26.447297145092904,24.59566629623354,24.172940924085548,20.43518773172885,26.17892188428666,23.310795828981217
2023-05-07,2023,19,19.156813107248745,20.943880467526693,18.950126570098256,21.57867615847361,20.17503286343341,21.585658043968174,23.404937093529,20.244044989053304,21.044166839286078,18.818338074485688,23.21687984383984,23.480821439840728,20.164510229839777,20.70859656279201,16.528640256333542,23.34548764312804,19.144069982667496
2023-05-14,2023,20,22.935215349823352,20.95376065138306,21.489371986863038,23.08745935133525,23.52483993773104,23.985715843996022,23.655844496568506,21.8745117316308,22.53377800025119,22.223740475786546,22.64669703694133,23.798978713002167,23.66041735608605,21.038944161358117,20.61026303850292,23.282693650157952,22.645774275787435
2023-05-21,2023,21,22.969295501708984,22.078635372332677,20.576798883284106,22.44143903113547,23.45816685657515,23.89229097697725,24.1476600357812,22.252629897873124,22.284129745572983,21.73862271797,23.904481676440216,24.6387289746431,23.94000037388452,21.65525860478862,19.64901672079316,24.26680970611871,22.15059532438006
2023-05-28,2023,22,20.19663450616667,18.69150259652372,17.59980636840387,21.043279752844857,21.251640483593608,21.752990269753003,22.0724600577841,19.48129128196023,20.687734926750046,18.57157034278586,20.50162286304292,21.69535792163119,21.545187604013098,18.155818281411463,16.53674474494252,21.24181458348164,19.698445951199595
2023-06-04,2023,23,22.590723420662307,22.74822612001952,21.40018356174309,25.290983278126944,23.631198321158227,25.34124667733485,25.041333546096315,23.143591562246343,24.65451976417795,21.80275979379969,24.083299869685977,25.106537798344284,23.77149651869844,22.08725357734973,20.31225878610521,24.608441059836665,21.84686633775819
2023-06-11,2023,24,13.220113443745303,15.475519359238875,12.69879988177011,16.53960408341317,13.396962407957089,17.03352822852411,18.560067618901112,15.840505360194614,16.981244783345502,12.801030246962045,17.309766271516875,19.399977448815605,13.9422140489674,15.039137685162114,11.864664608126692,18.388822807491177,12.679697652068745
2023-06-18,2023,25,19.08748499920623,17.127091472845343,16.71689940429728,20.231829138029187,19.843602014593863,20.272574964790884,20.83800630041184,18.34541350327529,19.59242427885649,17.819756980419694,19.41626577005758,21.38481241673472,20.035681007451533,17.93586306539882,16.01686756641312,20.624985696751544,18.467965927406784
2023-06-25,2023,26,21.67156206963145,21.733459677523385,20.265766229265648,23.80840510129929,23.20893217915522,23.70856430907968,24.30500801798206,21.767776754800376,22.977583276782248,20.6222122898252,22.98515985992564,24.105597735093934,23.04141881198957,20.966196208496456,18.72979787147869,23.644655175405006,21.26951119584857
2023-07-02,2023,27,21.6472749525976,19.85768055204135,18.9782855212424,20.625689837194624,22.806118604432733,21.28861663086841,21.827736301255296,19.430849857578032,20.202791936243585,19.84376883909056,21.07339106307917,22.11237417462701,23.088175944840124,19.59142584021402,16.80795322409942,21.767531620779614,21.00491906561941
2023-07-09,2023,28,17.080922998209868,16.63678198989266,15.063741577337987,18.238394679058164,18.27171697623636,18.673276467979957,19.5138645227727,17.039198532104493,18.17115246013186,15.88373230493243,18.18250609228621,19.842538873461702,18.162741999828675,16.780886201741527,14.013312133471093,19.355762509683807,16.963793926804534
2023-07-16,2023,29,18.258831253689998,16.245111416143647,14.983589024700308,17.999316841363907,19.971888546410707,18.37723276943467,18.467244379026894,16.007632301627815,17.42670367981823,16.263582538834306,17.574325693634165,18.865014090370934,20.071894917248763,15.980212158773744,14.016346142855474,18.36687585938933,18.421586041823232
2023-07-23,2023,30,21.710378634576788,20.772550419703727,20.142026069001385,21.684234487158918,22.447399432353844,21.781282136492443,21.959037563891176,20.845012355160407,21.26622324027194,20.75761061605104,21.734634186385517,21.16012022501696,22.72723336937805,20.554555578952638,18.501992690422483,21.712701176010697,21.223222866212584
2023-07-30,2023,31,24.114958499235843,22.405267537529788,22.32732607309228,24.31370356537047,25.42301615355722,23.81511647728879,23.7836669666079,22.699593896246576,23.018520008094622,22.826249606429663,23.597501173473542,23.3026864085236,25.327459532321647,22.498942839754967,21.268029235466734,23.743784462169195,23.38186096052596
2023-08-06,2023,32,20.90464548039774,19.58297432409421,18.434398813171523,21.59864763560749,22.728793490824213,21.499476721234608,21.538693069369035,20.16557927713766,21.022222698084764,19.158583812155797,20.659994495276248,21.383040109413333,22.700024129801275,19.13534103366382,17.220585484069332,21.217128122856007,20.36110103226736
2023-08-13,2023,33,23.136547552572715,22.03868399042565,21.541490248059848,23.77853521988505,23.646620972080644,23.33002452776699,22.657197930027376,21.5107100246479,22.4369809762839,22.23465118901668,22.72959399863239,22.629234091612204,23.94012556481085,21.223960689277483,20.20333343561917,22.712049125925205,22.61264257610969
2023-08-20,2023,34,22.16432446463841,23.064502672854264,21.833918308725163,22.26661162858917,23.34594289750015,22.673300188327232,22.946902870089254,21.21255407903101,21.55582988612106,21.405450010460594,23.79135343625948,24.873369599931,23.216139589957752,23.04610079156584,19.40733106197779,24.220822645960016,21.61306378140925
2023-08-27,2023,35,20.46608333268528,19.28927543422561,18.40238598160968,21.11271009842555,21.689497996400146,21.0985350774522,20.17793217483832,18.591247205858107,19.79577918808521,19.168868073462367,20.30890508048978,19.65796372189997,21.70903691914091,18.771750394279984,16.904727285151253,20.12113562395428,20.2545364147248
2023-09-03,2023,36,22.60165013002766,20.9629531623458,19.937669500589585,20.818850759949,24.41104499540181,20.52670192350292,23.136538007864104,20.759544362154877,20.67985621823723,21.07904013149918,22.282038464897123,23.605703324320505,24.364294613650408,21.477159854872312,18.2049214598128,23.18752273141521,22.365248829849325
2023-09-10,2023,37,24.34650912094607,23.82248615659376,23.5147910795068,23.74854151975541,24.978463800459945,23.278561151472605,23.471925390705078,22.15254950089888,22.86241499085249,23.931288996482994,23.88467357850178,23.415116785671508,25.1085854754945,24.44553561676713,21.144650459978784,24.10672164289919,23.58384158283552
2023-09-17,2023,38,29.82092053426892,28.219938794687103,28.188079456576435,27.265979695887797,31.29875291955638,26.505103149315875,27.104150004706643,26.305220175408696,26.000577482458667,28.81857422312682,28.76158314659482,27.45648032185845,31.12159168398058,29.352651280568058,24.955086093499155,28.5946884043296,29.520951731185708
2023-09-24,2023,39,26.031817191969623,21.805443797284354,22.222966384549217,20.49033352377869,28.307941353471083,20.54265187237714,22.682674825017724,20.2494454153482,20.29512257865264,23.74513879750255,22.604970855217477,23.469999809470785,27.99113041277558,22.499205238695524,19.237053660363127,23.212793331556824,26.411986158864515
2023-10-01,2023,40,23.1696131790927,20.57978779115657,21.979138365020347,20.41288361946742,24.42099497672984,21.05607558585502,20.44369889973899,18.92991305314101,20.085240100927788,22.564970149500432,20.415171429192352,20.51081251005599,24.430289958894942,22.60371432438357,19.508311985717054,21.05114957357806,23.65584608422457
2023-10-08,2023,41,21.698768210687238,19.63003858269405,19.256207056138614,19.440350726246837,23.109197461984497,19.552837553478422,21.26171569156925,18.803336782579294,19.32646398768266,20.31440248532289,21.061956138115427,21.24344199301419,23.24045096585189,20.334271680803983,16.655548864317296,21.344041561193897,21.847773066749472
2023-10-15,2023,42,23.2404693446411,19.330403588728103,19.994837526526197,20.520161498160583,25.819618781348847,21.040677192128307,21.39464585218068,19.05944743466068,20.1692798235645,21.45247722074339,20.42236960027125,21.42705004170256,25.29081899134809,19.87976411533393,17.10216276595691,21.08530497131049,23.61412169155728
2023-10-22,2023,43,24.754893348330548,23.11967038752428,23.235047691991717,24.30025585492452,25.183875604173505,24.90283078668661,22.90080454745724,22.06911322160201,23.14477281047873,23.67775302957764,23.01427680671989,23.189035055772315,25.89133137625617,23.76122948828072,21.71220422715803,23.54470809891732,24.13661921506301
2023-10-29,2023,44,23.194290514618277,22.787912942199057,21.477229189851585,23.096863238584422,24.15552521034314,22.937059495746706,24.53768064537827,22.614911111113315,22.903535018928363,22.27144274910067,24.35105630288393,24.86999040793858,24.416173765558074,22.344753977145704,19.748819097327317,24.589344674127204,22.23792285739251
2023-11-05,2023,45,29.40654881304296,26.31843951922744,27.146356958357128,27.241574037642703,30.370038860555407,27.00186260817441,25.21292737621608,24.54903917486017,25.56089461712921,28.169319230069995,25.97321951234495,26.03048305305831,30.69924241327411,27.38935309131956,24.623488215072214,26.296474830045163,28.713618313205853
2023-11-12,2023,46,26.044384105785472,25.30611749803588,24.667511529592467,23.848045269648235,28.771073178306143,23.748170651370803,26.35143515806504,24.28752137320382,24.071772991561144,24.68716135550672,26.35821799901657,28.128255823551807,28.3117849596679,27.64830546045096,21.34672094270196,27.75865923588523,26.63879523187313
2023-11-19,2023,47,26.539790925525484,25.6623754033656,24.605425617180785,25.6412504187652,27.43051149155104,26.0554311008527,26.14475840243237,25.12116147722517,25.600883719039288,25.50070873342027,25.890501915737666,24.808715509275867,27.77786816593303,24.073835787303278,23.59142760568801,25.34708834534289,25.60569558567757
2023-11-26,2023,48,27.89419790830085,28.169607154341904,26.76677565671959,26.37205027682441,28.41167095588103,26.85883235808659,27.262696680452667,25.60153225688191,25.75316682953657,27.26666262769324,28.15000383946803,26.34698901472066,28.931508808062347,27.65182756651141,25.260021098290142,27.555483155521163,26.6167992722956
2023-12-03,2023,49,26.028855607316306,26.478769131560824,24.862911118589462,24.71546369223368,27.198054756260557,24.94985274335746,27.119673559338985,25.26867301742752,24.68141482067668,25.123673847207066,27.27488636495747,27.419111550014936,27.307646204605987,26.443458112558925,22.65496429929501,27.436490389232297,25.803851644305208
2023-12-10,2023,50,29.30092406303573,28.757935350129344,28.24999914617801,28.410701206752226,29.99790546295821,28.036633723490944,27.3612896610627,26.40346254125818,26.446181017358708,28.65656234603899,28.43223120454069,27.126485192229485,30.364395134237284,28.6677929523862,26.16187988181081,27.86470753246091,28.353045742466765
2023-12-17,2023,51,29.51920818638157,30.08784519431434,28.38258300466461,30.25671588239216,30.54873079233572,29.68572254009075,29.37786883028881,28.74673085101239,28.15603800995709,28.6581587979174,30.55837023516238,29.647031858603587,30.95617895605021,29.22300875172768,27.209800151364544,29.88356269642332,28.74832791202473
2023-12-24,2023,52,26.550307721858477,29.39277196693014,26.931250836220908,26.70480256279309,27.619143623673946,27.11280662949021,30.046171533123044,27.53769086367124,26.163574478164342,26.497601723644134,30.63394662435953,29.81023750665053,27.83862099408183,29.015659379827017,24.46444696129101,30.29764294111099,25.91376185224384
2023-12-31,2024,1,27.1321354746972,26.279916759238823,25.185891373134236,24.580490611848376,29.05130245595575,25.265460950834257,26.353553632953076,24.047609714656684,24.233019084146576,25.611451793709275,26.59567048043916,26.45573924493918,28.83470908831445,26.439963184895607,22.81239960090823,26.609052572231704,26.558495661640425
2024-01-07,2024,2,30.4234425803716,30.753587283559444,29.39176235859015,29.20738428121521,31.29266277513708,28.90041371447393,29.91832427311222,28.8440129366788,28.42085500332708,29.443940835272635,31.008638986364588,29.95980367120707,31.612898011005065,30.29883597705692,27.41984080831794,30.37482852525207,30.155654623180705
2024-01-14,2024,3,28.22732851035807,29.537334718683887,27.12911520368141,28.9612220951489,29.49077635143176,28.73319287588544,30.620023466060186,28.71871938532049,28.388745166084306,27.049404086358635,30.92015779833773,30.79007651285341,29.732640461571894,29.056726411156,25.89489129111728,30.917386721258293,27.686782139009537
2024-01-21,2024,4,23.41597161360536,22.693435964808025,21.02417212878061,21.831839355684465,25.77820548615925,22.94858744705966,24.46760820994919,22.022293099737787,22.29350360918885,21.47149994831922,24.017441520856057,23.82138076175577,25.391873981961872,21.497416086804503,19.28947260247113,23.815022638399302,23.524328726642537
2024-01-28,2024,5,29.105254744010544,28.988565716407955,27.088429651539627,27.290478731904717,30.308584885276044,27.906862926605893,28.668164673073992,27.278055622051287,26.917121355314308,27.26629853972702,29.60294453344304,27.85979128783604,30.46166559720132,27.98048328645719,25.18548813500309,28.789755923873987,28.541221798590893
2024-02-04,2024,6,31.413497848707124,31.267054503914647,29.54211669996341,30.144149289244695,31.849601000172395,30.627754353801866,31.140854504643656,29.878268956766497,29.30926755356462,29.79553831977973,31.945163051390548,30.73091743448673,32.66654741073668,30.49996975490025,28.13069413041988,31.38425857633528,30.621194267530008
2024-02-11,2024,7,26.61334935977499,26.38106269775423,24.73505598692737,27.082215120395023,28.128830621014867,26.886745757271115,28.99410910092012,26.69495145723417,26.277501597096546,25.08490016302188,28.198294445549774,28.629474100076926,28.15369099171465,25.523067633625445,22.98877643441844,28.43807688897837,26.76514297289989
2024-02-18,2024,8,27.97475776525077,28.7298880894301,26.351783296336297,28.24856832481566,28.633304747010406,28.748799867765012,29.276446272958477,27.84159211691324,27.65695264334781,26.678898148381133,29.201440302530923,28.09917744022174,29.16850217428908,26.799676586433414,25.676260497190384,28.68932107749984,27.19382926395961
2024-02-25,2024,9,28.668965694373487,28.30901593389287,26.500206435371947,27.17961448998678,29.93144293840862,28.11097932813097,29.32802034049965,26.70414223113617,26.594088410677973,27.041693381705358,29.286857598374937,29.012057918743945,29.897176678116256,27.577776810374715,24.78308150544852,29.10880684899257,28.745345320020405
2024-03-03,2024,10,26.46295840338237,25.472645174974065,24.85450591380975,25.495321038223448,27.241221116614465,26.17249378857312,26.714132881720627,24.106510043453863,24.64291539910721,25.17248816323897,26.25860128691702,27.0231417992687,27.693330562252797,25.846395246492907,22.40869931019062,26.738960546056823,26.519652461748564
2024-03-10,2024,11,30.776304193445156,31.010380520241096,29.630958515664805,30.00956541015988,31.50233714585829,29.87995802144133,30.491402840127755,29.405464745063284,28.52967591668295,29.70291644891282,31.63974106693681,29.963165311479184,31.946865175681683,30.686930222807547,28.06798760927145,30.920994655959998,30.586527316718087
2024-03-17,2024,12,26.07430677524405,27.54172774215243,25.062997894151717,27.047739632072904,27.475650438637672,27.45651452298944,29.36458579861388,26.426614574085583,26.18228893690613,25.11695535486005,29.13629604025837,29.83174225069442,27.416232473601703,27.13027829410627,23.685061449718543,29.461872750299086,25.719607120575603
2024-03-24,2024,13,27.310754525615444,27.05082022864173,25.26157000303903,26.69688050803684,28.95872574925511,27.695087666063547,27.849899358721583,25.33600721384024,25.56906632947828,25.46630952275108,28.13298440908457,27.325356277815416,28.99077665483629,26.451653614504608,23.38523487182044,27.77448959873147,26.78346779275776
2024-03-31,2024,14,29.2692066938874,28.25297461796417,27.084133030570708,26.77338894775936,30.24828984523861,27.31648719817055,29.085847026057564,26.747880266858385,26.393739250541437,27.706859329017664,29.306316251878613,28.298364739533703,30.690100905517816,28.242807740036756,24.88462910713043,29.00921095607332,28.335337403649586
2024-04-07,2024,15,25.61872454806491,24.29629327798449,23.102517596788925,24.25827284653981,26.721179674149973,24.724459718092987,26.297608839874712,24.17564624538669,24.191927163334974,23.81122433777199,25.84972740107285,25.88381266015559,26.844967910221644,23.91159336360302,21.68486373587075,25.91223104219381,24.95874727896924
2024-04-14,2024,16,22.75926031016935,22.994656153070903,21.16375002569082,24.80158425228936,23.56666585694941,25.17073488419581,25.6749682301335,23.635169024777102,24.10216408653035,21.57523824071723,24.86683510949601,25.561694800693065,23.922097436249487,22.77804635172075,19.99982026513012,25.19892299151934,21.945373583996712
2024-04-21,2024,17,25.634667692344006,25.289863965658743,24.67466129871629,25.81925260169165,25.51947630113536,26.27742528485822,26.72123821692286,24.98595327798422,25.014889224401426,24.98030558265369,26.76903775202764,26.187473934615717,26.236067744295564,25.59908210820816,22.556926782204137,26.61271903752814,24.693135643262423
2024-04-28,2024,18,24.963557769893217,24.973098070636738,24.47858582203009,22.05724286465418,26.408831979679583,22.171712261676177,26.0999174145846,23.5756768858278,22.667632845749832,24.331822484362917,26.033215563225024,27.377307963821124,26.32975518841541,26.456070318399416,21.163203891229408,26.99279601886548,24.795745186407288
2024-05-05,2024,19,26.324451861387665,27.12956623227866,25.91083264456667,26.412326262110756,26.85141269901256,26.397569000951112,27.36819944020263,25.812486829881543,25.420477329634878,25.776220331310014,27.965955803611063,27.483058006615654,27.283186837052742,27.824798561340742,23.22496317691385,27.843597456900337,25.68639489197024
2024-05-12,2024,20,18.880539584804225,19.969375588492287,18.98176245236672,17.426190035683767,19.25150772450501,17.795942685778996,21.51649737010544,19.00201049160648,18.033204985691377,18.807182099070943,21.44067862374442,22.659875571567092,19.580812392547784,21.496732245333167,16.3301641514318,22.256673081280432,19.339087553101407
2024-05-19,2024,21,19.60884274294938,19.73485364791935,18.866136915618167,21.443337527059374,19.840291329616093,21.38008842934666,22.107193727187447,20.43685419107412,20.558118875245995,19.29337627091209,21.43935428635898,22.411030350348376,20.20504489092293,20.250515269440623,17.292358545819354,22.113956548463108,19.59578880209807
2024-05-26,2024,22,15.347978463044038,16.636753487942823,14.591150752188572,18.092255749872752,16.211950556248933,18.07036916322843,20.066986845811677,18.031286350101617,17.88594234153016,14.848103858756804,18.988521666753854,20.197543401281145,16.364039026172005,15.860935160988252,13.966256871564624,19.367262149743603,15.108598224878952
2024-06-02,2024,23,23.61113062972728,21.18593568181687,20.770957845655712,22.792346136910577,24.507160507247324,22.663293271451384,22.774905352133704,21.282678891962224,21.604160326567648,21.69914667303302,22.42133251536976,22.4228229162828,24.92101441387044,20.894363794300364,19.168233155687297,22.602076341961222,22.92750575921606
2024-06-09,2024,24,25.341554560716546,25.579252328445666,24.23926899934513,26.63361365454537,26.234554734078277,26.56590713589348,25.40521677868012,25.027186494307085,25.331310033331647,24.537848243026826,26.17104102956268,24.6952412546163,26.528649771995983,25.22769144282399,22.5049754114962,25.593166485691263,24.450570235033886
2024-06-16,2024,25,21.47084849344104,21.677036522293903,20.023098289807923,21.1546260373933,22.162600853988454,21.4678958833908,23.89341076330958,21.765503896242613,21.12752085795841,20.567239788707653,23.69664892221426,23.71109422390673,22.73120134861773,22.17346302586485,17.82524830931441,23.99395739635609,20.98260555177365
2024-06-23,2024,26,17.12272803725116,19.31472596685007,17.05209491183087,18.975647670882086,17.845888316410726,18.795577910876187,21.878445847736504,19.537478813567724,19.269318044069,16.70314383640869,20.84399226630405,21.254308012939205,18.10130371550336,19.522629045713643,14.473380989753837,21.331883256915965,17.078123538641915
2024-06-30,2024,27,19.242718112361324,19.50262523510817,19.125606937966943,17.07890527163233,19.69809266393225,16.869684613349353,19.844464107435577,17.79213043906472,17.11648031690116,19.120661319307857,19.991639896079057,19.52426567231869,20.00929900393983,20.47931312731617,16.069823790159436,20.181741833920118,19.02983458665503
2024-07-07,2024,28,10.636922577326516,13.21532732693117,10.777019204771824,12.900932621388208,10.233876216332176,12.911203442086276,15.303827191233289,13.401819529347604,13.145647194520834,10.693411350250244,14.452119954427085,14.980792679234016,10.999724099995086,12.1699699542246,10.108061918779272,14.728036503502532,10.79644289652935
2024-07-14,2024,29,19.15720654884053,18.258883529126265,17.112552262029507,18.935069062880107,19.2914253830645,19.044419154850825,19.47626402774288,17.667927864371954,17.931653517333025,17.872370167980044,19.01462969841895,18.210475966615498,20.10895053116051,17.624509772152404,16.09407217340049,18.999387586186774,18.599737771437816
2024-07-21,2024,30,23.564297586487683,23.57522080041198,22.46581137233216,23.78704103543645,24.217733819426478,23.409869050427293,23.68440254923206,22.55480498177665,22.19663633992294,22.76129431880097,24.16828317022943,22.223595758011403,24.53416478771961,23.038695050455807,21.369882276218444,23.6205775490479,22.76476062790082
2024-07-28,2024,31,21.222215213063752,19.503142840318333,17.830480001410656,21.48614218972978,21.82782499989609,22.1388619311221,20.55699020919577,18.862753222081565,19.95386381111966,18.96780706497896,20.368317343146256,19.64175432518808,22.42120370809636,18.915888518366263,17.489187779813694,20.37866203099081,20.27253225550176
2024-08-04,2024,32,18.869500539477727,21.448127959074498,19.54088205220748,20.45724046939895,19.212601168962166,20.126435808846995,21.530273865680304,20.19821820197168,19.98532338618299,18.98361548154507,22.302991647431345,20.310244728612773,19.750265174850995,21.439092908209386,17.75331460387125,21.719105588013413,18.490096807479866
2024-08-11,2024,33,20.96605634873438,21.681931432122106,21.18206207796653,20.967012406814668,21.76010024538753,20.55628944578625,20.742086808118454,20.128330249043252,20.03192859619797,20.976395653122857,21.74464095887684,19.99703653417829,22.02794236934323,21.999857259070303,19.175518892265693,21.175955736940384,20.736192979581272
2024-08-18,2024,34,24.38242702042274,23.578382677106717,22.818717364621776,22.151855538288757,24.79744336589189,22.706137631390547,22.127392212781544,21.28237317023339,21.224563062074363,23.37600601269236,23.02618016412248,22.08354967687972,25.423586387892023,24.38137119430584,21.03010313460925,23.031590898442875,23.77608744474756
2024-08-25,2024,35,21.3639054599109,19.40513526859568,19.44949107415505,20.164276862428306,21.78632102234993,20.668604370863434,20.35063829783448,18.54351942483481,19.087544237797506,20.21006671113828,20.21397587499577,19.85185124739161,22.502826943820967,20.2653140806614,17.50296578135039,20.45035437081891,20.82989596195941
2024-09-01,2024,36,24.76329644275601,22.87533286283773,23.6729508542126,21.35127305984497,24.89904156338277,22.26305748167492,21.7861322508609,21.209125473220627,20.711830070107418,23.808143185013726,22.69331690552947,21.03148173000613,25.781329727541063,25.19825324778223,20.69325357665501,22.53440082423141,24.73632388294868
2024-09-08,2024,37,28.35248787584145,28.174905429262594,27.91175793882166,25.57257927741323,28.44991125873421,26.823654614206752,25.59049060254333,25.491440938974357,24.30910013053282,27.916090365604013,27.188512906161225,25.032334839237343,29.28350715931778,29.37506633980453,25.249592988297497,26.70292037993728,27.81108084778901
2024-09-15,2024,38,22.263575019983712,19.60104732421924,18.509475296751628,21.158413648605347,23.729720181310554,22.687061566336883,20.95972847451969,18.88711820478563,19.87157791421372,19.903152446510823,20.38850670356255,20.510158974526707,23.9659953706513,18.91904873049773,17.405933776438246,20.50209969597087,21.945537837046498
2024-09-22,2024,39,28.355874651954288,25.39327516433781,26.35349344762956,24.3749747517563,28.87180774499539,24.82647710724073,24.31901942884261,24.048615095460573,23.72251371208236,27.2812638577782,25.484582991827104,23.90567200395939,29.528183471282016,27.289086810958494,23.5482155559322,25.396235814999688,28.017379844285088
2024-09-29,2024,40,27.29955786627692,23.768966484171496,24.1150376392659,23.663770679916656,28.57519325126461,24.334936684469763,23.617645986573688,21.972817070700906,22.550600048147302,25.466132590419395,23.97362706403195,23.447305785999145,28.94320761927306,24.33091545255938,21.682402367937627,24.0493590043249,27.32425695995115
2024-10-06,2024,41,21.744282399672183,21.952143743348277,20.35668025824912,21.417051083984827,23.04433695851742,22.053491610817925,22.89725383169102,20.798650644475764,20.867322996404543,20.677334142348094,22.953960327049355,23.039410066733144,22.939188406734395,21.602726768022663,18.718024157581773,23.027098351495376,22.00831879309888
2024-10-13,2024,42,25.2431870120526,23.636248598729114,22.474464840876283,23.93338152482396,26.1742024029916,24.685180389129364,23.99785153024746,22.127822955243,22.998102727468236,23.217678486295167,24.587684236666856,23.750187981803464,26.65709347706504,23.67119110493873,21.025977327920707,24.304233207627984,24.88999158545646
2024-10-20,2024,43,26.84860376777796,27.06962264372088,24.816019246085304,27.480248110634943,27.665738722026838,27.976234895075304,27.6765159851608,25.57394716535296,25.697332348608924,25.11491605589173,27.985042033670265,27.797510679198723,28.30479447537868,26.108170456125844,23.507829546669942,27.784097406495576,25.81458771132394
2024-10-27,2024,44,28.581315986898417,25.25789650365996,24.590811851284837,24.22905741561027,29.136963532996297,26.4341821560068,25.12790107170972,22.93130672950249,23.3741255767658,25.89282837815172,25.14595602621764,24.66762660712888,29.96735484259469,24.66544636559194,22.31945996800264,24.929651488063385,27.603637041107344
2024-11-03,2024,45,26.13275483031991,24.62073625125356,23.237471527194383,24.54679076160704,27.149159231687108,25.989698503315065,25.23706511783877,22.43237365574032,23.574354124162525,24.000060232739614,25.192355115485917,24.75504105817275,27.60148168806864,23.82714096812047,21.73690957478574,25.10899880440968,25.44613774960253
2024-11-10,2024,46,26.484428145557143,24.860195864492383,23.99869731557824,25.450226291304546,27.657249884107745,25.61457627098839,25.17142383141698,23.79479424811029,25.001811428779256,24.653575426279765,25.22493652740082,24.629354667149464,27.868691608252213,24.64692185224164,22.126600375780853,25.172000758102037,25.823096167366455
2024-11-17,2024,47,26.68018602741885,23.568146619207063,23.259130246890997,22.53435895840327,28.186166554358515,23.68639176048367,24.426473395122382,22.13550816771272,22.500134190001365,24.43432995975353,23.953614572632365,25.60490271473188,28.4575348489533,24.125941298816528,20.8042523331942,25.03439973431791,26.359237280174725
2024-11-24,2024,48,28.17331102241113,27.29706280978758,26.36632466168137,26.687662539027983,28.85133296873374,27.43740491241102,26.973396151128384,25.50370495387486,26.40521268415357,26.974247019524245,27.540745607186192,27.61999211478426,29.360435205997184,27.04878427032241,24.4865763178793,27.646948618431612,27.331677026825773
2024-12-01,2024,49,25.85098833896632,24.373706655970004,23.62164834334772,25.64321769135339,26.289842824420603,26.370601936350152,25.584560900318383,23.82746348096179,24.90694381019607,24.51081993609365,25.14555956522624,25.970475214832238,26.86983737982378,23.9822588517914,22.270870673286,25.459676160271155,24.671733942314617
2024-12-08,2024,50,24.18731219857509,23.69050486408063,22.30811556737404,22.946970210188912,25.040562017682216,23.143694414902225,24.71055448993649,22.546510702851528,22.635860122113318,22.95589404165141,24.576275969996598,23.90784707544949,25.464650931045355,22.42630533007798,20.732432115454184,24.138920076672576,23.445204373639868
2024-12-15,2024,51,25.935261023090614,27.52460931765753,25.35717784099697,26.98514441081456,26.650203589065967,26.032258854869703,28.46078614104246,26.171062639905266,26.918410685664288,24.939286186939157,27.70250715941061,28.191137046505496,27.132189047382607,26.649724553496554,23.500459500089725,27.91363573540913,25.235876702876748
2024-12-22,2024,52,25.76934545902365,25.688762763415827,24.60287432514045,25.01662098793756,27.01535850485372,24.640726192577464,25.599804219282053,23.7368787671374,24.8689408423616,24.439995497498657,25.32519438277075,25.751863091461104,27.14799584753265,25.435715680260127,22.659885565707896,25.614591923245246,25.22237260386629
