Semana,ALTO URUGUAI CATARINENSE,ALTO VALE DO ITAJAÍ,ALTO VALE DO RIO DO PEIXE,CARBONÍFERA,EXTREMO OESTE,EXTREMO SUL CATARINENSE,FOZ DO RIO ITAJAÍ,GRANDE FLORIANÓPOLIS,LAGUNA,MEIO OESTE,MÉDIO VALE DO ITAJAÍ,NORDESTE,OESTE,PLANALTO NORTE,SERRA CATARINENSE,VALE DO ITAPOCU,XANXERÊ
2014-01-05,22.330225771458448,22.28638965590422,20.528332593489665,24.65695567925771,23.062480199434063,23.4478722379628,25.1000512904398,24.00015470529532,24.30533549650308,21.10589936667272,24.12778608148748,25.36383891298444,23.484863931147743,21.139137708107665,20.153421564407736,24.581026805123702,21.522681913607205
2014-01-12,21.10959744545484,21.5138787572572,19.768104136043032,23.07788661973817,21.72439503475616,22.51059873868139,24.768867581648315,23.456028125317065,23.5894359749124,20.21993714322926,23.431616551122623,24.760298487311104,22.29536931210963,20.38804903396468,19.205057354841827,23.908954743536484,20.27658550694304
2014-01-19,24.416975473038168,24.36652040684909,22.39054861974166,26.07637244179136,25.42303455784796,25.35403713142857,27.25590736455889,25.785963373555763,25.4791430083273,23.05223447050904,26.16140826501888,26.991292395681704,26.000244860483413,22.714638816069648,22.19177630733967,26.39575596938161,23.63362928734957
2014-01-26,24.2433068338048,24.97199985670891,22.54796413922585,26.193061604386287,24.447937164193693,25.124634959983087,27.665913985004924,26.067044959130225,25.73228463921296,22.87834686262133,27.114707000534256,27.24591929957552,25.47828910893915,23.29584296512943,22.50409511978785,26.938806425568643,23.593562982153056
2014-02-02,25.64530622268736,26.177355644291143,23.597163838417845,28.15025410765693,26.84936454259052,26.968332032899603,28.718689203957425,27.46543617248535,27.0549901226962,24.007876085081847,28.246028597943194,28.65665715466934,27.26400425259211,24.21783360917908,23.90457014462024,28.187311732372425,25.247180832042847
2014-02-09,22.87441446360781,23.43455416205596,21.102317985223262,24.941174324069703,24.059305570815603,24.171631733269614,27.091636518695264,25.53049665079488,25.061187606035148,21.48377370137063,25.776176277590004,26.35338558598028,24.539967739443984,22.018463066834727,20.79864943547296,26.02675388283925,22.37625118857124
2014-02-16,21.14905505137401,20.77425619584919,18.942232846155985,22.561787066005525,22.64831719303201,21.59692191218471,24.841454781179177,23.038887016989968,22.91384125689005,19.450483440146,22.895477521161496,23.967318676231365,22.957018412218133,19.32372137318028,18.05857283073688,23.54008867969252,20.72901654307733
2014-02-23,20.597855876004527,21.87014731466135,19.44928593242073,22.94077679372969,21.54286022595703,21.831747289483303,25.29115517841484,23.460852256873988,23.134848725305844,19.586450318785968,23.918177323114303,25.041098558677817,21.892825736042152,20.5871897019272,18.78232246317136,24.467204349614867,20.02834529825298
2014-03-02,20.00263401655003,20.724471011904004,18.58919214165729,21.62004068493843,21.35938476827919,20.93982676649646,24.473565454733265,22.468214850487648,22.36299483603461,18.79239152065144,22.838796027707847,23.96971060709169,21.63990152572573,19.738622978642184,17.514393306990414,23.55823464962834,19.88184952671637
2014-03-09,20.720048077164773,21.273774398161148,19.145619486323906,22.432206918795902,21.803032655525342,21.65018594464433,24.779854766133923,22.9304895044302,22.91233609007296,19.489763770516465,23.293914436571526,24.264622821962096,22.077265299425164,20.265134224931288,18.423896325005018,23.95098905320737,20.376070671647064
2014-03-16,20.370615005493164,21.901204253564764,19.43898810764912,22.69658841831344,21.296948097618664,22.041150625761563,25.21997845485676,23.385762922609004,23.35702981407628,19.514528196761795,23.84572764805385,25.19071931916105,21.50288239961425,20.81400161625417,18.759646789506668,24.57849200224457,19.95093874789955
2014-03-23,19.02794541171159,19.18584986790412,16.900951658822628,20.63232682574363,20.49479138101144,19.82330347672392,23.220197355086874,21.36287217672769,21.425306061709232,17.4466663286576,21.59414799347584,22.66834142073145,20.49858456044584,18.26481536182906,16.037089796762412,22.32888023540698,18.90493458943226
2014-03-30,20.73032920915955,21.05769639025365,18.83536588860066,22.79241527829852,21.787071435562687,21.8794196238082,24.858463370765264,23.07936525914576,23.19640281848945,19.293671629426186,23.2283773859858,23.907054597798066,22.17009143387489,19.87284880359984,18.09977636380932,23.710200576632925,20.20098503066524
2014-04-06,21.54886892556837,21.158996357338264,19.440997162643743,22.911516750142685,22.54495230645802,22.164155613961825,24.34296415568093,22.836940230332416,23.130936633817367,20.21547031295313,22.96123560950869,23.46319411964108,22.824912417349207,20.110851056876747,18.742237072684794,23.34300187889144,21.125732385887293
2014-04-13,16.70580696537995,17.922926042125678,15.484327210508413,19.167472170931955,17.339192551387672,18.25422853668684,22.346259342338183,20.092832583142563,19.836528991766404,15.739357074548744,20.53377575729833,21.39388160371395,17.704328897837048,17.116895739061352,14.6859468619986,21.19810179021727,16.395724379470085
2014-04-20,17.111831344692863,18.077202806594784,16.064220819837132,18.35467097730864,18.452989287415225,17.31884241901923,21.41006244514844,19.422670015112143,19.24750442560872,16.344593887522194,19.864977219816925,20.81282908704403,18.43593509224851,17.14731584729344,14.594356944893564,20.48614473585513,17.179565244607847
2014-04-27,15.546173616112275,15.72844874121741,13.553332820019047,17.675373320068633,17.575949518527036,16.934298554595987,19.76635921800797,18.31778668738031,18.57389416200074,14.088895678117922,18.040146182832267,19.21313129024043,17.485765651386217,14.990888054020846,12.87825425519509,18.92464546308125,15.8956053231283
2014-05-04,17.317596110291156,17.386711527289613,15.35870448318116,19.016702697390603,19.08443447962944,18.576185524693788,21.862779378195896,19.899497059413367,19.586823036992623,16.050610384603182,19.891205698483947,21.156973761689635,19.09754866246551,16.463180004205917,15.044396714743751,20.70379167806845,17.487112838302984
2014-05-11,16.04601729330409,16.08780136393077,14.02003040246024,17.51133650683221,18.111153800252808,16.793801999920582,20.1935840028368,18.57988188310103,18.56198952389323,14.696361189886206,18.48222004531266,19.643312315413898,17.787401047452537,15.383701672420042,13.214850654317168,19.399486625731104,16.322707126725394
2014-05-18,14.75405807814236,15.73999472670972,13.333003475905098,16.42496579672609,16.229712724862143,15.442773434186073,20.286878546889948,18.10324736805705,17.43193033670026,13.57540836833057,18.379705815501023,19.450427572039583,16.30523325577666,14.773142802182235,12.620304813329872,19.11419710021196,15.12164595184943
2014-05-25,11.280705174577436,12.77938896201567,10.323521741851836,13.75066729812395,11.98673508627868,13.00779102698563,17.102069971512773,15.126031476801092,14.86583514316208,10.502348043787196,15.541775928018414,16.650446439367744,12.16962010335738,11.744302656417505,9.7818027902758,16.100847596991553,11.045986597750066
2014-06-01,13.46934577028724,12.239472900626502,11.36628915085238,14.352561136086782,14.9096726587664,14.45169026449687,16.663363420580986,15.117447942758536,15.474447465922736,12.14411567354363,14.589790625799267,15.96799148703521,15.112731719109084,11.75210914396702,10.681353076341152,15.533567777585144,13.448227496802646
2014-06-08,15.79978509605928,16.128027720237846,14.270417862903152,16.630404476608547,16.847022725775187,16.216093625494565,19.71327262856175,17.46264283861433,17.40028445268097,14.69151542908161,18.173356156122114,19.32288310984074,17.02430720494981,15.793138072289729,13.215960665743944,19.104391439553574,15.623228681055364
2014-06-15,13.435731746668672,14.103964764172078,11.88193024844328,13.731174996211417,15.423763742453955,13.451268804886473,17.606766800838724,15.267743728934944,14.753010775944958,12.148485974600398,15.966559671839594,16.90625568348764,15.126937044173133,13.186047195114542,10.700469508569691,16.627594471910932,13.857933070781735
2014-06-22,14.865324418056884,15.1217722181064,13.212192853997,16.33907218632244,16.861296373504253,16.169345140150305,18.998820221458857,17.092281517920558,17.303841415450066,13.58324870752135,17.428292628696987,18.788906763184748,16.506835243416567,14.656438219910513,12.520904588802724,18.490747670138184,15.181678344618597
2014-06-29,14.41389307184109,14.424593219624908,12.49443544406434,17.043763011693954,15.270347203085988,16.64838527866005,18.242875413366377,16.874127589139075,17.47901073220658,13.249297992719171,16.54320693077979,17.161928139606896,15.416199505559268,13.245424707085894,12.334635873554245,17.10138195881405,13.85237190022944
2014-07-06,13.931718691282136,14.529874425961266,12.483492674823346,15.311857318594342,15.59755798836799,14.818051863514471,17.81848746207991,15.935829306763488,16.039170760697814,12.884881066793266,16.225399719997917,16.583555175287703,15.34941915379528,13.669049001843929,11.638860680918556,16.70425192950523,13.965578449382935
2014-07-13,14.352764318041512,14.363833341262996,11.963963371943665,15.562792013088862,15.8614005495406,15.512523219698952,18.44616647225428,16.59746050227772,16.42340359109255,12.610036472099573,16.615685133500534,17.464713687845318,15.956732503235568,13.008742251318816,11.28127850339775,17.234129827316494,13.997144644793796
2014-07-20,12.149448511990188,11.659485861182468,10.11160059702957,14.059342028129668,12.987386994323051,13.512035878008396,16.37256122678084,14.776528894994165,15.036290834561251,10.923444417786142,14.393131739959056,15.180868806864694,13.138551791662415,10.992994548305486,9.697356052554907,15.031213506560505,11.88680116410525
2014-07-27,14.052517857177223,13.57578306233705,11.909619577182744,15.458511375245594,15.640046749355,14.91529160024577,17.46920538643706,15.636688867544198,15.986762718678454,12.664423892414876,15.74195029436252,16.62270942981031,15.506702720428525,13.107820261406909,11.136472311918205,16.41102705169797,14.010748425262635
2014-08-03,16.39468157828391,14.34366163058576,13.356228111905128,16.0663895287684,18.86074076750647,15.784867759837146,17.292539146134178,15.846736874023042,16.649245431045262,14.624253056314853,15.96530703342322,17.305387653751833,18.004225055223266,14.20741914825379,12.397702538746003,16.818493212272507,16.961252431663862
2014-08-10,13.990593170107102,13.19343912525218,11.516275759174851,13.892982206174304,15.51122546954829,13.721166917562794,16.541109827447563,14.85778768316492,14.916483484835544,12.53776060421904,14.9922970883258,15.85558170385438,15.484142608624168,12.436170276653923,10.595028704661855,15.646682304412185,13.918438399577076
2014-08-17,17.870302261686387,16.527319617362927,15.097776045287302,17.43272035888263,19.41010379297128,17.410849859662346,19.325718526589974,17.4398034187416,17.547379347209592,16.079774416740083,17.99668417183352,17.96942103198275,19.384072590978903,15.50699212157684,14.834417822159391,18.2398912239448,17.591148228658177
2014-08-24,14.400712334818206,14.136811212944323,12.100522800367706,15.696065779243195,15.352578758222805,15.155040297882593,17.73690028788397,15.860839380289052,15.94335829815053,12.886030760605236,16.44129352321872,17.073348869210626,15.464188481850051,13.34430499448576,11.475414235917553,16.911414138958175,14.152796627054958
2014-08-31,16.651093357778425,15.621562994873598,13.936703535129038,16.85897924786522,18.82561148863029,16.768948489941533,19.303191743856267,17.254802117781207,17.42225047520229,14.823479737688372,17.42262783050537,17.90275670640231,18.35561677203676,14.90834505755202,13.175690241992632,17.969884433858315,16.95941812330179
2014-09-07,20.30980152022117,18.75866030223334,17.760153284724456,19.09780823616754,21.2817768588232,18.510274243937808,20.997934652834523,19.30851820264544,19.21211734070004,18.798751076375407,19.955429257149305,20.11413907233596,21.510227728074124,18.07098382444876,16.823546055339094,20.21907138264576,20.12639024122706
2014-09-14,17.309025360657287,17.745481530232215,15.419458467979396,18.1098777169273,18.127439191127863,18.170869818678845,20.852603612071224,18.921571394685028,18.498114491628805,16.15634522958333,19.52234642144405,19.843583619819498,18.566109696870605,16.457884635668663,14.52903806074818,19.80999957418722,16.802262817752972
2014-09-21,16.91933712535843,16.89076779696987,14.66803411180823,16.934995986166452,18.29641978040084,17.01801903919824,20.06432871359777,18.10744207159265,17.6334127763946,15.452294543301695,18.768463514583967,19.169168447869804,18.617889216507724,15.680037943044104,13.54774031309414,19.18148082949644,16.358711595483868
2014-09-28,16.340301897841837,16.371849492160496,14.194895066935718,17.407594497714726,18.10221106489,17.48511216201684,20.22283144803506,18.021563118278205,17.991334432725107,14.83412313032204,18.252587182181223,19.20300162256246,17.994412926633384,15.461554972607486,13.142869473307773,18.924760491880647,16.08428788120856
2014-10-05,19.7638277044014,18.64123203505331,16.856434880893847,20.36270139614741,20.852366920403423,19.79499011855941,21.418620245797293,20.07347166383421,20.083795186358188,18.18695771761229,20.272080237318427,20.47618754533423,21.223785809108183,17.436187728667473,16.180544206706106,20.549578396074924,19.475105039514304
2014-10-12,22.74872077539313,21.059447060770065,20.1084898827662,20.513639969485148,25.002413194149533,20.18240951724648,22.835638340986154,21.3364364901456,20.878268911880525,21.000920929710297,22.24434000485904,22.39386555705109,24.671489389706764,20.789277246171043,18.40263884523006,22.46698300385895,23.36469967474513
2014-10-19,19.5151993335444,18.63085856366513,16.744247957363317,19.45695294936498,21.18335955130621,19.26804602560389,21.70382961795907,20.34453102260441,19.89751157368699,17.7956596852958,20.59451098586574,20.651065872685933,21.21720011353953,17.386563975489278,15.942958672803098,20.604045296835107,19.45253010258842
2014-10-26,23.01992841055341,21.850949416536764,20.51747399595002,23.023930802231742,23.914167452176176,21.90852865565237,23.385596967647096,22.534934821190777,22.439490351891564,21.74087480431333,22.85518318110214,22.822400337280936,24.40479847823331,20.78508104294904,19.77305583016495,22.87697651334938,22.48012385021323
2014-11-02,20.547385916593296,20.215631873368707,18.57299296963817,21.03789587815603,21.53927569244633,20.38414002569485,22.889440497573545,21.638590472332844,21.152818956020525,19.27628016498681,21.70350048345921,22.109069914188023,21.937326283988803,19.35676402690904,17.42064167120117,21.97799339966298,20.289676243404177
2014-11-09,19.718358225190347,20.213982187608668,17.864390130368818,20.64568386617161,20.655509148237,19.97774290332769,22.97336502742489,21.574038749793907,20.878716490273373,18.50739880165984,21.954797141995783,21.97038609897994,21.116671043013053,18.91772778816359,16.477906674886142,22.11730292258664,19.37725107239263
2014-11-16,20.83809921087905,20.08923315391866,18.11891438586583,22.15478392867816,21.788063255439944,21.38507767533704,22.919955567785323,21.729177779160537,21.9824462935416,19.11344405690248,21.63938693091983,21.01271883689489,22.309706352852487,18.660509578975045,17.443701286426197,21.495764234061344,20.21667037691389
2014-11-23,21.73942369537157,21.39525437405877,19.39737058299352,22.52159263690313,22.783544217101912,21.85801425526348,24.453076648990194,22.567906472342354,22.53258268613872,20.205370370931373,23.015930681104784,23.217317336974435,23.347483725161165,20.353370190987626,18.292290165119365,23.31037397440632,21.201980673077934
2014-11-30,21.599169688181835,21.50178887239143,19.401127565615774,23.411515119529906,22.53309661842645,22.17137486962278,24.896157373144742,23.31972469973874,22.789238039528087,20.26057838508597,23.406557588453417,23.48960832251372,22.924595628465923,20.15675541946055,18.54659677959011,23.52789157710664,21.01721692920695
2014-12-07,22.80714329359921,23.40368272805773,21.265068948639104,24.321580927996408,23.877108871098542,23.58013030583641,26.139661833426693,24.77814981336717,23.872645100035548,21.92603412602428,25.08764044691474,24.97154877449304,24.17218352100564,21.85976655293605,20.524084977085867,25.04101892460116,22.095148373164257
2014-12-14,22.14438927649224,21.141655828398683,19.744212189499216,21.437938911574225,23.63927952295581,21.93048724612674,24.5511898285446,22.361278736560376,21.794698825321085,20.6493293796535,22.90175717011159,22.915017891444283,23.912796508391388,20.249435189310912,17.82272275503329,23.08074561863729,21.75727359432416
2014-12-21,20.228752013492457,20.35834818099861,18.57126509624979,21.47450797756513,21.498406409511382,21.9745237247364,23.80518917161591,21.91306840624128,21.40321521796359,19.099223239349435,22.307077875178614,22.559864869336234,21.86572034386594,19.505860571338577,17.3461585581317,22.54644947835844,19.826448488106948
2014-12-28,21.00939798539209,22.816111605304645,20.35370202136442,23.758773579483943,21.472012839610272,23.56945033914181,25.865666331077108,24.41064740465833,24.009301002711467,20.391144353439625,24.709613550689827,25.535156584171595,21.96845867827132,21.69657729556073,19.509113482928107,25.13846578056798,20.27877840263181
2015-01-04,23.4193210086307,23.53117464752848,21.7652726600735,25.20021435902232,23.84719471257321,24.683751188496675,26.5974323506258,25.449427675519672,25.393499490099643,22.30648649664107,25.164972569519307,25.424137848085472,24.48813729488712,22.339917677685733,21.03423223631033,25.360789931683627,22.66253858885032
2015-01-11,22.811868461402685,24.06644090253916,21.766824455735104,25.64242269879296,23.414710358987463,25.21930378161496,27.4768192747244,26.47148100716728,26.13545050313095,22.02835382304926,26.317156244253187,26.46136206500935,23.800592304656867,22.93057262751251,21.32822765059943,26.467517442199348,22.18441026230064
2015-01-18,21.922990315362448,22.520751717248192,20.40693844200344,23.429681749570936,22.66536406002426,22.87746304496068,25.843165578369497,24.11742890395127,24.071959975181027,20.95288994985437,24.42536469992105,24.51091183356519,23.04648658023378,21.33622779816,19.526692683367635,24.574524037758668,21.394195556640625
2015-01-25,21.49761592712795,22.29504170041603,20.09719453369926,24.049140704529623,22.073943452249186,23.53653133790005,25.640292331706675,24.511982832078807,24.50666020574402,20.493344403493257,24.134952502230032,24.62386733823709,22.5985041272226,20.9374629338834,19.22253238606298,24.49848449020236,21.00099698424018
2015-02-01,21.26990995075712,21.36721655554863,19.102885599144813,22.595737472886128,22.63134472393089,22.35382636817726,25.0901571446188,23.48145727677779,23.204090573783024,19.852541207999025,23.570281059298168,23.570582939929395,22.864854140631483,19.953368887771106,18.410161051454963,23.738607750013617,20.86716452184713
2015-02-08,22.857963814852013,23.67978499235629,21.327093504336204,24.18271781433196,23.667772548627536,23.87571296053657,26.689247915418083,25.20528429006601,24.510454002425163,21.7682777743774,25.542213978292622,25.580861754815857,24.247152050489625,22.271314666258945,20.64603732436917,25.63156485884157,22.222575969130524
2015-02-15,21.082266020805523,21.758046231544352,19.368793427468194,22.449362251020613,22.32218981953924,22.223346143155485,25.20137098440276,23.787672029965883,23.084895581881828,19.891354068460025,23.507396073774856,23.591976993488817,22.710912680533863,20.12967216860036,18.646860961482137,23.74666918700456,20.482614419530982
2015-02-22,21.81979913601084,22.61254665033141,20.29858487881489,22.914127178135374,22.352007287771592,22.81413407491441,25.89139105349171,24.1608139820842,23.407895424128043,20.69167298487523,24.625284696967054,24.76669761369813,23.122194150239803,21.313627972166955,19.198613333144955,24.838831317401443,21.26553417987258
2015-03-01,22.31284256423302,22.48798864584233,20.23892226891911,22.8659368625709,22.98524511945768,22.569534814802683,25.35086957636797,24.11760772011497,23.09454020128792,20.95333034142064,24.204814778777948,24.28903956297594,23.55899239322854,20.851285648383687,19.34197779512785,24.200370239884887,21.634048631570405
2015-03-08,21.21311125884185,22.331238288106697,19.59852665763253,22.911756938412072,22.02105858588907,22.419122990494067,25.572538214591777,23.97989504132952,23.38877589455323,20.0412980370366,24.234954852149603,24.492639688147367,22.49233817501878,20.69316175043417,18.94006759429432,24.44820552982696,20.60743102487528
2015-03-15,21.986707824844498,21.647552556320548,19.599790852368145,22.178468062764125,23.18094156690212,22.169588167541583,25.25357029528381,23.32625136536437,22.61475660469668,20.576307794508704,23.56789779002532,23.54757527199717,23.35680988120296,20.222166493894743,18.47600670269787,23.79080748511387,21.49515328702901
2015-03-22,19.968240271510613,20.014649493862063,18.0986175892516,20.86942847569784,20.822049885657343,20.58249756237408,23.41092471687161,21.60597763854188,21.415292023212707,18.853804088416595,21.754647587697743,22.032864100206897,21.10570173926335,18.81102164026584,16.878590436304542,22.14238733041543,19.63737740478104
2015-03-29,19.632930434041658,19.58900331790005,17.38241831898795,20.98921077166285,20.580663788327456,20.57564600155313,23.32126893802565,21.77579263761446,21.60101075555014,18.195942486096826,21.662396307941123,22.013254941955733,21.0469132058869,18.2658261305549,16.974350407967307,22.085854252257224,19.213259011908683
2015-04-05,18.09023849629681,17.81952800222043,15.826022284371511,19.406736555553618,19.615035880856123,19.274965971132964,21.98189475724024,20.40676697570008,20.107327528429124,16.656469960850995,20.202070459142902,21.063190775097542,19.573494890942072,16.826004209469374,14.971311789999463,20.79604360875318,17.990387023298567
2015-04-12,19.905098057161425,20.27970877588431,18.11109602927315,20.994630106857844,20.75961833984917,20.837078099391945,23.66516743317985,21.9226203234784,21.63662658978815,18.774805335011603,22.00768814417191,22.199085916791645,21.0044400480263,18.87657161979841,17.149159153924735,22.36298723836701,19.45248686849589
2015-04-19,18.591513510990023,18.99826178672725,16.93560982681315,19.30510643266496,19.630713103525203,18.968600308726344,22.768920075441585,20.720564008440288,20.0136459550279,17.448322304724574,21.089818193179703,21.79453618957026,19.781945842573545,18.28290415130965,15.485844082787535,21.67056050832491,18.4479118627358
2015-04-26,16.579394966478972,16.56021404723877,14.215291537747726,18.0840683167889,18.701646943166462,17.695350277531254,20.42599607417604,19.14652773919044,18.97818892715961,15.042357718850685,18.9839948216558,19.417051427126577,18.44479334032213,15.12532852438537,13.69364012192313,19.29016103949799,16.510104392738036
2015-05-03,14.971428215733823,15.49099306104534,13.237895251801294,16.81300191936039,16.76178295042319,16.015204476266902,19.28517105002445,18.08285262813816,17.825490278740453,13.654087225417316,17.8442683446975,18.829520472297773,16.52865767570996,14.340973064934351,12.34099436920541,18.28549260029354,15.200208643376024
2015-05-10,15.327022336471336,15.124294808170182,13.183504393593651,17.132022451786767,16.719835381610228,16.90623512415352,18.949762894877885,17.829906197089652,18.025252650162013,13.754246608747003,17.277722186959668,18.1373916623406,16.764122388537785,14.16260728809642,12.636249484110673,17.74937793373362,15.078298795576687
2015-05-17,18.0359025793186,17.743944331272832,15.816811834909055,19.50093837862923,19.38399058496573,19.176287253390868,20.98805804016291,19.84579818230171,19.89209357353106,16.59061475223846,19.68032303847276,20.08955194879414,19.38971460555971,16.646679667271687,15.239752475165998,19.949245131878936,17.6310196083511
2015-05-24,15.92941614958617,16.3155590699934,14.535958283330446,17.16723006254151,17.725795207951883,16.973057028869864,19.981655896578864,18.12108183229125,17.627548180447636,14.861866759771168,18.30726531800769,19.427823033294267,17.244137385637142,15.698703413383262,13.207769753013396,18.98434165125957,15.858102266036594
2015-05-31,14.87065565509379,13.330319921090911,11.580219736116169,15.654942242872146,17.6759726046457,15.553927011624882,18.144756884338555,16.835806444836898,16.716130007503086,12.808210058609196,15.979891114007858,17.214140114437217,17.135763708689034,12.142896493716254,11.561964225033858,16.79925062511765,15.123674088732573
2015-06-07,17.30794635119739,15.622387372608634,14.302463009384956,17.946506203640073,19.298635903506,17.884807406245052,19.61180541258164,18.51349862086308,18.802056082074188,15.436705196668113,17.758704372092243,19.429887504269168,19.15505258733241,15.260794908291835,13.661189253776511,18.73945803185032,17.2412343288689
2015-06-14,11.10694556929737,10.096098958302154,8.965798558021078,11.969271736485618,13.67166242239477,11.838986288780104,14.201543571650117,13.374785802519163,13.172416443927414,9.584618596043711,12.337037831673891,14.236066131257624,12.931484618702449,10.126553407430556,7.811548260371962,13.42411394268566,11.741466554991318
2015-06-21,14.650548461167816,13.580520608531897,12.225815973561108,14.516583456169991,17.409238433414348,14.456477320485748,16.99495293308625,15.935320593350893,15.68598673115038,12.896585303565113,15.544656170601453,16.432198185162402,16.812976393460307,13.062518139436492,10.71092865881188,16.127029986297547,15.046735555977834
2015-06-28,13.90964719043275,13.84521005707763,12.010223861066452,15.383663502477466,16.15522409561914,15.404070886098896,17.56682563592672,16.456207118343997,16.151590490061242,12.499798780082983,16.128234647775628,16.688796225905097,15.5869200524216,12.978341047500594,11.04171521771072,16.549475111840053,14.20231958187494
2015-07-05,12.54673840978124,12.63583821070982,10.58957622764168,14.677061530096193,14.763003609782231,14.591072019309458,16.53367797139782,15.623515090694672,15.574110142172202,11.330123225266806,14.957854380752098,16.008384428255642,14.38346824958978,11.781828355166486,10.430921189040053,15.604246762867312,12.962034501155433
2015-07-12,15.882509040096089,15.898088694635485,14.542191177950352,16.17530951045808,17.03679504860427,15.808402967268895,18.4155174233128,16.994112973894392,16.728594915274307,15.029182157312656,17.300907996206572,18.697365295533544,16.93189831498047,15.611132430803837,13.1879955999135,18.044705758589355,15.955984361730817
2015-07-19,13.459220323476703,14.132038918893729,11.871743587021712,14.551596617414836,15.535876816242029,14.488366511184122,17.459289962279204,15.804207427284934,15.23888374168112,12.239931259166,16.160667170074596,17.15647692307629,15.21094626165265,13.406790506334987,10.744061264868847,16.765892269560037,13.884633757676076
2015-07-26,16.518887371323437,15.063120067755044,13.237910524129656,17.21874430917558,18.73028281527392,17.402179692242594,18.16368445849627,17.347620109459026,17.388892233488377,14.58493124003888,17.11276754321474,16.995020624762276,18.578599242169883,13.401825565191707,13.322408888777089,17.072753952907256,16.728608975834604
2015-08-02,20.5869631086077,18.04615719943667,17.002972298633132,19.74608609789894,22.29619389300343,19.80774671537382,20.30550414549713,19.491504408105627,19.618459672610587,18.67029950106506,19.54089039971818,19.97492244879833,22.47000895135651,16.54347374979856,16.640543309098923,19.74421486229346,19.993301616524747
2015-08-09,20.06555681216364,18.37827591397869,16.487685197628803,20.295018681458064,21.86716277788164,20.03213943569817,21.08737466773208,19.991917660205395,19.91078282802306,17.95693886320288,20.391269375854755,20.61560629770119,21.9815303349587,16.858835392805915,16.024579654455586,20.50219996054812,19.50190972832014
2015-08-16,17.219148036902784,16.78514358636413,14.607319053338497,18.12197926072848,18.80311836409269,18.008256401641336,19.50719157460827,18.464461782876548,18.311355841836352,15.598135560382204,18.480070844873204,19.12415073117156,19.000604128745533,15.276524015788178,13.995410338507249,18.904017282325466,16.913568614949433
2015-08-23,16.112891248754554,15.039491813065908,12.903809350681389,16.775068352619808,18.57854683958628,16.965687187175188,18.07739446601089,17.067847327195206,17.04966110632611,14.272895602193003,16.828315175869765,17.569650124346794,18.19657769442525,13.66440822637548,12.534204089822495,17.2485771795075,16.28627908519015
2015-08-30,17.694767997378392,15.864368608002977,14.600176889915431,16.59988010639236,19.87013067235601,16.908921412366084,18.17340927012808,17.053971361928173,17.107052120910463,15.889967130997851,17.288910597433777,17.941021862698374,19.58439567650607,14.922981023694105,13.602584385004596,17.59436948518697,17.94331076138746
2015-09-06,13.727543372445124,14.953898231103732,12.42957969799228,15.019395303158532,16.262436613341247,15.278775488854684,17.911555476508404,16.560840888085302,15.88178039110337,12.777360716606289,16.86928274476683,17.681143722122894,15.578742352231592,13.71142313571895,11.424177572314234,17.19524798421244,14.130507236863725
2015-09-13,18.98427103722572,17.29496562760522,15.950722742419172,16.76826617476486,20.01784383730038,16.911716391834666,19.853874982272224,18.50401698545976,17.283454338398467,17.40030550903089,19.359860127106373,19.719305733786115,20.36730189120908,16.708433001797143,14.433383202443666,19.49915449213375,18.6285043524282
2015-09-20,22.259813092696923,20.793912020827666,19.60597209033441,19.892838375908983,22.748957421495508,19.70107498561707,21.93963708682936,20.66229730036352,19.66104521630095,20.592529292584004,21.62876849979549,21.87714776710037,23.0842669369171,20.30716258035048,18.11758389814134,21.75702645214103,21.82376280756332
2015-09-27,17.80861812945038,17.56818688144562,15.999657484103643,17.45362058707646,18.95649080396493,17.54901612035096,19.57535601913408,18.478225134812394,17.83511978772755,16.646548934674772,18.985916727239434,19.600412733792613,19.183557092453064,17.162002871807356,14.802548031495636,19.317639520723525,17.735072125000453
2015-10-04,19.15898632236122,17.48814790436962,16.436997239739892,17.24618596548126,20.855175417145475,17.502665319651403,19.16913375354022,18.036806035227592,17.509655034238808,17.324600535651292,18.437274550565903,19.129015578092588,20.92544528600332,17.29457256187315,14.564225656559485,18.830766446436453,19.32861835037601
2015-10-11,18.45732084173647,18.434495187263245,17.26189822862925,18.06562000229245,18.78740644066709,18.02951457294872,20.002240700902465,18.70793524556346,18.256715907042743,17.708112624418348,19.548337457499983,19.999494059066567,19.291021432655658,18.37259380271136,15.262200184828746,19.88163375854492,18.187071182657125
2015-10-18,20.25756795802172,17.408550226357956,16.820431072519433,17.951422428800946,22.286422394894387,18.065219162360428,19.47076763564574,18.40783667229987,18.17172831425228,18.27846288949218,18.6180524495773,19.16294019370066,22.108748023574417,17.04398341229842,15.595576142495124,18.94460427271177,20.25110407788156
2015-10-25,20.59622313157012,18.39097448046019,17.800590639105916,19.56181722879409,21.395555702339355,19.406898617591025,20.24195904634437,19.337549049575607,19.640466308407124,18.76025775902988,19.499381707757067,19.86975106139068,21.895551685200694,17.93011214773694,16.13293268042454,19.73702515827933,20.0826297770292
2015-11-01,18.805451814118808,17.33805132674764,16.71463362686171,17.05952704236621,19.64138975644624,17.33193270733611,19.622295663238617,17.878877455476044,17.436520670724708,17.46859645468043,18.576872274060268,19.10225860641973,20.0794187089191,16.876070569804124,14.417294832058223,18.899153791528395,18.44539658078608
2015-11-08,20.58671174485097,20.384081520759725,19.041100342927407,21.635870689437507,21.64758113858261,21.43378339494977,22.73361825525934,21.64955829719444,21.73562583718048,19.570367503085745,22.08024234193744,22.36087052584337,21.714330463335784,20.02224208943496,18.019136150840733,22.24626255222029,20.171282671211223
2015-11-15,19.7083096780372,20.159036572299787,18.509802214953364,21.010902130887622,20.18551942950968,20.763659199845986,22.67524095874486,21.24710636683873,21.24617927834946,18.86404589727035,21.60097241092038,21.9164604048202,20.55695188183582,19.60954779846469,17.017500433971207,21.838804928057343,19.14875278382931
2015-11-22,20.91145570183045,19.696591408267963,18.27691873789045,20.244419388827826,21.990047271299325,20.43115792096505,22.41816486214062,20.651075310149743,20.44780981284065,19.4208022129415,21.239725857689265,21.630746995663703,22.28281950306248,18.92262611381613,16.85024226645164,21.54976777227891,20.416474756204856
2015-11-29,19.49195265800643,18.72441733671404,17.57176541605139,20.23073578164691,20.529140473823915,20.526120385915007,21.39408895086617,20.257057872623594,20.21778701196212,18.34344799633906,20.32440647851853,20.648005070390727,20.7782103637931,17.87783617835579,16.31996239974854,20.548621724496385,18.90811041294725
2015-12-06,21.401156355515408,21.21902057814445,20.184925945014584,21.157665603217623,22.277110179559468,21.23652880409663,22.937605999649094,21.620329883624983,21.24720243091919,20.54468398850466,22.41516668476584,22.62622332508673,22.65515170778547,20.648182473071344,18.31839982655157,22.517375244319787,20.826561168197674
2015-12-13,21.911972863333567,22.81330491027344,21.11802792993392,23.70432738605,22.686442741546514,23.62849363673148,25.36563820463575,23.986547626643983,23.707152913461226,21.27182082572053,24.634141058323184,24.88857430460639,23.00387699723704,21.88494873046875,19.73018713371922,24.72870073859705,21.40327556178255
2015-12-20,23.032971997058528,22.63955206149168,21.6649774544622,22.64272329778898,23.81677479888668,22.785954363711244,24.402630836553545,23.12095030301577,22.823796279743,22.03358455718033,23.754410235912765,24.09180504163963,24.252654372034847,21.98805631343961,20.01257740517921,23.956558201411,22.521204350772248
2015-12-27,22.66423813317887,23.57381538338245,21.83083143631969,23.833013562929057,23.692467321738945,24.276529221307666,25.97815813893132,24.41623261984293,24.01686688551931,21.97337287885668,25.13505915026644,25.51298398277509,23.903338204019324,22.34803162481552,20.640285753393947,25.255238120569874,21.83478043856968
2016-01-03,23.00273451197561,22.29577182452562,21.01339378119996,23.04302057340032,24.338742025334422,23.13472644702808,24.686831927508027,23.47091505174513,23.13636182758906,21.713546279847154,23.696934259918347,24.11445426940918,24.62585651368248,21.370058184987148,19.51836227365529,23.886708903452654,22.46125309165276
2016-01-10,23.93367223359136,23.53852957093132,21.974558706715136,23.079063026678,25.326555523141764,23.893704599702065,25.759722595659703,24.1878804105288,23.48434710829225,22.83509069620825,24.779351747190795,24.67702669467566,25.721020667249167,22.138309164768067,20.587208096305023,24.746224547085696,23.41125292019703
2016-01-17,23.052538890175835,22.12820715589056,19.99232389319757,22.20576353725933,24.779661760252548,23.226512908935547,24.89066216271404,23.93971504409592,23.01453526006053,21.24751108060136,23.88683804268445,23.09583004594171,25.1946736247383,19.83183243437912,19.53894065920344,23.52191235267953,22.46332955553204
2016-01-24,23.39620535959762,22.617973287985016,20.929241988546785,22.8874978749525,24.723131272988702,23.08373075409132,25.03652527589492,23.97050903914811,23.170871469605927,21.85423009441191,24.27914688969071,24.354199928736108,25.10779311574104,21.58600649288345,19.824223204768728,24.323015407106883,22.828217149102144
2016-01-31,21.31428665053124,22.17765465270736,20.172707723534625,21.85714765673592,22.277346665377443,22.320915877588927,24.74554167544529,22.935010469114623,22.224926282281743,20.57435471778244,23.894724194415204,24.65491162477478,22.47655846437432,21.65631542877572,19.02437370077899,24.37216916616182,21.009547885216147
2016-02-07,23.8691765209576,23.45407711874956,21.730014040286072,24.099666565656666,25.04885904070715,24.39655722491683,25.94400487627302,24.81073126755752,24.280760490731016,22.66529929973144,25.02327996456262,25.359407622859163,25.33007652879222,22.309555552625635,20.838176418286984,25.18540685844048,23.47258228111781
2016-02-14,23.814903173360733,24.24995018017572,22.36168536107521,23.41384939494587,24.94814489013085,23.760355749338903,26.610761203154183,25.16713024882528,24.18620560173885,22.882213616129786,26.01934403093346,26.301077066406087,25.12370061506176,23.266668324985663,21.29715798142961,26.12319240458091,23.52791099214168
2016-02-21,22.47721802896821,23.447914664425067,21.11505092681777,24.11936874616714,23.13435051195892,24.624356406075613,26.479848505804213,25.22367048486487,24.631787734955488,21.52604288995869,25.20723762677345,25.26461074037372,23.82303358873345,21.807158235037427,20.516840842855142,25.250336637702244,21.857039572415005
2016-02-28,19.79069386731397,20.610634256781804,18.344085648087347,20.40706687598001,21.08670472286967,21.040981584841067,23.274415458256584,21.688958242342068,21.010448782411338,18.807805444311903,22.204706522293417,22.599967151960595,21.189850600990088,19.55946277260639,16.893321692756906,22.49511727708193,19.491954091424248
2016-03-06,19.565208579889443,21.31769438186434,18.34639033577352,21.081416554394224,20.30593515730716,21.519397082629503,24.791791899211205,22.724648072378976,22.025898937143225,18.60703278124265,23.370881505858843,24.298690567119426,20.746140347484456,20.250218627289627,17.565650376375253,23.922311640998853,19.26618440067672
2016-03-13,21.69066492470996,20.89267287223832,19.15680233186182,21.402758294627784,23.067098616141905,22.21685903811853,24.49821964297281,22.850594081135544,22.02464560753212,20.180512485139413,22.992522321428574,23.450822866187902,23.34571488023265,19.816236851476702,18.024027832213207,23.39252275963352,21.193221760567308
2016-03-20,19.349358708395155,20.250961642275488,18.030991929129573,20.567470245418097,19.94631467405555,21.111206523546688,23.750441353800696,22.21042708310214,21.418230185536725,18.51482411417837,22.32350720987691,22.730212995626854,20.366273747447835,19.331449870210324,16.91921579714311,22.709772972211443,18.94142764276572
2016-03-27,19.53290162399469,19.96492191977592,17.795829325306173,20.92500709493955,20.693372889503912,22.040619980260978,24.085242263082165,22.583814572420987,21.882109430204867,18.573138534687505,22.313439142136342,23.38736108949564,20.86362156444535,18.96960690486653,17.15812987426596,23.024333379040023,19.09293978747653
2016-04-03,23.68857961333089,23.10021139868796,21.04775286016997,23.425812535342715,24.93737738049533,23.69282666013661,25.7366818352969,24.44832920223088,23.7495944831236,22.22388873727839,24.842493666611706,25.14007184576153,25.202045199493647,21.984077097353467,20.48870298380566,25.06280376113325,23.33363353338524
2016-04-10,21.96486449272323,22.093493113893945,19.881819339166626,22.742590848888668,22.998794286009296,23.110877408944503,25.6236390706054,23.56046251965808,23.14265082073772,20.71913033904858,24.172247994823373,24.89935891390489,23.464342809551933,21.039217266962847,19.478762645946585,24.6586640986911,21.711829860255403
2016-04-17,23.18045471319054,22.610230811877543,20.459384774357847,23.641466816266377,23.81810660259888,24.09534945052256,26.38390198532416,24.720502370859123,23.90510150177838,21.895687763012432,24.997085761198235,25.19760288639532,24.243049603171333,21.072961700825907,20.23495911460588,25.15672493727473,22.55568440712366
2016-04-24,12.38119820124701,13.86171617741778,10.856589877510238,14.985327072796368,13.239877619626872,15.16589628008495,18.927356619876605,17.057000056180087,15.843294157207364,11.261777963359393,16.819248678777125,17.97974276349872,13.41778480684435,12.575414528995813,10.150458018195623,17.441600688516274,11.925980100734536
2016-05-01,14.47313979601768,14.070090808085544,11.76621875153671,14.790876821038268,15.615664464469138,14.844755238394326,17.7791068407954,16.418996333580512,15.781979095679208,13.029571466692657,16.41820824363015,17.01534902181908,15.80895735122062,12.586874675788472,11.827566226572335,16.7434019454538,14.155329917640378
2016-05-08,16.356228999036006,16.588204433668906,14.608381767662204,16.57397207333928,17.057679161506613,16.973117095623238,19.906477030095136,18.21049324729226,17.17458213518744,15.27972908309662,18.628312849895263,19.04973368246279,17.554214882574485,15.601796834422611,13.31841378854114,19.00523167440336,16.008892437839766
2016-05-15,12.211190033449936,12.994832969169371,10.65480644044986,12.634173331516129,13.55771238692684,12.967510625969336,16.77931263425955,14.837161820399295,13.886853240474098,11.16994422251784,15.577764805054766,16.966206082757914,13.490293280038133,12.907453949101413,9.415189959404984,16.42363852857377,12.169132947921751
2016-05-22,12.849599327053037,13.672566545543386,11.009039952888251,13.610143621762594,13.662500193699652,14.032727949714412,16.647091034202464,15.469582369420436,14.475605714577751,11.67912931329622,15.64354091660801,16.216553948960215,13.989162269246163,12.607924873478854,10.401960779976712,16.016187559601846,12.472818675388224
2016-05-29,11.77165414743902,13.071648657703197,10.55422149004932,14.008615708067303,12.392851302925523,14.237057809817438,16.662921038035403,14.629725227355957,14.719816173825942,10.922446178236749,15.334967674321428,16.610253722198568,12.759280166110477,12.678539770886411,9.766347715579524,16.15707147564673,11.327671929832416
2016-06-05,6.951909356135658,8.611578631502734,5.71559867006334,8.895898866866316,8.072003702337348,9.655770318695325,11.670229625423866,9.765697855268208,9.937636796508984,5.843067397282818,10.409706967011155,11.728954696912329,8.117645955914234,7.366808476257475,4.740313281900364,11.15219896693519,6.744422027203593
2016-06-12,10.766356300049614,10.00509099144417,8.347874367776546,10.908192957441011,11.779872079675592,10.757962598150147,12.836616555038765,11.492126801478395,11.956171613150143,9.39546014340039,11.668939208365106,12.070293949620742,11.934138758762463,9.319245153516944,8.281352077269089,12.141355219652509,10.5917154765836
2016-06-19,11.229741664773554,11.560655534902873,9.541385381541216,10.938971709637414,12.02755541487326,11.07350866091911,13.844133952616254,11.840592280796596,11.661372174955394,10.07116835270207,12.902049304912618,13.334560777941803,12.382546975345686,10.402264746744075,8.532846880544959,13.218115763654914,11.084651114484371
2016-06-26,15.652988480478331,13.329996631597917,11.60826606885881,14.726090648344586,17.929627167922668,14.090525536310103,15.67152792371744,14.49758431422246,14.983211668503492,13.257337872705794,14.866004253569102,14.746889505103592,17.631244825120138,11.720058552870697,12.28882317702703,14.94311743846378,15.599905557066924
2016-07-03,14.053406834448934,13.183738432713408,11.339686572075736,15.342554365595182,15.554416754614593,15.150518028892604,15.620555154783734,14.49213205461378,15.61942211709144,12.505926330928997,14.895827551011916,15.163136383272567,15.464419030774971,11.83722680729276,11.493458430584989,15.086153711591448,13.774669885314054
2016-07-10,17.46614684101237,16.1119052377591,15.074820972483243,15.669900262639636,18.469825009784373,15.622150774628038,17.71137821987141,16.066030144629543,16.047031286877896,16.074721484940554,17.04993535326673,17.31251546700367,19.070504834753205,15.532655346473785,13.707938690870188,17.405258165646906,17.143897046940026
2016-07-17,7.926454366404117,9.022567782574878,6.367765844978901,9.289493085727804,9.064915689867926,9.369078015728803,12.219319363029635,10.108286957678857,10.29238565024098,6.7764179475932345,11.460150654078562,11.995049756813565,9.199203202853331,7.978667687464005,5.9369695072890885,11.820864833264434,8.09646225280839
2016-07-24,13.994258730874863,12.420162706232784,10.844857709431077,13.165540315565607,15.541347348363551,13.378529099423917,15.30788797817842,13.611712385152842,13.82474455441514,12.161145808592154,14.210607389144563,14.907840194085216,15.501260394755478,11.609490021915835,10.10221412100869,14.702644590762263,13.922218957358613
2016-07-31,17.713755819941735,14.985361986322951,13.828811095896928,16.104750490614347,19.95252437365664,16.099811529407475,17.832580396802364,16.135028696431743,16.34934618048472,15.414397254703552,16.5981876794394,17.128443585573184,19.906144926446743,13.93716920294873,13.136361501096845,17.08611631300118,17.51484121145264
2016-08-07,12.555642070917548,11.42357276421366,9.392756881392309,12.75106087610835,14.46910002318071,13.169216049837482,14.359264312610684,13.01346883427013,13.364740585860908,10.543898274043013,13.080342756824574,13.71229780716395,14.41208642422002,10.107728199568198,9.097176056487164,13.52361398573724,12.473669263551818
2016-08-14,15.41272179469792,13.978489330836704,12.696420348420434,15.129228024255662,17.113090517960327,15.148942963343634,16.65548877882888,15.346069300019892,15.7801329581005,13.915288050880044,15.388282283766443,16.05595860262765,17.013825817918224,13.267394874612002,12.252824888433842,15.935795968759315,15.13834126233412
2016-08-21,14.164833404536104,12.326954069930608,10.96299201488072,14.341993578133128,15.946962235152148,14.015643880173966,14.963853093695016,13.588478259792575,14.680040184532356,12.35395206857988,14.039932828548151,14.665079048701696,15.822297079222544,11.531131478510783,11.023722536160095,14.465134907142057,14.022022449102684
2016-08-28,16.06315025000652,16.524336989246198,14.538786138383925,17.086391480196088,16.980708480851902,17.38065839887739,18.459793741431945,17.297966117363472,17.271936313980014,15.205150728150617,17.764532055380027,17.950317570462705,17.34290192210076,15.283332387307532,14.02820262022117,17.908937138820583,15.523826108788544
2016-09-04,12.77141134772675,14.58992074140862,11.590595295499044,15.76570691523098,13.556667647301753,15.833403961692232,17.8371222860264,16.373431331089563,16.18155204433284,11.92209482809824,16.83055964465781,17.11302981415206,13.853321984007552,13.157075904979036,11.270536931731046,17.051228997292114,12.406111985525351
2016-09-11,16.445220326211306,16.193837699605456,13.589673672720934,16.810949094238733,18.402521772970545,17.014192518580373,19.66088997031787,17.616556888927114,17.194171196327286,14.556833989708712,18.6308369764518,19.55897024956675,18.456925680278346,15.303269943702254,13.03641517993428,19.167288097150173,16.371618750281733
2016-09-18,15.678834094043864,15.727127979559176,13.252535867817969,15.52505506078402,17.414353252074882,15.859118346235162,18.163236732038047,16.44880895391687,15.977104676912909,14.089815558679192,17.411753618149532,17.786824067005252,17.264078725719084,14.029393544817893,12.64540795710138,17.554806278176503,15.566084837335138
2016-09-25,16.792030081632358,15.512768559872722,13.904149052942335,14.805392171655384,18.57751990529363,14.8175914327457,17.381102839989843,15.401302628455223,15.21810148466823,14.945397932162033,16.63684302491027,16.49247185303516,18.49333745448285,14.441453189117713,12.568580693837909,16.687634098553144,16.976573108020176
2016-10-02,15.870379438117974,15.52005567937009,13.566488039207966,15.421020795901612,17.463908067021347,16.16529611393598,17.88083519115392,15.75167763251763,15.722838636947005,14.596964603333962,16.87807561535856,17.35476105939346,17.403465583978015,14.372641817778998,12.277022850769049,17.159813265044626,15.487545060340286
2016-10-09,17.388296313881106,17.318462054104184,15.049430318289136,17.99560508131981,18.889256696185743,18.12348918595676,19.72455819911234,17.914783824573863,18.076548300144022,15.949329333310722,18.832263026712265,19.327242126362023,19.062779892365445,15.990072400568971,14.46772050455489,19.080486682063214,16.941541142219485
2016-10-16,20.753544785341244,20.4986266871251,19.22221838528854,20.02513014986401,22.15437556901391,19.66069990204722,21.97253440211883,20.476853070444875,20.033549184668555,19.58964071016344,21.34682655912457,21.67026741742445,22.362166336604528,20.01630813348044,17.20755817079739,21.60822333281754,20.813956251041585
2016-10-23,17.614591519958417,17.56972801507409,15.52123135174918,18.627291734729493,18.87182284495638,18.89997629462676,20.70214992222911,18.933645898397867,18.71880446394829,16.218203790812712,19.39539868656175,20.164974866851644,19.087301007569067,16.612246377504903,14.31180805207677,19.781657765756147,17.32256819360018
2016-10-30,18.960524695260183,18.56447788596408,16.46256663594081,18.848724396455854,19.921602645156824,19.146033721540885,21.18744487039549,18.922068995190905,18.975591606356627,17.439439671111987,20.29068616066144,20.24340932517039,20.429865770818644,17.600876800996023,15.433647446160258,20.41034547130189,18.44718965044561
2016-11-06,20.562135158818663,19.93861405478357,18.11480628143081,20.99932695712362,21.770794602343987,21.23896195744302,22.47761528415513,20.53138776853487,20.70310597037149,19.02034617060349,21.4248954277534,21.486503615212246,21.867326287229087,18.885124608467446,17.01364003087032,21.600059863872488,20.085758923841613
2016-11-13,18.18358680793831,18.15637394410969,15.734333677638816,18.99108343464988,19.75893157080841,19.550861656895936,20.94318232522414,19.36105343013615,19.492835599149043,16.596152073352755,19.970296213224337,20.2423857395861,19.8923398325342,17.054676329896154,14.931377031004192,20.15342669664297,17.732552551516303
2016-11-20,20.806376279244244,18.86456170773456,17.76284078125839,19.18344269763856,22.190520661394302,19.757665782668266,21.24264613115405,19.003932408419526,19.45860049962531,19.1593999626666,20.04334179849336,20.31953730416105,22.51215679765208,18.15902877108684,16.5114730245893,20.369424974848386,20.45944504146628
2016-11-27,21.064009616120288,19.61910401732683,18.184022228169887,20.861801868393307,22.52618511829616,21.18430308608321,22.388806256886472,20.61350060549649,20.9882787724997,19.257567679788185,21.11810693451852,21.28815723043889,22.769410475800857,18.662188639412484,17.09146783461602,21.337396265242663,20.428135121286395
2016-12-04,20.43273174870121,19.69128859271881,18.34229909114956,20.04255247116089,21.749556775096607,20.31504582806444,22.12835777883279,20.00906049802705,20.240688416355976,19.36282662733869,21.43580475679208,21.6514625883488,21.79202633935052,19.279155469289822,17.180587769243925,21.62401963773306,19.84572494769032
2016-12-11,20.224747644274697,19.691825415788177,17.83144257950804,21.3619534217176,21.68897588971277,21.23278398280592,22.55142160754857,21.02342679457231,21.655152847155662,18.735723720760795,21.380192451972466,21.779862457851195,21.72408453009764,18.62100425783617,17.1291571734067,21.57656575182413,19.725758702928488
2016-12-18,20.91836843895636,21.606478290517195,19.57165645643368,23.347609918741952,21.654674257550923,23.85754447308593,24.604350532109112,22.64520577269715,23.015631931401977,20.1917362953332,23.49208767548268,24.35967865658577,21.96832200090857,20.548631231068715,19.12783956814892,23.92628203912724,20.069305629421752
2016-12-25,23.76121367573585,23.861409692621944,22.185810641683936,23.896101741563708,25.06016180658235,24.34349694123139,26.57419139650751,24.28734415921297,23.94200407688865,22.73425004935505,25.403653898693268,26.15012640580334,25.077863111459152,23.00713555125036,21.34802375601389,25.921949229828304,23.24448594507181
2017-01-01,22.852078387482592,23.28168623788016,21.47657101198753,23.690041519346693,23.956702032590425,24.000849123627063,26.55924689178912,24.196916045151745,24.173346047298782,22.036779063624927,24.988820316265155,25.77212213891536,24.09810364108288,22.34670659492833,20.399679437369446,25.46426651762423,22.224146085929355
2017-01-08,22.87072836631667,23.43065719665495,21.300986664847347,23.456211195105595,24.428718074174565,23.78977020980461,26.32025570216054,24.17147513055182,23.859099050324023,21.931239210714505,25.22333390702417,25.49769472754548,24.26519172440165,22.01229547501365,20.44951170124338,25.45088133466687,22.49928173800363
2017-01-15,23.26434864746251,23.48431328974808,21.58560312164496,23.54153623041652,24.5346141507412,23.77671760942025,26.401998069474025,24.49823676072157,24.038864809472965,22.38521521217509,25.26107753076595,25.222838088187245,24.56818190136472,21.97113456922319,20.393306282105947,25.337270471681123,22.645023536168026
2017-01-22,20.55497576002909,21.424468688110807,19.15941627996626,21.620233646460942,21.936603827091783,22.24494821776755,24.841058936828084,22.14756676711045,22.14245917045907,19.689998135389704,23.39433238207004,23.66568040462196,22.04466992271453,20.21247583365884,18.288152351462102,23.68965495682509,20.087116413681976
2017-01-29,21.6537081179625,22.194873473283327,20.220127571126262,22.743245131912687,23.522648412505404,23.43319058510328,25.067620886310547,23.28122863571365,23.37227878831837,20.77863039932852,23.82862658645168,23.964156968253,23.440282238036048,20.914678929868217,19.54940763550245,24.00841163142553,21.07239082238745
2017-02-05,21.08071184833384,22.809158448217268,20.2366808922606,22.394548516897927,22.158435704353383,22.89885966719501,25.995492028773004,23.75948899801676,23.28485079987409,20.475531640283435,24.602931089525097,24.877603003920893,22.18406025323168,21.434949972245548,19.32957643073773,24.900523937844948,20.73868929150934
2017-02-12,22.578257252657583,23.709196403845034,21.34756993866644,23.703498299632752,24.033296746028785,24.23335854764764,26.35183621843077,24.76720973819881,23.82818262731026,21.72107853476457,25.54548079585616,25.43885580612964,23.967005263884555,22.320165924748554,21.012730276346264,25.518683719075124,22.25070833581477
2017-02-19,23.40353552868621,23.595945491465425,21.43314516343368,23.544355909029644,25.286527962617573,24.33941648426817,26.401568020745547,24.7996560886928,24.32328621515322,22.16920870254225,25.4652320283832,25.51429885545509,25.335501111152087,22.1762421724586,20.99661635548429,25.566818076803727,23.216242740096423
2017-02-26,22.23618751142936,23.2529904125596,20.90249782890584,23.694575206154862,23.77216817572062,24.21850551816334,26.165048982937208,24.454820424860173,24.63446662477318,21.369763153342216,25.050334854456253,25.12538374466395,23.79831734771433,21.656333734642907,20.51952519666084,25.13372388791198,21.813147781351503
2017-03-05,22.88218526214246,22.7634562571674,20.790008770012708,21.90842837521008,24.3659142071366,22.726482602466795,25.782702843579884,23.313868508277,23.00840375568069,21.63051703273915,24.60631355186561,25.07149394567443,24.564036470582582,21.759400921373626,19.420617495063297,24.96328319542096,22.712689772449096
2017-03-12,19.72878463725479,20.73998901330586,18.612075811587506,20.350058200813475,20.86962853635708,20.03735414281622,23.81922892578837,21.736100889924284,21.611730442121768,18.95404071561129,22.61916709998985,22.9582333217734,20.86164277308696,19.722321704672787,17.093347915882838,22.903238027762995,19.556212030009764
2017-03-19,19.833468627438734,19.201477476274533,17.41139529083509,18.67851329559372,21.67138594508083,20.021153405826524,21.724046935145434,20.02969219455472,20.16969023385393,18.421210763156747,20.61223810039041,21.119070711161573,21.743237333408192,18.11813985872137,16.43549980424565,20.8993966873378,19.527663787420227
2017-03-26,19.25070129797112,18.907586780438294,16.719446567697872,18.36763436453683,21.038398509727948,19.409523990930584,22.37005709767689,20.054033106023613,20.03392084797301,17.635751384717942,20.736309114266263,20.93846436780739,21.011350576481767,17.57708896475438,15.74771852729924,20.99621171820653,18.91651843821585
2017-04-02,19.2031145721789,19.39011130861636,17.309264243548174,19.609108083304903,20.5162396505089,20.42477747034689,22.548733463787823,20.273029563210223,20.59303278279165,18.15674649314752,21.269681463200293,21.72656427625055,20.355938681304224,18.22998746450022,16.61375626527496,21.63580689924804,18.75243728629984
2017-04-09,19.34997505325455,19.560541954630214,17.423331656705624,18.79969859832809,20.507480329800146,19.31023968754281,23.149232742042656,20.902367836097618,19.940456818694468,18.13199761318812,21.941853154170047,22.34382434289732,20.85541885147684,18.921532839241827,16.025143058062806,22.24517621452794,19.19154359323959
2017-04-16,18.09844265450535,18.66239763729608,16.383017570018342,17.6402944454125,19.535702365844184,18.68960139251277,21.632561002458846,19.04061696535581,18.791686164422977,17.010874892514792,20.57581936229359,20.82091725290304,19.46671701766349,17.446576214327283,14.99468837637868,20.814433678255625,17.7956802465845
2017-04-23,14.12884132773106,14.924787573977063,12.393505426667492,15.382663022904168,15.508638223835842,15.901724887784075,19.056058069012256,17.00849797533704,16.793541149617177,13.049628732174936,17.431546103077018,18.57377855218645,15.48957604515046,13.722093299862705,11.990901470528945,18.05347139354788,14.074976368091818
2017-04-30,16.55247482707295,16.610923154521856,14.313498007055928,17.014960740293773,18.10722649035676,17.251933307721348,19.578785785085607,18.137593778635,18.18383206686628,15.194153879034776,18.733449902885408,19.025600184006187,18.13209305490766,15.405771415508166,13.765180881383532,18.87513120766955,16.31761169048011
2017-05-07,17.2231479126821,17.134675330953048,14.933852962402508,17.014966758943743,18.710961655984534,17.56495748983847,20.231780744502565,18.225200305790096,18.1089884194376,15.943997009264468,19.45090561903916,19.58413562491897,18.767482995066405,15.819745441175613,13.94469002464311,19.513705434631227,17.192124853236976
2017-05-14,14.614611806096258,15.73213751992183,13.199538122581613,16.347673451616647,15.70642731579739,17.003813349602307,19.3891010228816,17.324092342822585,17.503905691979217,13.755198110745647,18.054202489316204,18.836467960131458,15.860631379381568,14.629552963084745,12.668705857308392,18.505126673181465,14.324605241940027
2017-05-21,17.468485993001142,17.27755210496215,15.639420685772356,17.905552347501118,18.90189957848132,18.125861304146905,19.9112108302881,18.6113888331822,18.74316890925577,16.185473879223064,18.98202704227332,19.366258559522603,18.90569429508048,16.610240260744263,14.769283867203969,19.222003643760008,17.502622712333245
2017-05-28,14.186482024468969,15.59121154772956,13.340860116767375,15.614847728184293,15.111301578123598,15.847835934760488,18.69972203980382,16.462750743023758,16.58355098321247,13.54190176544361,17.430309673821256,18.272983863347303,15.359205201785995,14.721212836561062,11.996536659005464,17.919367991781517,13.851848919115296
2017-06-04,14.34348536028672,15.386122551045691,13.686743449826311,15.499805945725669,15.035746643933251,15.812711417444886,18.211339694765496,16.095774289911443,16.366780121499076,13.730179246820937,16.911311499690594,18.01626340783832,15.264700413210512,15.189523301579332,12.316770224707929,17.725449162686644,14.1171618777144
2017-06-11,13.946070369146044,12.39219658461207,10.44419332193715,14.64953178451175,15.46117036877342,14.944238037983268,15.977122715541292,14.81712762163831,15.589393201406216,12.289974455087876,14.680658901099005,14.99110817844977,15.463918284559805,11.1650764367587,11.15505659238484,14.95463493518867,13.714426889252472
2017-06-18,13.877863667339586,13.975210731471778,11.704077860477655,14.741244636121252,14.538875655365556,14.701458780615182,17.095259936140856,15.65850702880265,15.741552139215042,12.549193887260016,16.00051343595827,16.379687157602643,15.293549185093765,12.893613316392916,11.424139359289695,16.353050319649235,13.852447032928469
2017-06-25,15.80677256344828,14.65417435021797,12.551809519926,15.98993246470179,17.290835686915898,16.245891820203074,17.978000460143686,16.62869254124629,16.846986131425474,14.02546109230634,16.700575271210113,16.93318004685271,17.630446123800684,13.015338049701048,12.544517551207075,16.905379011673002,15.610967119427704
2017-07-02,12.653531229173815,11.974762807776932,9.5755115602539,13.40217451964106,14.431257181569968,14.11889432479976,16.374418681286517,14.664818926972227,14.787832381907274,11.019740927474173,14.420199157252457,15.072223979507816,14.529858655450886,10.473157447743992,9.78173052687382,14.89472371678063,12.21836693428276
2017-07-09,17.17407935619968,15.30592600114818,13.345587214645075,16.793747334253222,18.63133725407033,17.202878722506295,17.933218333185934,16.94453356061663,17.557559373560718,15.108262176320578,16.940551777629103,17.259054908855262,19.03155170352302,13.64844717449193,13.549340700017662,17.156272246179746,16.84749111717923
2017-07-16,9.86537097871994,9.565692844802635,7.613869966821747,11.747529471913971,10.535184329920217,11.144010178370824,13.475592659096677,11.916929487624726,12.75060717490321,8.692608053826376,11.924664726298609,12.83949054669177,10.645108861812751,8.814078537239403,7.809406776653374,12.639672471585806,9.608394298752684
2017-07-23,17.088189970725903,14.382934384254504,12.684162651001085,16.777750780185066,19.077457547981943,16.915322023929317,17.569581674069774,16.354544757000813,17.346640460878437,14.789515936200344,16.271563642262382,16.325848003603376,18.63266773205466,12.550800740506556,13.656098371986824,16.408973649056694,16.74346718633914
2017-07-30,14.962513822999853,14.364974331499925,12.093678830467502,15.753000450985772,16.74618620134829,16.27833174309061,18.29733152083683,16.046545247660053,16.600043845503293,13.222503930296757,16.616955113101316,17.36381612890814,16.649860487941613,13.17153587009202,11.891490477936664,17.183508135801194,14.564464937965823
2017-08-06,16.244693964758127,13.597012316494354,12.288609781832218,14.84472515256632,18.5781988621111,15.575996923017073,17.25585825450219,15.49493648479511,15.961843708023398,13.83774541011677,15.73179109086206,16.745926024136196,18.11790133166957,13.225015344759385,11.112641623324013,16.49744664806209,16.355977041059425
2017-08-13,15.132376588602938,14.893528345042965,12.487950046187285,15.777580975067048,16.32295764383786,16.626504944711733,17.544119145362785,16.052309921561896,16.551465613967984,13.558181138355096,16.544240414012563,17.308860296830336,16.743542158465583,13.653558031768256,12.169497751379785,16.997031934107355,14.779416239807867
2017-08-20,15.417476658962254,14.10247106236944,12.385323703659248,15.926484625963935,17.144353626217335,16.62517115262791,16.387887540433564,15.36362854350697,16.268288197582716,13.669673877035942,15.573160512519603,16.18731465686685,17.25404455486872,13.289958784218877,11.840148978737629,15.928091480307383,15.049199596248227
2017-08-27,19.16551305950072,17.36640859666918,16.306921395773156,18.6526231396766,20.6498985467003,19.040107188230927,18.92295076687204,17.724582568577357,18.59858735526845,17.463005763205153,18.45469031148143,18.74458505779585,20.87415208043279,16.63071595061,15.776197607848651,18.59147597385713,19.017782952907595
2017-09-03,21.48664207900353,18.21301157540604,17.180302715555374,19.63598843415578,23.363713310348995,19.83897655565613,19.46578267155861,18.727558331675343,19.28512079701732,19.13432486333515,19.23368367942381,19.458518096378867,23.255122626610245,17.045820872869523,17.26906432131347,19.202775083642653,21.155970985998685
2017-09-10,21.644477834419245,19.91626726589732,19.212880843703264,19.54740260754313,22.346510217244496,19.52640064956292,20.636696201024183,19.80025320325579,19.368626442440803,20.26586593417671,20.703872120844853,21.05490126442717,22.75155767971024,19.41273168692912,18.11803876242273,20.747467123132395,21.43162569524144
2017-09-17,20.99768364659608,19.49849894407716,18.299056148359814,19.444086861042752,21.838873630978284,19.560041471797987,21.05748924500045,19.56610059862013,19.34347850515884,19.46432081464976,20.6286421507468,20.93235929699921,22.244769892637336,18.76868698178991,17.62933401945441,20.764037219978828,20.86945158901883
2017-09-24,18.45106641727678,17.591751946060896,15.859612394246572,17.35710941893714,20.155602691616508,18.30626498901092,20.18554101393452,17.881044354624564,17.855980965489277,16.989779211672943,19.23391628265381,19.697780032042225,20.156260972777847,16.697755382992224,14.633102285922275,19.47150639871796,18.27710319015216
2017-10-01,17.1935909816197,17.581737847724707,15.391693766389997,17.590297894818445,18.53071713747579,18.6690126023851,20.662019201339856,18.708148032349424,18.23013459166436,15.945811192820392,19.523294983900985,20.46872725962308,18.893647382618376,16.409527605779097,14.550162895591365,20.001845779717552,16.705111885327856
2017-10-08,19.405496792443472,18.82883411989029,17.06940846328938,18.349226540043244,20.774672556947017,19.08908201337935,21.45594800387457,19.28854162835456,18.869802793178074,17.790398457723473,20.31428706264083,21.14858044446961,21.236060556757863,18.278380664195947,15.732905156754262,20.84586549038524,19.208664326012297
2017-10-15,19.478391225120124,18.1993786129616,16.59835538931832,18.06839557914507,20.856658491534183,19.16204568011113,21.239791508666283,19.18315521289776,18.636107470891247,17.73868686249071,19.74915888402369,20.37654366454667,21.027739849790184,17.48746636945078,15.354336830254953,20.15449940481764,19.10389955153041
2017-10-22,16.453228555284106,17.76587625454738,15.12184647278333,17.656199808631623,17.4554549152987,18.362008627470548,21.11752723048797,19.001969537611128,18.322941585996144,15.56844040888903,19.85287479301552,20.461909477922795,17.609673117118454,16.469290129507204,14.377706030770057,20.186617685157493,15.955401431518103
2017-10-29,18.200562231635804,18.04657772354988,16.044510599777777,18.88211250730923,19.44522837406613,19.12825001897039,21.035622705176,19.109393261500767,19.35808079023417,16.901766834967045,19.61202435266404,20.06737388883318,19.79595238821847,16.922976312309,15.286056112823818,19.94813202785186,17.758830920062618
2017-11-05,18.91551074957142,18.057674484212264,16.377199007540334,18.95630607860429,20.12794619997195,19.16252074247776,21.07031500235244,19.333612470255268,19.21269716162038,17.51725324710121,19.6927806548742,20.152769870192536,20.58610362712021,17.039389043067537,14.951628247102295,20.03367834408456,18.43304476326688
2017-11-12,20.28267181057728,19.602110895266662,17.768322674701356,20.00334414839745,21.248683232011665,20.62827108572196,21.932386637429104,19.81077804763596,20.02562255915364,18.79651390017755,20.951643049562133,21.225041541127823,21.74100300335976,18.810923529180748,17.13674359745475,21.26407991323452,19.942130457037543
2017-11-19,18.477493882639525,19.35218929380241,17.0176021860253,19.138672496591298,19.670364804836137,19.479065202838203,21.823618997290254,19.65307689022708,19.50897527627516,17.500209365304062,20.73629276060955,20.89838799376372,19.7682891867796,18.523331467040123,15.904399279771557,21.008105533696902,18.24549514971011
2017-11-26,20.13711837267784,20.21028596048416,18.170097674324964,19.71963867545128,21.28545798662413,20.027347932911287,22.74314568411157,20.40166926198191,20.15409477536226,18.963672862144097,21.653723228751844,22.1297011079814,21.60480084290376,19.285315887608167,16.866016421252578,21.952444953694503,19.748810611323844
2017-12-03,22.12418647775932,21.405546389663144,20.1550476358544,21.395354387306032,23.86472792523071,21.3510482203853,23.506857552264243,21.326518757807744,21.397774220446085,21.123765999072045,22.815506990441,23.219042682904764,23.692756575507087,20.492573515058364,18.752776135596505,22.93810354333568,21.81371600287301
2017-12-10,22.826543839895283,21.853931285679213,20.38928758727838,21.832931114094595,24.706125829768656,22.22698788784032,23.93825792362669,21.691805190544624,21.5673177872152,21.508116796126647,23.27666963684611,23.30905200464706,24.75195218789532,20.59356086717371,19.032277044288453,23.25231384531159,22.43841327425604
2017-12-17,22.92362110771268,22.51658101376694,21.062394854656446,22.231817056735355,23.94403456370977,22.35488812803762,24.552727579722948,22.15146657324457,21.873425007799604,22.021985758812544,23.60447515512442,24.057451507794568,24.29032322246596,21.493326298087588,19.85955972632452,23.92186027123737,22.31071092112045
2017-12-24,21.008635006662807,20.779529150615115,19.489586602509707,21.053843408823013,22.18198409599344,21.760793337337144,23.20845487166424,20.85915927639256,20.9941265792996,20.187069323253308,22.04679204106847,22.830304523683942,22.25475453778123,20.056126702855497,18.218948959299123,22.480807985578267,20.7505122439238
2017-12-31,21.70939683361864,22.287456914051763,20.241732262253443,22.593898952007294,23.502288898832266,22.934663475557027,24.912006261397377,23.121218628326016,22.543928961931144,20.773917435258795,24.042545100620814,24.421355584239706,23.41575619612881,21.11681152210907,19.39663194202854,24.25341273940473,21.25747718708213
2018-01-07,21.27914325856488,20.635861834991715,19.256558878610065,20.86127938684963,22.519185165755403,21.46786545541142,23.466562604765155,20.992236863668865,21.064593591335463,20.06276945965899,22.27285448214708,22.805377515499803,23.14798401681613,19.663857329821084,17.96674882047465,22.572151904470065,20.60639938704088
2018-01-14,21.76844019748683,22.72429421003948,20.57872920472112,23.1651074616682,22.63416091077509,23.911666791564866,25.629464902961217,23.546982480334,23.34982812661248,20.9787431669718,24.53639312843224,24.96658785580946,23.022947287467456,21.50618328310352,19.64009217726584,24.764441701064136,21.145041341087563
2018-01-21,21.524696448288065,21.44831469521593,19.8280156278568,22.26331328068461,23.11868682144131,22.35409806103013,24.318631986834912,22.33179738280061,22.464154397438183,20.52665448698337,23.19015533480293,23.68166994727204,23.119214709661183,20.58024453003509,18.76315812988759,23.48839487348284,21.50802932338252
2018-01-28,21.46651005346036,21.4417635982733,19.510670611153905,21.56159297483308,23.3679312544342,21.92836775466742,24.065859808518656,21.808468376258755,21.83257922454356,20.31108971521744,22.93516714748366,23.17764566015362,23.271395397922703,20.024222420381847,18.309816262601974,23.11855169471696,21.40704385546661
2018-02-04,21.471272504160915,21.6239468598925,19.54441311471528,22.262834967601865,23.6948423053846,22.653324041280666,24.498131059696654,22.720054456042003,22.682517260721283,20.43542517371333,23.378072634610263,23.798560851989087,23.10926809089985,19.96850601939,18.97205198026513,23.56720986711536,21.065484039224383
2018-02-11,19.841180391446656,19.54208337676042,17.687302257703703,20.2261172135671,21.691383044160265,20.53074564866271,22.72508653468364,21.42194890009893,20.926960049310075,18.634420930199468,21.24627067598946,21.732529920387783,21.468794855832137,18.285437936409217,16.71018339955241,21.525144539700563,19.78725317674828
2018-02-18,19.84665329637368,21.024577976544023,18.514158197705896,21.66538612047832,20.802688160973247,21.89317717484679,24.474863936532685,22.090985539423954,21.921994102911004,19.05060532122549,23.21760534971824,23.75137996159474,21.101343773506784,19.62571179088416,17.924616489488514,23.5220446092042,19.468888523122374
2018-02-25,21.850736382385016,21.431780425724444,19.91473028526543,22.304056796289625,23.66182753212093,22.718745718898308,24.542887912894823,22.45779212753494,22.67491201225325,20.65216245425968,23.472090396633394,24.243952573791667,23.589856455224822,20.793815596942427,18.998416164759355,23.8718027685953,21.797237105768005
2018-03-04,21.7038620662812,21.61977723920777,19.92936331335168,21.38972513306709,22.69017338558624,22.03526199002064,24.386552599359185,22.00934944796872,21.98075750242707,20.63281511536331,23.19655703590029,23.45188505373233,22.97020019803728,20.67267283706453,18.53631025864342,23.43362180780758,21.45689661740614
2018-03-11,21.67530838955323,21.93858334148871,20.065302024611142,21.80340947707494,23.62093290022618,21.996274301290818,24.890122655529325,22.65032670850878,22.681573593453184,20.628535337201384,23.560845803595207,24.14877125516413,23.243610510954987,21.15372026018536,19.06561353022264,24.01949516714436,21.84224523174152
2018-03-18,21.76666548445418,21.72917319259156,20.15582465236972,22.47973105027562,23.029087776788334,21.91301915329549,24.12160729388801,22.477254064981043,22.93179921674635,20.673950508018983,23.09424548458744,23.55109193704199,23.234385101951688,21.01752451016208,19.062462631865195,23.434267290417694,21.67790849767927
2018-03-25,19.33628498848188,20.82578192794247,18.32753574901063,21.785062242121924,19.798756988378564,21.557723997796053,23.65889096051541,21.449019860602043,22.150659777646897,18.51626491224805,22.378723960315,22.985959212413697,20.26371005511192,19.54816967836236,18.0112250660506,22.77536442975009,19.04081197247672
2018-04-01,19.327253565057976,20.253080267387663,17.81497312247912,21.25586139871961,20.86660512759013,21.135336440195605,23.45108631122912,21.25269938184069,21.884856253920702,18.177041113845945,22.235431834629605,23.215403597952545,20.813727045611525,19.471133241928943,17.269008355036153,22.800693519428048,19.05717755135179
2018-04-08,20.70915972833621,20.2547654139716,18.229825371011973,21.901415008874164,23.17450816608376,21.80575010798,23.41133930662283,21.812182743518385,22.640368177932768,19.1989997964608,22.074871951677064,22.72209513990705,22.74814137896976,18.932430892298235,18.05138024017915,22.421267735281567,20.83647342769284
2018-04-15,18.3615441856237,17.929271689864365,15.906990717656864,19.93589364347004,20.57118244439385,20.100387282353104,21.17554062935076,19.57994218950148,20.52105522249076,16.895015304616923,19.78284358565425,19.973529242441018,20.221191879405016,16.557144401287626,15.868144394202108,19.990487537272053,18.31307967139704
2018-04-22,20.86457060049246,19.75489613852267,17.941302956578575,21.99416340248925,22.516673063367143,21.98170584601325,22.6377695600771,21.61043778258485,22.273073024712428,19.292325817962062,21.66487601804527,21.8338247129538,22.40979323700128,18.341261673879377,18.3325639748625,21.778223354989063,20.4805892034361
2018-04-29,21.22553880365045,20.3982466349978,18.493678882466867,21.77438909524963,23.49326608518068,21.60314180185129,23.343238196637124,21.3565883289684,22.113155523624904,19.53980483837149,22.14564909501509,22.70456507392328,22.99969215834923,19.32916250481736,18.09957178424164,22.53994700959984,21.059910920752348
2018-05-06,18.37065035526664,18.35430670089559,16.16813831236263,19.978516364381424,19.789137968039352,19.89990565276668,21.621951461880965,19.60085003196419,20.58015785105308,17.088951466992683,20.257080781614626,20.72849597828086,19.7323176851604,17.201490503740633,15.678376850752164,20.63721136477596,17.953821676439354
2018-05-13,15.39954761740784,16.37328897813744,13.661553140858585,16.56361520006543,16.776960609402153,16.076482398476227,20.00528244374445,17.9123535448545,18.01539003405785,14.165300932992563,18.79071067958684,19.621629403929187,16.78561357181505,15.354572528239812,12.93396174560194,19.261014081727264,15.396591087557235
2018-05-20,10.604654722078733,11.831209896724108,8.686508135342871,12.705355486699512,11.93485614372835,12.45312027090458,15.76222044107865,14.372515653635,14.11154363953204,9.408544021462696,14.288666967086462,15.368521615822685,11.689611101702832,10.57868621110633,8.708025422850968,14.919134587924306,10.498352671247927
2018-05-27,16.361851309257123,16.13497694113107,13.738440243671084,17.594532034226827,18.139083649828027,17.388259055531623,18.882588550578745,18.016994322739635,18.771629321365207,14.782002323523953,18.0084758337442,17.808265758010577,17.926191920019022,14.30755097487721,13.990566424133403,17.937106509497955,16.062337818814093
2018-06-03,9.11501504893162,10.34653055286611,7.670930325297412,12.468035353791146,9.946140579785531,12.339971953530725,13.85946242663325,12.755924524084316,13.64527947095509,8.347026638829131,12.403435693881214,13.439896910659709,10.138201239486458,9.63585102336417,7.475057731620148,13.133375183710143,8.95244059986824
2018-06-10,12.209191252979686,12.571932049448304,10.929348063765104,14.153607479873155,13.013023642237146,13.942587692918618,15.531795899304983,14.176166138834768,14.899204939545486,11.44848477317458,14.077182895280584,15.21434926601112,13.266014557087283,12.006757941225278,10.219035097846811,14.835149953509964,11.89549050144751
2018-06-17,13.816315195581934,12.705486608466614,10.991593237143231,14.037662362058958,15.28750600963059,14.036278558974102,16.229288076172764,14.646085178821115,15.162273499830365,12.272331187641928,14.764603524806695,15.447387233898644,15.28772190270737,11.730459868412598,10.924993602318006,15.365168765566354,13.896805911051295
2018-06-24,15.823327393452018,16.125479441970143,14.629260496005823,15.776747304768788,16.854772450569204,15.59701632839679,17.676235699445098,16.257916601602133,16.35869689463636,14.923682855406549,16.989530288399042,17.113414999609688,17.000167130503414,15.519755324215394,13.510742060220894,17.3623301007743,15.746706719668406
2018-07-01,17.234860044648748,14.97350208642386,14.496720534039474,14.967652073928289,19.04753216207689,14.998624135782055,16.51295715865866,14.905734284636264,15.338355633610616,15.552720979040467,15.823969287789744,16.274630271520895,18.834784140457977,14.91827247998532,13.131890845109227,16.30731434831414,17.44709721729762
2018-07-08,10.755425968071975,10.831023620898282,8.652977269840326,12.480893781497366,12.086626371218484,12.524831948593317,14.475505033665428,13.378508390699116,13.398211677013778,9.566706781312236,13.02916544711951,13.298187418446709,11.97958287355062,9.697899714259702,8.42921172598993,13.352101398774089,10.63402213626152
2018-07-15,17.7912949411105,16.48918425909746,15.269680596921123,17.912980465661914,19.86164556689653,17.3739057403427,18.400764103881126,17.186140552867542,18.05259511335489,16.36737494903153,17.708918817528396,17.936153659923377,19.32005638689608,15.671316615573774,15.06753867380707,18.002682488025282,17.49324138370164
2018-07-22,15.451803397641372,14.110092283566113,12.823312081165197,14.50618073769978,16.096426843096822,14.65416936862116,17.293093178084572,15.029540535815348,15.20897645633048,14.03943967926489,16.141677731765814,16.914997316756338,16.462364816297434,13.627760729017965,12.051445135292562,16.77419027003757,15.430317446870626
2018-07-29,11.716197642273578,12.84666346791965,10.126889993368046,13.77082454164823,12.724100217388616,13.371555692287334,15.96004707681194,13.72175852688876,14.287712207279094,10.83657327277588,14.81904245682093,15.40477869260022,12.840862383713594,12.421909134143608,9.731569733914911,15.377969988171603,11.484299162648757
2018-08-05,9.994809765613216,11.677413649142167,8.570196779829903,12.381542984928403,11.194819438731026,12.494786503078702,15.15195723942348,13.089946359906875,13.239421014916406,9.067724953888506,14.084784421879492,15.13804651013603,11.151063222222346,10.715149797561097,8.455369918325154,14.754605347396344,10.0865116771662
2018-08-12,14.165828860711253,12.555494243910571,10.547480455413792,14.66547706013634,16.209817584226258,14.82700858858715,16.160301850766555,14.391015119181048,15.127096552204945,12.273793933898444,14.530052596253231,14.961816585931498,15.851208312170847,11.144431946350268,10.92135055494205,15.045385508154702,14.088575846422714
2018-08-19,13.1226345311414,14.69698362868986,12.905658553951907,13.880970686674118,13.814235735963132,13.68083110217729,16.611936822229502,14.62388811037138,14.67420422540952,12.833455857061294,15.783098813672083,16.466466575941308,14.145292989075417,14.540948941389658,11.60637483663428,16.42918074061026,13.107906998328442
2018-08-26,15.214902294802082,13.839121419737843,12.22354608906405,15.051450739304224,16.972399725021035,15.178124270077069,16.065124750832425,14.93719055002386,15.53290151336655,13.373333215177126,15.28021230573778,15.87820043139702,16.906299620521573,13.284479004430072,11.949776508296376,15.762024562186228,15.02948941278329
2018-09-02,14.132050763379349,14.299985690411727,11.98599088689132,15.696867843468985,15.183051428381908,15.59228367357487,17.09476433411979,15.798559624808176,16.201999764153168,12.86782359701442,15.932920784558052,16.24824427016019,15.192604098080668,12.84157291324798,12.298714096590398,16.15108690056549,13.791202158940768
2018-09-09,16.419768156692328,15.62610718283826,14.063518527977852,16.12622799334072,18.689612078013727,16.19527092863694,17.911780749396055,15.92166884434688,16.442505812225043,15.02479064531616,16.983053636757326,17.148543531361295,18.065660671838,14.840884783450068,12.959637275692124,17.155383847231036,16.479754271211647
2018-09-16,17.279787220703284,17.500247540504436,15.151523944225158,18.76421041006133,18.78679036282328,18.717486609823457,20.287162864173464,18.54309046609061,19.11705807930336,16.149068978291393,19.210497601001293,19.687302376060792,18.510165843264016,16.0582941513454,15.264832723631796,19.50042975065526,16.788379175643716
2018-09-23,20.18560789788245,20.0912211017568,18.26152270900113,20.76575339975811,21.633756521805225,20.44127487491917,21.977834217749947,20.29920117365849,21.03808405627943,18.995652716393145,21.21370301019578,21.344507831768848,21.37785182864509,19.02150929431742,17.371505862516084,21.35622779263909,20.13696146075616
2018-09-30,17.456270683072553,18.491348952372697,16.62166085112063,18.44082700922376,18.549977351258548,18.03606759075032,20.99663121637728,18.69147545257172,18.90787992272125,16.85634124346069,19.9873658729322,20.32766773244441,18.410453866347385,17.56136475734009,15.192293823038174,20.24510994816013,17.313618120157493
2018-10-07,18.446722667649905,17.95218697743121,16.344173579059458,19.62643118557476,19.92756671397268,19.365898359389533,20.66414127405461,18.892699029105053,19.78513862568805,17.245083690360104,19.347756142224068,19.76920717038877,19.635285972168084,17.07361991083759,15.469773879082226,19.74239165162387,18.19749802334932
2018-10-14,17.760611906014812,17.734300620520294,16.04152747605264,19.726365709588645,19.29558164962216,19.4762297523528,20.42189225511023,18.546580784785284,19.69406626882385,16.797115346309976,19.119523261429425,19.66007748447017,18.985731311746544,16.833485366329167,15.330435272700182,19.51067873736417,17.58113059779062
2018-10-21,18.30150115137088,17.759197879193433,16.08410461666104,19.03198727255776,19.44541323087905,18.630006107737813,20.38197095887654,18.518111849202736,19.35045009303233,17.125550660561387,19.090098035903203,19.85799424153453,19.3481418396055,16.773488410056036,15.199137748795456,19.62281519559498,17.69471082918728
2018-10-28,18.86828143685634,18.119948196004447,16.470141421828316,18.8441718958673,20.11519460515743,18.9141824948128,20.98434585593532,18.838748589057424,19.27648997446796,17.587128990546656,19.52133479923397,20.38879568686061,19.93796937438052,17.368461393394817,15.370002438493076,20.08297651667884,18.46321545713996
2018-11-04,19.988521111978063,18.651049016126947,16.891084387964554,20.13017518037841,21.77198405798765,19.924753012344183,21.403848770408523,19.72033021902109,20.311698331291662,18.27185566969744,20.014965803798656,20.24411976241037,21.52414867960809,17.335700443435385,16.086967658720884,20.178520086926724,19.577905138226534
2018-11-11,21.97357457331556,22.04856992632088,19.918424060520284,23.10837443669637,23.753386241254937,22.46392798699928,24.14724818749608,22.73384897405451,23.296907798184808,20.68224874309801,23.270517063553715,23.710662260852416,23.47284001273077,21.193929788478524,19.383800058817467,23.587466674774824,21.70611794361207
2018-11-18,19.81874128412863,19.90053631654425,18.072570480069125,20.74283514420192,21.407939773943585,20.24935070857732,22.32336403538117,20.39385873472536,20.82209940572541,18.868260402379075,21.28453249415277,21.696008067889355,21.050416946411133,18.951419892592256,17.078446311279826,21.66782493740612,19.36591833042648
2018-11-25,20.36692765627436,20.647176137611048,18.68333823805693,20.91099754401616,22.05033203763136,20.81179558939301,23.113805587368176,20.834544855093025,21.141763961478457,19.45894645223199,22.101642134695343,22.6316063076338,21.5949632504732,20.002346355074422,17.525990930473164,22.559186409130955,19.997961819332563
2018-12-02,17.783850944793976,19.30149957010232,16.66514874393155,18.230238580987564,19.68774658022414,18.324248766807056,21.808969575531627,19.549483742652,19.103023505724103,16.97502382587394,20.94959724393242,21.16816963725334,19.14293107286844,18.7743264471159,15.01976835144712,21.24516278470332,17.712113644556215
2018-12-09,23.67586844553512,22.963258047856247,21.523369467988307,23.24582460096904,25.324153582490343,23.567344777218928,24.8631377150644,23.538100204963182,23.32906227149142,22.450780675435364,24.05658929007394,24.598584743201577,24.964808143704094,22.573241402520743,20.5952784235694,24.511888235282527,23.195615718306875
2018-12-16,22.57707789751247,23.39900380258621,21.421534477342203,23.288144838242307,24.23358165167774,23.580115346528085,25.65349759026797,24.091554933027787,23.760368836136013,21.69383129467444,24.940518705359786,26.11540375886901,23.81385630346173,22.906534822174905,20.565955495179576,25.550236345503897,22.36254638738709
2018-12-23,21.93574620643331,22.19275825415085,20.39984515713926,22.026113207851136,23.67995778725467,22.700653044259987,24.29356637292979,22.12012220902876,22.47530414073668,20.93273398524865,23.49176135868221,24.10646408009079,23.20895572610804,21.565638566705893,19.1966232521739,23.903230398368464,21.5690844630938
2018-12-30,24.289350065331966,24.503887674701748,22.885841124229124,24.390081195604235,25.464758745217484,24.597695562983724,26.761449057576264,24.735876280549284,24.307272005921003,23.55477168401797,26.128144243578888,26.564876440721704,25.27216255342638,23.855115576511228,21.763980988851944,26.45027628336868,23.54313200439083
2019-01-06,22.57069422993113,23.702586611196686,21.52518469481312,24.18964769584792,23.608874025210724,24.22905050987136,26.849521503504093,24.921164634011006,24.21965770385503,22.09023457410231,25.670861273100883,26.271137715671266,23.44794630728173,22.662340055495136,20.74259045761024,26.14569104487649,22.03983150338227
2019-01-13,22.853061629384943,23.626315398511093,21.67077324214824,24.888605313641687,24.626262316079075,24.912792502836528,26.50222772759529,24.770516583331226,24.9745054842208,22.18724801221232,25.379829312609388,26.17056956895278,24.12067821311214,22.97700684354576,21.1733276341456,25.922769669683944,22.64643931324591
2019-01-20,22.80303557161506,23.374528066435857,21.49371764801621,23.401292985393884,24.50998265049706,23.84772112440112,26.11811851412492,24.016512424419453,23.99251478572181,22.05406543186733,25.16703005373736,25.72028658782054,23.95003778133613,22.55823911675173,20.37914583913334,25.614629622308243,22.64163065085193
2019-01-27,24.8807410432872,25.164903208645168,22.97974234803545,25.581223249435425,26.80339300041284,26.04748942400958,27.983119191650747,26.35752760750907,26.126176834106445,23.720555749599253,27.07549654477602,27.510220450532408,26.48718967585029,23.99066753334616,22.740035005834585,27.468242891613983,24.545184200986053
2019-02-03,20.863199241373067,20.876935091100016,18.86068386384208,20.635014007488884,22.747437847710643,21.64220941511667,23.9350227100161,22.300907690865653,21.77883097243636,19.61975752140728,22.64479038684399,22.717021371476413,22.29949272921647,19.569912567033,18.22739227752575,22.88567745335648,20.59805962338924
2019-02-10,21.024558029272995,20.881279921480843,19.158587896199805,20.942138160978043,22.451759555796887,21.94576998014708,23.969765476860736,22.52156224882448,21.90865372305048,19.75564021227464,22.80896729721136,23.36016096387591,22.326932152265748,20.0032915935056,18.04470824942592,23.207515891984016,20.84364538886798
2019-02-17,21.363837258082405,21.584066173415195,19.47556986550684,21.86720423897108,22.90138255782166,23.215640135560104,24.78865473889053,23.337602728311115,23.02232042730672,20.3205265070912,23.736522076759503,24.09577196948933,22.65503256293337,20.42576950701226,19.027740339519493,23.99622136319453,20.963465982370305
2019-02-24,20.04593138038115,21.376465035908257,18.96283862140185,20.90762333784785,21.472052315091485,21.868932728908547,24.32238955817487,23.041435309571103,22.43667470592342,19.40265197507174,23.237090365917656,23.53147287702945,21.058709639840146,20.043701536814872,18.14909852381012,23.390853881835938,20.046459387576164
2019-03-03,21.67973182560394,22.89515095936464,20.41523252130084,22.677013645569485,23.309421108706097,23.529042215727777,26.11285915319148,25.14172409057617,24.252091704516022,20.942633147180683,24.814462674954243,25.53436771814393,22.874422787699466,21.362536889647227,19.69137262166537,25.11635768016957,21.534619599982413
2019-03-10,20.07917008467469,20.811179014665488,18.81119877443762,21.314265791858947,21.47344367297644,21.874686435075954,24.07350100303183,22.694251382010325,22.63246730629012,19.19669129636612,22.592871047511245,22.93369018421019,21.304813145670654,19.7792158991063,17.909364435190867,22.891547189999933,20.181648334081604
2019-03-17,18.92926901862735,20.06020810761685,17.76987540245902,20.22830450109073,20.04379564422224,20.168230897518047,23.80461872979434,21.977847397048755,21.555222940538258,17.97467771128943,21.93819751491795,22.26841499092123,20.01265680283653,19.05974946627751,16.991497986117377,22.35807759234583,18.79018888769124
2019-03-24,19.547632465338,19.891096669219447,17.959495979383547,20.51858701450484,21.08475554386481,20.19520190814594,23.21245780144072,21.489064410321124,21.59774541388286,18.47148522483216,21.51429317689045,21.6988199444794,20.857177688348248,18.877171328853706,17.4265477989875,21.81696211335244,19.47942770652051
2019-03-31,20.80865784378739,21.27984235230793,19.216313159878315,21.54353727187429,21.77065016480396,22.08903594735046,23.934154338113768,22.438421830511714,22.549115963878,19.76238697800781,22.753549849935425,23.266242829294544,21.86683316948791,20.33899572860784,18.68969841113696,23.213123915013497,20.36887727914795
2019-04-07,19.145965043488925,18.62826355637264,16.966196000946233,19.221307606924142,20.596594116583653,19.902607615850147,21.94576991334253,20.157251614161897,20.370105774201992,17.844606160312996,20.42134722094515,20.86697153518142,20.34338219101365,17.703686974951534,16.196787210407958,20.842445929689653,18.9978522187616
2019-04-14,19.69538891668332,19.691507817839764,17.638176761058546,19.962208766312827,21.203114362048893,20.289535234026623,23.71475465513179,21.76041913218312,21.37851582581283,18.27745322998785,21.81491714411484,22.23430275210152,21.10653561146563,18.601772587243683,17.004867898788948,22.204129366492104,19.58445077957812
2019-04-21,19.84269248932945,20.180259838795607,18.225611129902905,20.268940491335734,20.797507027005548,20.45626794724237,23.12777845087969,21.63870130860961,21.31626006628436,18.851774957504528,21.77488432054396,22.21075429942088,20.80185718425913,19.20834890712048,17.622331673023186,22.128267736117664,19.620709542636924
2019-04-28,18.29078008708193,19.15410246727055,17.094907246126784,18.57447692326137,19.619849315843787,19.157422780070064,22.61673051483777,20.44547283866189,19.99017054414096,17.5405057836303,21.09253026954024,21.74571736739331,19.263239449055497,18.129211623535635,16.061823456409723,21.562667234536484,18.18255610157537
2019-05-05,19.22100733360575,19.71207034664113,17.716637384182814,19.330055341834115,20.347259424069826,20.207750888711544,22.46274910306792,20.92699304754084,20.66748514940594,18.210327787259832,21.42064244158856,22.0112066320332,20.33018397732591,18.789276958974305,16.533325398407683,21.75478849765605,19.23145985667596
2019-05-12,15.116176681322171,16.5577161678119,14.110780018668525,17.144885622319723,15.802984405675698,17.51293099893106,20.30624242287683,18.45558988249148,18.464183578752493,14.42611030250352,18.56017787570045,19.41421698495705,15.961902221657596,15.556446277722568,13.288447199026322,19.10623107917621,15.02467072620546
2019-05-19,15.52060314311024,16.751764106343803,14.218408296038431,17.699381171237857,16.714848963796076,17.87609792215944,20.19432089558148,18.328494851248607,18.47048363433659,14.73323919748965,18.86608227155941,19.639862998797884,16.58133008581331,15.14770270016621,13.710902824484563,19.300880042074244,15.340816743290327
2019-05-26,16.331125243443473,15.835019967703422,14.323729434262995,16.32084828047525,17.71873563276583,16.722516858899915,19.012754420844875,17.39849471055068,17.412456697213905,15.231013527066688,17.58493397204907,18.238636803434225,17.661416092434443,14.998535712151176,13.30449279168519,18.081728270842376,16.231844935455737
2019-06-02,14.283899577274592,14.695152212561826,12.241195013804465,15.349606224468776,15.690534035423614,15.997625369362847,17.89159681359116,16.32268626324542,16.677753511007054,13.111179458008843,16.5422694235137,17.03672073086638,15.671164062492636,13.346759461771605,11.649309046783667,16.9185073016441,14.007475693592164
2019-06-09,18.05292741733782,16.19537843061663,14.419870474746824,18.95943438439142,20.2597785768996,19.19607926519681,19.477842347614967,18.581844272365817,19.59104102651667,15.977156112379111,17.9744137611224,18.217532754265715,20.063290433994133,14.59716376080832,14.840530841903664,18.245925005634703,17.824368192179183
2019-06-16,16.3593121016808,15.655331661960464,13.4609036902569,17.139670140686487,18.26284866700077,17.188398982260367,19.485016997979614,17.453278577234837,18.113902708788903,14.50958961630565,17.9141664595831,18.69470086573269,18.14074703257056,14.58311809755664,13.367283555290204,18.533985300306703,16.409385501213794
2019-06-23,15.9543484009064,15.04190603451434,13.768498438908765,16.70763920602344,17.356148284245737,17.061824245035574,18.11855766863587,16.754950252384333,17.757678258675654,14.7531403417126,16.687820462643842,17.557035514286586,17.26915524088738,14.400741679044785,13.1865088640423,17.39893967204831,15.992626010246996
2019-06-30,11.16755353038989,12.918050185576684,10.692399598902693,12.699286841210863,12.2980332057799,11.75775678829797,15.733800863038,14.123498830919145,14.34402817616024,10.474532766202705,14.64444314824554,15.84818081328811,12.212314403195178,12.666769740040897,9.012739455145658,15.435600518713729,11.342415602380695
2019-07-07,12.63987276636956,9.373211841466327,8.552520715989365,13.18262766408069,14.619264384537251,13.05092748865351,13.532614621754638,13.151174950785451,14.155300348238937,10.582814585773695,11.546554007261864,12.465902958276136,14.279997921358202,8.577980010274564,9.40793651082492,12.337736982655384,12.477234918312886
2019-07-14,12.866216062425494,12.792201154267609,11.18449411417598,13.620808283487955,14.114131039464851,13.77370783168837,15.582282761443114,14.41947850982864,14.751771907750406,11.859615711581185,14.179439585136643,15.176056256512748,14.197301369376166,12.15492923409749,10.421912325057487,14.857193516658471,12.897981510650755
2019-07-21,17.134549118837334,16.639416748526763,15.3659566758265,17.3273503780365,17.60558016753744,17.595724385677617,18.49578656955641,17.39349705931428,17.93970569939063,16.25720350653838,17.92006824790657,18.273825468078776,17.933498727769003,15.489450545286443,14.646293742373546,18.112381003840795,16.980268560651176
2019-07-28,13.731005920253052,13.96294895977354,11.916322652809155,14.472918659448624,15.514439984483248,14.62476682540226,16.630096708025253,14.790179617993244,15.40406916566091,12.589444723789011,15.577660511066387,16.231005668640137,15.198708170169107,13.221051810520835,11.02893934977023,16.116512278054792,13.658933933372444
2019-08-04,14.812532438427938,14.097729894143942,12.512610284014942,15.475595107390768,16.10442254809783,15.981853049387494,16.842632738563825,16.239773193953873,16.41072659109903,13.744420140881104,15.611599782225372,16.01068513541209,16.042642419402664,13.041366671496904,12.062424066525658,16.00480894286572,14.39325571863478
2019-08-11,14.38945584806543,13.481581708769808,11.796335158563863,13.791154957952957,15.088156257886345,13.999865814832493,16.521933644575558,15.012808344952472,15.051015063974488,12.915009178380462,15.57430001543714,16.081125353224515,15.401790325245804,12.996362133652598,10.627961490964694,15.998383006937583,14.262699093137469
2019-08-18,13.35304135552091,12.927525225987058,11.365469962384918,12.256838213829766,14.90275034985659,12.637473059130144,15.690936124707104,13.480693161208906,13.370992471560571,12.164170492084276,14.473840819189558,14.501236344926122,14.862789540677458,11.904724384137278,9.671465321984012,14.683214458234154,13.59175103822487
2019-08-25,17.611370996158556,15.418284621065869,14.262007423069166,16.98235410522847,19.887237034225183,17.325832314166018,18.063193404639776,16.710072593688963,17.30024495750024,15.9671377352574,17.054613540286105,17.80180800764387,19.34205527379246,14.499095762771349,13.607250572256053,17.456959474343375,17.39152222373736
2019-09-01,13.860649202167604,13.333178342278323,12.379877144188187,12.924973152223089,15.24029144933716,13.26387692418338,15.42117904296074,13.67572291708612,13.992882926403423,12.873935888266804,14.33016361467766,14.456111082812203,15.114856820309026,12.649742294593812,10.55060864253034,14.60136618679517,14.126462422933862
2019-09-08,21.342097603983245,19.304932705120745,19.143894283985183,19.065938278323127,22.778249310705945,19.14816818458233,19.11104581515921,18.41433740244284,18.79892679856481,20.228488075183403,19.49692451014663,19.489251287157,22.6936533101277,19.456772261567863,17.75498084842771,19.567095855444148,21.44578489717448
2019-09-15,19.647828601655505,18.03372980028327,17.770427359874628,18.069647194374173,21.04241076934611,17.94590610273403,19.11478401273055,17.879895475808674,18.32829443116011,18.543177533873823,18.62414783708977,19.06006803281224,20.923302992890704,17.92009359109906,15.930129201691916,18.99739531948142,19.894141633555574
2019-09-22,16.065276035470852,15.288274534729752,13.231592445745866,15.252341066087997,17.880070737165315,15.586382291491889,18.08148273434653,16.367837550175654,16.39005966802399,14.495422902874257,16.881158273870295,16.904844766035875,17.544343057286326,13.904010168874882,12.125556998872034,17.013741916872984,15.99556745030488
2019-09-29,21.33724296599281,19.20330069568366,18.536552763027537,19.876210312048595,23.498076929506063,19.743935723715925,20.711887265085828,19.25791612848059,19.971434833952127,19.68594793956916,20.010748774045474,20.604387452981545,23.08364711304889,18.994484244762884,16.8490186620982,20.41650263903892,21.35958420427019
2019-10-06,20.18419891465432,18.925245986564327,17.47855813628081,19.562972163870224,21.70843414021456,19.81646903417285,20.42700718582197,19.107294234238665,19.5632885010975,18.597810224955744,19.98489124991677,19.844737473202525,21.615207153857902,17.80738696251927,16.67697845818307,19.95857108129214,19.90802514649466
2019-10-13,20.599518329173595,19.948396318248594,18.625218514118348,19.79294240190869,22.412945643607816,19.493489417637026,21.4275235712702,19.41791650697783,19.738158968796704,19.32793776176375,20.923223900072504,21.290481087975103,22.012896351832683,19.366039470858286,16.986696386302818,21.19056367220944,20.91406855493221
2019-10-20,18.652026502935737,18.343084877233768,16.834077999246997,18.052936484416325,20.00369878242317,18.0737635994203,20.75347971568649,18.45734059321416,18.61804166278728,17.546900484237412,19.84472480212456,19.972925103899605,19.789285334841164,17.858378106537288,14.963978709499107,20.03408368179709,18.684095498365213
2019-10-27,21.80255141190733,21.27381465684122,19.798014517262008,21.54381129429454,23.796489221444403,21.41633477082124,23.731097891448886,21.56148610003583,21.81104747376563,20.5970760829269,22.755338320381203,23.62117310033012,23.15709194713578,21.00282869161614,18.25799170323838,23.287810215511435,21.854269066268223
2019-11-03,21.17230450692784,20.352680628233625,18.77741095146037,20.336454033851624,22.54972890462812,20.25806289289909,22.55608967928428,20.53129644468233,20.571365300456605,19.686795181042697,21.717137425080004,22.326855605503297,22.57286114306063,19.84019037117635,17.48986743163327,22.160439802942445,20.95186124657685
2019-11-10,20.026463468102413,19.44737810366697,17.552414662666624,20.10040213096709,21.65636263945472,20.070191344085657,22.22897038028817,19.950240333358963,20.1064570132067,18.59400677761425,20.97068173131901,21.625237901898405,21.65095060120218,18.56695891766384,16.426881039581996,21.41787450980767,19.71719466001197
2019-11-17,22.616095028635467,21.23951900640785,19.77962472825952,21.441849238815763,24.625104754523463,21.18737350498234,23.25974261447918,21.409026737956253,21.340225630310417,21.024238124070745,22.4761990832044,22.528308182071164,24.251147078731343,20.20957663731939,18.593691167185835,22.54914945165705,22.22848794273932
2019-11-24,20.0281735497552,18.78142404403768,17.07540638127365,19.97013991077741,21.682995045829227,19.754165700964027,21.68716421210731,20.482748950611462,20.270529020089224,18.4203091933569,20.343566816916194,20.463652262469186,21.56744517874994,17.53935040586024,16.217121945608383,20.51221193212819,19.726755111365307
2019-12-01,20.06861171943341,20.069671545455705,18.160852154272263,20.7024664580822,20.91336451628577,20.01807033386623,22.26917755638545,21.30312638022683,20.98656699522134,18.912820932969733,21.47289937997793,21.389042561266297,21.171857178441343,19.04881480526065,17.264317004314762,21.453352336547614,19.60116425871528
2019-12-08,21.85753684123664,21.482700645796527,19.4333449205468,22.183693831875207,22.75411631529813,22.023182813725413,23.3535730734511,22.81030623993316,22.5817391923729,20.474948062403264,22.69785697573707,22.686178975992128,23.18465502381785,19.831152372884805,19.101490976493977,22.62980326747708,20.972616876874653
2019-12-15,20.46728276531362,20.661911067169616,18.764914513903584,21.537677569048743,21.023294409322,21.695663698851835,23.11300882723172,22.13157507661101,21.813804808428145,19.697631540931383,22.22264419159332,22.431118538437502,21.3456179736664,19.520473539475447,17.860472942426735,22.311643350380976,19.591033654071573
2019-12-22,22.43772187349572,22.9674936977785,20.42046815564173,23.06294121628716,23.905712484872225,23.093147552765167,25.00417436316132,24.067047318297547,23.31101190973868,21.29159843908252,24.550312767193947,24.659851984193704,23.793577906708,21.23369906945902,20.09278284053117,24.438894316641548,21.83836226450465
2019-12-29,23.1359889399898,23.37790080072529,21.265106247713213,24.00084091510092,24.92159566448672,23.697116900901843,25.46551196707233,24.57126524491744,24.000272935617225,22.02762810585872,24.63062186137938,24.607710720072536,24.50970316301441,21.836416806823703,21.01910773382736,24.55279409255533,22.76386974057097
2020-01-05,23.491303791257256,23.97860619660888,21.67517020370225,23.041047978968844,24.94603961207618,23.84164789315203,26.31612318945348,25.09706325283298,23.95638218784519,22.49751753211692,25.547502661370608,25.295384964852964,24.662523510833505,22.47387165677939,21.108970677700423,25.36983871833219,22.806126813040265
2020-01-12,22.404043718040988,22.195488155015244,20.382973316399102,21.5095430683522,23.661486483784984,22.202360220704147,24.876102569847,23.49818658060842,22.443700615907137,21.37663094184798,23.888488018151484,23.75884881238089,23.59313609333112,20.89996927077939,18.97133040652164,23.852007240698526,22.033613080284344
2020-01-19,20.710523249406457,20.65864885387136,18.620948524102765,21.176065730197088,22.77119150451163,21.620636893362,23.44205237408073,22.25187866508187,21.591224676009027,19.688569447589263,22.38085449515999,22.35199889725431,22.08429876165501,19.27398222654197,17.76235141607113,22.391602719599952,20.394521240275505
2020-01-26,21.72974122537149,22.75527485194745,20.323596953499493,22.781157372962863,23.586928317495666,23.22435119069221,25.533601594040764,24.099169476001293,23.43316310912429,20.78856391820918,24.685221243523934,25.00258978614909,23.138110795996827,21.78893771622556,19.568984497142,24.883787595595862,21.61083817160676
2020-02-02,22.362734412901496,22.39297421908836,20.35770433268509,22.005040468204587,24.341726363808203,23.43623788507135,25.009870223331728,23.56081722705396,22.995363381044275,21.26469283109307,23.70233361710717,23.962553905990887,23.91843603384541,20.845502300888928,19.61090452359171,23.886331770984626,22.091596127841672
2020-02-09,21.284194023299246,20.863518922313705,19.047542877501897,20.279030415273848,23.10831058651849,21.538939512834585,23.867722147060203,22.43568520632657,21.44979350300917,20.216068587501617,22.576124731286782,22.398394574373555,22.561604893805896,19.323217561040227,17.699501410934385,22.58163088221839,20.95200434142368
2020-02-16,21.702915032090985,23.63444836968298,20.848305987804046,23.18449586487952,22.75103767601143,22.722305198433776,25.87871983030448,24.47475406101772,23.217755390473307,21.1832206675655,25.120240544240712,25.404147168696728,22.6329501503683,22.61075441385381,19.798604703759374,25.29910402241985,21.696657808000506
2020-02-23,19.21571413675944,19.0319426852757,16.987940201001983,19.777920785404387,20.988962143814007,19.95057661898501,22.07838337622996,21.24811501242897,20.801992221354507,17.93808072329372,20.893712137065407,21.257279694241006,20.56452702739524,17.92591619472707,16.001781079603145,21.06307257411532,19.251804833142263
2020-03-01,20.10505295536233,19.44478717185795,17.34905184954802,20.66928402582804,21.96412668432861,20.577097774932746,22.283134977602053,21.307173449033268,21.6512175987378,18.614152981272163,21.205870434319305,21.197297525534413,21.84471096863618,17.8397623061379,17.12987824079072,21.20383349603403,19.89496452146464
2020-03-08,23.44028113768981,22.1082069350204,19.943052102319943,23.261243036815102,25.74842339776164,23.587853803597824,24.03356906345912,23.581073921500863,23.36350073319825,21.50623115243472,23.516139090732064,23.2804325674422,25.221244758620685,19.990394041290106,20.297251396252715,23.27614605823375,23.041966018008416
2020-03-15,22.155933296665108,22.38004029483429,19.965233207912497,22.18451221925872,23.816595128339635,22.36486953627342,24.616913214369347,23.28074757563603,22.772493110477573,20.90663600370237,23.99340097831957,24.475827898298,23.53345412913437,21.15415773289828,19.22061376357992,24.20763381913217,21.82201518909629
2020-03-22,20.53488517574669,20.160041236674097,17.606214343919728,20.9582819385188,22.48925575126462,21.437886087130394,22.689974576321703,21.78868309813661,21.67833257141412,18.95654213307813,21.82484094528925,21.8271702614756,22.023441353359736,18.45442696357368,17.307456129805146,21.757792392588875,20.15793446003588
2020-03-29,20.21844975705926,20.556800219550063,18.03910801235088,21.09526256010646,21.823674880337663,21.345905421783566,23.743948961485927,22.46290242331368,21.542713420964965,18.94822005292293,22.60562855856759,23.09263663407605,21.555770001356205,19.318003922052235,17.260894404810845,22.824815753854647,20.053024381318824
2020-04-05,15.039478662851694,16.42807253337364,13.247113931887744,16.333885696672258,17.110850414640367,16.48494343407826,19.52371105716805,18.459788451752107,17.839738670393913,13.852748401521698,18.83951622603776,19.538149525213115,16.59016017564015,15.433490261052215,12.71282836300182,19.12754001169522,15.281821351809642
2020-04-12,14.916096697135934,15.709192689293737,12.891244037445391,16.918753892183304,16.43594667277982,17.026098608510374,18.1954885126898,17.927879743699904,18.06157390572087,13.845436110673525,17.580157993366193,17.647478900508418,16.141654239197955,14.33196940118256,12.893672832492689,17.550918599630755,14.698276801250696
2020-04-19,17.849468752837705,17.211342250360353,14.759327671436893,18.49888587565649,20.377712193283656,18.84993266445636,20.10907838782485,19.95245380401612,19.76193878095444,16.158790482176702,19.444437756063618,19.173176710175056,19.59654844129408,15.44418864859674,15.238087575770493,19.231034347922368,17.681394713265558
2020-04-26,19.2203985187231,18.87454830151377,16.547099674499023,19.368894684882388,21.625550917393184,19.48001007806687,21.4918150387422,20.75186175606468,20.318755988738776,17.714500956111607,20.82947858835196,21.200976914151337,20.954423226905146,17.563212277722258,16.300849023597035,20.940412230221025,19.22556923277616
2020-05-03,12.85504909770676,13.259856258628211,10.695111905142811,15.366043756405512,14.538958993512203,15.01170673640385,17.277142802758398,16.504486177617853,16.72761447182374,11.625755839728663,15.798390604820083,16.257442272577002,14.161267969599104,11.833870057112431,11.00258372772518,16.170896707448936,12.660310684831316
2020-05-10,15.088587119005512,15.315202741480585,13.002503961192474,15.837246007862548,16.542040947011277,15.69743475060972,18.645126148146023,17.860950279731256,17.413938658578054,13.879100174683956,17.804333672791852,17.682334387077475,16.30477238990165,14.230749477073992,12.859995571224696,17.923606204426687,14.96555141618631
2020-05-17,16.517778072578103,16.333572718634535,14.002176587731832,17.45689031481743,17.880185867044148,17.18538216795854,19.26340485731297,18.37420203320392,18.51200584236189,15.12211527840493,18.14005427009616,18.423000716134865,17.725427266713734,14.78546511593854,14.32273207995094,18.34904414100423,16.269722639068437
2020-05-24,11.916503982347566,12.653059668124104,9.917793524402796,14.125428910766331,13.047437297953756,13.909165728506435,16.59795055166973,15.467483312433416,15.57411013843962,10.730019174625152,15.222910933886777,14.62824879052504,13.002268213102717,10.962700038075118,10.491602722922456,15.19472902301706,11.616815144803644
2020-05-31,12.498747977817688,14.32029845567146,11.719077988652495,14.510419124648685,13.471298716846526,14.09516599340942,17.38197718417332,16.02814398827491,15.701839603789862,11.810354413814569,15.94681267098431,16.838257095563122,13.524947933248573,13.5273986781686,10.851932553893484,16.59497627400139,12.511418397857172
2020-06-07,16.67505439183887,16.45246132807945,14.733829721266332,17.470468697093782,18.36047535662648,17.526075296880656,19.02394166562717,17.979383202094535,18.157892429665345,15.498633442633064,17.784506076961367,18.525302708309614,18.036614844237512,15.48530568083992,14.204216631312912,18.375992291594205,16.58412390192243
2020-06-14,15.997642583368366,15.744164114059414,13.631596932076944,16.207803571508048,17.647947977067453,16.37104143231072,18.617792841296847,17.322255242087625,17.141051661011755,14.715600131735355,17.367585733752232,17.85897929199301,17.3784082893239,14.585770179784763,13.219613221144854,17.819154716984396,15.805410592703806
2020-06-21,15.74317624179246,15.41441252694201,13.443204834700264,17.03022867866925,17.11568012915215,17.401019942653075,18.56275550686584,17.86998288513778,18.04291709108596,14.482360301055309,17.23784390156403,17.5283758839507,17.08562658560322,13.96536831974653,13.49890353001333,17.60677614230699,15.491326995937008
2020-06-28,9.4513676715787,10.395997926878776,8.052237620053296,11.585815376114278,10.521927550490217,11.186162188246444,14.00252981158109,12.664953001195734,12.74940731917342,8.646684626224204,12.3947740612608,13.527544425182908,10.51895699491832,9.569356103541589,7.249610433461322,13.127424820528573,9.299088249309364
2020-07-05,13.97123780428519,12.56233017836044,11.87484354515888,13.532829906259266,14.660909793890468,13.419593780964345,15.623326245966874,14.637969543902908,14.593935927299604,13.017612001893225,14.143177702106955,15.409513325704076,14.818870633725494,12.379420244981516,10.705876674918605,15.05037355702917,13.83255243719106
2020-07-12,14.320278234616826,13.266218161023756,11.887316173859793,13.067405051418712,16.58196845573465,12.876503188944538,15.831759155317924,14.19908030423251,13.870609459345122,12.797497705882256,14.863637316484988,15.924044636060607,15.973203629600498,13.21984974027482,10.884377403622278,15.653989532455771,14.69290238249334
2020-07-19,17.23316016988865,16.038211436668185,14.095656078054295,18.51430224378904,19.21120730018192,18.684680974314723,18.96740806624076,18.093637115181263,18.62098802372434,15.480677760760344,17.679717121702254,18.135573892259213,18.918733181640448,14.468580999249848,14.659347144301268,18.07045336758788,16.887770877694184
2020-07-26,11.66231561474205,11.87685011851508,10.066102288101456,12.09882768491904,13.180951360593804,11.949124186502306,15.106880174086324,13.51515982020985,12.891130602756355,10.597560923064655,13.7199322077103,15.07069824069658,12.9492357941668,11.649640850177338,8.84818345671589,14.60899514088192,11.840640035922316
2020-08-02,15.87671508445396,13.843507286836346,11.731405757017228,16.377335220575333,18.672698128938144,16.089742608972497,17.277364511184025,16.716848809873905,17.100750956749966,13.52823185947534,16.260486342690207,16.67250535173236,18.09394683248748,12.29893899916848,13.480679701793855,16.517372032434274,15.898392048807478
2020-08-09,15.969765486404242,15.321009931788003,13.78743991369469,15.7465675955727,17.353989664666482,15.719230143720118,17.40565186547816,16.3058302505295,16.332523107062116,14.704062786359756,16.663305473327636,18.14343453995944,17.314805571176827,14.59156887098221,13.101018152073818,17.351079311856086,16.09526254353176
2020-08-16,11.790006157053943,12.5312668881945,10.45972455404666,13.166316145942323,12.626556161948256,13.184093652698216,14.589513675812032,13.794467106113188,13.73619478206112,11.067994867052354,13.801258294406908,14.462521776677464,12.707470958757586,11.494342461753185,9.702191086913611,14.171983218706282,11.531703681476674
2020-08-23,17.432127940301882,13.793863637869292,13.291588150090416,16.953383884969213,19.55964750717694,16.75338855029073,15.450554416756589,15.523917633403432,16.8375885160002,15.346107389044572,14.80406456860629,15.08296258751594,19.23988760023964,12.3346892773138,13.928808237092808,14.893392028174055,17.10270585107675
2020-08-30,18.75499980636852,17.084280781654407,16.924986057823066,15.951334311848592,20.01250360137352,15.677845089592068,18.05983850073189,16.163832868105406,16.450214593144548,17.80702594697006,17.60793709610448,18.32099476785994,19.79030302040365,17.009474061060953,14.75409814864002,18.07529900545244,18.994396786162792
2020-09-06,20.16172776535211,18.475009579139986,18.06912402675124,18.022602270046868,21.85966775330855,17.764486305501933,19.31129053521781,17.80355229712152,18.194899302406085,19.01491238161737,18.97823196923062,19.52847819315455,21.48912004522375,18.458213873328454,15.954246611975382,19.38828395350805,20.5695630636498
2020-09-13,17.949087755406993,17.37613785800649,16.06523355426467,17.791723452863238,20.31714282681728,17.505245657961343,19.44232364854729,17.698468964812044,18.063367050454577,16.738535004606128,18.791109332790622,19.27663094399753,19.575806244920123,17.037724442853726,15.018442366560292,19.18864984941576,18.32024688476501
2020-09-20,16.872064012358084,15.63130334597915,14.732401869840713,15.700017970232736,18.89578462723535,15.678403435833513,18.181090877633054,15.773702215467182,16.014910439455814,15.742227526966175,17.295381605470336,17.054948612686115,18.251094393748573,14.93976810811582,12.836752681897597,17.29916286468506,17.178337562437648
2020-09-27,22.670124028180098,20.24015843842838,19.83808114873485,20.10002275166057,25.00715950345393,19.93706610273364,21.993019587792045,19.981532791434944,20.34728095769416,21.165616935498267,21.36595162726068,21.64099272756242,24.246514081034423,20.28706254042039,18.03491751115542,21.753722345759023,23.043024111308178
2020-10-04,19.33113873603261,18.04447879008393,17.743044255365813,17.48586604708717,20.78051279845898,17.30099646004931,19.285162211159577,17.20793121486515,17.735318330402713,18.51064696006217,18.624847701927287,19.334457361473227,20.555731594792665,18.003140992216316,15.625815142611083,19.136632200789776,19.44747668199462
2020-10-11,19.47232039585384,17.998555906291706,16.808767644514948,17.906625682399383,21.02436232266825,17.736939883140064,19.65668647143305,17.554506551569162,18.098270083126955,18.04451274067264,18.94140988139363,19.10471506967056,20.87057597480685,17.169726782369665,15.211048628215012,19.121776207552493,19.269822411138737
2020-10-18,22.14131686678264,19.908461362822475,18.670483766029445,21.19601488681067,23.801346964522,20.8290075108198,22.20450188328156,19.998662890149404,20.984717799259496,20.346568459466816,21.22662675040109,21.33393028418652,23.695616442264274,19.02605534128205,17.538487309635304,21.37520183929025,21.87600223587529
2020-10-25,18.870533199383942,19.346760778284786,16.929994692713578,20.058107150452475,20.61012866812932,19.652908776871183,22.01283185197035,19.56318272330544,19.96914624328016,17.644093172890802,21.152384020652605,21.150498458317344,20.25444462308552,18.09459359795857,16.0653162694098,21.222935230531338,18.776147721591343
2020-11-01,17.511762253259292,16.17005453282582,14.483936780305063,16.692787821803776,19.89377916309236,16.102329459122863,19.19563385766032,16.84179793072985,17.24510145747265,15.82536256165821,17.806030763072886,17.541793923493664,19.35121340641184,14.973740377301606,12.834563368804424,17.77045539027324,17.57514217793138
2020-11-08,21.72426973193155,20.16159197618204,18.72544859232052,21.138858900183724,22.818803982060544,21.15927299047836,22.310604757192184,20.230721365693327,21.09506584286923,20.16966535055463,21.27146254039945,21.68570390223172,23.04270518608536,19.36171395060664,17.858664280591142,21.58410951722625,21.2687358971876
2020-11-15,19.43867626214733,19.158368143191467,17.48071925790308,19.32566774601028,20.420291821573684,19.587332607696418,21.76550291300515,19.35778848375593,19.67238531933838,18.44924099185201,20.538412519347613,20.91597241147188,20.421969610751823,18.3541378455998,15.842779611225906,20.84927212142198,18.89776813309148
2020-11-22,22.930896417821543,21.37407824022175,19.66620377808836,21.65483158259165,24.311289358809645,21.919981085042085,23.89391448685449,21.21696000631753,21.3965879223818,21.190736252491867,22.756923292416,23.06479986915691,24.26928169662888,20.60735979823666,18.430025220405504,23.030337932758368,22.415923885900696
2020-11-29,20.365635153869864,20.982117362113907,18.78917222078013,21.77541362387793,21.75073488971024,21.624902797635148,23.778832471753,21.474735668231915,21.931387852782606,19.44735611463961,22.568379133810726,23.09404980333025,21.63986110687256,19.85850982567893,18.163362998383445,22.789948965472018,19.91230880346581
2020-12-06,21.825667404606843,21.062194499379792,19.45190715620554,20.899114681141715,23.171933677441803,20.95140947859873,23.14195543405961,20.671565877741035,20.91661212588943,20.460695137457314,22.24629392500048,22.56334833700381,23.059461783258147,20.06163935402801,17.95266279189795,22.41412369192463,21.38861421047838
2020-12-13,22.865032367878133,21.95163609884949,20.695350504810023,21.91046014570054,23.379979838802583,22.19053196999097,24.26134606631087,22.001117459582044,21.95961735719804,21.762725674529445,23.37704878307524,24.038372965193176,23.800443866538263,21.28968628904873,19.206075626521248,23.713021328771184,22.17551781096548
2020-12-20,21.53376864036845,20.96524256785541,19.179893460650305,21.668868609837123,22.526773304519256,21.721911249934017,23.790357078129624,20.939041419586577,21.78450541113687,20.23825221817995,22.43180555038122,22.86227560943028,22.608766395613035,19.889413829089435,18.00038764115501,22.70634296962193,21.035025020815286
2020-12-27,21.85760911919436,21.58391364856061,20.117425894039123,21.99230232834816,22.81762118590134,22.28925270708985,24.053597669907287,21.7317594325078,22.27016016181901,20.90434308261249,22.98046959881143,23.68301822425863,22.735987215889004,20.74518774052972,18.74387065154103,23.27427473646788,21.460192842303577
2021-01-03,21.90422193608229,22.17289743952152,20.1413975878955,23.062367602473213,22.401147406159463,23.14666869802978,25.28101338867543,22.97471926206118,23.44060177999,20.93916813836457,23.79845092079856,24.12236272292638,22.736049703649574,20.890280022751355,19.4260160900604,24.00920575658869,21.13532362986768
2021-01-10,23.100281615975284,22.979644463260545,21.32503887775628,23.531147389184863,23.723539984905656,23.294593069697594,25.693596787077343,23.10789089946004,23.374348815873176,22.04883916895623,24.358600570216325,24.59296578923968,24.17700262143345,21.77831576414904,20.212092836343704,24.50233185501248,22.482132842277263
2021-01-17,20.027588710514888,20.23179909110324,18.52469646095066,20.802798413095022,20.899556186091537,21.16040482269444,23.216486277455143,20.66556032601889,21.03175456089983,19.16303186126984,21.69018167437929,22.646891881834787,21.01078709856424,19.398530387953898,17.24650892479625,22.26131445554371,19.598707241510763
2021-01-24,21.01921862893123,22.0052398364427,20.15648979704889,23.151155765567506,21.215162618878505,23.21498086308267,24.615765251849204,22.399625307553773,22.960427379421525,20.71369287965,23.37934814221932,23.888129062087064,21.6247526503898,20.84296007688497,19.43037167505252,23.64657619648017,20.13610309410609
2021-01-31,20.45861754914508,22.56508065795085,19.787517515874693,23.62083197491509,20.58691804802568,23.164274787657355,26.16938293501518,23.834567604560355,24.00142361179957,20.095656179335844,24.74437721879968,25.861525489313586,21.002944003661167,21.08359723757226,19.40549937215836,25.231169527057567,19.79934891664757
2021-02-07,20.028343127040788,20.56009556642219,18.26505474168427,21.945346117019653,20.947247270122443,21.969916494656715,23.89963326857319,21.44388706653149,22.473081463703668,19.113558577203914,22.45070542504777,22.27641182768377,21.06465302839242,18.866113606110645,18.026002682883664,22.409375569591784,19.612623762248983
2021-02-14,19.751130834356086,20.7690236431195,18.192870062647824,21.9331885718164,21.6339025349197,21.95930891147452,24.758298212168167,22.171417948735225,22.61492565513357,18.79897419808284,23.251098878868728,24.03100304462196,21.257005297539315,19.614057120854174,17.731040083853717,23.65396684023265,19.57407801620401
2021-02-21,22.312028406209468,21.718717147038177,20.009403331150708,22.433811878874184,24.284532394522127,22.702199683072788,24.56641282840652,21.93336583422376,22.979788242720808,21.033253632192537,23.16029710480661,23.566644175033368,23.97745650155204,20.499208980933165,19.02653883187577,23.443364223622066,22.13852224709852
2021-02-28,20.53113475637546,20.845985460383044,18.84480002250096,21.885078960940948,22.304241406308734,22.493430229687785,24.08978694659975,21.950394948984123,22.55073292801292,19.540148434676524,22.58428342084348,22.864452434035968,21.85637055400716,19.6231362026201,18.126207946955624,22.80842406315813,20.230545312567862
2021-03-07,20.113008717619163,20.813900981122245,18.60226077830357,21.08740461440313,21.927792212417792,21.39403539704233,23.92055555960875,21.355347761178944,21.906217848484765,19.199480230548115,22.764828197264567,22.864686816850444,21.498766158998706,19.831147377322115,17.378604677779734,22.835688850417764,20.152726201676938
2021-03-14,22.35811930181437,22.24942547121028,20.51023706167064,23.063286568437302,23.848511401500463,23.109608216942352,24.784792991838373,22.88358258631322,23.573308590107004,21.308273901150923,23.58748060779654,24.09790438526081,23.618969318949578,21.294279410992868,19.624914449371506,23.90907961328436,22.005070262199464
2021-03-21,21.802074076432824,22.156765999824508,20.321534676369883,23.0561763559069,23.561688740106977,23.064858099054955,24.93532684593089,23.130485677347554,23.715383303841968,20.82955592341042,23.67702031156201,24.124235469375986,23.167459055263564,21.42159698148184,19.82646313347721,24.04835803261475,21.6609156960747
2021-03-28,17.641257321665798,18.84676015300792,16.32822773027124,20.12650655280976,19.07327150645563,19.754011338281813,22.93003806289361,20.76062391801313,21.02074677323641,16.795486728573813,21.069830250430417,21.9119276910458,18.898605127592344,17.87014240231682,15.551457791522564,21.50542425689399,17.516158988212318
2021-04-04,20.104107678780377,19.292611881613983,17.52281758165402,21.21367840681757,22.392278497612622,21.485826745149865,22.36271415020912,20.14643959937157,21.54663213031866,18.54201068491984,20.861638292915377,21.270071178755025,21.878843611271687,18.23058999306513,17.14150790299774,21.12274669341145,19.86574457790653
2021-04-11,18.82966803767966,18.876473850787065,16.947221644282234,20.884024178697945,19.994982093285845,20.87422116474756,22.751181038058533,20.300829482635898,21.15809875178477,17.784568873513805,21.009258773935823,21.59063405296552,20.03514235728496,17.87040751132278,16.37854553297094,21.362091176430543,18.76728297950765
2021-04-18,17.260645036685112,17.047588581723698,14.849362506206417,18.42625354727109,19.85473028418755,18.236677965142093,20.726706502041385,18.605734883593275,19.37929395500228,16.012089414993476,19.19420784458969,19.49093030662228,19.24110847090202,15.850398632392231,14.383211873118148,19.39094596646303,17.183953573761602
2021-04-25,14.473211576886465,15.455440044911429,12.569311230819418,16.659761274144763,16.254353829616093,16.37062827592651,20.12635109792993,17.191949012062768,17.782929685484408,13.384466019470592,18.250057441744453,19.277289773576022,16.032481228522812,14.555547975012566,12.340041615939432,18.86666890086493,14.425878425814073
2021-05-02,16.235255767940096,16.753404117088074,14.798601257134669,17.709774323872157,18.416311269685306,17.010083603582785,19.9812870970968,18.12938681119448,18.66574329126137,15.30965635452013,18.5339623703069,19.162707884035346,18.04034420698306,15.675527618296494,14.177773137805952,18.88339849274219,16.492318710548215
2021-05-09,13.899790971282211,13.886336954417768,12.087067740727232,14.369593594755443,15.843945146754086,14.080340580590445,17.27457121301323,14.640912957624955,14.781360080330805,12.8178478317132,15.89409005961893,16.90982192931471,15.455283400635002,13.114015380337062,11.171240657819263,16.440747871324273,14.127737736766228
2021-05-16,15.409377936384086,14.237706930144254,12.243222352986644,14.790805725824264,17.73169892280742,14.61680705881794,18.679831440872768,15.832710122938275,15.855715731118757,13.72506075044853,16.976372815417005,18.2953316811924,17.219301837751765,13.412114769845411,11.966313853547591,17.714930691131173,15.429800053491103
2021-05-23,13.379146626864006,13.45214053486456,11.343526745434874,14.128586752074105,15.55788611024508,13.647355216503758,16.880242745313282,15.330472411118542,15.214019413330318,12.29559819797563,15.268876220240738,16.590321016440175,15.060236359194898,12.578732139563249,10.690218362139666,16.027557714577988,13.496995643464064
2021-05-30,15.174502505298747,15.182455390246949,13.099289895373314,14.98440360455286,17.24050050519467,14.7977001123907,18.215682697018103,15.938979562536463,15.689997130877352,13.857519745156251,16.910370325526117,17.94965849154079,16.820386031419613,14.512643361214266,12.053477547479462,17.583758361652176,15.372512256360118
2021-06-06,14.383079014536342,14.58142272521184,12.504075909676336,15.346654965763998,15.78214906640268,15.697860019394176,18.77697812016434,15.896409208619747,16.023703907333942,13.186896392009125,16.8722929364159,17.951797815667327,15.719524453505588,13.872538382232449,11.633243316571358,17.625708158235494,14.27517797747712
2021-06-13,11.556131980287216,10.911817242087585,9.395556461313918,12.408583558741071,12.850480482721224,12.47651536062724,14.5948127490786,12.201012737720044,12.934245972717346,10.428059338182376,12.715614404719627,14.028016217635326,12.880233638535136,10.336226480489293,8.785324784423379,13.622129923676791,11.532753720116425
2021-06-20,13.833413459159232,13.90638863049082,12.101775516528626,14.395919455658822,15.159189835554752,14.51759609875378,17.19756142252041,14.345678883094294,14.84293383394902,12.831258811349944,15.749460055198506,16.468954917876868,15.196010808686951,13.578537924751066,10.775163738160671,16.375750493163462,13.783733367277284
2021-06-27,8.19711117179851,9.793915307216809,6.959917009247016,11.71173655312686,9.226377935607198,11.563518617450807,13.74848872927118,11.839252969568427,12.298363101459062,7.5032566219937,12.11808706217514,13.249325006155956,9.267253232508551,8.787889937709151,6.831485445715956,12.82320450430047,7.722813088778215
2021-07-04,12.423310309303313,11.936899769026589,9.461692347395388,13.21401835197494,15.646133737684089,13.567161903725014,15.720875712247352,13.380640455716614,13.752210100103031,10.61025649677916,13.97383985147848,14.542720501634951,14.658499067814654,10.720024268524329,9.73038174898703,14.514574521208464,12.325713171470518
2021-07-11,15.13360762872291,13.713202253841898,11.946792994755608,15.847695675634204,17.136062077113557,16.057657823599445,17.133046094599685,15.436789962471304,16.134230336564396,13.552063801961754,15.54232662911023,16.73501188735756,16.80192366345969,12.608967282529589,12.401614113102127,16.30067911166734,14.746691593905345
2021-07-18,11.089794921752263,10.122793284306397,8.17917624499381,12.554880479971567,12.878366042912932,12.452984084493863,13.4517228624216,12.00011074264328,13.069616050402947,9.65934042909148,11.896675545002992,12.81055414130424,12.613718910567089,8.668560835321665,9.188133371447805,12.48125511512831,10.936488198944824
2021-07-25,10.571939021003752,9.757552713727646,8.009113355981848,12.035271058125154,12.115122760515757,12.265006703913134,12.9984743365741,11.243272500223927,12.14531590700616,9.17293325706864,11.420600045191776,12.512847595137726,11.951525863763448,8.768475522436452,8.123892742132629,12.164020039564011,10.208862935115064
2021-08-01,12.87507388828037,12.247660829060113,10.284518971523566,13.799990595096633,15.08231248650879,13.922924797200482,15.977188791547505,13.76061035676436,14.265424082657129,11.366554211175616,14.306521299287873,15.190995878286438,14.603103784980918,11.204787247540406,9.992203865014512,14.97585324811842,12.736601885116968
2021-08-08,14.336076934058386,13.951568508199028,12.64823374350513,14.7532821113155,15.254498508574784,14.402789786055283,16.26412809277415,14.034921354318591,14.974604871641636,13.25183749011182,14.99837720218675,15.662614788970536,15.613839490073069,13.347252765567964,11.49927947217371,15.632060278651762,14.129990595691613
2021-08-15,20.12941281675832,17.57450913823744,16.94824402926766,18.55414478267942,22.131721848121494,18.040191255174243,18.694390836332005,17.61892952064415,18.510557711241063,18.510666817192018,18.02015457235889,18.446579933166504,21.91069212567392,16.888497035211852,16.029689457410214,18.51628164675838,19.92337007149853
2021-08-22,18.53416097977293,17.220219330492814,16.28954937781712,17.202576231388818,19.529498621236822,16.93451872080603,18.367312345143308,16.76180839439491,17.620995912533218,17.363775604084985,17.707862963820947,18.615077834887646,19.74743371304397,16.681126698704166,15.295834474005316,18.56788125196781,17.89132768960012
2021-08-29,18.02793742760421,16.267497135377898,15.227252372091812,17.283402221543447,20.275162458949225,17.862166300396815,18.464198571252407,17.132044888285847,17.48764748116062,16.343029081218017,17.409724088561482,18.029854858017995,20.065602661559943,15.425484983733297,14.389551705034402,17.824441051296525,17.902649098008148
2021-09-05,16.35046908846233,16.206716499348943,14.438523223575704,16.519482579969225,18.39703319092136,17.353513161648195,19.263958472204624,17.148057549711947,17.230684722706297,15.10437553403616,18.03430179744572,19.12786476181524,17.97754096616649,16.082411934369915,13.56140855202414,18.80879078545916,16.40214563187242
2021-09-12,18.36717881628599,16.573569385735976,16.092902008368043,16.902079973902023,19.94244423590264,17.187988719424688,18.56576506945552,16.538425433666674,17.097665713957845,16.974157226635445,17.461079085544075,18.35297229540637,19.96971377995024,16.45776222758865,14.679754175297816,18.192420086048823,18.48004547926293
2021-09-19,18.826957779961663,16.81715151394354,16.098259344921775,17.35896433960824,21.10089493715525,17.7237843055676,19.07866747108215,17.243807562790906,17.760799203600207,16.97313043907603,17.975643643465908,18.956292091996843,20.901691779206622,16.974874661003685,14.780005418028036,18.727921685593937,18.96764503270789
2021-09-26,20.12910304566608,18.75220594273956,17.59358368664583,19.776841409149625,21.367618058188416,19.62508107950021,20.6553930277032,19.75737415264179,20.105016537608467,18.643602448453784,19.71839336213612,19.97346236827881,21.51532503997037,18.205278125260246,17.111550778660305,19.984549274183298,19.829657607965395
2021-10-03,16.756869096400038,15.49301698263774,14.603631099135663,16.26778074531328,18.15496293639008,16.629193783420085,18.33907315056804,15.89274723994268,16.44843820956355,15.342806199270104,16.806976429827802,17.543459741895735,18.29355552021601,15.162249135272893,13.215803052970688,17.369517300226917,16.89458406260714
2021-10-10,18.55551779316199,17.510961410079176,16.201061746771607,19.050222683520545,19.930900827149475,19.56398094329441,20.248046552474573,18.03424915412804,18.980836229081724,17.0176100071155,18.901663390485755,19.63923547724186,20.14184933003311,17.160885456479203,15.676609848470925,19.484457221283137,18.23648209584692
2021-10-17,16.582081527169915,15.614826032601949,14.03545847929148,17.316917558511097,18.44370642915468,17.672931252605974,18.47347491406143,16.255825324120458,17.39505841167472,14.940061621242217,16.890743719654164,17.533650137343496,18.395530445695385,14.664612537228546,13.9306633553428,17.323784518381856,16.447676441418835
2021-10-24,19.41533641373329,18.32091997986409,16.852710732762116,19.655146862779343,20.77343659926837,19.971384895354166,20.708156518963964,19.094749154920702,19.915020916559925,17.734268184721937,19.50929674503607,20.228334748198723,20.99037472713868,17.516364324786327,16.659674739814673,19.97426546623096,19.221241007596657
2021-10-31,21.51190386837207,20.05246154687552,18.94782414855212,21.12001625271071,22.9092758243654,21.25413598854723,22.34647408310248,20.498963043411056,21.43783298537222,19.98559089827993,21.086621970634955,21.608123733026964,22.88139731727512,19.360319160216875,18.513563386562844,21.468017454949845,21.120709673735007
2021-11-07,20.17451853856464,16.994464813773313,16.779765624119943,17.501604285978136,22.12659980243087,17.883134655357175,19.71386624216686,17.288302677699498,17.935684693069607,18.001287598175463,18.192907612457937,18.85857783751989,22.454957356324066,17.090719511351377,15.06983952440718,18.768747193472727,20.110679458093774
2021-11-14,20.5630684438973,19.042195215408228,18.153989763099112,19.154752292803355,21.668545761786067,19.00238115538961,21.42831507646655,19.58900630604137,19.83501608637681,18.875058434811432,20.165040264707624,20.758152564580868,22.03690367039566,18.857575158804927,16.814760480838007,20.62691537741346,20.383016606868114
2021-11-21,22.500896640419192,21.033809658306748,19.85167941691713,21.30211070747603,24.171602767277967,21.59695287775656,22.59070960286755,21.146456557930293,21.47565900183004,20.75042145431913,21.739295596168155,22.22427713131969,24.26047920352244,20.60434682443768,19.26879710847859,22.140458090198013,22.232186733873064
2021-11-28,20.837300350920728,20.318675111351745,18.787101223919382,21.033603788841337,22.065789638493875,21.071007781354,23.31915204240004,21.5278047705316,21.813607452900207,19.31508836756944,21.95420237784778,22.497507390950247,22.49395527342572,20.339164278749703,18.33206916699723,22.52526410545155,20.618819464249107
2021-12-05,20.9906161196597,19.47948932851047,18.190919330295674,19.508668726398827,23.3355260392986,19.761871142737192,21.901048782615547,20.55870257835884,20.555202556916186,19.052210015038405,20.762769319278338,21.17178161703351,23.400640239126435,18.86028189030758,17.574639597446826,21.05212923785245,20.977613622608857
2021-12-12,24.29917732690446,22.90544781654373,22.039420226874768,22.38516545437631,25.89767321227304,22.358885265532,24.85412542048418,23.14359297021643,23.13203566041712,22.792392443216023,23.87190569923038,24.459883276021703,26.04326121135108,22.681016863123627,20.87885482924096,24.332393549193142,24.510078935289
2021-12-19,23.05582109596125,20.911237513332736,19.94673960041767,21.932286214260827,25.552591524328857,21.87018400116163,23.516738335523243,22.577096093908533,22.63818885295592,20.91160099042414,22.27081830408666,22.456303462827943,25.291629051149584,20.395362198848144,19.357690781290284,22.436511108786625,23.155779104669783
2021-12-26,23.754816290954828,21.825561860985346,20.92652366049224,21.87011096874873,25.34653175150704,22.219848753095743,24.26550573232222,23.043867658144464,22.76459503360457,22.13994567708036,23.02420177046871,23.18745677361912,25.353636772936376,20.932857958752503,20.46757832414356,23.18070293359327,23.212107853748087
2022-01-02,22.69845055981493,22.16109874151917,20.499831631211123,22.79143500895728,23.87646751347336,22.54625410278792,24.848052472484355,23.62920215656231,23.566788488638142,21.243988936073467,23.575354500972864,24.196988064645115,23.96092350786717,21.24195192848028,20.27169482296158,23.946841626251285,22.125783519282173
2022-01-09,23.19871239435105,21.723628770059616,20.40210917319676,22.783126447881973,24.283571758594984,22.85730142728396,23.88266822548024,23.096126903187145,23.4650018546446,21.568600199756258,22.755156801892568,22.682624220526765,24.7756616691825,20.37924448623929,20.44836956631617,22.722464977645124,22.29956576123713
2022-01-16,25.93612008849626,24.63320278257196,22.815688310943035,25.28199262846084,27.740424348900355,25.28307951555289,26.886342546335115,26.01329158337085,25.733866077579865,23.91885979398163,25.92273292541504,26.662365707747057,27.97597075429202,23.39778605024476,22.987299582091502,26.27938319465652,25.37528506507771
2022-01-23,23.180287274001035,22.6427605970582,20.98375591728258,23.38586252218201,24.307885355635275,23.341031933689976,25.032195355384765,23.220570627683173,23.15706406834074,21.755847412233813,23.88785717951788,24.78663018578789,24.744742592329224,21.95167250457752,20.877947223757985,24.484133640147466,22.597005752219022
2022-01-30,22.9017892442308,22.060293714120697,20.694100038076567,22.77053510858899,23.82365245663793,22.591076285068898,24.87618142731336,23.05587959983132,23.16973918384768,21.487929524399163,23.5761891963678,24.27157590716997,24.38929898214156,21.50956511337105,20.183666463818387,24.091268095251632,22.20765281559001
2022-02-06,21.160957503349472,21.513584859843952,19.46054342518682,21.91033084051949,22.53200994783821,21.448279853339667,24.65087827232072,22.506302838015863,22.70045410723602,19.76621719634976,23.16661982350535,23.84747285662957,22.726329807148936,20.95153806178429,18.962140482610977,23.73685882329474,20.98078231734407
2022-02-13,22.70470162616273,21.034214743673168,19.93823314199642,22.03793363202186,24.614785470404858,21.99177848540985,23.73643421918241,22.15083554354581,22.59679717980252,21.017402154388257,22.429410549675747,22.908964208515503,24.764199109611365,20.61351699587569,19.56904991584581,22.88417127874266,22.54368011649407
2022-02-20,23.47010990029904,23.18456915751703,21.61138466764787,23.56158573003042,24.728047199376324,23.57442570346356,25.81853124212593,24.062379704264853,24.136137419250847,22.310782528030856,24.564572980806425,25.21538306182285,24.94116229532308,22.55332227162707,21.14411803815084,25.06948153799994,22.99289411740161
2022-02-27,23.34429059464345,23.34583744158877,21.52832274703505,24.62816129695801,24.300183925162766,24.260801055103045,26.12940173246423,23.79867830350801,24.51331643628981,22.240131589505484,24.651449155601075,25.440270333919884,24.53505771592777,22.60248755351989,21.034955758756684,25.273279858195384,22.91761691872321
2022-03-06,23.056058837026548,23.051827684902687,21.301267073444272,23.02630337788945,23.75213808416879,23.55165770124438,26.237913915784297,24.12283361459708,23.918329963945364,21.97916671315248,24.68741034305457,25.56766000269558,23.986972195761545,22.567967214459813,20.822003744332594,25.42860037846575,22.48657175280013
2022-03-13,20.73150579288045,20.74911125331545,19.024558900834823,21.06380706032117,21.510388304444263,20.86236517892688,23.606206766022886,21.39361865947773,21.593611488603567,19.60557362413782,22.155240573305072,22.83820828337554,21.84363497546281,20.193410479413885,18.14621248132664,22.752936212050702,20.475399066174447
2022-03-20,18.283356353583024,18.694887234966384,16.69514902397501,19.411324896982737,19.5553166109222,18.60912082922505,22.59311791689681,20.31781991785224,20.65931662188117,17.107493313144644,20.92833862469826,21.99613794804905,19.818710785574897,18.233947939206644,15.942996834938969,21.733861008735552,18.285112525574924
2022-03-27,17.397549113711797,18.11727436214113,15.683762634974617,18.59958125012261,18.16271418875716,18.220182751443243,21.67572151606701,19.442817226261287,19.787706949939466,16.07135189290256,20.03374962497067,21.01561225006844,18.56219860117408,17.466081010148987,15.23563415565941,20.809929702146647,17.273996000983967
2022-04-03,19.377670950871178,19.367966896943702,17.63174280236015,19.93711917031379,20.36800850981876,19.94720637077224,22.413278424009984,20.280169450338786,20.753845701012363,18.24287331841793,20.976420195278152,21.69453297278309,20.63628724919323,18.9124794232784,17.032586124597533,21.618644583715152,19.081276660980887
2022-04-10,16.915507088296664,17.89585186881043,15.26325966387379,18.494792763675964,17.688203576579966,18.38671964107793,21.276048866027303,18.89777819051371,19.169155674204667,15.675278944159253,19.67082450338256,20.44077804724804,18.20531393110062,16.85892205828964,15.11099624633789,20.313492821620635,16.68008124217833
2022-04-17,16.11344786684485,16.352114243293876,14.04411494763636,17.99068511667706,17.58173677711289,18.163238708270253,20.4709863579308,18.09257223104502,18.88092178001329,14.798874578808505,18.530420532061424,19.39976357642531,17.66134563468138,15.47311543606938,14.22919129578644,19.23945010384935,15.84010595517017
2022-04-24,20.055878851557942,18.69768637736469,17.204798040500023,19.738064748900275,21.80337371656756,19.47222966300935,22.49546395793948,20.00038412416136,20.32607368480436,18.24741541548172,20.66901754486612,21.92027370242096,21.8998693241576,18.45537275413208,16.480603153290332,21.58700953071132,20.29753550043646
2022-05-01,15.846301844681552,15.840105550883928,14.14061368072361,16.34142038935707,16.60238306157065,16.42881577048676,19.558524479323854,17.39525053643561,17.35042937254486,14.737910551751291,17.91634630228018,19.07394477556337,16.789385442107804,15.78327913514512,13.290211979896585,18.8547336294693,15.637045767108065
2022-05-08,14.530343698872256,15.382013918240188,12.929311291983195,16.518943612064636,15.568237176919142,15.915339201113431,19.3310712919986,16.71791509009027,17.188466955770952,13.521556899303526,17.609403183346704,18.72372624944805,15.656748486301614,14.687726003075475,12.8791893515866,18.50890718000976,14.34671901628335
2022-05-15,9.403833088574109,11.959694919301503,8.404945188004461,12.695152006688572,10.200073720083513,12.60858713675343,16.476266310444377,14.223440488592372,13.958681260536329,8.493629684598426,14.664355833705883,15.87721875285845,10.368027769920907,10.762823559618012,8.87185506159011,15.530501408586296,9.113269700354964
2022-05-22,14.413996511137777,14.556561173152312,12.84379240677435,16.26657954142207,16.35957549678935,15.939878693265191,17.99505925804116,16.103110819234477,16.73922478009577,13.572455395997844,16.461958933083007,17.0478240061963,15.940000454891605,14.19603726719508,12.86463295801724,17.110349718605235,14.545539547490945
2022-05-29,11.613481571929029,12.406113968475031,10.608131419480532,12.1155689230987,12.172389446939034,12.648029828777338,15.767841091656477,13.855066578109543,13.42474677558048,11.109319094731918,14.396904655555629,15.436413379371006,12.397499516203595,12.585990452889073,9.793290377639629,15.283731148900817,12.076391462367178
2022-06-05,12.874787797952404,13.843981443691863,11.302407837696803,14.760651086767515,14.179925356327738,14.606452832657702,17.53332236765425,15.473015034167796,15.853006351250723,11.851644349715038,15.959803861147396,16.935557101936034,14.105743196480065,13.211026325308856,11.092108507496397,16.746312497879895,12.702547492203363
2022-06-12,10.999044272276732,11.509301984742256,9.157169051474982,12.812867467602096,12.23593720429743,12.969851890279212,15.331892108083116,13.427748676399132,14.009817843334549,9.965756492083734,13.660686710076927,14.431467336464442,12.171055114867604,10.639449407425047,8.904938548537684,14.317435434419815,11.064127582424092
2022-06-19,14.850504009266466,14.240884349036063,12.886564934264271,13.709777960465068,16.547185121334365,13.617978826299446,16.90181148573539,15.066495229795384,14.763758641166463,13.78572402601167,15.857892543412907,16.92579552298286,16.282102715094577,14.424009298023424,11.572520500836504,16.848721799085283,15.56224077120624
2022-06-26,13.968809471474035,12.960417949060387,11.398241588470675,13.485802312692009,15.555546168306863,13.92478425837238,16.1476274885172,13.998739870492514,14.182002664778796,12.348390332223058,14.692516501125318,15.6233764016082,15.526136393712754,12.537315959839848,10.522790872054166,15.534135637451293,14.174600144280896
2022-07-03,18.64768945603144,16.180357609730542,14.873664858918753,17.637280701171782,20.334919718439536,17.89928078988958,18.403903185452386,17.60056156207989,18.04220712068263,17.018743703818565,17.31814680223341,17.45772551976124,20.90323966258281,15.074589195674148,15.529292172105938,17.627841193615335,18.065539887651923
2022-07-10,16.364160829836187,14.770318795114694,13.535953118934394,16.007136093718668,17.668910788925025,16.25236867907118,17.849588099443526,15.972279879582391,16.362981263438783,14.97749983875502,16.46019507156306,17.78488784851732,18.25500741796604,14.593238815093258,12.881342905913453,17.591950054504636,16.279364735289725
2022-07-17,15.762161631074804,15.189540323672263,13.811587147090746,16.67558694453467,16.828446127413645,16.49100249522441,17.54333005910712,16.230042374846224,16.875953167618604,14.757909677964628,16.51125232399284,17.595864582575878,17.054971775953376,14.9019940458931,13.130161559027496,17.386687577354,15.641470479836684
2022-07-24,16.014510430884638,14.714147734235343,13.198529293183848,16.787134174789703,18.29450750668608,16.941352642947948,17.857902699239748,15.94719470928242,16.981304065122064,14.512157279004931,16.28394366507922,17.188395784228963,17.995141568791453,14.19238475400278,13.26336998136553,17.135177978097577,15.80585046662796
2022-07-31,15.190409003691018,13.761496721300237,12.491755621985408,15.250698170491626,16.77129177937765,15.37278075936218,17.107121203453133,14.944594973279282,15.95570813139824,13.860910683836794,15.602750442141575,16.734554678924646,16.684407241556176,13.619494205319368,12.229327855584591,16.705648442770404,14.925119857582445
2022-08-07,12.543055453355707,12.728407498107536,10.455322879124449,13.217434612768036,13.33484204374888,13.20537834646159,16.174544200952823,13.636335172033927,14.327753145400791,11.202797665773012,14.507838311133444,15.752766268593923,13.810803400503625,12.20163154771878,9.50373443538268,15.530538342470292,12.475108899196202
2022-08-14,13.812110041099166,13.8063370319826,11.59102653959946,14.796557071663084,15.003804636036882,14.66005159068752,16.594969274003724,14.727550381994863,15.390424311277684,12.471594578906036,15.264293330469172,15.904603397107188,15.127459493843284,12.827119336847169,11.319932027254817,15.918004563176703,13.340449154055664
2022-08-21,15.96583503860611,14.600801817643877,12.531042458213529,16.19122002805982,18.16915822470303,16.035784727511412,17.439039975491625,15.565492459582044,16.60693228641368,13.895094125691898,16.054178730027502,16.65125482101646,17.967088124006413,13.740947895480277,12.521496142114223,16.6482464627977,15.795091416315248
2022-08-28,13.04367463653152,12.657655447785023,11.04459006255352,12.502877291824136,14.808081184291204,13.262370422540029,16.285548946947817,13.446636876936084,13.597573400476907,11.61150315695592,14.34463584206321,15.328848786109862,14.848724002543564,12.691599927403308,9.30233641521984,15.384413194749689,13.344348516104356
2022-09-04,14.927150451385222,14.989607700152693,13.148142577910066,14.985364532186871,15.894585615083257,15.768936573308409,17.451550122252705,15.157005357866163,15.524231459063326,13.66690689238172,16.039965275355748,17.037911303281142,16.27247262645412,14.544075356201546,12.060924725772615,16.93158351465214,14.8614015755949
2022-09-11,14.348563275281986,13.74197911758667,12.038275452134032,13.37987509653682,15.517456371637737,14.49958440910742,16.36828646089871,13.782134569341489,14.1077719639892,12.7086804645268,14.88580432660652,15.80406528406066,15.87804074637218,12.99285879916337,10.602799636259103,15.683780774678269,14.43605478047682
2022-09-18,13.740257118352744,13.87435351709313,11.855985379578694,13.479106800187202,14.938857005138384,14.725794177871569,17.267330328160057,14.3883141316996,13.73061623778595,12.220922202709955,15.42512061048896,16.9250114189004,15.182644387469786,13.380720511226253,10.424419225253017,16.62168893608795,13.79191220095858
2022-09-25,14.570626857811574,14.208529667559466,12.154389421603485,15.24571345107896,15.741627524465564,15.992211362723372,17.21627159229868,14.63348088152997,15.291458225530183,13.008937252653997,15.631673049926755,16.50784276694943,16.06192658122442,13.34932648470433,11.337148464665129,16.439589883016744,14.177433349372883
2022-10-02,16.681344674207377,16.056074616751438,14.6403062358406,16.395567617246083,17.355630713688015,16.60689978679328,18.38820071540143,15.875441990146388,16.20266009496849,15.463757171673768,17.130154461055607,18.500050949600507,17.82854518466935,15.909037322077204,12.857368853602804,18.211566465941427,16.363766235161343
2022-10-09,15.791082444798532,15.970933471407212,14.077029835786457,15.998235025576184,16.50492843003912,16.13180647240029,18.36533952662965,15.939091723305838,16.09002743495187,14.625613755933076,17.061763403426003,18.166869208497825,16.729678663047583,15.513820390810736,13.02924622584182,18.016362205176904,15.600498978339758
2022-10-16,17.83383273464679,18.082333887055484,15.954691105007385,18.24316309605326,18.85332728314629,18.54593650960247,20.316983798502484,18.009004022177166,18.190081876318047,16.671184193833202,19.05535405889734,20.2027067546896,18.9354667921324,17.31013000233163,15.00847926607364,19.967162063210445,17.467142749025495
2022-10-23,19.94691002844537,19.63871247224462,17.761146407478556,19.61949463685353,21.24947343200864,20.038542517977483,21.812507862947424,19.03723252928102,19.32270476122892,18.48562967656568,20.536174945913867,21.726220848104063,21.207571524910943,19.14760147444948,16.30178154224202,21.425947861195542,19.711412708071684
2022-10-30,14.13091891275256,15.44909636959084,12.60124182870352,15.770747457231792,15.020037183754535,15.551288545208394,18.52302055803749,15.523297574179514,16.147669501034013,13.012175012090744,17.359568434876277,17.760186068131276,15.293458372469576,13.812262934377934,11.402387366642923,17.565708035358945,13.620599166402275
2022-11-06,17.570810529102538,16.459034060618517,14.625699411373592,16.42448342839877,19.418869821871763,16.865132550321796,18.99262202515894,16.302080441264362,16.606136782995176,15.56526687952477,18.05283888119124,18.43013286590576,19.30122652109065,15.79766682593493,12.940984572137417,18.30939180557042,17.39006334944877
2022-11-13,19.80394900259364,19.700321799402296,17.306240481196404,20.20244191516013,20.64800691075187,20.573405473235336,22.06371326835788,19.125792236328124,19.95726858519761,18.345001167602025,21.21871054678252,21.18242197473737,20.99240672174108,18.29506526353758,16.54520724624417,21.203074356347845,19.023156480326485
2022-11-20,20.90848903336887,20.67304144434329,18.744564460883016,19.948906938234963,21.751066738724447,20.367498034522644,22.565722045676008,19.44810085197548,19.610186774670023,19.568914350159925,21.88228666627561,21.93442870343149,22.168322406680428,19.25885146231249,16.967609354054545,21.8416031204791,20.290922321720583
2022-11-27,21.063984192169467,20.60956273658444,18.685781568579685,21.08725337897028,22.454062421616587,21.55510534313501,22.77892356850316,20.2422425966139,20.74254368615944,19.43820044321204,21.794518856362348,22.68376375080119,22.743391092219404,19.41908925127785,17.668975351977366,22.15224468358109,20.44190036897068
2022-12-04,24.241468981886467,23.524910403213013,21.95168247409066,22.663812393233894,25.06500829757363,22.91442089989072,24.48762379860392,22.359306588110982,22.380245832081176,22.728633785140527,24.332192948576694,24.39128224097815,25.50729179934645,22.39326969776221,20.690899689035,24.323678798638213,23.44835004395231
2022-12-11,21.7348026805863,21.430183916966293,19.44994566730408,21.08838365049589,23.02722487319054,21.482616922876858,23.422180965412466,20.64543600255793,20.80997860921572,20.37576241273312,22.70876750202922,22.951906484413666,23.169537422739864,20.06298876959767,17.824637940980477,22.7165098320948,21.10891764633097
2022-12-18,19.99245020843074,18.806101357250583,17.23121896208972,19.230586963040487,21.77604241021733,19.896985186573165,20.95286203612392,18.27889197461017,19.04130872774964,18.32791641619396,19.930915523710706,20.619465401230475,21.59612597461833,17.687278788317133,15.760654956052116,20.1751293548166,19.341219222770548
2022-12-25,21.5645755095218,21.48304690074311,19.710055728665264,20.961366999716983,23.51928584157406,21.31542952057631,23.3296541375252,20.613917955175623,20.597327327541645,20.30352304220468,22.855486601462097,23.35816871766453,23.122732090673853,20.756802868739296,18.182194215135382,23.05012255032235,21.121673902732663
2023-01-01,21.06496288294651,20.599198204622084,18.875785821290176,21.088293718440195,22.887700356879467,21.76853656032371,22.995550639427787,20.435857044071348,20.82069487207789,19.83760612968385,22.07545674641927,22.757539191336,22.654435433936392,19.18650747336179,17.924303318787356,22.25565658390172,20.31821286003544
2023-01-08,21.659895412096493,21.560320979242384,19.656822080197543,22.196647527671995,22.96603789848368,22.479518473071632,23.93804747022623,22.843199451000658,22.63167933241962,20.41297292012064,22.549922492287376,22.78828783626505,23.070014502551103,20.32321779200528,19.33367729738401,22.761906412949536,20.848281109750754
2023-01-15,22.809363778800424,21.89054177005662,20.338451461656604,21.75599210035233,24.824304275738584,22.258889116068755,24.073739727454004,22.35593187604632,22.84725847636184,21.118764599477213,22.96877940784801,23.826113040235168,24.67370689421547,21.24233489872488,19.86111494306483,23.434552985861345,22.125770052166963
2023-01-22,23.77302116286033,22.80740955491056,21.181228035196543,23.9437759703114,25.361600131833228,24.121737834876413,25.17732502350654,23.173884384353443,23.47902714156358,22.133352428775268,24.31713519736286,24.667986342849115,25.34296141075812,21.645849512460256,20.46000770292234,24.417501408526576,23.11271766960781
2023-01-29,22.056385280849696,22.76985966371321,20.33388540780745,22.89232471301442,23.036612498680807,23.745354255961026,25.30112564042428,22.88346012858601,22.88689506777112,20.931362510397943,24.30921273004441,24.93919501343185,23.41975599642426,21.31433212346695,19.674418254807264,24.439754150151742,21.29791817189549
2023-02-05,22.00852656517864,22.052045669637003,19.805642958965148,22.445613612731297,23.80624048556336,23.24220369650744,24.829122393193813,22.05526272166859,22.563754410193155,20.44598975358583,23.915856879098072,24.598193811277813,23.7800049744978,21.03940434035077,18.91997542274455,24.14437233538544,21.55042494339441
2023-02-12,20.829683594722084,22.55949370845803,19.91046815777417,22.686475068330765,21.33556783931684,22.93930132631476,24.734650236524573,22.58741314677449,22.64522200041321,20.144116260069428,24.0704752983985,24.30165749418768,21.815347370493825,20.73513607399521,18.96632124101992,23.94343112266227,19.985238783443062
2023-02-19,19.14714438636024,19.920468608453582,17.902336625790532,19.7187281378678,20.11096577534933,20.15555504881124,22.30596139757696,19.986874193464008,20.03790377637411,18.22841685158865,21.372406862102025,22.107275371602924,20.296653433656143,18.930420598542213,16.475808067569904,21.61363495492656,18.521209019535
2023-02-26,20.634511257844235,21.691025912888776,19.067323070346728,22.1837701641378,21.514927946665303,22.8069922693908,23.898752785285083,21.95346416027515,22.32352049989943,19.59840761877689,23.118318668381995,23.48376690281048,21.870106244179272,20.20097799267182,18.60152129304464,23.19106686885109,20.004794650322022
2023-03-05,21.3718518069352,21.5710143280436,19.45513161622854,22.73005724946658,22.45804339422287,23.237406589503145,23.822334895676143,22.250928602342483,22.847708954036584,20.18766192402963,22.949087121476342,23.6707589928352,22.5391827163549,20.330721487959337,18.88088148158879,23.198316439723783,20.786033306481706
2023-03-12,22.50391366092088,21.57963965340718,19.920583882369925,22.83658847354707,23.070265645013748,23.9553320404799,24.033457870038536,21.91925455266779,22.680626270122488,20.80352116703853,22.967311489220823,23.167677694253847,23.663686476158823,20.247314656162903,19.02071078729412,23.06160431505416,21.68498917602786
2023-03-19,23.335342345857555,22.53873382295881,20.44883342665069,22.111441163789653,24.556628595009105,22.98668962770754,24.7182696873523,22.331281487601142,22.267617302164872,21.3921927762112,24.276288487488056,24.99472738918911,24.84713585680516,21.818921521288345,19.470170922119685,24.618058632031342,22.83803636108769
2023-03-26,20.751616813041068,21.242062436492205,18.569093105955893,20.346391333001,21.822624027243727,21.53825617511607,23.59472110181091,21.204206322508973,21.00941580755603,19.26886339048165,22.90093555698147,23.257505457998928,21.97958062514375,20.21715810509317,17.358398235094054,23.092231059960884,20.357851759764067
2023-04-02,18.89731511247357,18.31406476909418,16.49731924180553,18.71856255048797,20.312362142883345,19.03318867137227,20.84721678130481,18.498434804445736,18.977402185973823,17.30867540822925,20.02705585595333,20.676235209256816,20.276205670419348,17.49126150375022,15.28042804600388,20.31654999540743,18.5875013620063
2023-04-09,20.296440367532973,19.239400962776724,17.498281185248306,20.175503962096712,21.41113426242379,20.61339977441147,21.36587962047699,19.60233358655657,20.21020863993994,18.60037122453962,20.79024787176223,21.135502763835568,21.70733234781096,18.185399360415207,16.648900280628283,20.848767450411028,19.86045997419126
2023-04-16,15.78080935950752,16.40960456059177,13.853068482484453,17.26349570779573,16.914175829121486,17.586439434625927,18.96328157030111,16.757477020660005,17.618261004147463,14.342157635297228,18.119636078211137,19.22484081967501,17.069065575433974,15.26224604962511,13.137926994246536,18.527593218883656,15.361016893001258
2023-04-23,17.17730173457083,17.28353558572879,14.822620498044577,18.005448115723475,18.126198114949982,18.63551184139964,20.28823910371208,17.464852531730354,18.3008298080728,15.639319177955825,19.26287380647865,19.974367452760266,18.33824805403308,15.95425070214281,14.043826013150143,19.58357047288152,16.562653513288883
2023-04-30,19.374741437659143,19.33081481553344,17.308586777261432,19.96337551588104,20.52533218191784,20.24994576330197,22.1862785684124,19.71995240397268,20.1928720884827,18.06533495299057,21.217534312128507,21.94223739644588,20.58156385384932,18.56796957203933,16.445742411603128,21.61240648990041,18.98343528184608
2023-05-07,14.482270196598009,15.815199933326577,12.848473549523815,16.555927437685785,15.788960612146704,16.786629635087923,19.755913434153744,16.340268345622274,16.897107089802244,13.406376595169942,18.428830960096214,19.58549450671256,15.760125959241712,15.027065534670928,12.074360360297431,19.05346253053549,14.212443719976996
2023-05-14,15.756497122913098,13.172301467293613,11.62062730298385,16.761630058288574,17.89578390156755,16.84686976448756,16.66161049767764,14.766574494002702,17.272279313865706,13.641228227969362,15.284943415489034,16.21280829925743,17.19939021990566,11.75092670084414,13.59090776059806,15.762199179766926,15.480557207148673
2023-05-21,17.756920501532242,16.422718523916153,14.707584412836246,17.75669564377694,19.400356738149107,18.52412270947313,19.507589696100084,17.60418048065978,18.688762879418302,16.01764409855863,18.513064992169795,19.19385916074974,19.26056284057588,15.134616414784537,14.74588840928488,18.834167963837924,17.24957009852736
2023-05-28,15.159938862578445,14.188590121930089,12.283833381869462,15.307992488145828,16.908713589236967,16.031387014892264,17.436981899050163,14.83058780026126,16.138619226018978,13.415516116353604,16.10584135179396,17.022683769544823,16.710018143230425,13.172401020637272,11.937089334996571,16.645562539595215,14.700570553782171
2023-06-04,16.688905814132788,14.584110987466026,13.111265493475871,17.571403316089086,18.9538443019706,17.860180189557365,18.003654435494205,16.1232661948266,18.30469089944769,14.784126604635883,16.672171757850812,17.66704430541581,18.583479626298413,13.308274724241016,13.793890389727556,17.159010793831484,16.1321088419449
2023-06-11,11.091028286530092,12.608250258065492,10.326142313000156,13.438643960725694,11.1340265178751,13.707091897304148,15.689529544062935,12.920305121037869,14.198700722882892,10.536479554642977,14.22280225877638,15.718941892896382,11.761441987914008,11.781473561525816,9.324535758717609,15.048914549168776,10.551484502872045
2023-06-18,13.44745449547295,11.557234922705936,10.494286246498604,13.913752455086934,15.1691173225928,14.261355806961946,15.639441818259549,13.179032648259945,14.661767549477446,11.736122684081844,13.868167439167635,15.790492057800291,14.94114142633313,11.471973025945037,10.808646545097703,15.04522433906152,12.98910160366737
2023-06-25,16.711968104044598,15.33566438007965,13.681440176959576,17.121801059870492,18.63200919774618,17.474045069828303,18.392398467216825,16.72711672398951,17.771658920728527,15.172019409784715,17.004362441554214,17.49747697619415,18.44926536681569,13.85270927242012,13.63932036802126,17.36224393601987,16.1854457418231
2023-07-02,16.03312128943366,14.564321777713836,12.663505981110212,15.619272166774389,18.2060686438989,16.274502865903013,17.194112352310047,15.281771021756258,16.381030167618842,14.02570441817808,16.07902240835743,16.18528714784072,17.91354723142381,13.14746500391898,12.203243016220236,16.32703495212264,15.62360790347796
2023-07-09,13.425601243052244,13.711925640035032,11.582195278809149,14.84160560014702,14.55323999956923,14.888766790142084,16.860578917900956,14.388423596667003,15.391486506639396,12.273990724969098,15.43913314208324,16.73849365332056,14.677601360906504,13.101262092401631,10.691266615974904,16.253986466887415,13.247771690155298
2023-07-16,13.650252445324048,12.740029856848563,11.199755886538217,13.845152681072554,15.372132122031324,13.914582443973734,15.346545022013585,13.103928235041632,14.234308935191534,12.166906345547654,14.264638899105451,15.41580449024622,15.342923903557326,12.18200765997702,10.208823556929891,14.944579495842444,13.685743037581124
2023-07-23,16.70716602983315,15.688095104719784,14.226032261734211,16.744020552862256,18.321918481195706,16.900770084278005,17.925938837034707,16.156110099693397,17.042953549065935,15.37584338279355,17.095885599640027,17.276575129629787,18.37704846481559,14.885721876161767,13.618963920131014,17.39445526026,16.52802042884004
2023-07-30,17.22284171940277,14.28686577526491,13.255372388022286,16.933287340970267,19.73773043355088,16.726537840706964,16.821398579344457,15.986204622442072,17.37541882445901,15.186412098437248,15.959107919998498,16.24885154605876,19.258413023930256,13.328998454342637,13.999328599956,16.23160835908117,16.97165050596561
2023-08-06,16.582140675842993,15.406652915706513,13.57571305780148,16.94467472391469,18.46717611548637,17.377339077118588,18.50461622299328,16.408838223544034,17.25075876642813,14.721761350020246,17.08305198041908,17.637459996575615,18.40374212283425,14.3215201517127,13.185690704755569,17.544422097402077,16.227986461711378
2023-08-13,15.753094600741315,15.020499524785512,13.09344724267589,15.877321473189763,17.231892976824394,15.801792852360004,18.42431018095322,15.97282919623635,16.312888149179358,14.110916770617523,17.062355187651402,17.90006001233412,17.241367628215365,14.288256100623276,12.84858290645422,17.664694907380646,15.6356381515287
2023-08-20,16.91102282942645,16.36264576535743,14.998140544095923,16.358548188493362,18.375082567301085,16.526551935203287,18.728676556845794,16.394283377907495,16.76860645839146,15.829151974754206,17.898804630758438,19.297449739152853,18.28996080137128,16.033779817935173,13.646841736248792,18.721692301755784,16.791712367631032
2023-08-27,14.236188400052535,13.411519764328816,11.374289369202335,14.224436858580226,15.93856367581337,14.3219920677568,15.911012301987183,13.60174658341841,14.545790533730194,12.403247145351328,15.184856161307463,15.457271306019909,15.848894301528638,12.217840603231014,10.694718189395727,15.348418883381523,14.270633666663157
2023-09-03,17.649705858611078,16.87637565029201,15.445637908993088,17.33318980818703,19.1367795762091,17.291494606391186,19.78613649373847,17.265798538009843,17.448864924697727,16.458606508102672,18.449651278045785,19.583918343978432,19.06564919644801,16.544832893072684,14.281541772648044,19.15138005930384,17.443254814636354
2023-09-10,17.37149290013651,17.101908272009158,15.397540036618658,17.655820301600865,18.45770976562839,17.586035405653632,19.08233820245148,17.116268337547005,17.699416704607103,16.219467099793714,18.439264608771254,19.14901427502902,18.621448052896035,16.54399280525452,14.443461513726058,18.917013511732364,17.01425549861877
2023-09-17,23.124168295350927,20.713848535948472,19.90505529571235,21.322453100056872,25.2414664657446,21.086569914946686,22.02850205001609,20.476876671530988,20.915091616300224,21.360213623003965,21.922652318054464,21.635941690511785,24.95404194312666,20.56017827591408,18.835388643774344,21.988663552092014,23.02505546374462
2023-09-24,19.88502077645163,17.645664105283174,16.821369336152774,17.35199700508799,22.27764795304757,17.349786445440934,19.81890509914032,17.220591621398924,17.507457992568643,17.937349198773685,19.01128397607184,20.02411561899108,21.888046894294416,17.65879796454215,14.896595982119884,19.58295710912656,20.15302819061794
2023-10-01,18.379271537947684,16.8968487802599,16.839930638023045,16.410954479660308,19.64951977281549,16.615230140538753,18.43244783940885,16.171778206267916,16.75036252688055,17.543606786009164,17.690380913044983,18.300183713918106,19.64318061887528,17.627166906929695,14.676794825218238,18.260405904392908,18.797925258261174
2023-10-08,16.686948568817886,16.016430642813255,14.920208914045116,15.7880739569664,18.0241524740822,16.135416696123787,19.0801833628218,15.956962739771065,16.116573623948366,15.597793782387594,18.021410275744152,18.758456149191225,18.04806813033852,16.168999185852726,12.881062975621344,18.547228871026384,16.598960848831425
2023-10-15,18.41114976016404,15.940729213421786,15.206624912813687,17.196097000723793,20.761039260932023,17.560518644030953,19.00523680083606,16.245510723559885,17.255854253899557,16.488891721174074,17.638203923939628,18.67335410773593,20.41492716962306,15.899833042158363,13.549598534059536,18.312456812177384,18.455700291456235
2023-10-22,20.133751788194573,18.62290733557012,17.887617037586118,19.688105943657103,21.110994082040737,20.066669373285205,20.52412375625299,18.519583416232813,19.36855174044108,18.810290559740785,19.653631091427496,20.312027417103234,21.476265699246675,18.45511345284043,16.739627184967798,20.133633947652378,19.61344431031425
2023-10-29,18.4516905461806,18.470143929727552,16.716187981450673,19.23056722964559,19.3935882129288,19.4338558692883,21.19537184467816,18.90570579281101,19.43379817223596,17.38335425244944,20.32021191584599,21.161306481477062,19.60906473181883,17.92644982928573,15.785412794249629,20.82222806777506,17.941411459863666
2023-11-05,21.51229899883884,19.01518164616404,18.25304518829116,20.10372708241145,23.038369739258577,20.28425043736953,20.75267393039892,18.9717585640449,20.00539308704742,19.62916690506737,20.06370053311964,20.691014406816016,23.16940205161636,18.81906711682529,17.080166975006197,20.514475279358265,21.17601944494119
2023-11-12,21.74043950703153,21.2362604893601,19.97480559454836,21.04071781748817,23.832476817087983,21.08857922449689,23.25374421433874,21.105090915630388,21.305774761506022,20.477211367024616,22.499185403600915,24.051681883572886,23.559722894867413,21.92766804727208,18.20621974920256,23.611313075235444,22.189065787991424
2023-11-19,20.382650019425988,19.88473049613204,18.551200045456163,19.588401160069875,21.60598404049256,19.70650924770989,22.20914470350082,19.992082460081424,20.28576383198777,19.30058077457115,21.075000135413497,21.85103459114013,21.513604828749845,19.22798979494663,17.224291696458863,21.481058904569444,20.206589679512373
2023-11-26,22.32695672073266,21.809703007435743,20.32728000563018,21.48014138284184,23.28583857679614,21.795025924918274,23.06840541828478,21.12844529139531,21.54969105095313,21.2625092929072,22.66017909194484,23.067265418019257,23.389115580260523,21.35940828010127,19.183279543375573,22.97263057731136,21.608212171539144
2023-12-03,21.36262588304596,21.944505743380542,20.19454739045124,21.158768006733485,22.36444502773327,21.259944336448093,23.97623993008894,21.807522543374592,21.48681055729637,20.5348644932424,23.24278715719909,24.066943631339267,22.33472832013281,21.6269722928348,18.51074145587488,23.71495959436824,21.062045585755705
2023-12-10,22.587838203597105,21.964339839878367,20.55656278249745,22.63269005786805,23.906653729656902,22.608210741629776,23.65974520246767,21.92774634819526,22.04391102221614,21.28130723440473,22.886336335681733,23.00136867173598,23.87913969768981,21.481046849104743,19.499504792836746,23.04400503005534,22.080123850598813
2023-12-17,23.65710668428831,23.544929304102595,21.498474638125703,24.34068521005767,25.11948200793376,23.97825097976351,25.81422640074794,23.814058580274708,23.194347560755663,22.143164171276805,25.194140732339964,25.6394491966844,25.20833345177552,22.745708219515368,20.766729075947147,25.393405290965696,23.11820241511672
2023-12-24,21.042632722793243,22.735143879075043,20.06526083975845,21.77864073145957,22.09443092205011,22.056447726265656,25.20354681876936,22.43188681614864,21.77547486747548,20.41535209080768,24.61127504621233,25.455944269493905,22.26074201259834,21.788702728911545,18.72846818849053,24.987867478521835,20.536659763829725
2023-12-31,21.76716984438313,20.97075969679777,19.12498981506293,20.322591011013305,23.61271130006284,20.82680659496646,22.891070307517538,20.105320434074898,20.44990382969029,19.842243884358016,22.215294376389807,23.050866584572187,23.4367800200768,20.436499331088985,17.546191286276805,22.642331573128,21.17948799698821
2024-01-07,24.24894110238997,24.12242991380345,22.33831131299619,23.525292344036554,25.19244387024513,23.80947366122881,25.8436355368389,23.771765354206032,23.572925213031805,23.023201166845947,25.26942407847483,25.63850918484505,25.57773556028094,23.62290879262027,21.051323474846352,25.482101989119016,23.896193793520457
2024-01-14,23.136735182164408,23.72953027957029,21.56289206338119,23.78242007181758,24.578940748021303,23.84650264774357,26.15133956152913,23.85967853298436,23.892031253433974,22.08668820474493,25.1845608005276,25.847713760931214,24.580337412108783,23.00424209507172,20.825092955515547,25.64926388585637,22.789111459994256
2024-01-21,18.775953716292808,18.764089334748192,16.353682749019647,18.833742690937857,20.44094179578396,19.73511519855514,21.65501853675953,19.21058047505168,19.636477766204955,16.9011251398093,20.551603870474413,20.89804519797271,20.49152472212508,17.610853363508095,15.24615089625113,20.78863835194806,18.43276632571156
2024-01-28,22.28092475900932,21.87354314556,19.76614942017549,21.581839118685043,23.802055843135854,22.156147827973243,24.164914017168496,21.659890619253183,21.921951012135487,20.5506407536055,23.50352224705023,23.53087986897265,23.81466397355422,21.02104924590304,18.61341228774587,23.63070826147867,21.588858904542946
2024-02-04,24.373460570817745,24.35645738898564,22.31574438733132,25.066304555961068,25.398009426588484,25.340013874697103,26.7890204326752,24.703448392199235,24.991282171932447,22.99568099246116,25.96080578065021,26.238670336268346,25.778155135371968,23.29173299187863,21.795023916543634,26.16408139805505,23.55769615995916
2024-02-11,22.4454669927845,22.04304790395156,20.24540032341931,22.505724938142865,23.82398696408105,22.61505311182874,24.61701376445092,22.57653610279033,22.27693961604467,20.86363639552628,23.711279942566183,24.325732639857705,23.87588172529655,21.15522124694656,19.07071676739036,24.076817712205266,22.269887440930805
2024-02-18,22.46807897167623,22.62412708603751,20.20237509889104,22.84394205609957,23.24689121091039,23.36103727765372,25.12321970970221,23.022946309671774,23.096418711070672,20.892672534466328,24.06645581794508,24.28651935649368,23.75236426541244,21.234787403192737,19.67912836587162,24.23642411204,21.698400919006847
2024-02-25,23.117487449596897,23.31433491310331,21.34780214524629,23.29179019161633,24.22456688107957,23.929833462493,25.756533831271067,23.10043121932389,23.26674243568674,21.88215887050393,24.78228246515448,25.15821998010105,24.353514050885053,22.327015219727286,20.313925725182862,25.06655720302037,22.71523438888097
2024-03-03,21.68503492249792,21.286522518597177,19.989703642126724,21.503888624055048,22.79406311916123,21.82134774722341,23.40098441655017,20.78283339661437,21.34243218166254,20.571094423901243,22.44573095082205,23.589124515050184,22.97065155846732,21.097418373358497,18.346083995779576,23.11756515876188,21.532680420220053
2024-03-10,23.973375948853164,23.87355291309641,21.452422320578304,23.68497848084995,25.33099168711111,23.54868545924988,25.82076848422125,23.48571128746132,23.343993198148425,22.34032105380424,25.2932724560494,25.580730792968424,25.36639013621798,22.67314736834617,21.135532998544743,25.49609341033517,23.543680293862067
2024-03-17,21.345187863481247,22.798415453449245,20.007543930673137,22.79780052815165,22.33066711877559,23.203190183700897,25.675695663985987,22.39599717127812,22.56876646049336,20.35526200220475,24.65286189322864,25.393029734773457,22.611519561310992,21.7871778293424,19.13972116211643,25.12437516975776,21.02882608956083
2024-03-24,20.92299963854148,20.853570974711925,18.466325818699023,20.92230175222669,22.805812955696787,21.493546820975634,23.61590813617317,20.474142386201137,21.08160515634048,19.18246103271725,22.467308485353147,22.8655164466714,22.600848682138448,19.779515697024863,17.473064486246972,22.793096198960995,20.49985792309126
2024-03-31,23.016874833763644,22.323540359163587,20.41550718035017,21.84428011093821,24.57591915060025,22.263520800469003,25.08559005670575,22.03147653455858,22.10691791317934,21.45065711400104,23.941917724939653,24.27908022384438,24.52424820233496,21.610782013422515,19.230543338313385,24.284653934247338,22.41180727231213
2024-04-07,20.80703748607268,20.65895309631249,18.48175425432166,20.61292598644892,22.16217191231684,21.02664344497936,23.43886892024004,21.33877575663777,21.24631144249276,19.298347627084087,22.392892817707807,22.754064469967247,22.17191775885328,19.636141541544795,17.736672624511275,22.62312289273436,20.245721391590457
2024-04-14,18.392597428006404,18.33320345349912,16.206216757976595,19.919961574531737,19.52971281253524,20.469487024550272,21.651866262230165,19.87936951278092,20.29738106233033,17.01508084083703,20.269283559724883,21.373035369214985,19.701621082298544,17.633959129765234,15.739766397754188,20.7307702417243,17.728382865694975
2024-04-21,20.36285806653429,19.48111731004613,18.033387938958946,20.40831915963264,21.54061554344737,20.63872958395625,21.99654117061515,20.67709371591544,21.002265045554207,18.906299670447915,21.11147665709128,21.459186682482613,21.65585337274323,18.93307270605573,17.335412339973498,21.291000802922856,19.77650444334087
2024-04-28,21.544212812622543,20.98120208386419,19.701872302244062,19.70727130912599,23.086143894604984,19.69324021603304,23.01264857411732,20.83876885352197,20.389548935302315,20.28640244540804,22.12823485667571,23.256629164970786,23.131223303010565,20.856714364517146,17.99099159171799,22.77318950735193,21.249394002307778
2024-05-05,21.48846195962285,20.972746291394422,19.582259085925152,21.091116699434465,22.590051258519168,21.37374380472544,23.549433672045826,21.66327640483906,21.435088921899663,20.30572943585528,22.694050343831385,23.18104846008383,22.73747211257464,20.71637492147792,18.53983822158376,23.0395805000559,21.15361123457752
2024-05-12,15.547042393776442,16.613303533749285,15.193108250212648,14.81869065903482,16.059619747559996,14.864936909620363,19.035947849729663,16.391091569677574,15.687143222226553,15.16340329059734,18.26237716757373,19.271075431227363,16.281544382507736,17.256466020932066,12.938519176647652,18.91801400007333,15.975930292972658
2024-05-19,15.136197073579297,15.455060004171278,13.8044585267738,16.459908227125805,15.702278684281492,16.75568124778482,18.502259326745747,16.745441258913512,16.821116090987292,14.23342220453363,17.279497509910943,18.64390330430311,16.040983129192043,15.265105620362704,12.823598831597652,18.03403604100595,14.979546361213744
2024-05-26,10.196597705629957,11.869090756881974,8.962121452815573,13.168868353679068,11.186749490078604,12.970894248942765,15.740486417497907,13.87918345909614,14.078325116704354,9.2938780358189,14.313075888827765,14.991965932666131,11.224244398960275,10.706734378393527,8.779317386005047,14.5174679765496,10.021295763732931
2024-06-02,17.67352073870724,15.159529912192175,13.826789891074585,16.306909849955925,19.44406678816021,16.441133143818973,17.917389449850813,16.54280532316728,16.853581064134662,15.457957330517075,16.823066438947404,17.32712331679311,19.24485781294038,13.92676864785548,13.406661505068506,17.17765957408689,17.220522111959536
2024-06-09,20.249344380205663,17.731633729772017,16.07094346683641,19.3958631668772,21.89986460478901,20.17046215543416,20.20070271172259,19.25780536552528,19.59587658734704,17.966775749343856,19.41697682384805,19.15098028619977,22.009364304855524,16.224397489474512,16.318818432599542,19.410801366817232,19.310972751632857
2024-06-16,17.968783021433474,17.636009972232745,15.5176468470928,18.183224239519664,19.125449459434524,18.42800825995368,20.07337633583358,18.555957242792303,18.57986061260425,16.569064672403584,19.33556301315109,19.17714287714174,19.419110916756296,16.6904982029802,14.874115979749016,19.418408712995497,17.578525259167037
2024-06-23,13.5815410963817,14.287215790514752,12.288594533409178,14.31362173741772,14.45307532069773,14.383448608133326,17.58790504133041,15.332075519066354,15.113771705011567,12.773439005335756,16.11199388215036,17.0921789320974,14.743652148596569,14.02636935789216,10.567524070482431,16.788001101544225,13.62476055063006
2024-06-30,13.28757160203951,11.842971872419184,10.815948578353042,11.474340244063308,14.148880764080983,11.470695829452849,14.396492554912069,12.8199365266577,12.534130638592863,12.183281281935754,13.11635033743722,13.588931777727892,14.356817582399229,11.496552059760807,9.909067346744726,13.748649799660464,13.167254906780316
2024-07-07,8.675230671847034,10.73759196155361,8.32659374472306,10.357130291206497,8.265722894562693,10.155986329303284,13.545548578045455,11.237808990230809,10.92317685595697,8.532958238277713,12.323848309042132,13.293285518964987,9.11551589717276,9.992664208278196,7.355871085573811,12.8710444930015,8.728040478621532
2024-07-14,14.418247786267846,13.797701592638548,11.977525200797269,14.303617452581724,15.06681515886376,14.320878025187488,16.174720728015068,13.804782228593702,14.382398971139567,13.043939238055888,15.19738970917541,15.439894369027686,15.354903793703176,12.815468221678769,11.196718164134731,15.498005999511,14.032126426054145
2024-07-21,17.753764258081542,14.699409473171112,13.380535794658371,16.83720594218799,19.134991303450263,17.00781740952029,16.53011082351729,15.48304921088281,16.665622431238102,15.613837769919224,15.990861478202786,15.42361531553243,19.14014445308553,13.172963247687909,14.49566562926445,15.88712253122647,16.91473882153349
2024-07-28,15.991128296772333,15.253538836802502,13.065245398188864,16.067681612712995,17.594385118152726,16.41629033168464,17.354444264670505,15.486638234869226,16.096523453811376,14.110012377877338,16.658516846693953,16.408582234961003,17.5244537835876,14.110563295180969,12.6096496993276,16.72861392997249,15.471779837441249
2024-08-04,14.946941650665558,16.286679643811954,13.902987335673878,16.37637702836877,15.394077274906998,16.34292412049675,17.367684814742283,16.167854591964126,16.661577180407054,14.261113918270116,17.390767352611988,16.741655647915326,16.06990690857287,15.095780542635568,13.35161826731756,17.223535164461676,14.419446100764516
2024-08-11,13.788645359540077,11.305996581435458,10.6764441911584,13.371769769560723,14.933042192000268,13.18978782172676,13.318626781941852,12.695508264318688,14.020993610650825,12.297631028532578,12.791489116866869,12.488115110808623,15.101452462461465,10.964817527918935,10.711618864229,13.037585110113811,13.458695384691348
2024-08-18,19.503474002332453,17.471727852628174,16.20229479900587,17.92184626275585,20.724081479205985,17.843056680613042,18.20829403157137,17.2323750701508,17.819480721497953,17.71148413748253,18.19493245294084,17.875218712737297,21.03133148484248,16.853385499026594,15.806924716560736,18.28810088461859,18.96231182598361
2024-08-25,14.196098876275611,11.700086417991216,10.503702656822917,13.358856961840678,15.45823265233806,13.823453775550714,14.164167329104233,12.491448644662832,13.659694570384614,12.044850514361508,13.357198953834962,13.292288735227764,15.77951220748047,11.076449121747698,10.425060642854016,13.632807492743266,13.83657200574232
2024-09-01,17.03929479149778,16.15337821262986,15.053433992424788,15.911662562972024,17.770189348809552,15.8939179048575,17.601697173827592,15.837462224341056,16.219185316865925,15.774283481529244,17.336068591823828,17.456170862254428,18.03497993071567,16.540621295954615,13.889059646995172,17.59188581119545,17.120740895001394
2024-09-08,23.0539995485598,20.30471737095034,19.98416364478557,20.17741063521022,23.47529837539865,20.9375327121337,20.45940582119689,19.978275991662755,19.91793412471704,21.634961336884643,20.9303328790706,19.8839180964344,24.12759187875107,20.24201865775528,19.56288249783848,20.69406631454796,22.343577591235423
2024-09-15,16.290200952704193,15.405291560362144,13.75015013177731,16.35495014417739,18.044591934040334,17.078458940660628,17.667251817686562,15.661074887065144,16.31167037333061,14.47746899318373,16.571282076319573,17.17886084944733,18.000962528943095,14.497792573422371,12.7285802270728,16.915756673495597,16.17629146190345
2024-09-22,22.371178872490177,19.5576525314022,19.246633311341903,19.871965824138552,23.420902158312234,19.890537583536467,20.6589670987588,19.32699595760989,19.703903533241284,20.524938717467712,20.293855541609062,20.236423254655698,23.819900328588304,19.720764690017248,17.98885932183501,20.56600214777161,22.043477488335256
2024-09-29,20.24172657336968,17.599545020792785,16.990786589239168,17.98944261386281,21.909816721472183,18.451584588913693,19.648713962677267,17.334265578629136,18.043838278888025,18.14786793544671,18.77340893683496,19.35696592356637,21.999752709304047,17.481402682088135,15.280583365800378,19.235823851508872,20.276812710209352
2024-10-06,18.17625840014012,17.743420411274627,16.202660959594105,17.817942213444482,19.62589576630836,18.26402891372621,19.7180685427029,17.521193932372256,18.003824221877906,16.757941542647956,18.90511083561621,19.70797614202988,19.4950211830581,17.1797992965191,14.973227816586087,19.312314363841672,18.084777567264524
2024-10-13,19.352993444739774,18.790903182934592,17.13902897314361,18.984640101591747,20.41143091513792,19.364321972565914,20.66625651256684,17.865799902878802,18.716072881291755,17.701474575948126,19.74530914769028,20.263798660987792,20.69323748879451,18.143699591651377,15.801707235137346,20.041241642080404,18.91708272872267
2024-10-20,20.809028152946954,20.85479105764361,18.91405250461311,21.36780443503743,21.81203261911208,21.869736025845835,23.092548854149467,20.47394839249648,20.752298216997065,19.33783709319021,22.166245037755925,22.898645990942363,22.09763806575053,19.98541659086081,17.814268970971966,22.491558382889064,20.14684464346688
2024-10-27,21.76884265541264,19.830062963306776,18.3505104715674,18.98498010777292,22.777140232653725,20.48310723053136,21.700487003382023,18.632452002190924,18.685867917047787,19.3640928600985,20.63730658989448,20.927897630676107,23.18744146317589,18.90734115173376,16.579662934581048,20.812679884251786,21.14602226581213
2024-11-03,20.850467267030304,20.664005178886686,18.962420925590564,20.737881041708444,21.96172727222005,21.63398134877169,22.70547608244871,19.93865463900876,20.17833496306507,19.31805069669159,21.75828378850764,22.211081684760327,22.21448636147046,19.87755999925536,17.577862223324445,22.05731776362529,20.26401498696875
2024-11-10,20.10210858962404,19.21201735264712,17.556350173628637,19.170099691266103,21.37323877389655,19.44427621686781,21.080076595784625,18.521132196203453,18.77365952881815,18.21999811241141,20.33807657745493,20.744810938513822,21.651443724466567,18.606570103067536,15.844508166831249,20.610322090044413,19.638314324247872
2024-11-17,21.60267250817101,19.802855800209777,18.80764456649956,19.20247887429737,23.238093869585537,20.13473114666638,21.435002023902648,19.120415799029463,19.230809399293125,19.72220307984153,20.45066802202365,21.62880781076025,23.31027553624628,19.653278915788704,17.077166934554416,21.164685732697787,21.300747751868315
2024-11-24,22.65309681395306,21.6434292203582,20.225325245929167,22.099997389884223,23.87749991003978,22.54130746652414,23.048768396627803,21.094041626670144,21.8016469753885,21.100054174494016,22.599646752427663,23.015781055563547,24.10786215587012,20.821276326211585,19.206171501231346,22.823262813739817,22.00540223083085
2024-12-01,21.22748327562094,20.56733567882448,19.333296799934743,20.754881064097088,22.079295106855348,21.145656065284207,22.73152722283633,20.098345720860863,20.447522919238665,19.9650104810202,21.79402046864167,22.1966706761774,22.479517437776543,19.96800243066713,17.93520938502941,22.01418290259553,20.552361547464947
2024-12-08,19.909643197765376,19.296531378841603,17.789283042474455,19.129679940995715,20.972836763394664,19.422068996012136,21.39720958453921,18.659227038296788,18.715328653264653,18.335423856806027,20.52593772937725,20.6713880592922,21.290437956114072,18.357053856723244,16.28937772026237,20.58002031106072,19.276451517629493
2024-12-15,20.532081532815862,21.49530064678396,19.27318451821328,21.810391602062044,21.70376257116401,21.305032952258333,23.904301184606968,21.018710365790824,21.59531723403184,19.316088560595688,22.39092975137553,23.62288482491218,21.91530642086014,20.50789308038492,18.051809541118256,22.963826924154205,20.035900853714857
2024-12-22,20.602297072244887,20.642908507064465,18.9184974452089,20.3269309543428,21.87188101485427,19.885781458752803,22.28712272644043,19.49286203211004,20.19167605958106,19.12970282873233,21.107911855524232,22.03117329476657,22.056100541560344,19.98817529100932,17.471142859149914,21.62892043380588,20.13482652520234
2024-12-29,22.195758,22.204101,20.374269,22.052525,24.153854,21.83946,24.448109,22.005611,22.23226,20.51165,23.003288,23.676967,24.079992,21.37477,19.305091,23.380024,21.89469
2025-01-05,21.421725,20.631231,19.281744,20.988087,23.442361,20.453967,22.709775,19.914597,20.779246,19.667474,21.2676,21.947542,23.339916,20.061349,17.929146,21.748332,20.960601
2025-01-12,22.136018,21.666245,20.177896,22.585847,23.64866,22.074485,23.81582,21.488311,22.424105,20.703859,22.312905,22.664871,23.487581,20.505949,19.479848,22.55503,21.557507
2025-01-19,23.496464,23.918955,21.989341,24.812146,24.399217,24.352338,26.203101,23.954386,24.822652,22.460704,24.845062,25.591853,24.520016,22.759482,21.643308,25.243367,22.697458
2025-01-26,22.74791,22.53048,21.001748,22.060838,23.727158,21.930733,24.845247,21.859917,22.155184,21.357528,23.28236,23.890753,23.96243,21.750207,19.811314,23.684813,21.996075
2025-02-02,23.576351,23.169773,21.612631,24.773524,24.681628,24.40356,25.249156,23.557649,24.592098,22.265229,23.923835,24.732223,24.75432,21.993828,21.264823,24.279611,22.655284
2025-02-09,24.83191,23.922225,22.236037,24.834625,25.609344,24.479399,26.240895,24.475572,24.918521,22.793056,24.930643,26.21485,26.058539,22.847228,21.952314,25.504204,23.968738
2025-02-16,23.373946,22.984743,21.488198,23.293518,24.286203,23.064568,25.931667,23.574379,23.647354,21.892266,24.333827,25.965836,24.464192,22.453345,20.662773,25.186443,22.767467
2025-02-23,24.647806,24.004326,22.254077,25.151923,25.74104,25.078722,26.657163,24.961421,25.307506,22.764524,25.184132,26.145799,25.944233,23.047661,21.903029,25.653457,23.961612
2025-03-02,25.350006,23.644076,22.160738,25.986278,26.689499,25.643078,25.595974,24.701946,25.938928,23.175505,24.641866,25.30365,26.680825,22.852729,22.150892,25.026237,24.717049
2025-03-09,21.07548,21.071888,19.500061,20.977289,22.046576,20.597275,23.484453,21.264293,21.322395,19.767392,22.088629,23.341808,22.343583,20.628103,18.37842,22.733364,20.553928
2025-03-16,21.821192,19.942951,18.510126,21.191615,22.898892,20.806879,22.779134,20.976588,21.371804,19.425605,21.200994,22.190424,23.344858,19.112454,18.065215,21.760843,21.062771
2025-03-23,22.911317,21.761934,20.347404,22.971438,23.736475,22.930042,24.7318,22.746785,23.080835,21.112669,23.130389,24.337699,24.081325,21.251609,19.669223,23.799838,22.093416
2025-03-30,20.712707,21.242767,19.422311,21.566706,21.448363,21.312539,23.985504,21.777063,21.842347,19.501367,22.44002,23.419954,21.710619,20.674325,18.333043,23.051193,20.190639
2025-04-06,18.196072,17.85374,16.42947,19.38911,18.973865,19.329435,21.373882,18.865285,19.396474,16.930708,19.448086,20.629762,19.359412,17.540984,15.587828,20.230809,17.620865
2025-04-13,19.526959,18.768449,17.161551,19.790913,20.48381,19.665329,22.05912,19.999879,20.123899,17.891493,20.443227,21.394389,20.752733,17.876495,16.669645,20.948326,18.882225
2025-04-20,18.495607,17.2795,16.420076,17.97875,19.225613,17.58859,20.315503,18.10784,18.263963,17.095607,18.561528,19.657155,19.661716,16.89444,15.216526,19.280558,17.989296
2025-04-27,16.409645,15.98836,14.178459,16.485663,17.475134,16.270519,19.382108,17.583911,17.185887,14.767001,17.969933,19.282508,17.684106,15.444724,13.565611,18.719634,16.02365
2025-05-04,18.997151,17.945471,16.343414,19.065282,19.952026,19.103874,21.212311,19.468233,19.50435,17.205102,19.571557,20.579169,20.242637,17.044689,16.257747,20.301595,18.312732
2025-05-11,16.840545,15.715509,14.131272,17.248005,18.081595,17.453776,19.426746,17.150849,17.369176,14.854702,17.560738,19.116009,18.249565,15.237715,13.570254,18.483362,16.360517
2025-05-18,17.651024,16.683991,15.414174,17.484302,18.77876,17.406387,19.552482,17.558369,17.743611,16.09729,18.035817,19.340356,18.900174,16.263691,14.614587,18.811403,17.466383
2025-05-25,13.387397,13.940782,11.855488,16.095453,13.86973,15.746859,17.784803,15.911232,16.182046,12.305675,16.220692,17.552562,14.412895,12.95839,11.820464,16.92377,12.987029
2025-06-01,15.030066,14.3889,12.86613,15.790149,15.796599,15.677971,17.679011,15.878357,16.209377,13.603009,16.092091,17.604988,16.316872,13.961357,12.432025,17.085487,14.685564
2025-06-08,11.380591,11.764666,9.421485,13.334452,12.261681,12.940008,15.599525,13.245111,13.598661,9.6073,13.739468,14.800015,13.025297,10.438872,9.214574,14.324308,10.899836
2025-06-15,15.829775,15.495942,13.405101,16.880556,16.7064,16.569154,18.739516,16.897881,17.216337,13.854483,17.486481,17.817518,17.407327,14.527962,13.061705,17.908068,15.322173
2025-06-22,10.630026,9.701982,8.26849,11.62462,11.28699,11.583709,13.501265,11.848042,12.09034,8.834241,11.802131,13.591182,11.953587,9.641256,7.845912,12.963851,10.36077
2025-06-29,8.887697,9.778657,7.420017,10.444504,9.940294,10.337959,13.354473,11.390854,11.02333,7.463024,11.607365,13.250551,10.559079,9.167506,6.859925,12.58315,8.522339
2025-07-06,13.593106,11.332307,9.964115,13.153317,14.586012,13.310309,14.710435,12.94658,13.457789,11.476693,13.046985,13.916081,15.197025,10.222132,9.86042,13.732742,12.786737
2025-07-13,14.547423,13.176474,11.46276,14.885826,15.108422,14.947399,16.747744,15.236584,15.466952,12.714527,14.772613,15.50812,15.870489,11.465098,11.674143,15.328299,13.593221
2025-07-20,15.138766,12.135769,10.936842,14.160136,15.957246,14.313442,15.575224,13.888288,14.522815,12.58738,13.729202,15.132757,16.517926,11.000081,11.234622,14.640739,14.634214
2025-07-27,13.370358,12.076872,9.969087,14.123614,14.679164,14.335642,15.518508,13.81671,14.420496,10.740833,13.731023,15.176976,15.025854,11.148384,10.351414,14.687499,12.879861
2025-08-03,12.453083,12.804183,10.184593,14.228072,14.266699,13.987678,15.707061,14.075791,14.58515,10.314233,14.233125,15.078377,14.167246,11.910483,10.431212,14.884974,12.110692
2025-08-10,11.449073,10.610872,8.243101,12.503617,12.690686,12.471152,14.284242,12.785,12.929929,9.11986,12.386552,12.768418,13.024886,9.061375,8.862938,12.986809,10.970689
2025-08-17,17.83271,16.965382,15.022154,17.994648,18.722607,18.322989,18.347734,17.388886,18.126396,15.633135,17.694929,18.420558,19.32588,16.094301,14.911457,18.28131,17.15638
2025-08-24,12.628158,13.561224,11.183252,14.226929,13.644353,14.114938,16.564488,14.395346,14.619222,11.229252,14.969179,15.93159,13.991156,12.925203,11.041454,15.689571,11.959585
2025-08-31,16.450582,16.636097,14.716424,17.472547,17.615859,16.887481,18.532277,16.83828,17.613747,14.789812,17.445666,18.172208,17.823135,16.278964,13.846916,17.959816,16.01347
2025-09-07,15.661627,14.081876,12.162994,15.367278,17.473667,15.239184,16.439376,14.971298,15.480355,13.067858,15.175715,15.958386,17.533066,13.322763,12.269053,15.823541,15.578553
2025-09-14,18.198317,16.813844,14.685103,18.497815,20.11417,18.639663,19.764699,17.963713,18.53274,15.282052,18.190712,18.828513,20.026833,16.01306,14.675166,18.675416,18.068203
2025-09-21,15.114471,14.371171,12.07002,15.813149,17.056493,15.513379,17.533184,15.190574,15.801613,12.403114,15.780271,16.963393,16.786106,13.452377,11.802255,16.440819,14.814608
2025-09-28,17.895207,17.770369,15.590465,19.251633,19.250755,19.140884,20.09775,18.498894,19.242895,15.777155,18.796025,19.205355,19.314154,16.96013,15.482594,19.098603,17.425494
2025-10-05,17.292421,16.744575,14.430664,18.09624,18.814175,17.807443,18.633336,17.332739,18.245733,14.890225,17.509981,17.877098,18.722238,15.593062,14.560634,17.70428,16.537753
2025-10-12,17.499099,18.437174,15.508569,19.303328,18.927805,19.044359,20.917744,19.350235,19.65037,15.390293,19.586596,20.196471,19.104742,17.444968,15.614149,20.029578,16.860217
2025-10-19,16.87652,15.848462,13.506382,18.366498,18.972224,17.685422,18.777934,16.892525,18.162599,13.792777,17.098842,18.235057,18.924251,14.814161,13.413324,17.539027,16.219472
2025-10-26,17.276065,17.405644,15.464338,17.378369,18.379827,17.052205,19.485693,17.762933,17.853679,15.532686,18.274233,18.845113,18.655677,16.572102,14.846077,18.615874,16.676052
2025-11-02,19.427038,19.20056,17.399191,19.22711,20.937855,18.789639,21.313895,19.80511,19.786888,17.838596,20.201734,20.765765,21.178224,18.507995,16.498021,20.524657,19.338987
2025-11-09,19.434784,18.356813,16.508455,19.478673,20.77629,19.410474,20.083436,19.07513,19.599375,17.488138,19.051418,19.272903,20.823024,17.199444,16.250713,19.254703,18.842274
2025-11-16,19.446598,19.321823,17.794381,19.745485,20.477247,19.909034,21.025821,19.315307,19.76058,18.388252,20.031055,20.254606,20.489981,18.64033,16.648677,20.31159,18.756756
2025-11-23,21.228468,18.732331,18.144691,19.504021,23.680323,19.73686,20.229282,18.514028,19.386938,19.255066,19.374025,20.439549,23.207501,18.606488,16.964485,19.944371,20.777277
2025-11-30,22.671499,21.290181,20.501916,21.657508,24.758255,21.544225,22.307329,20.488892,21.500336,21.337361,21.595312,22.364134,24.431768,20.903024,19.589112,22.005239,22.198622
2025-12-07,20.108959,21.004754,18.943228,22.940891,21.192179,23.186046,23.747698,21.565723,22.573873,19.412996,22.129287,23.401855,21.257566,19.747881,19.213095,22.598257,19.47074
2025-12-14,21.246282,21.356508,19.916285,22.607634,22.802478,22.730897,23.350555,21.386086,22.387952,20.423144,22.17688,23.137299,22.56445,20.33817,19.784455,22.624759,20.662186
2025-12-21,23.481373,24.563038,22.750181,25.475695,24.539385,25.480963,26.219963,24.706767,25.44157,22.779552,25.43222,26.49351,24.370738,24.156759,22.409537,26.023319,23.074195
2025-12-28,23.015288,23.755095,22.128269,24.037948,24.110827,24.078913,25.632333,23.787118,24.235518,22.346611,24.623081,25.56356,23.900183,23.159092,21.630277,25.192868,22.466057
2026-01-04,21.012602,20.823807,19.459107,22.311996,22.552445,22.532831,22.976058,20.781276,21.919108,20.10214,21.70545,22.619416,22.185329,20.094769,19.066328,22.133031,20.494311
2026-01-11,22.361927,22.509481,20.782668,24.498123,23.367159,24.726579,24.616157,23.110963,24.226769,21.392928,23.338885,23.526953,23.186572,21.190694,21.052568,23.592307,21.413817
2026-01-18,20.127907,19.72773,18.010426,21.127422,22.101633,21.360672,21.974892,19.921415,20.875332,18.707536,20.560708,21.450819,21.632304,18.610001,17.690736,20.939836,19.820481
2026-01-25,22.876873,22.361629,20.911639,23.584674,24.36845,23.705212,24.47359,22.935379,23.756485,21.615613,23.186005,23.574322,24.15542,21.332504,20.762465,23.467395,22.425175
2026-02-01,23.01994,22.504637,20.711094,23.812102,24.661003,23.892012,25.320234,23.65324,23.989472,21.497817,23.743331,24.329109,24.39887,21.313055,20.720922,24.253481,22.454425
2026-02-08,23.36436,23.212474,21.502965,24.063296,24.541775,24.085064,25.647942,23.918121,24.25882,22.263993,24.16857,24.663605,24.512034,21.908438,21.3609,24.472351,22.8367
2026-02-15,22.647577,22.917844,21.202026,24.056576,24.71349,24.123396,25.395914,23.675888,24.162275,21.706078,24.024283,24.712369,24.063611,22.094297,21.084568,24.441574,22.765726
2026-02-22,20.961133,21.099998,19.383924,22.292613,22.611197,22.382985,24.657387,22.318731,22.627055,20.000681,22.516042,22.74526,22.40732,20.12349,18.982716,22.938761,21.000679
2026-03-01,22.573497,21.609828,20.086898,22.694305,24.443523,22.986398,23.755546,22.356774,22.969465,20.999691,22.413008,22.6173,24.107563,20.380944,19.857551,22.704254,22.571393
2026-03-08,21.511378,20.444841,18.891313,21.640152,23.341461,21.694698,22.71922,21.316267,21.840059,19.777455,21.446725,21.84122,23.083159,19.576008,18.475126,21.754783,21.701406
2026-03-15,23.214252,23.959492,21.870772,24.221176,24.844355,24.155789,25.204819,24.266273,24.569701,22.319648,24.539498,25.033502,24.263161,22.841574,21.59067,24.766522,23.252065
2026-03-22,23.704958,23.916474,22.054979,24.57746,24.756105,24.506817,25.501731,24.402925,24.847261,22.602409,24.587389,24.803116,24.69279,22.86148,21.694762,24.748242,23.392689
2026-03-29,23.136059,21.635269,20.065772,22.974526,24.628876,23.187181,23.821514,22.575161,23.108504,21.12544,22.738875,23.344662,24.322059,20.947358,19.991267,23.164635,22.56122
2026-04-05,19.976246,19.835521,18.060101,21.050554,21.258012,21.11796,22.240517,20.618855,21.288985,18.826057,21.004214,21.814787,21.157129,18.953767,17.788136,21.531143,19.906439
2026-04-12,19.543157,19.472281,17.560558,21.286113,20.581595,21.67819,22.609137,19.960212,21.02394,18.355915,20.914997,21.768373,20.602922,18.675844,17.559698,21.529705,19.231123
2026-04-19,19.821009,18.843691,17.519566,20.783769,21.646695,20.946878,22.174943,20.272845,20.884872,18.70218,20.472483,21.403231,20.858581,17.936607,17.459492,21.170811,19.641799
2026-04-26,16.585028,17.018873,15.338555,17.948137,17.880215,17.623552,20.49709,17.931742,18.339344,15.865424,18.671088,19.791608,17.631266,16.435105,14.778573,19.473766,16.603296
2026-05-03,17.272212,16.789862,15.338483,18.786441,18.582649,18.803297,19.933558,18.231525,18.826092,16.13032,18.308026,19.1744,18.449521,16.058426,14.942635,18.931293,17.177639
2026-05-10,11.436729,10.949055,9.687285,13.032617,12.866957,13.144843,14.665831,12.965333,13.237953,10.726491,12.796232,13.722749,12.355088,10.348394,9.319285,13.536352,11.202209
2026-05-17,11.68455,12.937057,11.119892,13.346691,12.426885,12.728321,16.369721,14.032047,14.135185,11.30632,14.685129,16.005105,12.354424,12.69201,10.463502,15.554688,11.64253
2026-05-24,14.627464,14.262912,12.987072,15.693133,16.638007,15.78789,17.338229,15.058063,15.708912,13.733827,15.764455,16.95439,15.846502,13.936267,12.274357,16.545849,14.917978
2026-05-31,13.860981,14.113608,12.119867,15.660456,15.551523,15.824103,17.652869,15.210827,15.913238,13.024296,15.74225,16.593691,14.7957,12.921039,11.963907,16.418616,13.54164
2026-06-07,13.749543,14.216648,12.399506,15.415347,14.940313,15.250765,17.758023,15.326695,15.895857,12.981427,16.052019,17.196939,14.662349,13.778673,11.809085,16.889988,13.496889
2026-06-14,9.839047,10.858269,8.970983,12.180862,11.731957,11.863379,15.01044,12.641425,12.921497,9.504105,13.066265,14.538633,10.661574,10.584314,8.083707,14.043492,9.822352
2026-06-21,8.826116,8.591521,7.278055,10.516936,10.223573,10.307384,12.624572,10.87259,11.241104,8.299828,10.916262,12.830029,9.49405,8.566847,6.829798,12.073098,8.308671
2026-06-28,12.939815,13.836956,12.691149,13.598814,13.739638,12.892534,15.900261,14.254484,14.580581,12.843726,15.157383,17.013547,13.756184,14.534229,10.945313,16.298924,13.243647
2026-07-05,12.127925,10.899898,10.503897,12.292465,13.188671,12.352387,13.762737,12.10278,12.728892,11.540338,12.576839,14.38876,12.797566,11.383321,9.394332,13.690476,11.940019
2026-07-12,14.332676,12.829903,11.701084,15.21804,15.808688,15.764599,15.532189,14.045115,15.023835,12.878706,14.30919,15.631387,15.571499,12.489108,11.419244,15.169315,13.98035
2026-07-19,17.190538,16.223873,14.982601,17.402262,18.190886,17.585535,18.358473,16.68704,17.541285,15.973509,17.26923,18.355265,18.40378,15.727077,14.174233,18.023838,16.925983
2026-07-26,17.837448,15.744585,14.855392,17.654411,20.101982,18.050421,18.318378,16.859234,17.731108,16.306116,17.069494,18.069599,19.684456,15.335683,14.148875,17.746691,17.868591
