Semana,ano_epi,SE,ALTO URUGUAI CATARINENSE,ALTO VALE DO ITAJAÍ,ALTO VALE DO RIO DO PEIXE,CARBONÍFERA,EXTREMO OESTE,EXTREMO SUL CATARINENSE,FOZ DO RIO ITAJAÍ,GRANDE FLORIANÓPOLIS,LAGUNA,MEIO OESTE,MÉDIO VALE DO ITAJAÍ,NORDESTE,OESTE,PLANALTO NORTE,SERRA CATARINENSE,VALE DO ITAPOCU,XANXERÊ
2001-01-07,2001,2,21.03673135912096,21.58615213518204,19.249314079690848,23.15591125403132,22.608917217974657,23.68004653321883,23.750496672471822,23.16053848960183,23.555655184557292,19.77138895232176,22.78714623059029,23.859452718030408,22.691868754427407,20.3437406745974,19.901196457052546,23.182421969807542,20.7717443360794
2001-01-14,2001,3,22.162944985172462,23.42776654676588,20.70306020176506,24.32689174300148,23.701774093153563,23.928771948108643,25.84323179061489,24.60815801050756,24.813369982396555,20.835305119526268,25.180104494301272,25.341409346485392,23.71645918039742,22.12286769065359,21.24814918534608,25.297462900090824,21.965276710428
2001-01-21,2001,4,23.1003086232464,23.05589465139263,20.97702903882952,23.677603568349564,24.89367534741925,23.671843213310883,25.214118368076505,23.86599326492904,24.08380941962076,21.38405684330601,24.60844212816907,24.849769607708463,24.956755566320822,22.0301845597334,20.875071194050715,24.758563883383918,22.982907034316156
2001-01-28,2001,5,22.59492187058143,23.338714512172285,21.21346829608149,24.04014914376395,23.945046730521515,23.705115911122917,25.63624930312265,24.11178183815696,24.420790606982084,21.326648085672485,24.8972736936627,25.316776812879866,24.0781970631662,22.36709494113356,21.212242893355924,25.209298542567662,22.33812353360364
2001-02-04,2001,6,23.579446394931395,24.42044776436617,22.06501076468981,25.11516592048464,24.5989073238754,24.872373445920807,26.591529190018992,25.124791136902648,25.466041856082683,22.399102950122952,26.104700316391984,25.83193563065439,24.967530219251124,23.1440229200779,22.268862287557663,26.071964569987617,23.07348160088223
2001-02-11,2001,7,22.836660677248293,23.01668461350236,21.048569157151068,23.89791935398465,24.118212289760766,24.20420308401532,25.2500568200826,24.045184992009943,24.23123640930116,21.4926793084504,24.454489522166064,24.8196625748092,24.324013321556176,21.97904163356067,21.037112861160946,24.805196575455938,22.41792099302349
2001-02-18,2001,8,21.75667830016776,22.57495481576493,20.098457018252272,24.022697982333955,23.07048511293356,24.756388464182656,24.918477094555737,23.85113791527686,24.305336623742388,20.51115281026731,24.130847225767194,24.615080512116226,23.135142749801105,21.236130021898745,20.800090030255703,24.42394061377837,21.301178690558167
2001-02-25,2001,9,23.03620710090627,22.98145716530936,20.786667703630236,24.11879280635289,25.022769183957248,24.416294691952345,25.282034587582064,24.246592936330025,24.499670321694094,21.40585492459137,24.44742342631022,24.69739593906865,24.9366854258946,21.68745699823257,21.183082367821907,24.72303752563237,22.76798061540506
2001-03-04,2001,10,23.270462215330305,23.689275423346807,21.483371322516756,24.300673785663783,24.54902085897924,24.349808838990363,25.86348594242908,24.62481935377245,24.834333423532385,21.99897058742253,25.19241485100288,25.16147222030516,24.778238955611886,22.378552573822592,21.5332278846919,25.28769232195651,22.691088265164524
2001-03-11,2001,11,23.344599459929206,23.48551241827926,21.280440324581928,24.55566379569825,24.76827297874242,24.55812790280297,25.634274174103588,24.51523413720069,24.907015828470428,21.765209148651568,24.83690368189956,25.16796627713021,24.94288077225556,22.31525887601405,21.31595800055621,25.064878975108645,23.147546616525982
2001-03-18,2001,12,21.97867137216693,22.93071173503201,20.28797157697161,24.26138440767924,23.076368813334707,24.492452876755014,25.34090692169812,24.053819436407707,24.55625794778365,20.654533739165057,24.61473057734502,24.921733974446504,23.42301271504877,21.52711330499864,20.83661121128554,24.77358406723829,21.434206479321908
2001-03-25,2001,13,19.857470395789036,21.30668699919288,19.010352976679695,22.375820920580907,20.68582511918797,22.49504078309048,23.611302350769936,22.329046457464045,22.77798580236864,18.97585841748524,22.760710223309403,23.490123067583355,20.80323618259209,20.41343667679829,18.89073454963245,23.24057712666909,19.615802285484865
2001-04-01,2001,14,20.15356103364412,20.959904876090825,18.46261209159587,21.932471062455857,21.239891362843203,21.869062045672997,23.467994367415983,22.06764061865868,22.38252520514561,18.896256050993813,22.75251920625761,23.07364902342105,21.45109327603491,19.606291392409005,18.619850773950333,22.905927452789125,19.71844094140189
2001-04-08,2001,15,20.71007318877192,20.752875978758595,18.661210231899474,21.404810942354658,22.720703242179827,21.26849663733209,22.879274473941013,21.68520264068207,21.94667761106547,19.12701054069939,22.117899168931046,22.539713826140947,22.515730868895545,19.69270792599955,18.432355697170507,22.36877883717038,20.74514584399941
2001-04-15,2001,16,19.41492542919812,19.75694906940338,17.2173867229878,21.1292089621226,20.81266326396047,21.224163580738598,22.18983055203719,21.26588961415477,21.584315385837144,17.85077306470667,21.331998793696947,21.556273604339022,20.923790968523065,18.288964843297126,17.64105050554048,21.49954097471592,19.08989146777562
2001-04-22,2001,17,20.112374333954843,21.005941354389638,18.601429906267978,21.684684297868184,21.09159896534341,20.985041538567465,23.38071313196299,22.03668219331023,22.270942161694432,19.046460791567444,22.71266430941495,22.78697637213529,21.314836124655823,19.681412134898903,18.597821917541918,22.803632478658,19.819826126741276
2001-04-29,2001,18,17.190798007690155,18.203179330459797,16.049018972408696,18.738742776569865,18.168788068123344,18.344855643607477,20.717750037724358,19.31514244277756,19.339292022346758,16.297100736802552,19.84626646661139,20.46146411073176,18.173682628451168,17.21643675991703,15.66738115015216,20.280467895612325,17.16588421394883
2001-05-06,2001,19,12.936578336983269,14.340143990160811,11.652075402802245,15.640092001074834,14.143009928400478,16.064745480796393,17.10258868136837,16.153362363344662,16.174158211090326,11.887772784324277,16.10507020496187,16.66405798868349,14.028480527944089,13.008676478359884,11.774750545035785,16.338085547818597,12.929709077202729
2001-05-13,2001,20,10.716831758369043,12.85215931457243,9.899048175659452,14.16344798888479,11.376585545317496,14.461827538341783,15.683389697060989,14.58682968486439,14.719538811834823,9.81603030171518,14.717761651571696,15.412444567101986,11.520460086439568,11.589277734292276,10.187236651717194,15.035430926866027,10.51109010929046
2001-05-20,2001,21,14.641935580485576,15.284566007951684,12.746393578181568,16.3312240753855,16.340781345974506,16.485165406991772,17.90491406910621,16.742986926784763,16.81598784638944,13.213833056901516,17.024223970850823,17.502976029388346,16.10747943697749,13.990383947513582,12.94651994679928,17.264400247025165,14.62403910372135
2001-05-27,2001,22,18.01783426571997,17.419493599487012,15.63277633822694,19.34388025317873,18.887172617795816,18.826783851613715,19.57059551606025,18.882234859218848,19.697717695553475,16.839222363063268,18.564543019744743,18.97297491089032,19.14620394043941,15.93912488328264,16.137365886143275,18.888248635831413,17.475910630830214
2001-06-03,2001,23,17.928918280043042,18.27199095246126,15.66639826629896,20.087086345468247,18.55041903941213,19.37374016799828,20.48926900635655,19.54993168471696,20.46842686304141,16.465057394501866,19.427291176535867,20.052348206306725,19.046948594016,16.61178454967841,16.315053076205327,19.81139148331435,17.233010709767715
2001-06-10,2001,24,16.70947639239494,17.200608593568617,14.359455477588453,19.22580823444185,17.693146879279464,18.70748974764516,19.71128058920101,19.123609942646773,19.78070962499033,15.212344841157892,18.506459392200817,18.91903712743055,18.023502961088788,15.280132329176196,15.162062119530123,18.78511213276484,16.124654289204475
2001-06-17,2001,25,7.294750217305188,10.023542822551116,6.59232564710788,11.484954254258248,7.622073177052463,11.18368857861179,13.201368095575893,11.972129684547324,12.159877797628804,6.652804849922858,11.99168156586684,13.135930806157404,8.01273991426446,8.457162202465991,6.939961384991742,12.478036173169162,6.705506493942435
2001-06-24,2001,26,10.30923587904627,12.186959337578148,8.850663959398243,13.901094394070762,10.976378684393303,13.2910127670455,15.000644297363458,14.0270909725536,14.530158481485923,9.260133253844169,13.871993956214938,14.572815555767871,11.188375322975247,10.466587041742397,9.597836149942156,14.264477048601425,9.876398265201129
2001-07-01,2001,27,16.121025295331208,15.282946441219307,13.577962314331542,16.831599561941058,16.92836382546132,15.700249546743269,17.07047284796356,16.233464808278267,17.216101270365854,14.7967117918892,15.977970290080806,16.914662622055918,17.32894223905438,14.17007223777635,13.57346971843134,16.531345951580487,15.656126069894055
2001-07-08,2001,28,13.80888910244484,13.904284974405252,11.52046926929132,15.333300281138648,14.610528633913932,14.64021720603933,16.22918480964861,14.83945502665136,15.670076222335757,12.40183204392346,15.24481563898392,16.139598852861926,14.9738124687239,12.571588441511365,11.773025553475172,15.779936594505832,13.3577776617117
2001-07-15,2001,29,17.32579649676074,16.38551534976024,15.167815338750804,17.567657765888033,18.01777725022074,16.743891058127698,17.97168587943208,17.315823450460062,18.172422406258185,16.246468246318358,16.735336505179795,18.35222424201245,18.349383804328653,15.697067857024503,14.58051995259255,17.599477743682563,16.83598231112539
2001-07-22,2001,30,10.196347642896106,11.85487993210872,9.111844337187517,12.476497895660856,11.412211825457616,11.47942186414505,14.356597338751522,12.499745480178238,13.025445337631464,9.145419982742808,13.495561271518858,14.38940123920492,11.358191606160757,10.852958540695669,8.598793223633074,13.971750035444584,10.209995072003643
2001-07-29,2001,31,16.008734735589535,15.359751653569596,12.975939565775343,17.492270991915746,17.13816459261868,16.065431954470995,16.9691118457227,16.563557968139648,17.850234559370808,14.26341988479863,15.937980835571947,16.298932441161327,17.52701123847004,13.452096810018208,14.144625548654735,16.278651301874806,15.493142209605706
2001-08-05,2001,32,17.543531685415534,16.99936005860758,14.834286614869058,18.57878329214596,18.85522907773801,17.207238623227546,18.739350883328186,17.884025659437302,18.910161801280346,15.851742460703557,17.801381264723737,17.81437172851151,19.050034088517705,15.34434535732654,15.226859198165668,18.01877934405482,17.22568848383716
2001-08-12,2001,33,17.8741860911346,17.196149748779817,14.600705018166217,18.9497104102657,19.64686099517619,18.674057111163243,19.494866056970533,18.518054585642638,19.33525459173841,15.55325117690491,18.561294497865617,18.51906530812101,19.99397969153857,15.463006507939957,15.22890325995188,18.72614166088067,17.59127387846255
2001-08-19,2001,34,15.50375918163756,15.85524778681269,13.5766466021432,16.72053221861521,16.372460732364726,15.904465456880352,18.04498479248136,16.751564833901146,17.31333196139849,14.242790807889202,17.154226412917627,17.679485508695127,16.694723305094655,14.661459501618967,13.11404404482822,17.518224794570713,15.38156650394121
2001-08-26,2001,35,18.19647564022697,18.76934131884625,16.200742867528174,20.222416257574444,19.43257915911897,18.88483487869322,20.69705928101832,19.724751004305755,20.70870944058592,16.906660121256913,19.71365655510973,20.48638257183476,19.62407505466211,17.261978835138727,16.7434073204421,20.17391890135763,17.69264209109818
2001-09-02,2001,36,19.21802046246817,18.643624759686272,16.796295706741347,19.274738377048852,20.989416832574467,18.55380185076936,20.45411579254417,19.105417509202837,19.68630191071393,17.585842960730982,19.740540989136804,20.363554212924928,20.95338967592099,17.635681008934075,16.531454889494604,20.1057912542862,19.150802377099296
2001-09-09,2001,37,14.989666698215244,15.890342318935437,13.656297197570396,16.158904965434754,16.86442699968859,15.146091633014851,17.9518110981488,16.536830963035683,16.83694002259734,13.649603832961471,17.22539914449056,18.04751249400753,16.456427309964155,15.21486574036357,12.964854800767194,17.65386929110771,15.384915997075908
2001-09-16,2001,38,12.987627175477174,13.824074871250309,10.97711411491367,15.280001633224032,14.83437291186973,15.414884721296945,16.49275862023712,15.744340398714138,15.907644752420326,11.526548596415395,15.622164779927306,15.326067206030588,14.794529647900792,12.084846032387569,11.591959794094349,15.569683468738416,12.766801035629124
2001-09-23,2001,39,17.045999441060935,17.211479738068736,15.064822255771777,18.06241660316785,18.576612537477214,18.036058500773507,19.351993032516614,18.02536377993497,18.44389296417834,15.576176739919038,18.6603824871443,18.803654199019277,18.63008437285552,16.090266583981983,14.929143313585032,18.819405790877667,16.920206189476897
2001-09-30,2001,40,16.947607035495757,17.173517843807684,15.172509252231738,17.651200917505083,18.4962606790064,18.39532514643332,19.653647642441463,18.529426240301756,18.59523208080672,15.451171445900194,18.758452257759128,19.30807054781849,18.450162704386763,16.395009617867753,14.313748137286357,19.127092928802423,16.81012655846835
2001-10-07,2001,41,18.28424976476524,17.887416626090435,16.237176305335925,18.76759138135683,19.75940057315445,19.462356123071224,19.97338280524874,18.940879476968348,19.312128461736982,16.866244087069052,19.14932455087637,19.60479576825453,19.72246640805572,17.136969591253212,15.638136900467806,19.52364862781681,18.101808893070068
2001-10-14,2001,42,19.714750947792712,18.91064984864517,17.10371576079036,19.359065051589692,21.7826348678171,19.63107128585168,21.151201898780577,20.160223051294103,20.29382772501668,17.866966332305804,20.41935835669051,20.388813748835236,21.656117978703563,17.982846108358462,16.237857483634315,20.5399138157615,19.64955683345743
2001-10-21,2001,43,19.213616398157143,18.193192606033296,16.5494847373827,18.60585022398404,20.931820826385746,18.642162332817087,20.21318567459507,19.03715794253659,19.29066170731636,17.373321071920834,19.61595596957516,19.561869267826133,21.02997189322954,17.258078370209404,15.75375890996019,19.685078719824027,19.12259789811312
2001-10-28,2001,44,20.85075959705171,19.712710726744078,18.573088315068457,19.61956766957329,21.97912399156459,19.295870663116336,21.29282430865674,19.9873002763228,20.370888258379733,19.39655685263892,20.712845222671312,20.528106459388837,22.23867109107235,18.94342282962837,17.478164121691677,20.813974570854768,20.679109980796547
2001-11-04,2001,45,21.29786326434161,20.655688602532912,19.130209086738866,20.792409806024462,22.898712454682183,20.670316276403007,22.544664010362094,21.296542841923703,21.49947580199419,19.819284067379208,21.995165655623268,21.899999232947664,22.932713013358097,19.848200069287103,18.18862357492247,22.097712014752595,20.97870787841612
2001-11-11,2001,46,20.71700933940009,20.19493419376772,18.69675578368694,19.959463499841235,21.781505360239795,19.776148566561467,22.15006514679934,20.87410925332602,20.90285193523549,19.38428297139394,21.58085884325432,21.525106859335683,22.064821005788087,19.38072427554144,17.55780273516533,21.69230647376372,20.498912357577098
2001-11-18,2001,47,23.67573682129613,22.462247379807263,21.114076813238324,22.486043694473448,24.888885855233557,22.189450466494765,24.240529229967656,23.11608761180531,23.252298549196723,22.25624904589659,23.60024848046241,23.41411119394225,25.17179072501576,21.405076409971286,20.235146784432047,23.68851595615454,23.153382040419668
2001-11-25,2001,48,20.7964330670763,20.021229087162627,18.533513477024197,19.62619888498669,22.865950515939076,19.73431945368743,22.12520792880489,20.60290938092517,20.58340482749118,19.065148327294292,21.63630739682681,22.185894608818938,22.929836367087937,19.577525486812128,17.009188622171635,21.92489002175527,20.8512410918336
2001-12-02,2001,49,19.90811639341455,20.21230782933835,18.155707818803897,20.12244004720733,21.39666468650654,20.93165671840751,22.81256904268404,21.58411252257112,21.22212341853551,18.70898634724998,22.25235736235912,22.463944607346527,21.42379726314176,19.30184558563474,17.323797476834432,22.35666421341569,19.631854070807403
2001-12-09,2001,50,21.945821519063703,21.41906018450316,19.71378471540368,21.1439075867335,23.94533006426672,21.334985649570385,23.562602590889004,22.322424412516806,22.1150043957854,20.243388310058045,23.13640844006559,22.952712789057404,23.980049461011262,20.664906216837647,18.698721090071864,23.15960069271916,21.99797880167588
2001-12-16,2001,51,22.5208229570622,22.64591665816968,20.848983714722277,22.693859151431496,23.689490235707744,22.76779108280688,24.675979725473475,23.615379022375325,23.57656389113275,21.326752424508303,24.17242555659571,24.21996737426182,23.820996523823972,21.774772614606245,20.163207451598208,24.245249537339184,22.082697252700275
2001-12-23,2001,52,20.75959277551914,20.00015506917225,18.085606870761254,20.5439501007398,22.88941671087687,21.561470426954664,22.329258143032952,21.27495256002847,21.217277058416617,18.82940876148683,21.69679711907457,21.57451661770556,22.942809493385223,18.86984749051673,17.684393576500472,21.70548567799906,20.756380777796
2001-12-30,2002,1,22.30505664192112,22.703279921240902,20.982056252175763,23.52545820531391,24.3027112058672,23.432382301320747,24.75969869541357,23.6325524258304,23.92327509467616,21.417957473257125,24.22968054602157,24.39328660219506,24.22288148467605,21.972305866961523,20.075713884798883,24.40016666270515,21.933751778461215
2002-01-06,2002,2,20.926453115396978,22.00591264350582,19.676713667618245,23.81381869032269,23.0841689473342,23.457152903003276,24.263429046719832,23.36070877471528,23.95153535742116,20.04756416110542,23.66392829366577,23.57490042149217,22.996972119025745,20.745068134221818,19.644128456657924,23.67631004094611,20.622601066316875
2002-01-13,2002,3,19.77376311411422,20.429688442490505,18.30257600286733,20.971920000655317,22.321848724613712,19.94946425424426,22.848340192967186,21.700385224478588,21.49952888488769,18.518856734070923,22.48990158642525,21.99241942279744,22.08204716605109,19.479259929498475,17.22332638828073,22.33578689037704,19.877249476723268
2002-01-20,2002,4,21.91032520868604,23.036182401531036,20.6248554544525,24.354520096665336,23.78709623674213,23.51418063631389,25.36289355775705,24.30160539503221,24.62578881743369,20.98609477730784,24.893847960104672,24.751316245354094,23.80215615747518,21.749342571571027,20.57270329603371,24.85828020801283,21.51859053382977
2002-01-27,2002,5,20.96648115847869,23.03373059128393,20.24753386676047,24.56114107086545,22.275977940139374,23.224948910059,26.034868373815243,25.16069240421444,25.045226207218057,20.337570604510997,25.18972176721085,25.807923391501536,22.295386319915306,21.88246350577097,19.993213911339108,25.42451128427763,20.503775249594305
2002-02-03,2002,6,19.70148053163113,20.486702684146252,18.336520788197827,21.136926357235225,21.76489092207767,20.59440521230416,22.921197312913904,21.81187621277648,21.64077399714819,18.616017527199435,22.475875492839076,22.26671722700011,21.686287611147613,19.519243216958028,17.510722197098666,22.414549303148124,19.58396046630777
2002-02-10,2002,7,21.05746717219801,22.198069161697745,19.88920721969673,22.815016351995013,23.17296875220241,22.61322773131932,24.76533574474101,23.900341918747145,23.47493569584975,20.291053116522704,24.04796630231849,24.12401838893839,22.940227480928872,21.062432010229465,19.359140007388472,24.12475685224141,20.808673397228727
2002-02-17,2002,8,20.526339365248518,20.803466891429064,18.72753194929121,22.1495245155834,23.34668074211838,22.19881891375803,23.06266155187312,22.159192213578656,22.45534314941287,19.21339159258573,22.47479985059597,22.457535507222715,23.0947802462633,19.723788279905875,18.285032769738265,22.50288848354392,20.584095400941347
2002-02-24,2002,9,22.47244950273629,21.997643756459773,20.103415308108666,23.42269748733157,24.33191109409516,22.882106859558185,24.304845871105137,23.52524645817744,23.784720876212223,20.792746144821457,23.53426768810718,23.58705784111331,24.469196770642256,20.980868749765712,19.4819102302226,23.65956431498966,22.244700264737933
2002-03-03,2002,10,23.02673114251293,23.67668681358224,21.319659883825786,24.95815312862396,24.956204093182023,24.6538823445638,25.98549307331052,24.79569802915895,25.239951744004937,21.91526890444675,25.41364450000581,25.48898210294163,24.841711274445288,22.39525562055412,21.242667600006342,25.49636326470721,22.66566076304392
2002-03-10,2002,11,23.392226321049797,24.261493765214865,22.11990499200288,25.64735777321316,25.50675315489864,25.718407259024254,26.4092074024434,25.56517437427075,25.942899866346742,22.660977535226348,25.611171486264187,25.83270854641485,25.16628423160568,23.04148793947003,22.082095016832383,25.786722627404615,22.965585140526457
2002-03-17,2002,12,22.037548875256395,22.87859050144773,20.51520164645448,24.056859164010906,24.62178708464017,23.700186605465763,25.53056895976164,24.54944348818296,24.582889038056077,20.9369174766326,24.702518354143415,24.808182387339134,24.304515672926737,21.77901235700456,19.941930344236297,24.84721160634857,22.06919488495572
2002-03-24,2002,13,22.795333349259817,23.52071912354752,21.20504365733163,24.621900311538155,25.590192578793623,24.39894595937839,25.881233393277096,24.83717295064555,25.047949443824603,21.733916683862123,25.284632843810247,25.012366631602987,25.26642544021017,22.230015420706128,20.83978491580736,25.25256612669465,22.734774822173414
2002-03-31,2002,14,19.41913742448372,20.2240487659918,18.228707187875987,20.76424508435386,21.38746707021176,20.555820413537926,22.582413225757836,21.30093344254928,21.34868624252349,18.360362564082624,21.861468857604187,22.79732667917833,21.161542631024098,19.835591841178022,17.09583703203966,22.353225084666867,19.544219182829327
2002-04-07,2002,15,20.810270849495478,21.107098685144617,18.977714147626983,22.29586286913781,23.69029495470794,22.18282862212821,23.327092651723078,22.11525264046409,22.550513314174346,19.64760043248283,22.84554176000289,22.7600899359608,23.16633570056164,20.005185231796403,18.45310344480084,22.85855006985002,20.950869267198915
2002-04-14,2002,16,20.46068575698283,21.06899843439619,19.082769508158727,21.776707793985096,22.640196127506822,21.378202737835235,23.394403096190697,22.07253962925502,22.21493633665917,19.57886503303279,22.75947745517219,23.4012345599357,22.201445818867924,20.37973364832659,18.22978144879802,23.09922516182677,20.541155439824102
2002-04-21,2002,17,20.317478577602788,20.4813474017674,18.69890389319744,20.63102173663321,22.67566579258239,20.13582484909313,22.7414130108002,21.566444687781395,21.31908503157285,19.27642637430884,22.049083736138943,22.63706060754,22.25621158275825,19.863804026559546,17.527945488167223,22.387872535421888,20.50793500987667
2002-04-28,2002,18,17.607802410690326,18.60030579871969,16.32373852209381,18.80332921232496,19.1388242045303,18.494433264321188,21.25121142773865,20.15300174465427,19.86905637225993,16.616527890461768,20.524702542788024,21.037640810655454,18.941008958116925,17.775869663119266,15.39447126087583,20.77965726684451,17.560095220241905
2002-05-05,2002,19,17.56405699176371,18.500012874094917,16.156971427541766,18.572998059647425,19.240697389880783,18.677950557134327,20.97924072888433,19.83638700807249,19.670909581119066,16.5494429279366,20.380069052295767,20.61151907064844,19.091856749361547,17.441246024034786,15.600454458642425,20.504766538885008,17.471835005315487
2002-05-12,2002,20,18.583064208159577,19.194025573954143,16.94753952838725,19.652653540883744,20.971094883961825,19.90580023148192,21.8699699490828,20.953999348429893,20.77598052575397,17.59907045997302,21.01559819968748,21.374817269831656,20.37608797669871,18.11708002350856,16.326511287252693,21.22185253957013,18.60593447659536
2002-05-19,2002,21,14.110075762833407,15.637540485304807,12.831031062270862,15.737698349214735,16.101727792724336,16.14591852578417,18.760868942772333,17.727173362831017,17.21585350073947,13.060532318861869,17.978547111114896,18.16336001861449,15.78246129249514,14.43291268350581,12.27658469037704,18.0875488139412,14.0860784522928
2002-05-26,2002,22,15.301779021627656,15.881420733323738,13.381292567807376,16.734025275423416,17.409960835708855,16.77712870319224,18.77497473402552,18.201009142491724,17.986028726320214,14.192626208636836,17.71252796866677,17.736470796991227,17.170593281970522,14.3105444789263,13.257955168391158,17.787799962112814,15.265562115332507
2002-06-02,2002,23,18.68331849529016,18.90579025679306,16.951944493782026,19.53305064780372,20.00175965405852,19.0530519154081,21.266343825760107,20.13774786664294,20.369064919869263,17.731005899817657,20.28548695287663,20.7194226360064,19.956406239837293,17.802069996862862,16.191300672440608,20.602166513640817,18.47924660094022
2002-06-09,2002,24,14.561640431368517,15.645378162103423,13.958528597797034,15.3669220776785,14.937606428924267,14.13392097271854,17.682711198100545,16.169208077269715,16.331636290727527,14.068663718864002,16.865074389734307,17.851199425134375,14.90749761404678,15.304224918517948,12.429850534311807,17.419109590832736,14.88159219338245
2002-06-16,2002,25,14.405983857973506,14.882707178719768,12.964327291143396,14.936684277086032,15.292650301133502,14.07794462238346,17.37618275634054,16.091324704900963,16.070083533247857,13.350543328693933,16.48479393963174,16.976969984985107,15.206492945034071,14.190272995828405,11.521274623684755,16.791846058839923,14.653935479346632
2002-06-23,2002,26,12.202706437620265,11.959311200357453,10.295426451006923,12.609715781041553,12.982268354612136,12.267823606537728,14.05302709184652,12.601916919807335,13.150584727117458,11.027792542535892,13.209653848590271,14.317151130049057,12.871560765969708,11.389216944970393,9.219867751328982,13.767190531975135,12.379187619589732
2002-06-30,2002,27,16.792468765681008,17.080086328835883,15.066792177963595,17.886947414704732,18.4436600972422,17.327973039300595,19.17032029399371,17.76048222380799,18.259258749900265,15.762470357463652,18.416748747061856,18.915896372011087,18.15737219666882,16.105552421995526,14.502002353296024,18.75789308641288,16.714157736205024
2002-07-07,2002,28,8.716135937581496,10.83902827661429,7.829679381456011,11.164281722335588,9.349480355077104,10.794785667723824,13.937379903765532,12.368556826702958,11.976789136222196,7.906378724309537,13.086192200400612,13.861030437232992,9.390982553305314,9.759162602803904,7.186087632575571,13.483762033764863,8.396825456554998
2002-07-14,2002,29,11.701801608121228,11.937262378267643,9.868079270529558,12.759992985498336,12.523243870230448,12.747866828162392,14.3992690066902,13.435632316539811,13.381301014857282,10.669159345873563,13.332717143302354,13.670268394233725,12.426177096643045,10.701231529460768,9.386674641012082,13.611061206302532,11.363140349439533
2002-07-21,2002,30,15.500740916572482,15.528965087841824,13.789278648549091,16.26884760459264,17.03938864743948,15.797126857163516,17.602602374796966,16.262895497904196,16.664501466396505,14.55091013549015,16.703728567676627,17.472000521790953,16.891812758095934,14.733184184960146,12.945128708970142,17.175432977844356,15.468561028534513
2002-07-28,2002,31,11.44558281695981,11.840822357612886,9.816379908026056,12.715581834316254,12.24570659105201,12.293788752193771,14.275070866064844,13.2772707030061,13.221357104363042,10.433963636445515,13.0624032470571,14.242187354763884,12.4624883484196,11.023900477934315,9.121352512214422,13.70949996940777,11.31069872707048
2002-08-04,2002,32,15.435909754827984,15.216242641782458,13.763547137445755,15.263217264697664,16.50692391060265,15.01853946675972,16.980460606233027,15.368215533169831,15.639942710413626,14.389234617939143,16.20274943892574,17.508276890551628,16.41034762003247,14.8675643602378,12.55622800623931,16.956899656008368,15.392410670971934
2002-08-11,2002,33,16.925421183327142,16.234277011489056,14.932724226652889,15.72375230845951,18.406369906015343,15.593878954687328,17.692833889330092,15.970819998902162,16.13249451400249,15.74696588248048,16.987824738902965,18.146368319776183,18.119528968361816,15.91725924348095,13.931236914742916,17.7178581148211,17.020831023907725
2002-08-18,2002,34,17.906990414574036,17.990338496307828,15.79432443527384,19.06245355379013,20.201355821198664,18.046516352178507,20.15033124695714,18.63810497729809,19.308517380469933,16.60167403054854,19.52207665959478,19.852163841782232,20.06705486636364,16.92013473759822,15.347585888777374,19.796771652311264,17.94739560489706
2002-08-25,2002,35,16.043471961714896,16.874142703216975,14.116946631019475,18.90957926142784,18.407234503197547,18.11482886273889,19.77261487666094,18.631742040956176,19.237956468839705,14.62953429066558,18.713026528957087,19.252716965431155,18.188948324748445,15.588707759911523,13.899274741733135,19.066468072730736,15.989856229638152
2002-09-01,2002,36,9.967613096556304,11.389252196242811,8.938238160527694,12.3827819001107,11.247165332980549,12.26234738032023,14.232532351079554,13.206501464100628,12.934108897431257,9.226578319434775,13.220837399453828,14.356097718776075,11.040442499414835,10.620128420345578,8.26446571243266,13.751414123579949,9.728497625521891
2002-09-08,2002,37,15.525852388703534,15.577641767733644,13.53712170464652,16.30922715862592,18.04522044212177,15.577074964074097,17.866327516539105,16.522730925919173,16.61154979362413,14.075262175636162,17.17489920364314,18.016135484381827,17.769068017429365,15.029344565697606,12.633324676064287,17.643161032764414,15.811817527138642
2002-09-15,2002,38,14.30541029982892,15.422494757658384,13.173756361642342,16.517210260743184,16.04647083056582,15.992260609507714,17.814456692242413,16.485277788979666,16.753434058971365,13.256760276745087,17.05037443317892,18.17188328231441,15.65565989284442,15.004889857500116,12.38301084840536,17.6606367805466,14.395731415710037
2002-09-22,2002,39,15.602642749113771,15.744524657345025,13.814555225693873,16.138223081827164,17.199843716568456,15.793648934579108,18.07850728716169,16.785407785192714,16.558897607247193,14.41895852180112,17.36027743021647,17.78137905192825,16.97665029603082,14.938737969272074,12.98935015452566,17.64943481378126,15.531896693365914
2002-09-29,2002,40,18.734425757075524,18.92112580494586,17.074388138467267,19.70374465698288,20.747749826980463,18.985042984421188,21.026307364594487,19.76355275488519,19.97216390863557,17.639803875686077,20.279027190765778,21.03970013281727,20.385713131731546,18.338937245011564,16.252789868874252,20.775163699036245,18.74368879480182
2002-10-06,2002,41,21.25008013319018,22.06488963739196,20.099689813662973,22.23308605239505,22.811725026320563,21.363045710854543,23.96399131530228,22.26291561275333,22.50280324820203,20.42358842663073,23.47150328004515,24.371516664715788,22.605368912450132,21.665195376022933,19.263239108577057,24.041596160709503,21.20061484565632
2002-10-13,2002,42,20.240992323925752,20.20092568468692,18.323736073173247,21.406769773789808,22.188826575798075,20.902171895924376,22.307886674174764,21.366685708281285,21.661832230898263,19.00967931586524,21.41716526328743,22.273759032195475,22.106676044611397,19.451034566655103,17.830034561313454,21.89905629839216,20.197260465904712
2002-10-20,2002,43,17.360200501470185,18.18570486467276,15.85333544401966,18.76647564768792,19.66516062456268,18.112996834125298,20.708389749332348,19.4319548099072,19.23011682644749,16.05663722599317,20.05490759482116,20.46735990272378,19.28572431954638,17.349023282693032,15.10601584085985,20.281304238127166,17.73859829465655
2002-10-27,2002,44,18.640421774089724,18.94992163948921,17.023304253419948,19.859506338834763,20.14929915427456,19.34730833929938,21.09116450273608,19.81484663529829,20.13490356251218,17.631250210902554,20.4211902436756,20.93920651921686,20.09378393644532,18.108865728857584,16.382265399720577,20.723395552887144,18.52896200807268
2002-11-03,2002,45,17.770429462693066,17.820906015347315,15.852242598834032,18.88146092068581,20.45704114816526,18.6269902716579,20.261145183018275,19.05966866134049,19.181840062374707,16.532288617304665,19.56750699823553,19.84477540681947,20.03179935690979,16.94476597744059,14.858187394382236,19.75471053711356,18.067826720260868
2002-11-10,2002,46,18.28859980839713,19.325400927936087,17.060722646823262,21.131015823000958,19.465844270125924,20.669091467691665,21.73396217857784,20.82291584411225,21.339202305108834,17.522466963134008,20.9179884394526,21.2196331229814,19.447565437744025,18.280607298612125,16.69151247314475,21.10892223798599,17.718379767435902
2002-11-17,2002,47,20.99956516378788,21.15540930711384,19.43294209215423,22.56994765145438,22.65401539071942,22.040213276827505,23.183610571369137,22.270780647079672,22.76981820145698,20.0444735606422,22.28152663986404,22.85322412197802,22.47707480537385,20.25611990848265,19.01490528443956,22.613681216529205,20.772470785279804
2002-11-24,2002,48,22.615998463280874,23.221463444390533,21.22353263184785,24.22500313179833,24.048139285547126,23.48749521861819,25.38614874748029,24.089875128609798,24.49174701817581,21.7738711364626,24.71589027008453,25.21136961728736,24.08436753298785,22.30132810504341,20.656690163774336,24.99530866141422,22.17381227241372
2002-12-01,2002,49,20.940836951846165,21.99042631263164,19.805503533810988,23.076087006500785,23.166120808712208,22.48397536013884,24.299934059120822,23.465481098720005,23.54521512332028,20.000930453580462,23.54641368915508,23.95461566236141,22.800400789179857,21.096380893449137,19.37573716543405,23.76337161502726,21.00128933682917
2002-12-08,2002,50,20.26618433182764,20.6384991491273,18.57213990330802,21.779400131532125,22.96310665376269,21.53715935637132,22.920817789461456,22.00894267887264,22.16557319290251,19.0716683089532,22.28947906659279,22.3350566930848,22.57145398003714,19.630845897132623,18.02303397813437,22.345903363013218,20.433908039026186
2002-12-15,2002,51,21.79042216955158,22.11005254391668,20.55103073441676,22.55041019405637,23.803855521867757,22.15266298664736,24.100884095572862,23.230766804682748,22.965185684233965,20.9203739756272,23.32658108467664,24.05835358858751,23.331618001562287,21.601713170729752,19.53421160032364,23.683217800759987,21.69244471778767
2002-12-22,2002,52,21.171709109764148,20.945059010723256,19.44286961542788,22.50359902637345,23.501598047557188,21.461361699736408,22.804329847107823,21.98723490231997,22.62580401836776,20.001929522365227,22.045813070850453,22.581929391927797,23.34033116778812,20.27732074029558,18.707602891942678,22.34804901451514,21.268900663062247
2002-12-29,2003,1,23.41360395080488,23.652266144498327,22.138586757663298,23.942088447865984,25.4265155128688,23.39256360509374,25.38262677540237,24.36640732406022,24.369206600226534,22.53563724728081,24.878484925769623,24.95596555622441,25.175157064636704,22.9651608408606,21.27500720886804,25.00104076661709,23.276144897841384
2003-01-05,2003,2,22.68320991142989,23.672849083760145,21.692812796916808,24.11321242934181,24.5512162130202,23.69973634354089,25.96809730863432,24.926674930522967,24.67494626241188,21.91395968554124,25.382505932101957,25.53207596421564,24.29459977426124,22.861419337325103,20.780499587659804,25.484945883256348,22.454987633903063
2003-01-12,2003,3,21.779819483615867,22.13093151670021,20.100343027258724,23.71932309298288,24.275994942507683,23.50404791666273,24.393408511192398,23.97846884095824,24.10580161592965,20.68122731070417,23.497173253179117,23.326429174274125,23.93162305566795,20.85435238646857,19.91811629313499,23.508674203533012,21.71626149097865
2003-01-19,2003,4,21.4588703612103,22.029814201631524,19.89330554071949,23.155732061181748,23.51833347458913,22.87015779414232,24.58639589760116,23.89277925268396,23.67601738797241,20.37988648452158,23.719164236489828,24.06769777436784,23.262685970910265,21.0359856983301,19.359262578776303,23.9176859920972,21.473028274237947
2003-01-26,2003,5,21.938199525634293,22.29852367413324,19.944762720718995,24.083065526826044,24.475973760349323,23.66042913832106,24.676184640333883,24.30381079537528,24.497003043934328,20.766076109406647,23.845336747272707,23.08105096534256,24.260661375568645,20.453248274198955,20.23853982255936,23.59632666376939,21.736615575548768
2003-02-02,2003,6,23.25245970648688,24.807057102097637,22.085740112264062,26.69997982467924,25.40040194908837,25.84899825018805,27.293400972994704,26.75203637061181,27.053204607357017,22.514638863210603,26.47698648295877,26.066710071101024,25.235291875007068,23.067271163541903,22.53375304012349,26.36987746998289,22.86021057807532
2003-02-09,2003,7,21.186611168172828,22.99238698975618,20.389615471001317,24.07858408348901,22.6788873015996,23.988931918543127,25.71075463920571,24.962369518527737,24.64998381851704,20.60407997491792,24.80194347596272,25.253916411386985,22.691022362948388,21.73293464684798,20.352975542532107,25.00369953222704,20.69907119139185
2003-02-16,2003,8,20.837951233027983,22.173898330883684,20.00654391260833,22.54099948065621,22.47989115937386,22.34401920372608,24.850920212859663,23.95739075697861,23.219722521981616,20.06453092079463,23.996689724612548,24.70766562335896,22.17835355817581,21.49432645223336,19.07197306937868,24.30479972749773,20.973675910353343
2003-02-23,2003,9,23.751524091840864,24.55628657391839,22.35224188505916,25.619341784999488,25.522584250200957,25.3581900578208,26.975414848883712,26.199300555935157,26.11664716044984,22.86506016155196,26.24348565964472,26.18896592081075,25.296202041007376,23.337252278360012,22.027623457094187,26.260838879997717,23.55539833053424
2003-03-02,2003,10,22.54443860882498,23.64692695816951,21.302235519558117,24.980112044584175,24.2738963592326,25.05586187689154,26.148619054010243,25.61039426432028,25.578675180498635,21.62395121034809,25.03922527527912,25.218121194453897,24.07594817025321,22.32005899019472,21.256877762241498,25.24299347610623,22.278069083581396
2003-03-09,2003,11,20.84967411193455,22.735699339461988,20.044252955818344,24.32506000144141,22.303527847561107,24.164699269691184,25.522510261646868,24.8210822732108,24.80281250164233,20.18894135375393,24.56346555932776,24.86114756694701,22.16536771560728,21.430302805234472,19.992274662753925,24.710863755407168,20.469139498841727
2003-03-16,2003,12,19.09492322438165,20.165532996151235,17.741275490758266,21.318999040694464,21.259552040071863,21.28771259057476,23.13853509641597,22.29134716529351,21.85788933218342,17.903962318755106,22.165594399852672,22.711536415182355,20.934254955601048,19.243548147943496,17.05695655081135,22.42964291805857,19.2202723527533
2003-03-23,2003,13,19.311562532010072,18.721620011177148,16.776103994966928,20.23633394780613,21.55427890102745,20.61048269087743,21.100429301359217,20.33264335285533,20.550756820260663,17.435794277856264,20.19384589257178,20.600927142120117,21.372499488035224,17.70546810571318,16.425728178977735,20.44806430391136,19.3956487988526
2003-03-30,2003,14,19.79373293401652,19.95810961265808,18.065730346655997,20.20551350712776,21.882651808348346,20.69477365805529,22.599806009854245,21.644414744191355,21.169571557390245,18.515811579568048,21.684785494453465,22.381788742188814,21.66132884596305,19.234748244804504,16.999611876838554,21.995919442223475,19.989050133209023
2003-04-06,2003,15,14.872617515357764,16.37829870303302,13.873532128101338,16.50398743507408,16.15799702193276,17.714622626433503,19.601976405774888,18.72799828814222,17.829318394632953,14.094654049996718,18.54535918545413,19.385138498804963,15.984613688295871,15.427625936531578,13.134124187009071,18.85468637873282,14.52942707885629
2003-04-13,2003,16,16.017903653197614,17.299873118207397,14.74504234141339,18.07400960723559,17.174950980151873,18.68456489484436,20.218410692131556,19.579073512089717,19.19758603064281,15.181035999774396,19.12331716942065,19.768795496691272,16.973164655066824,16.013481424314303,14.823214467994507,19.41997652371102,15.728793312597146
2003-04-20,2003,17,19.28032749991006,19.94952401118492,17.80181023793191,20.047308792670567,20.38981689407947,20.222063708949737,22.590971065332173,21.60725317917861,21.204084427156094,18.38400776447944,21.788525046311413,21.946730724242176,20.3579805412808,18.939622161602568,17.082348760137553,21.93757533093954,18.891114119892173
2003-04-27,2003,18,18.452412418723878,18.726468969763975,16.805278009297894,18.7457960162844,20.30145410499601,18.72463392260145,21.413274687163685,20.27872578212193,19.865226531915237,17.255386335911442,20.47302361277791,21.440970292309867,20.0544063299319,18.25198940726953,15.400542166284184,20.993978655268304,18.5946034568982
2003-05-04,2003,19,11.496517715306815,13.544451032366071,10.33242211621106,15.004555651119778,12.61181558528536,15.285261745772,17.01836257634288,16.380470990267668,15.86931522485095,10.579324804623566,15.830590104437494,16.10179291259889,12.635450334622591,11.953976431900584,10.41414998451275,16.009185613718053,11.106777544291514
2003-05-11,2003,20,16.732799834419556,17.30110540166338,14.850369006633334,18.23103374952361,17.877881572477737,18.4514768568552,19.947113365195584,18.99870224197189,18.850290773432786,15.483953623991582,19.08832705113795,19.314043466614265,18.03353913870557,15.997388338920013,14.757888925819332,19.25584007382626,16.38288452747376
2003-05-18,2003,21,16.7268238374472,17.41295849844845,14.80908712054526,19.129092514514923,18.18991582857777,18.9492832745978,20.316749861914637,19.603118087471305,19.662451009694376,15.438358845405022,19.238651873435806,19.65498534816937,18.219367818022327,16.03193064381305,14.69524198622624,19.507630316478632,16.487180020931277
2003-05-25,2003,22,11.82472194391788,11.946464941699876,10.193335901664865,13.384995440642038,12.2104124133451,13.455921772057176,14.343921772592616,14.100803136949414,14.01130459873177,11.20217427199013,12.93190032579166,13.54113907441296,12.240355530300656,10.747078395333268,9.775610845194066,13.341037272473836,11.176119006547642
2003-06-01,2003,23,15.739481630165756,15.651763129590163,14.073803183243356,16.2043032007558,16.322079218731027,16.138207219589017,17.909090956863093,16.748634795151748,16.809244990115527,14.799341156190374,16.73221129215125,18.07706888666693,16.693934436010117,15.151629378119145,12.820513174924985,17.467489526229826,15.395092185295496
2003-06-08,2003,24,17.324611061174743,16.359710997355773,15.092676415735362,16.259367651882624,18.5295457338775,16.151464879589497,17.9851738982576,16.51219243284944,16.765550348390104,16.025629860477853,17.158043687168135,18.31525323076068,18.709076364988523,15.860214772316889,14.08145490700123,17.79494301633592,17.159598911547597
2003-06-15,2003,25,15.56224520817073,16.069515121516897,14.010089443548653,17.205016462575824,16.83669407150641,16.97036853014579,18.375762099774864,17.19733653675426,17.62302534267627,14.744870860611494,17.307269076557905,18.38930418163618,16.67812006077711,15.141833519718608,13.489497432649005,17.88327158873795,15.15682406052746
2003-06-22,2003,26,16.039018678849267,15.54101524322526,13.588928014912645,16.647223979234695,16.144658088684082,17.121673174039433,17.958896169857102,16.94563961326302,17.035961383476184,14.821143177148326,16.834660746421648,17.405938928660678,16.839862921983578,14.231208320092342,13.23242405138082,17.22365395383592,15.089600228877725
2003-06-29,2003,27,14.105401775551575,14.339131184478305,12.177921606992976,15.855577202070329,15.035890634989933,15.977215212130949,16.8491315118773,16.085360097018157,16.306805267259335,13.367314892222833,15.473906499689276,16.123018682485,14.803825755837345,12.839410398050784,12.218299865837528,15.916040105129175,13.462528675392951
2003-07-06,2003,28,11.31649143938239,12.192080282834548,10.205660995383546,11.939293970309553,12.319815351908336,11.903212249969425,14.783418683199423,13.569373134513956,12.92139202601289,10.360125022878528,13.65143210960157,15.137627840684752,12.262815068127107,11.801334784820613,8.818674002633385,14.376606302018734,11.428646159300584
2003-07-13,2003,29,12.909950722138394,13.476882885768214,11.589608204713835,14.344559054999126,13.252443334069808,13.970018769783405,15.65488219747738,14.57391915185111,14.79813275318556,12.330220909837395,14.54173667585695,15.409112242675532,13.222764647605336,12.50547659684888,11.028424923059829,15.122155829651716,12.510368805368634
2003-07-20,2003,30,17.920814323916247,17.25173315615542,16.242714731695386,16.96562470424743,18.564213183083243,16.911977076929354,18.69779150270512,17.342185909221698,17.50546903479589,17.477297308742667,17.86005547428544,18.57434131385824,18.60346796153595,16.50386822341599,15.264361102389762,18.35997640829964,17.595861689421046
2003-07-27,2003,31,15.832735488773777,15.65716934051595,13.93715179167496,15.847817516043074,17.33915483642736,15.992771059082894,17.612456797163272,16.143832398947183,16.36054151165509,14.73369490684621,16.91656056028424,17.43570755112846,17.11297379957663,14.82640744878409,13.10159039939636,17.26752274097062,15.634555272978917
2003-08-03,2003,32,12.507581310689526,14.103900772930462,11.295663488366062,15.451759579635803,13.89938108943993,15.12812226772922,17.088454941618892,16.032310404344038,16.09358595588669,11.54158723367749,16.069491733204234,16.539381648009677,13.647587463202164,12.93896506678978,10.653272777946562,16.354444606430143,12.248914722805075
2003-08-10,2003,33,10.825369084970678,10.755679617304285,8.761194346960183,11.755603495098294,12.146024283967488,12.095772689834066,13.59776234974319,12.973621662189435,12.603683688635927,9.674534975476687,12.253104343662011,12.75005989447437,12.070810655369264,9.40505724024952,8.387619044056459,12.549635310462309,10.52106091468482
2003-08-17,2003,34,15.98288089182693,14.562984281257272,13.92581576167109,15.642613547898478,15.957787835977417,15.617202991991276,15.989516808757278,15.29687319198212,15.91592158869988,15.35651316390665,15.28071980084176,15.31629467331817,16.269435937800463,13.588869034276918,13.473303218199185,15.129210018598402,15.08146765964693
2003-08-24,2003,35,9.02812573777816,10.163195948356758,7.957933380208188,10.54063393175602,9.781894085938449,10.904920297546584,13.307799027890573,11.983277306494776,11.412377083138244,8.06688852170723,11.98452773775373,13.00926599990968,9.961076461210215,9.468923003955656,6.4621914935611695,12.58438106245724,8.608322767234556
2003-08-31,2003,36,16.00327121705162,14.640138215347648,13.555656623501848,15.441363625583191,18.159635709004437,14.997910565851276,16.28354528276983,15.657373688437724,15.851708225541383,14.73190123962471,15.3851721693427,15.633014119860295,17.760415940671354,13.677406042330718,12.982868565734226,15.462891470429485,16.069625754883347
2003-09-07,2003,37,13.13215917663378,13.713795496710835,11.932118687041584,14.613990533919562,14.398335407434963,14.123997707931538,15.768566370705472,14.836970591111616,15.06098246901003,12.327943076433025,14.866525884520955,15.347304146887478,14.25495729989527,12.863146511518678,11.306668098849924,15.099718748939946,12.99198837582313
2003-09-14,2003,38,15.56552589200485,14.619125186253203,13.747021084034875,14.65045922001203,17.459881366049245,14.04726048203202,16.17704056720344,15.146401158617689,15.138250225910705,14.375793052604685,15.345432895809024,15.854539205443183,17.048480148941394,14.138672078415295,12.345836989651586,15.602765592810226,15.916253175375596
2003-09-21,2003,39,19.043412164371446,17.558512785795653,16.774440176421386,18.126689187117982,21.501800246277536,17.68054078076337,18.91387461225771,18.12815999415014,18.44962151503143,17.884687895715835,18.23975414589886,18.544027579119906,21.211413503153445,16.83560089259267,15.871090277394051,18.26475588356212,19.145773648573066
2003-09-28,2003,40,18.666433706246742,17.690049516112566,16.44162576518021,18.781783864611672,20.622633834488735,18.160647700345347,19.43302652787189,18.69605302587732,19.11175524511916,17.353145405197573,18.51459342659294,18.8207636380774,20.479585457952787,16.80501826761455,15.723322986666192,18.747237457454556,18.75384417634126
2003-10-05,2003,41,18.048638546328743,17.5344530971828,16.10323907002582,18.55871353972526,20.380294542856166,18.01883623376009,19.715474451248568,18.754217216689863,18.96795862201608,16.885858286888716,18.67785190565761,19.373221428246516,20.11622515516392,16.776721203331896,15.103498820022512,19.08343712830964,18.237041655255137
2003-10-12,2003,42,17.320037951033704,15.61349731264338,14.75248443625517,17.617724705310096,19.688230021100495,17.305949591608428,17.388564257162997,17.258699842180523,17.79997189870786,16.028426588185056,16.22351821387485,16.543140609309358,19.34351118467029,14.596432923610193,14.182778926046172,16.33346951964317,17.41439227595162
2003-10-19,2003,43,18.74634313153791,18.36341584059221,16.794788078809063,19.657761727060592,21.113886111052636,19.29674944147333,20.441964196741758,19.62625500072132,20.005465992742792,17.54013590925322,19.42890335182091,19.897549474978383,20.71666448364847,17.552736384622374,15.936625346710128,19.656664758745706,18.728509021255203
2003-10-26,2003,44,18.55239383348934,18.253646237001234,16.484049269025476,19.60642448067665,21.389228928097967,19.427976562863307,20.671415034257983,19.73341635221011,20.00594320969105,17.170050295989615,19.553819147745767,20.21454935639374,20.87643121108125,17.320705668181827,15.825772936790427,19.961850795260617,18.717475119948062
2003-11-02,2003,45,16.44092001233782,15.28239359987824,14.142898036191816,17.34022416813033,19.122230851676708,17.493708253367068,17.428869027785588,16.942510180782964,17.55790048942641,15.18323949807406,16.15855442806756,16.70135635956921,18.63341665544105,14.270613931883076,13.48502103324914,16.449800271110757,16.57961871746094
2003-11-09,2003,46,20.64965426937186,20.328197460438904,18.76530273889374,21.884097841523943,22.74969038973906,21.0997591988307,22.43049769498864,21.32396962401155,22.06590904881576,19.61504640139396,21.452076600640364,22.099608304365624,22.367023968788647,19.514140223060423,17.998845163812636,21.87140909333052,20.548832416534424
2003-11-16,2003,47,18.86887628660853,20.006148519292317,17.6514299671102,21.37240105299723,20.590065274919784,20.789965699538303,22.88057625884565,21.65206559168828,21.818574959517925,17.957359199180647,21.822040855110465,22.38016543426925,20.316556731706417,19.025552961729144,16.945944690497573,22.337253275682784,18.60686028742726
2003-11-23,2003,48,21.02872478087436,21.589125274340983,19.687060584615796,22.823860205355142,22.618083418783307,22.09327226439958,23.56541147593507,22.436486267486178,23.024839983527677,20.187489607202725,22.853891445341564,23.17235221759971,22.470887614953472,20.62660444702704,19.184978088796125,23.09188757297344,20.64181503774021
2003-11-30,2003,49,21.30455713259821,21.989827322807397,20.2312076800464,22.33651781507901,22.96335955604988,22.14673793453968,24.00374860179668,22.78511783550312,22.73840756985539,20.512544763906195,23.562704575113404,23.65432043152678,22.850194914460644,21.344807177605155,19.19023069327953,23.6666907331015,21.09747701321008
2003-12-07,2003,50,19.087986833186992,19.758693686934677,17.80972811598215,20.985124263025465,20.98414039047094,20.533668127759544,22.242722202668038,21.382448869185016,21.373437653782315,17.9923497689186,21.39905681032123,22.31168167803165,20.711935647205955,19.296346482524864,16.865801728739566,21.82440577094569,19.114781274949767
2003-12-14,2003,51,19.464948335055983,19.406065037001422,17.472615671454008,21.03307404120763,22.03287127880941,20.617167710951087,21.91838213306127,21.10785092688226,21.321013282656438,18.0130808205921,21.0603659031195,21.73745480509139,21.747925180265803,18.69949807165921,16.710943273279184,21.396910109398647,19.764909823307125
2003-12-21,2003,52,20.1329122123571,20.297954108923484,18.39292357511613,21.82200784626461,22.50400758513162,21.65108640712507,22.670903397718604,22.04055024382356,22.182738011130613,18.932406635734974,21.881239503802675,21.811001204416115,22.195366088027654,19.32252394129365,17.629093035764793,21.92409757998592,20.22518697646108
2003-12-28,2003,53,20.261907189662548,20.37149622191244,18.47748253635315,20.40778788924217,22.801471526670426,20.42400121750212,22.57293435922517,21.644602144910145,21.189095379555063,18.993685917591485,21.92311306082325,21.95960388543471,22.47027149531832,19.453142765439164,17.662767856444432,22.027103379281304,20.53605662651782
2004-01-04,2004,1,21.5299593214823,21.82415651410881,19.70204693676628,23.417865812778476,24.05953137915193,22.94944395706,24.04575880067341,23.263392982978328,23.665934676526813,20.275212770640117,23.36804161071777,23.071850887206047,23.834537544765983,20.57857270084165,19.420940817536803,23.347990528711367,21.501137146088634
2004-01-11,2004,2,21.3012975621561,21.74026805556405,19.659013567080837,22.24824058158057,24.18695051982436,22.09486173632216,24.0462591933092,23.067058383892107,22.89942102003004,20.039920535479144,23.45086158983635,23.36629560115845,23.574261998577928,20.75820545231253,18.81538177220053,23.50117951409924,21.56948212986044
2004-01-18,2004,3,21.011387858151465,21.23868192640195,19.212895142894567,22.67661383322307,23.701015946778607,22.32745775937113,23.50411223253078,22.773386320634323,23.02329339813113,19.799302533453307,22.683514888152416,22.795566088427112,23.186732688005367,20.1189727730368,18.834566886440527,22.81323773333704,21.06112507411412
2004-01-25,2004,4,22.123440623436807,22.71487871060239,20.644595692828364,23.90569689160301,24.534502928738767,23.245521412853105,24.80656533755645,23.884588040438565,24.21328377210464,21.14712140906112,24.277136646617542,23.89375151456849,23.99113444471912,21.48167353691581,20.30164602376616,24.196495463003615,22.169399589219825
2004-02-01,2004,5,21.81300126447641,22.806453940710792,20.455895990847274,23.369413364501224,24.204188430865194,23.107764559516266,25.43616402740033,24.620767752907494,24.17411861121071,20.72806180690083,24.64070635708896,24.667099230373005,23.785347229725605,21.717560255249168,19.770566238434565,24.74966878573722,21.93301858413573
2004-02-08,2004,6,20.056561262604504,20.669369935481026,18.2956456097228,22.1329402582986,22.741029273484216,22.075244051762684,23.27426579533791,22.653113615358027,22.656027590458645,18.95534254059078,22.35747084349265,22.12062440085604,22.31674877004734,19.18521137335671,18.128554017708638,22.35577442967962,20.047497831586234
2004-02-15,2004,7,20.25682034486356,21.34567988503462,19.32900480390547,21.502449844564712,21.736620816189127,21.532001041230703,23.683097205426183,22.630936922345843,22.27230708053201,19.589026044538773,23.08374241915616,23.09243650513518,21.44296351731053,20.54492935419177,18.282409460738148,23.197355113617363,20.13875993307068
2004-02-22,2004,8,20.095333305565088,20.436887287636047,18.71108799860767,20.80449136665889,22.053357017737333,21.07867402674455,22.84367192104329,21.930031130902176,21.517727879862036,19.155456474312786,22.079414729328896,22.25027524171814,21.65865658424996,19.74276986025896,17.403468840784463,22.263439096350027,20.096281416653945
2004-02-29,2004,9,21.17314118983049,21.10120075242097,19.37396860334232,21.660795319648013,23.581887929197773,21.84503569289984,23.454143057064133,22.38797606728294,22.255375854656418,20.135128631634707,22.747137373556825,22.883438249161305,23.177293880565745,20.247463770520323,18.170084535400715,22.88498080453294,21.19479260354672
2004-03-07,2004,10,21.21298646620035,21.76364554016829,19.706812057224333,23.11184285935901,23.295980332075978,22.924473984668,24.00720706416984,23.11753298970012,23.481126068622867,20.331745238888782,23.14187197334323,23.427204147503385,22.84609420879467,20.646771666840408,19.352599654936327,23.385071875764435,21.122396362438355
2004-03-14,2004,11,20.346938814435685,20.604395091660752,18.73967967079928,21.0453836108957,22.66883547689013,21.26233757907666,22.908703879086687,21.872050747561765,21.72763315712169,19.34834439628438,22.19808481059549,22.243638652996875,22.28147783242597,19.65393498295798,17.68952076787174,22.326164219477405,20.29886805979068
2004-03-21,2004,12,18.58865571973253,19.02751461224261,16.756193568458997,19.516151538917,20.68393293475328,20.193785884665704,21.75534547522186,21.00028452192034,20.42811124245481,17.647479322817517,20.799611528404863,20.67339992266138,20.21173186467881,17.519967233894086,16.187932372868595,20.842092234094547,18.38356130913583
2004-03-28,2004,13,20.428387957343418,20.80358536462032,18.692423569172384,21.623742594605403,22.786423834935547,21.94922077272236,23.22473329149252,22.36183954015955,22.248091578250293,19.305207699838988,22.2920331748533,22.68452247969224,22.439263122882625,19.709375924916905,18.19326802719877,22.562671448619867,20.17693595809114
2004-04-04,2004,14,21.36212668793235,21.709909447220596,19.69502383031565,22.371869572571345,23.363847755132824,22.078771505269916,24.00417534185916,22.994040392590808,22.92479406084333,20.33721064984865,23.292542215652794,23.33041484657966,23.261306442349117,20.608214160600667,19.02967740253953,23.37747301747421,21.00389988917224
2004-04-11,2004,15,20.37494657214544,21.38435964848695,18.741516865558506,22.610680057888946,22.8167973891794,22.05289394422848,24.04755129132952,23.28740744157271,23.18338508568631,19.34087899511657,23.10798986195486,23.178097820024924,22.44822736872669,19.898340909057424,18.853559976714227,23.201123015521325,19.99208329887082
2004-04-18,2004,16,19.267724758869893,19.614290962341244,17.516300205223946,20.24751108742896,21.400062006195768,19.872569289139957,22.21904484384609,21.22606632876706,20.96688694776621,18.03346547662072,21.33567434864127,21.86779039696542,21.219923363689293,18.83101507586172,16.55225422789579,21.668082481727676,19.320243989039625
2004-04-25,2004,17,15.70673872482516,16.36127243774024,14.089768961455404,16.846491738444282,17.54722997720466,16.978056022712774,19.112453471814923,18.11853806384198,17.636307740631402,14.668581655779088,18.30199172940605,18.61939220608405,17.186503355107252,15.362915845553204,13.309602990951117,18.50511164954497,15.721244491978156
2004-05-02,2004,18,15.480833434076692,16.820701609288196,14.371401710645646,17.709307960101537,16.863434996982576,17.73468541178464,19.460341350677755,18.37940580690062,18.282900032931813,14.57259761200981,18.64295908444888,19.17984241938013,16.843600471967893,15.784072681241325,14.018146435630316,18.92859919897031,15.231904909617176
2004-05-09,2004,19,13.56336342874181,14.560553130818835,12.076185702854485,16.22645254504113,15.370049224616332,16.632421227188797,17.339059543331583,16.818408288336418,16.791198498115616,12.547659532828057,16.040415115686724,17.07232983093056,15.18447763118965,13.316384059617675,12.155217240328277,16.522520132494066,13.323022900887253
2004-05-16,2004,20,11.46180318037055,12.901932340186798,10.350383268591573,13.600104857058753,12.664093258290888,13.619441299978526,15.92855490470419,15.160251696698076,14.533318182726894,10.720009358580926,14.865710753899116,15.150112235642506,12.514888240563824,11.707733623208762,9.696352358928102,15.07776296208749,11.167628415189986
2004-05-23,2004,21,11.256107346278208,13.118530555320447,10.127386138623228,13.731398160258928,12.793172290641056,13.885163540392156,16.34448786588174,15.359259997776574,14.711195415713316,10.365743441308178,15.349851473688563,15.89455672030179,12.692565822233105,11.883249278874278,9.68047379447994,15.652230641613269,11.009269309172414
2004-05-30,2004,22,11.996419288016654,13.186524767865505,10.356555150691236,13.92454372559275,13.554300338581346,14.161045472134036,16.34460433648557,15.446359548197162,14.983175898251467,11.00169738124809,15.030290620977228,15.725964598899903,13.28981639243461,11.742058275809248,9.98897024764408,15.450985316894291,11.715105826321317
2004-06-06,2004,23,12.673239629701298,13.432168162707834,11.180383294265464,14.688372475760325,14.017902227792804,14.60669199196068,16.107493673052108,15.202349885469909,15.35466694831848,11.739622278476324,14.652406579385074,15.89057636903624,13.95164035369991,12.426791949096668,10.641796295167854,15.360571314444046,12.340645604699128
2004-06-13,2004,24,12.686351207846071,12.36391368247807,10.69053902865091,13.441090147055329,13.065012876057429,13.756019178658072,14.430103774668524,13.682894664368073,13.980043539562336,11.72091240059538,12.90991905963782,14.34858851612739,13.226725077076768,11.50312937556117,10.49653315182279,13.735722171350467,12.11673499455028
2004-06-20,2004,25,15.97839526565532,16.36706366061148,14.073779894804256,17.240872796092713,17.31384791311381,17.273423747206284,18.77372582104741,17.78840607630742,17.851399641914146,15.009634822506472,17.601231117578813,18.35958278404092,17.29912866956939,15.09162882339544,14.04009906701713,18.08582571294676,15.525233209615129
2004-06-27,2004,26,17.376583686052907,17.750461835596866,15.541723670214813,18.886766977253416,18.40934885492332,18.80544727403992,20.29343091781216,19.452180236717325,19.448614713963696,16.39717661865114,19.01056539609835,19.926551736590035,18.44564377663219,16.66400753409201,15.166175166832858,19.569522928585044,16.88963641567693
2004-07-04,2004,27,13.064027522368168,13.42729875273796,11.871671453660426,12.661445028725126,14.149430632150056,12.505815699293809,15.60661649842999,14.185755181002929,13.606978084243206,12.096413529227636,14.562566329493666,16.088616121811363,13.884214907539397,13.40730615562255,10.02400571528586,15.465841132834,13.25750996128247
2004-07-11,2004,28,12.667363897100223,12.521266709766918,10.767562829400967,12.77342259635528,14.142082904728143,12.635101888477418,15.022003351773186,13.920827288441842,13.68683083183378,11.45590580300888,13.711965138158757,15.104025104939131,14.197522740566594,12.00977233487436,9.409957914690144,14.482979427345112,12.839928087841146
2004-07-18,2004,29,10.720027231955312,11.413855089307594,8.776577892405012,12.153224346893174,12.82514868128485,12.822475906504629,14.204267090333095,13.100271026561789,13.005942923215503,9.426009339342237,13.073821455885325,13.507536649061342,12.696135466623488,10.033130344591642,8.444805528364592,13.414841487682963,10.510346254248503
2004-07-25,2004,30,11.52474445173639,13.440471591471608,10.099228746190786,13.441916903569586,12.82235908331825,13.717714809236076,16.646672515757924,15.289454328611304,14.641547538063069,10.487530848038617,15.715818889006908,15.999011083433247,12.709282303408765,11.896182148551866,9.947447062859734,15.961141315691629,11.153001902881018
2004-08-01,2004,31,14.377718092085004,14.68764548108522,12.514183686915604,15.070488075415293,15.552107502141764,15.180213625673469,17.182117993212998,16.02688766182243,15.89396203054141,13.315154499626804,16.072405353562655,16.867428423580776,15.57493955011994,13.593891008691823,12.048522947036169,16.565494302200946,14.02838320616442
2004-08-08,2004,32,11.102432563958478,11.515259388413256,9.043859040938123,12.98082398694186,12.198938211275856,13.3395395996948,14.267913924014255,13.31064340343723,13.553950770260537,9.979142898917868,13.064756548249877,13.61897127776133,12.161947242541665,10.024680302272357,8.968107414486838,13.433293964064983,10.66895960299474
2004-08-15,2004,33,17.044841139166206,17.40947294641914,15.486559882244393,18.18608201969238,17.750057190105178,17.9545141340376,19.420478025608784,18.280159716915776,18.65856497068461,16.1648620073385,18.55964553882549,18.71434409149252,17.84750953604356,16.233396329000435,15.11710859798173,18.779766051036734,16.641853777867446
2004-08-22,2004,34,15.022487013189645,14.944216905118052,13.847414494406996,13.74618298666818,15.642620734688442,13.966501611540217,16.88114018620972,15.21443237899186,14.694509409178496,13.956924909949972,15.987270340362151,17.691700982918956,15.698261646690517,15.391475394444832,11.582233656173557,16.92689442867869,15.189626890372717
2004-08-29,2004,35,17.847565681624445,17.15465218324397,15.803328062648148,16.79434031957672,19.364291400048224,16.80968935609324,19.107609367926685,17.81802355233725,17.56187826966586,16.736965767310092,18.27707459503438,19.02692366031945,18.91360216895585,16.532982442423343,14.737254549640827,18.74155497877565,17.729328931823897
2004-09-05,2004,36,20.278435543850737,19.5518676482284,18.69005679491885,20.441035218182066,21.182783924500917,19.22512281754149,20.717961770104942,19.688520769391744,20.535957228180944,19.649865871339333,19.897483531737223,20.640116744285645,21.17809484916304,19.085558429366287,17.84080983919857,20.39973085407175,20.10558011396876
2004-09-12,2004,37,12.956683854185323,14.486753236002,11.806016177335673,15.400013785986674,14.280958044361306,15.33578615360432,17.397073320327625,16.358039714268276,16.1109122166195,12.133759936814368,16.47947986322048,16.9937443437602,14.154104658995818,13.379377625514076,11.392407964666448,16.767655344625275,12.627335677249734
2004-09-19,2004,38,20.28570944001776,19.578636924849395,18.47427733936665,19.240221006529676,21.646549222029908,18.78927337494289,21.18048770782204,19.813991878559065,19.811212423029712,19.10399821209559,20.594109938980697,21.196114663486533,21.596876560491022,19.31551924080164,17.107690447469817,21.002668272492468,20.522318084284944
2004-09-26,2004,39,17.397506026534348,17.59428358942207,15.648219242282114,18.23260579080809,19.816088715983177,17.818273086498756,19.921155974051697,18.69189403533936,18.757709832574054,16.049746496202705,19.18783210903019,19.70624133518764,19.28135598488296,16.98493611638047,14.61342759259894,19.522532485469213,17.796626002319414
2004-10-03,2004,40,16.2598525566484,16.073691976604177,14.530691848355472,15.860511931635086,18.590404283197437,15.993557004548103,17.85140232720111,16.76002265187053,16.57303991616355,14.934151013871013,17.382001988299482,17.628347339013196,18.08322452670359,15.527652476680196,13.040659992013085,17.549042869687312,16.530338611885544
2004-10-10,2004,41,19.040887065529056,18.68166936638513,17.300959221113015,20.021159868864785,20.863291392407536,19.45149534610861,19.923412411970578,19.475644169596883,20.202719007219592,18.000108903921358,19.47458408157547,19.88999784346218,20.63938333997395,17.937400339335664,16.591777400607462,19.726935209360143,18.926123897984343
2004-10-17,2004,42,17.073600019113744,17.51378628592501,15.326680188064778,18.539464514879956,19.111635834971327,18.083554791974592,19.8530362076384,18.864092331923448,19.0444203132286,15.82951954861996,19.030735972846223,19.834728472316364,18.854020302820388,16.633229557591363,14.475347300317884,19.480344682756936,17.109830238105797
2004-10-24,2004,43,16.8229307569899,16.68150970829067,15.054197021575767,16.98165477173669,18.75511380004318,16.74847769154238,18.53522426949993,17.582132641680825,17.537827495492834,15.567410168148935,17.973150923757842,18.836724702881355,18.50141181264605,16.186597181017518,13.800609746343456,18.43085573797357,16.937867559833993
2004-10-31,2004,44,19.368268021592147,20.370323104390717,18.210347800521376,21.09048473409244,20.904215505615507,20.320502940292062,22.628728549612504,21.328682088480367,21.54620054043436,18.510318159654783,21.88865784814348,22.46204137159486,20.687840562989813,19.636469845532144,17.573381676900187,22.27683759342201,19.21274268209452
2004-11-07,2004,45,16.52879323308839,17.151125238902534,14.71277462452412,18.18287304185685,19.25187978737448,18.020697990132728,19.862893190745364,18.878047462067045,18.82081891225975,15.010379021025615,18.871418530187565,19.67730881133169,18.949739319017034,16.264654779981424,13.943165001654393,19.332115081891622,16.736084474707546
2004-11-14,2004,46,18.253298440341627,18.553398986869272,16.672108527507632,19.228477018220083,19.963082926966894,18.907935745160707,20.970183675560246,19.62673106057304,19.73570566774581,17.11681753229371,20.14504997369015,20.61556647215892,19.879302648964075,17.894802892448688,15.504722435771344,20.492977370021396,18.08358946450637
2004-11-21,2004,47,21.463214834991412,21.10622813096687,19.68135830566961,21.91992930713154,22.697652876068272,21.291128999324687,22.567338159411012,21.621650426790318,22.17467487301612,20.52760830504822,22.117212577918902,22.27974996026957,22.757237660838825,20.183109504600075,18.936722746931537,22.22582990269372,21.02343709770881
2004-11-28,2004,48,21.03258789337433,20.2751363650568,18.685964556425784,21.037701078823638,23.622949008673405,20.712848540592077,22.3081910603248,21.31611165727888,21.454061355142912,19.539246976442627,21.65749297203956,21.50204387058145,23.41603454567751,19.2634743228938,17.681025092442678,21.650827157754023,20.99325283004267
2004-12-05,2004,49,20.150020312158293,20.59841345469835,18.76720220977052,20.68539569633348,22.443429561476638,20.551977686593588,22.597062363916518,21.894549671519886,21.465859648299546,19.211767923979444,21.944383404884505,22.505973282528696,22.15377862665184,19.79525577083236,17.98539461982707,22.261721123921195,20.161171297500072
2004-12-12,2004,50,21.496123621976206,20.67775053967799,19.28796188875755,21.2548418484983,23.890052425517236,20.82498502792692,22.444615099937508,21.57571011233639,21.68641266570866,20.1339548945561,21.80742707685991,22.07376472133832,23.80093514689148,19.842266951524365,18.439681646364967,22.018418795441928,21.317655938654894
2004-12-19,2004,51,18.915493863276374,19.48087031297338,17.208380359829054,20.259796994073053,21.522040006410272,19.916806613769925,22.04429814975394,21.15315968649728,20.92075788531518,17.660690494275602,21.09159805330879,21.33162217512928,21.154074737924407,18.315618121015444,16.67777357420787,21.29469305661793,18.78004232442604
2004-12-26,2004,52,22.123448797788093,22.631738474628307,20.78815567842499,22.777152978238604,24.055276404831872,22.269952506479,24.70902087042005,23.63158742929434,23.37830564233888,21.405587138421623,24.228244089564203,24.471506237019742,23.810537106282005,21.800180300828448,19.798914884320517,24.39805526882701,21.56441379428874
2005-01-02,2005,1,22.681649530869805,23.46377541922303,21.19756321962047,24.848460467088795,24.795874904121497,24.03049959455217,25.595596947405845,24.905811052198533,25.16566426973288,21.762685471095978,24.87794400665151,24.84710356103121,24.63840177160433,22.061444958444167,21.482319499406145,24.93872237905364,22.17411060024786
2005-01-09,2005,2,22.612287145784,23.21409755373306,20.91711800396707,24.340524815377734,25.32745079673016,23.746367524489475,25.42783175543516,24.84050303966968,24.84734295958875,21.420876860216307,24.74869748565542,24.548019095572496,24.86799082148489,21.86455779458677,20.83207764851849,24.72610640852419,22.45067689232428
2005-01-16,2005,3,22.020255981111465,21.69087045889165,19.994930557582688,22.25406979663032,24.27195168529768,22.217987225015804,23.619660852949405,23.130030423449234,22.92207953048079,20.97432903658821,22.820944570566155,22.46331168120762,24.10162227954644,20.32958769788844,19.6284258152542,22.775431761769635,21.67418322216147
2005-01-23,2005,4,19.97508408510854,20.73026889066961,18.41668399372456,21.80688256592978,22.494256563843138,21.71107327892053,23.186557113602976,22.220833275534886,22.25763680370353,18.61390855261392,22.3862387355788,22.711289547203044,22.184447651203996,19.788786943599455,17.89029687308484,22.609427050835,20.02142252240862
2005-01-30,2005,5,21.794003757884298,21.309244365326126,19.421363672325857,22.364798588412143,24.790626349403272,22.046325791603195,23.66060469936004,22.83109402941419,22.802502221557265,20.247323247525497,22.71385935333384,22.77868360586244,24.68958147336157,20.12587473031132,18.990784405915317,22.84786533049641,22.08638862650992
2005-02-06,2005,6,20.4310769236993,20.706354882417205,18.33014726469553,22.045172762303128,23.946819905437074,21.84127193190724,23.333656121968524,22.392486205658354,22.470100395366877,18.957193620293427,22.33087324002088,22.69565895625523,23.427462285089675,19.411552895280654,18.138539399505667,22.57799395283141,20.554100413206772
2005-02-13,2005,7,21.914791485210795,21.95311057796356,19.94010207625544,21.876329890319283,24.52316322298424,22.1996651604062,24.23117843383255,23.20400989284763,22.69200857838073,20.806514232579712,23.60060244803821,24.03879412422283,24.153603404645292,20.830962669816373,19.11431164788614,23.84288824047828,21.75106907019396
2005-02-20,2005,8,23.300306968247103,23.211411826900328,21.415765986573724,23.716172507831025,25.706833648116916,23.582581008263077,25.36109647945482,24.25162127110865,24.235236322809808,22.360381210078277,24.51348562199316,25.31457352702508,25.43498618998583,22.163626809340958,20.87912035229636,24.945771476760537,22.877315122804877
2005-02-27,2005,9,20.556352669361168,20.50677164785389,18.381625601963968,21.323175235873176,23.59238206113735,21.576180059170326,22.81832691114776,22.095187899106502,21.96054707581283,19.13842184605293,22.052296667387992,22.274824319824056,23.048757183045492,19.389294550359413,17.77426805567437,22.245763711500075,20.59026871730054
2005-03-06,2005,10,23.38937441262499,23.24646285246176,21.416788838241835,23.865098223799748,25.47306042861091,23.756138751252124,25.16410010757669,24.26175828512613,24.35402495053883,22.504216373302004,24.524041222906728,24.541788466214488,25.17611397555436,22.028030527595668,21.104165724862543,24.61489942069156,22.94055358161824
2005-03-13,2005,11,20.22478935555909,22.01941688025176,19.161516261502715,22.43788142999013,21.96479797928004,22.394391242755123,24.92120580979061,23.66867201668876,23.24671996689589,19.401142154689317,24.096613970669832,24.648875724915865,21.66541053705694,20.917605436692657,18.755378139590505,24.454972000271376,19.729948979503703
2005-03-20,2005,12,20.70131754292177,21.413993487734277,19.09856863114933,21.81583629335676,23.084139145541243,21.92828171041481,24.14588004576569,22.82476058860878,22.53000379401877,19.61444788762233,23.15652717491249,23.38920838492257,22.695615416788225,20.2994250987045,18.466737086903304,23.401154546121795,20.73029082419095
2005-03-27,2005,13,20.5771995038753,21.40793469313111,18.789105809676297,22.178582654112866,23.61526127553357,22.10772668256723,24.117666644883226,22.930493696138456,22.779589485049016,19.385221129461403,23.291877536856248,23.61070225245226,23.017589005724343,20.161818831533985,18.541841018978182,23.51405930939019,20.71246640058862
2005-04-03,2005,14,20.08849150855262,20.561338111027474,18.48454633601069,20.92908962709563,22.209188922963968,21.028445619413752,23.21066399287899,22.07779844804244,21.71641116972772,18.97478704270147,22.00181239074443,22.649533713924274,21.868800154063692,19.78764771377328,17.682880761163318,22.53155853510369,20.256738930057004
2005-04-10,2005,15,20.85909280568323,22.31872720149026,19.877772453937684,22.79630577138492,22.313783654100718,22.246514854283863,25.24619927142174,23.9857212671057,23.57187656693729,20.283182521772865,24.13921131282657,24.672730129684076,22.008463270415668,21.297033655629317,19.19916857813847,24.521825394751744,20.67409634847204
2005-04-17,2005,16,17.58541910743468,19.19961658215472,16.72919450191237,19.46532143013818,19.163683140922,19.09446174052077,22.21967694363163,21.04633712719013,20.400776426386223,16.93107155015686,21.041795155909156,21.982882453424917,18.61359010792147,18.410584850182964,15.83141418412001,21.60252988035198,17.547667467369223
2005-04-24,2005,17,13.93906006266865,15.875450377271116,12.887701628159505,16.244184752305348,15.603272661820418,16.24735298917714,19.27528111093593,18.151985977470098,17.329353110430993,13.170020874761487,17.98977616545442,18.71467599328959,15.2773492041702,14.67129194986504,12.393360064076216,18.464600490264,13.879665965339886
2005-05-01,2005,18,15.433006838942124,15.886125802993774,13.4379562506553,16.99625852704048,17.443188279756875,17.556072147963434,18.656124843452837,18.294969133649555,17.784882024776216,14.308862397587603,17.361025529506403,18.241398862751343,17.1906490648115,14.510766990202711,13.549198705240835,17.85541481607814,15.319750114271262
2005-05-08,2005,19,18.39424607437703,19.105526998861517,16.842827850670123,20.1471531078929,19.693330679356304,20.107227059097976,21.668771437931337,20.712531642666107,20.71132065498665,17.59013580766384,20.690211660211737,21.15452393431548,19.702044843246576,17.916536052660078,16.572889142368425,21.017806461879186,18.040102413722447
2005-05-15,2005,20,17.9031377213035,18.79948581612186,16.40700194088886,18.816092095204763,19.851324085656312,18.989489195736525,21.826473714311337,20.42821718042547,19.82709777611809,16.69621138524419,20.543428797536084,21.777906556656426,19.556513592083014,18.16862247544029,15.53851105672312,21.33893761756136,18.25210953787009
2005-05-22,2005,21,12.28785401237517,13.24478389789809,10.524293907998194,13.111320157845816,13.810969608258883,13.37312737947265,16.393256901999603,15.72185243631338,14.55033777651255,11.019557874301956,15.084744006730778,16.25443467168474,13.763725602028453,12.223913350688358,9.895194678960204,15.724616664729709,12.820231571351744
2005-05-29,2005,22,17.82216202062069,18.417846341631307,15.738510404314312,19.123559714782807,19.47854055888913,19.241835268921527,21.35962380056131,20.53164265669785,20.119365013742165,16.6934921095154,19.939832237375764,20.287769042578027,19.347481595043053,16.750482478819205,15.895121435405718,20.289323627598836,17.80026456802039
2005-06-05,2005,23,17.081912826233694,17.66470330610458,14.774886845484598,19.11096857701029,19.03117355640335,19.130641872204716,20.61768725314571,19.89245428555972,19.87415301589817,15.722041889572573,19.222950815638423,19.8708410134534,18.74657573847237,15.88611677620408,15.184361092758822,19.666466610305697,17.128794175916603
2005-06-12,2005,24,16.447180233713592,17.06224243828991,14.437495429640656,18.2272934005374,18.553717194620013,17.92303232490019,20.09011002254208,19.094068227000047,18.980413957584624,15.05365703880988,18.767438043041142,19.77993128177612,18.216740091795167,15.834885132657147,13.984506565701444,19.312695605880823,17.122264718752344
2005-06-19,2005,25,13.00645652854458,13.019726872189976,10.887131875451942,12.736836917343592,15.004565250247076,12.96567913924405,16.054374553024246,14.607998002535338,13.780054946701588,11.4870654168896,14.93006968642726,16.089859794092305,14.613020127344315,12.368749067723916,9.474858288476623,15.554627211359849,13.832979690996464
2005-06-26,2005,26,17.12895933296076,17.182462710053173,15.082225234717953,18.440516869227093,18.976904230943703,18.529284127430564,19.70355668359873,18.80993313628357,19.009137969194327,15.919248954785823,18.404734302702405,19.25867628601362,18.870561827103604,16.020503979687827,14.616954857227286,18.941699167986908,17.26690245895694
2005-07-03,2005,27,11.215644844403752,12.6736543760625,9.856688466237092,13.39816035081943,12.575102144660638,13.671641840744511,16.170027385300173,15.118810929880516,14.49053316526917,10.167255065974825,14.425097114596015,16.129274849621755,12.405057026152445,11.807547497570068,9.026131038004104,15.375479744838408,11.133436939465708
2005-07-10,2005,28,14.198448731018615,14.974555900610332,12.414159902134296,15.914914730049311,15.500843824588484,16.227981066611743,17.282923545503753,16.76586392439805,16.857130602147947,13.148294333531968,16.36444794625947,16.763808993316406,15.376556606366366,13.532032133705492,12.245844858004595,16.69893665089766,13.99301132937326
2005-07-17,2005,29,9.430720477797657,11.333715716913057,8.316559178065491,11.726057627016589,10.331072924844785,11.730832787247392,14.504102809783667,13.587957389633376,12.997550709140278,8.332910702654965,12.966019832313831,14.54230842693154,10.518516219720876,10.497716933123243,7.670523718046126,14.032269832439384,9.375155940852718
2005-07-24,2005,30,12.204161345114883,12.486316596521243,10.673113585999292,13.518333383259318,12.510339312691055,13.254460401056358,14.790389936797473,13.531075522435176,13.876267700979154,11.398426731740395,13.538847588873528,15.061980766748803,12.87097393960106,11.890626240871054,9.910443703888754,14.493263222233423,11.747480689675982
2005-07-31,2005,31,18.2820003637169,17.393650054423286,16.135847911225447,18.715469559033718,19.441722905168174,19.16891323614918,18.637048181917507,18.307883626269053,18.832249756195303,17.609081337502893,18.193675839642943,18.35265341987507,19.359522826883325,16.401031288460963,15.5833204890182,18.38446771468668,17.964660853388498
2005-08-07,2005,32,11.321077650578326,13.214142486230651,10.281500461573293,13.320893805651435,12.130079140581968,13.15794898306848,16.384323831897436,14.784816928219486,14.427065848371054,10.526722677110689,14.901052791215642,15.573574964569584,12.201796238026564,11.949936695989525,9.64293600880534,15.440111988911193,11.176196902910013
2005-08-14,2005,33,17.09935305385516,17.07995349715259,15.123729999444077,17.84139073604629,18.098993011265662,17.34314951166376,19.12916663923347,18.018237393366825,18.390363571928443,16.079837695551937,18.16918892550778,18.74974145529405,18.14598749687313,15.87772236806298,14.8802236788131,18.57719947867197,16.99593996487538
2005-08-21,2005,34,15.30614897152325,15.627708155463246,13.64024980002626,16.45453613570758,16.439690726496924,15.976151943206789,18.036541833126854,16.835239811686726,17.113897682869275,14.431315912304632,16.861659648614527,17.855188906996077,16.37556531438496,14.706321822922364,12.920023617414762,17.480752269349217,15.428459077832514
2005-08-28,2005,35,15.166578751886824,16.581224125331396,14.50709491571496,16.6489005060423,15.54794857186092,16.144847007638546,19.18673961850714,17.746534354469993,17.51893609004011,14.492809392738126,17.913238845759142,19.76643605116564,15.715974172570071,16.37288609483188,13.383415137736431,18.990947564754,15.05188728471329
2005-09-04,2005,36,15.372340808657295,14.75145292536282,13.167670538072151,15.864532669385277,17.359901153626573,15.148978114281537,17.04784929648085,15.865759263967536,16.3746024820436,13.72908567979982,16.046980267479306,16.853516090269682,17.287109532411495,14.24750904985978,11.848976749364107,16.543111534267954,16.258946901383105
2005-09-11,2005,37,10.709945593408024,12.701795192669705,9.944649528589732,13.106125388826642,11.778940056801549,12.686694823943816,15.408295959494898,14.016428598428703,13.981580937678563,9.746021492542916,14.407771692234716,15.474879039908355,11.79592989954709,12.234743004124486,9.070768335473822,15.13094593540796,10.949912938788891
2005-09-18,2005,38,15.58683068657167,16.25418101648278,13.66144225992983,17.717586557070415,17.657925931900895,17.2224793869863,18.763282792561256,17.771111399167545,17.941012455292643,14.153152967330708,17.856842810560615,18.06241304083976,17.723395555636138,14.933362506433207,13.418231038465985,18.06517960460685,16.006955699457954
2005-09-25,2005,39,15.385342120510575,15.25683909591073,12.874679351762635,16.223170760132017,18.686010604254147,16.199229593902942,18.178560126279606,17.05539643522981,17.15397693033088,13.5480933913498,16.733357878680867,17.323484927174857,18.27443602002265,13.975384204247083,12.19807226851428,17.16338778195316,16.452803020528705
2005-10-02,2005,40,18.277257281073886,17.656088964263006,16.33162257855406,18.071577585878824,20.234728197624374,17.847944155316252,19.377131959787263,18.38834252196473,18.47886834079273,17.056304618397768,18.56560946873256,19.05884688626724,20.094760897536997,17.177539450687338,15.2972031301316,18.99007867413724,18.412147209008108
2005-10-09,2005,41,20.231449510139853,19.74819685299513,18.495833333023057,19.793626815080643,21.82463833281589,19.20105303515185,21.23939882284003,20.10597488006988,20.23028820694776,19.127878340344598,20.76458466517461,20.94457466325991,21.83232175061141,19.33271887371273,17.12049373515512,20.99815754974425,20.388037042797738
2005-10-16,2005,42,18.184071977779823,18.57926969385859,16.62162351692897,19.230657515071687,19.622209947079224,18.66081724571905,20.562378813852025,19.296302596253238,19.498829416099596,17.16929000247316,20.04182411292931,19.90933009170779,19.66953592226772,17.68043508027729,15.641579282912712,20.071764679104383,18.030604631110347
2005-10-23,2005,43,19.26940834261429,18.977221283577148,17.584433955435426,19.16753960365341,21.06754573056823,18.93639070125467,21.17849932189586,19.99408553631275,19.964590719301405,18.24031467351924,19.97185340319877,20.866139712680702,21.0787290937652,18.48989402912896,16.138788041767512,20.588519557348203,19.253406047821045
2005-10-30,2005,44,17.63565509138267,17.723204114543858,15.808168782739378,18.48373636177608,19.289261001908805,18.166355238611327,19.90125244629974,18.93343257755428,19.076971345218425,16.475632245950948,19.13814176171373,18.960363544865118,19.270390462691257,16.663221407559348,14.831933420958276,19.118581301545444,17.665492093145367
2005-11-06,2005,45,17.585445437191996,16.75290499872236,15.094107232267284,17.25962687390191,20.44739180507702,17.3636024799126,19.14663886467848,17.84120050752318,18.082383914469737,15.85507053894455,18.070751719454147,18.481704922699222,20.13247790944161,15.954378887745625,13.92784279129701,18.368873652180117,17.758088861192977
2005-11-13,2005,46,21.74661748535077,21.51795715258828,19.97822197200772,21.97609168433008,23.64037466437441,21.472795906214177,23.249403405815105,22.192195658497997,22.031587861988644,20.737814606107666,22.699487464871755,22.75312341191377,23.5532427846695,20.657745100171567,18.948233219607136,22.7801042732194,21.46967799322946
2005-11-20,2005,47,21.34084594019592,20.92710808345249,19.280775497101423,22.004739907525835,23.08427508401482,21.446331601038555,22.938557266146383,22.030774479655477,22.28756821178877,20.128154921987598,22.06610515644024,21.87518443958457,22.988275735995025,19.672862450690623,18.548024314479694,21.97008909684571,21.11240802106832
2005-11-27,2005,48,21.028103623457703,20.38974911622656,18.87113232599917,21.298870448555263,23.5671278405066,20.99949228686869,22.695223271673,21.71795269161076,21.80593003125573,19.83581177322079,21.5142012377322,21.42722084451557,23.346229974827708,19.221355044233217,17.905076104570544,21.56347490150168,21.0225491922178
2005-12-04,2005,49,20.65644532035523,20.55325621480881,18.980905995711677,21.330184781835197,22.22132098877721,20.786885581881844,22.687906432082283,21.7380814222856,21.620084114970528,19.608490785141765,21.85995428902762,21.434097283612683,22.12545162370306,19.57327114266749,17.841750501523794,21.71032307619218,20.55927639830145
2005-12-11,2005,50,20.72757850804077,20.027726010218867,18.338955258519224,21.2772924999396,23.463508682194504,21.10088079837912,22.23022779570377,21.505287458741822,21.65831147807918,19.26386931991148,21.39524264810405,21.20098419523625,23.133798759416266,18.72996273954065,17.493580034054265,21.225077929562087,20.833887344422045
2005-12-18,2005,51,21.94014901513452,22.18678129354774,20.581361314524774,22.419207175572712,23.672407666989205,22.356533774691357,24.182909768107336,23.041699341612976,22.85699099150656,21.130541018345493,23.591965758748906,23.71311294936105,23.648806984360156,21.43191463484045,19.316367941286387,23.670472815078764,21.42295144124815
2005-12-25,2005,52,20.819763649998176,20.6514232168828,18.861981678770626,21.760814771765755,23.61010741058056,21.61472460968921,23.299424902690745,22.29102099431025,22.464221528831526,19.39420259173193,21.96096478581944,22.160832849795607,23.19189230907838,19.625885397726528,17.884375540040196,22.14720269518589,20.97480098256525
2006-01-01,2006,1,22.121479650568627,22.702649247671747,20.900957045770895,23.4162626521928,23.744868252385025,23.364289653193843,24.67319947290004,23.92305717765511,23.99407157039456,21.39783263662401,24.040223662471355,23.84428025063157,23.70076832900176,21.534191004787456,20.19417759815603,23.873810643086,21.50566308389134
2006-01-08,2006,2,23.644774921765816,24.82368096207251,22.78953079809208,26.318969553425195,25.070653280093,25.22143274108415,26.58724142024538,25.899996249706717,25.54024077488252,23.25010522492691,26.105541881544763,25.6357856683654,25.044499369661786,23.417385554191007,22.70000310496691,25.81089325473733,22.30766066450957
2006-01-15,2006,3,22.372950228638327,23.219278161713824,21.22643041568408,23.66885846285593,24.15322233746442,23.07977672709461,25.477857439580536,24.477154490483272,23.637354804111787,21.68068713519651,24.609012706145577,24.75188212895972,24.06953170584896,22.202846533137915,20.60706380418168,24.718325202479058,21.82803602424272
2006-01-22,2006,4,21.41835701695741,22.57860662179715,20.2137371196933,23.06788895811353,23.30101957257636,22.978903516379106,25.204826121427576,23.76285004950189,23.68640597692441,20.529835754626248,24.10606986867401,24.631585481031884,23.175585069251333,21.41887396015005,19.83765312494413,24.403585575798022,21.112518602304384
2006-01-29,2006,5,23.17274117439103,23.59445788560392,21.683344558370568,24.725079928125652,25.14513620140816,24.5323296992475,25.74499393274068,24.88062622862977,25.03134649093837,22.32230712002389,25.200484232056198,24.35899724728978,25.038348744734837,22.3152508782831,21.19293546159708,24.8542797551463,22.694099439122283
2006-02-05,2006,6,21.945203442371028,22.019928191008088,20.51986388178557,22.52624072915032,24.176197866613474,22.60011267938209,24.04145600010285,23.155002613810748,23.21479516859857,21.030284181086365,23.20998800368536,23.394983690061338,23.823827758258837,21.34775206577556,19.48177812829474,23.39613518462956,21.73679420825928
2006-02-12,2006,7,21.39673691581422,22.350356582893745,20.07982832748697,23.36074999116716,23.69073143683037,23.276262752184383,24.71633794912444,23.83709498616008,24.001129540445287,20.480462587054053,23.935113110893223,23.41609565652606,23.324210212957908,20.99543743941168,19.81132818583665,23.709219497710528,21.32996246307044
2006-02-19,2006,8,20.14754270310567,22.14129584989568,19.174395504945554,23.29094099998474,22.539543540101857,23.024426370667367,25.123202866089937,23.83852721771637,23.95179295586513,19.22704095754634,24.05160083357906,24.352268193288637,22.17684979420371,20.826227746653284,18.96626050683051,24.23898562899774,19.989713682961277
2006-02-26,2006,9,20.76767701255769,22.65103912963541,20.00520385126149,23.806251097293124,21.79600553420806,23.529835682578064,25.476688763143024,24.493966520235137,24.48343291907861,20.104546117299854,24.15249279402035,24.776821907639825,21.931040368024902,21.41617425572132,19.81524150717893,24.538003955102017,20.245660096808585
2006-03-05,2006,10,20.598348629827512,22.42923550717612,19.75945894635665,22.83774903842381,22.10291335602145,22.95449850457976,25.38009501198638,23.98425349049754,23.905715083889294,19.878494900981277,24.2334542856588,24.958814248241826,21.89343374576348,21.458814422462503,19.00496257698355,24.6769866831382,20.26314222587729
2006-03-12,2006,11,22.093029478802183,22.55824233829848,20.256692608796925,24.098656370526268,24.224802048271624,23.98273973943644,24.9684780777022,24.07468782796488,24.425669188602097,20.894681531479176,23.920602284881458,23.94083255449074,24.166655623314465,20.886870641976323,20.307173519874304,23.885187119187208,21.86834536986852
2006-03-19,2006,12,21.540972762433107,22.938842157311026,20.23320251200828,24.12587792816616,23.47003421741093,23.904366978040223,25.90416534023452,24.956997298203504,24.74293217407047,20.5814865517804,24.671526335018537,24.81483523479369,23.234910307703792,21.56787282598788,20.03035203625397,24.81081245929994,21.288997439361328
2006-03-26,2006,13,18.549007599878493,19.19834344015955,16.86370223162972,19.778125785645987,20.776747403543677,20.01330914123025,22.078181859008076,21.07180840529405,21.31371471046701,17.277891957183254,21.00174560712013,21.38830184165358,20.375403006564696,18.27028513539673,15.914170871266858,21.25313288171697,18.684381745253614
2006-04-02,2006,14,19.38697104288344,19.90723234859865,17.494960102869964,21.363384235472903,21.63812003428631,21.666197900759823,22.78107799385449,21.473214325347502,22.16824033628938,18.153286208720257,21.473777528242632,21.747767129677,21.34538366435578,18.422063266707355,17.33118875421291,21.61731267208689,19.26366211204837
2006-04-09,2006,15,17.61931356162485,18.889981623651632,16.14878344726224,20.32198045793034,19.47588084663488,20.36077208868785,22.03207877912605,20.736756090436664,21.056648748961443,16.723650278471183,20.64178635403191,21.75213715843756,19.25324162737283,17.557060878362684,16.034168336914693,21.265612357749863,17.449978313034755
2006-04-16,2006,16,14.64069707053048,15.810935202437934,13.208338390120174,16.367134914511727,16.47945476195973,16.766397245448836,19.202893220996025,17.94494892169903,17.847342098295805,13.499962698353958,17.536055744055545,18.65574138954965,16.085758870172686,14.84255839696174,12.388898237789432,18.24459544179957,14.78824216014934
2006-04-23,2006,17,16.851876047740724,17.8629891918158,15.307232398529864,18.49556688041914,18.26170098243335,18.350056108207163,20.83725864755169,19.541138061424355,19.449820160165924,15.969602569284,19.714007915975728,20.300501101100544,18.007669210433964,16.659307110389797,14.727055459331533,20.104750597780228,16.845735107149398
2006-04-30,2006,18,11.997589915875762,14.260210501359724,10.98223284439588,15.000314117897124,13.233026566636026,15.31781406230755,17.85307102648232,16.748430343231597,16.277343791058385,11.150382495167822,16.539618759650686,16.89761526565346,13.053816956442756,12.818277194842455,10.670243714120526,16.75231094509655,11.786532916148715
2006-05-07,2006,19,11.88661186974328,13.78307170298562,10.496444383128724,15.037645318678448,13.21162267017153,15.187595225055553,17.36744717189244,16.12122842318052,15.974052409603171,10.788395535691114,15.885510092070607,16.84995957012125,13.191581683729606,12.24639496352298,10.427941053179596,16.3686308347549,11.729086166443528
2006-05-14,2006,20,13.21812596928659,13.988998470530074,11.426136061271526,15.364186975218,14.8739566386496,15.251459520602625,16.84587133591099,16.181055033795246,16.52297706006791,12.038956249524556,15.487413859677009,16.29735677390086,14.605358170726584,12.735753100900531,11.35169280600588,16.024104234057162,13.300151674573955
2006-05-21,2006,21,12.117616797045851,12.85492134348416,10.536748795987444,13.979097556500207,12.968023463940284,13.53444563007723,15.673078222803056,14.533965729552431,14.897819551703048,11.211825332169592,14.397377525263533,15.103955284283169,13.037282620617782,11.772480055518807,10.025106433040406,14.891374662664306,12.031224539337774
2006-05-28,2006,22,16.487546372137473,16.060497838042693,14.242137464677326,16.171347432193304,18.81526232295174,15.98654402851905,18.646231640184585,17.042151689900983,16.952416700859594,15.106437452464323,17.652433900709276,18.360963144071015,18.43460240051093,15.2895879522821,12.962307741486343,18.1126379266877,16.776664219133938
2006-06-04,2006,23,16.12093189907197,16.360784180891287,14.223107054472605,17.4848477826232,17.508088338472152,17.138807399852855,19.148543494088308,17.68770329314393,18.14432479537397,14.975155309027038,17.589730331288788,18.196301872839506,17.39233339983524,15.216329988963432,13.802145807463358,18.16478739885901,16.018862243611213
2006-06-11,2006,24,15.009523704705552,15.214770145253585,13.295627802583954,14.817357267652236,16.110500186747927,14.70498197449987,17.995017969226,16.153585700493355,15.811933110604782,14.027218871765651,16.584251915737664,17.656576344266416,16.16562674128411,14.474499827370984,12.034837186896524,17.34557351674119,14.942589367817677
2006-06-18,2006,25,16.688267585086702,16.471679556344366,14.69557377587617,17.129504288945878,18.436821747673257,17.026186540473535,18.685154444969776,17.525983255559748,17.771421913064856,15.4746743165736,17.59121910772282,18.51018690998664,18.379081361542337,15.70411234615252,13.907665327123148,18.207954065207165,16.60383167356815
2006-06-25,2006,26,10.991750170365265,12.629841148472035,9.505405174067512,13.464934468978926,12.706348618959868,13.588008338113244,16.021715339349242,14.558904337944924,14.610064060487394,9.740773819428863,14.63297888768184,15.667037795496116,12.467692319030466,11.426382509766713,9.121756446473544,15.26855416680502,10.860410117074808
2006-07-02,2006,27,15.10828653357664,14.962284895402789,12.958022190811574,16.21796166187241,16.30610405719342,16.191314360963485,16.905144424549693,16.255098694144905,16.789201729918176,14.105011131149308,16.040728849766058,16.65109200233398,16.38987722544136,13.63102758699696,12.903260082372611,16.434933345145208,14.877400253018278
2006-07-09,2006,28,16.583110757776208,16.788692257805927,14.734472245586163,17.472211922918046,18.31947624056892,17.239386219775813,18.81698915909748,17.628877735385647,18.04907795501082,15.435132020235866,18.155258719539223,18.60468726787927,18.094101321282995,15.776267646846916,14.02824372218276,18.472951112661345,16.539347307379998
2006-07-16,2006,29,15.895679778267212,16.2726649887272,14.10288841320332,17.85219792099226,16.90061147719467,17.619905786011056,18.50316686046367,17.766868439216115,18.34076255828201,15.197956953595808,17.467812967506838,17.587554125772975,16.891986963831776,14.6895756632809,14.065376724458204,17.62672467054453,15.454038576938396
2006-07-23,2006,30,16.597506431078816,17.06758749002078,15.127116960239494,17.012762356372104,18.451664333781164,17.145881200542473,19.452199791332724,17.855678608881966,18.14128982297595,15.407159363056866,18.357807265938103,19.658211415026067,17.921922476595434,16.971768366568735,13.647159559587145,19.41859221598407,16.946200926670166
2006-07-30,2006,31,11.551258185041764,12.46480952829186,10.52887480588962,12.074478815708844,11.453658503307226,11.786647249833038,14.831499005198133,13.421657211749585,12.984193970312578,10.928879690921212,13.947299004839612,14.014378410143992,11.834078101577909,11.596944497798711,9.153179876432738,14.074490478127435,11.119469747228443
2006-08-06,2006,32,20.205827084594095,19.392537002624483,18.34031234257181,20.07100126289186,21.470363475762856,19.55780152525834,20.84851025283858,19.43946274398209,20.034137672640806,19.265237641414988,20.033086521594555,21.353376164911896,21.40148249187985,19.0779841071681,17.19579097846134,20.94552739212424,20.05776665088623
2006-08-13,2006,33,16.074719478111316,17.007321476173807,14.937649684980473,16.410286058982212,17.263989657494513,16.29074683674207,19.185759761243105,17.24744201065658,17.152709537289617,15.080917029064336,18.550830026932097,19.920630755771526,16.938487985419492,16.775693128455234,13.58542207613591,19.463537748079247,16.117723574535546
2006-08-20,2006,34,12.397429698836085,12.63870298786204,10.65099227132264,13.479346621249404,12.927996970740711,13.404681890013904,15.042933486293425,13.854631013498675,14.050617057516616,11.431355363338415,13.847691505811946,14.822198836308605,12.886021666545204,11.8008446534915,10.12235232043973,14.513323823066608,12.133776537491627
2006-08-27,2006,35,12.125097286440385,13.678914525869812,10.762937837717486,14.538875449981008,13.983016415404707,13.791623888175303,16.937459856706177,15.55426259994507,15.36530592390236,10.978595571121028,15.690519789493443,16.829757240583312,13.75529007193665,12.67426685632148,9.96524453708793,16.311515578551766,12.146488306978643
2006-09-03,2006,36,9.67607669787364,11.34937987525834,8.445414080594425,11.92787589061828,11.26675849275003,11.427900622403454,14.618670524730623,12.902708012717111,12.593280360190136,8.532321370492772,13.23468880839162,17.08840973743531,11.219324088925102,10.744237120084533,7.518561130602715,15.055659484490024,9.631242229128784
2006-09-10,2006,37,20.16954140804296,19.579512254007334,18.704592257976103,18.88212467375256,21.451705906498795,17.911060217878227,21.025539131275767,19.1545528664527,19.29714831727358,19.381942105373728,20.507568185979668,21.433637950619595,21.302797532910088,19.600934787564565,17.136883207816037,21.22473067266834,20.064424664505086
2006-09-17,2006,38,15.657883646558762,15.952057511567563,13.709447720670656,17.15008055028461,17.73878019178999,16.340812761657794,18.491023110926324,17.379025686189728,17.56713716577877,14.501069805887608,17.66492764774339,18.153956068815248,17.47951814935014,14.73391477836183,13.208874061463163,17.887668215831898,15.570254108012524
2006-09-24,2006,39,15.764920870463053,15.25650151401186,13.60408050482952,15.503623119422366,17.99731502702376,15.062911075361294,17.382341724095472,16.224484397590935,16.056747241496105,14.20104039023778,16.61919350809865,17.024059858604904,17.85862636013841,14.40612918376734,12.419928894190008,16.8220577090687,15.931049325074143
2006-10-01,2006,40,18.10640939444956,18.057002879409136,16.266702094750798,18.57977185646693,19.9041249213794,18.02104458385453,19.93615690403708,18.282577318959422,18.63803842809569,16.904834599811394,19.37027069521157,20.882610372455936,19.69907063683028,17.23789163233972,15.573881915723582,20.040702032249737,18.117854439666008
2006-10-08,2006,41,21.23054988964184,19.35407009511106,18.30591991969517,20.09693825812567,22.496925939903008,19.619697061438053,20.966498855946707,19.796874787466862,20.21013642010623,19.24157865672332,20.28100941975912,20.250466628216024,23.00626213670237,18.650345158850577,17.275897274187347,20.35496855808564,20.86298012797723
2006-10-15,2006,42,18.92131698637856,17.675757794492025,16.04737251293585,17.610867744400387,21.31274851439707,17.681456234464314,19.90383579154056,18.66550171146145,18.263836741214163,16.75479120773727,18.97552681051808,20.26893723942841,21.04792755082768,16.900066278364807,14.712322534006551,19.550198536329773,19.06433301537506
2006-10-22,2006,43,21.34215610950917,19.60157752087884,18.756665883491603,20.25113423239617,22.989094487831917,19.69036784104552,21.100855813429582,20.080552309705062,20.53538168013213,19.4462608583062,20.607586034139,19.78638946913645,23.14508753117447,18.992408595822948,17.08040479693577,20.235078643679383,21.266173555523235
2006-10-29,2006,44,22.21212106505876,20.891817710038698,19.90865267539511,20.990736827963875,23.41849897315465,20.81028379099096,22.201073944047312,21.08996051094749,21.33407901177901,20.703144497222382,21.61367723539278,22.043267499404458,23.720468239434435,20.29713509759273,18.88993536825784,21.881163860253857,21.887525040505707
2006-11-05,2006,45,17.774844095973894,17.798199632782925,16.005404097904858,17.466724591595785,19.27927632617739,17.486991785361194,20.15238052345921,18.36783299582345,18.15771492866621,16.29415589698388,19.31017685927354,22.06569302756831,19.319190169853595,17.45113841714621,14.22451502901765,20.47804869784301,17.530825954241894
2006-11-12,2006,46,20.53059419364389,19.886250751104942,17.909239826947054,21.24300594273068,22.163730999701645,20.50501276995685,22.054512618929586,20.79751533607384,21.38675074381371,18.619963047877206,21.211289242335727,22.82583468558011,22.432575290267533,19.01511915748092,17.330571240788338,21.931364507357895,20.272028071539744
2006-11-19,2006,47,20.87545688977726,20.374454686890783,18.727406345644987,20.645109497365496,21.65370054266172,20.09786545938813,22.50756508963449,21.088109339924603,21.126566231833976,19.48535081693909,21.746156112869063,22.2323767721171,22.28806970110271,19.64507830543956,17.532467410180175,22.08544735619233,20.478443313480387
2006-11-26,2006,48,21.35631989389466,20.049249433505256,18.745545239181997,20.05648845150357,23.138727913778155,19.898911403719826,21.81435914776415,20.58176835989023,20.586215922510554,19.617241978511228,21.22337600575897,21.391968394225497,23.25586141674675,19.253915874298546,17.683579761474803,21.34379845635998,21.205133420116493
2006-12-03,2006,49,23.077345702025266,21.471627681748448,20.37623463760146,21.895151376724243,24.639484563639744,21.318840453983736,23.11166945699353,22.15844439518916,22.06135933833113,21.255293797856645,22.706376553820323,21.814793334816983,24.908822381818613,20.58504440645762,19.14456159871505,22.31874644732989,22.81263810283733
2006-12-10,2006,50,24.035351450071985,22.68482274338126,21.33533834289849,23.64242847476687,25.75691148460044,22.60555336312745,24.24105089259912,23.399524671876584,23.43986651948753,22.258651139095203,23.735093627863638,23.137478100964323,25.84226299897124,21.622571391176223,20.767341917033832,23.56503661318068,23.726507234444835
2006-12-17,2006,51,23.291458232982738,23.657952196816645,21.665647224927223,24.312174780028204,24.81239850674621,23.217864501737104,25.78976942568409,24.992416873287844,24.68748241021441,22.07428249492152,25.10464144950305,24.749768190306792,24.827741915654958,22.56763084405583,21.30607250988325,25.01302812430724,22.817150662208824
2006-12-24,2006,52,22.041020605708336,22.784767405056492,20.53784992553115,24.099317088013603,23.057610107297634,23.06107443732184,25.072831012069656,24.283147616696045,24.419549438118235,20.87989979627028,24.3828678709088,23.831255154468305,23.272236026852287,21.57373811097592,20.304474865548784,24.17603889136865,21.534516136601283
2006-12-31,2007,1,23.196236677918503,22.997239299928708,21.097449231592023,24.989313696111957,24.372756383403157,23.542531672591867,24.933791280140333,24.469247426615137,24.774884731568932,21.61169391971069,24.226360558844227,23.54142109081752,24.7971653165044,21.608631077424125,20.96159368720408,23.884260166414567,22.69244635137265
2007-01-07,2007,2,23.17128619141253,22.293067830457872,20.58442493783973,23.152189734436217,24.873602889009444,22.704760807975067,24.3371894547265,23.632731768125065,23.652316218486277,21.220657142664905,23.70696844125723,22.981517758330888,25.09865718826824,21.192422576228008,19.95349449216529,23.371691836302997,22.79781051209031
2007-01-14,2007,3,21.76333792452033,22.199227231397813,20.243448238829757,22.47197679678599,23.100457593125824,22.05225040430881,24.377941381827043,23.20779109806209,23.059038498163687,20.584420329674288,23.941916568970782,23.740959473376005,23.256275721958705,21.236824964788244,19.22563209179883,23.7382222528327,21.533722774680413
2007-01-21,2007,4,23.097560777013676,22.618611217816,20.8474680359848,23.542270004749295,24.14352317459931,23.14538326533451,24.558170057246706,23.868872791637077,23.86816914067576,21.503864514680224,23.986560309604133,23.56084744435436,24.6697063133063,21.292513846218892,20.346776651434368,23.628933516500517,22.445913844352784
2007-01-28,2007,5,23.067074148504584,22.65244257221344,20.887555256076052,23.265244685468215,24.480527466972344,23.245951965508777,24.85612867038382,23.960134537932163,23.90748390339592,21.43410277822557,24.140409996396016,24.35526797970672,24.72481851135902,21.754436300449047,19.935131644605296,24.16489527976676,22.769378857471228
2007-02-04,2007,6,22.508398740908355,22.57722841295352,20.46549804758581,23.755664947487062,24.014169317453018,23.359818661074844,24.98995521812328,24.509208279894544,24.36537634929799,21.06892281951733,24.03005174413904,24.2302238896208,24.116936387242497,21.326699732790647,20.0447981479914,24.01378726399341,22.142420293185918
2007-02-11,2007,7,21.74228474286839,21.220747100773146,19.03896651399168,22.448837762787225,23.692878316544675,22.18689805353624,23.57081669621148,22.86917530307522,22.973279109439737,19.747024118833256,22.95675497344046,22.71426976144796,23.810607136906803,19.80824081955288,18.63842632580424,22.64726401028568,21.53535427751567
2007-02-18,2007,8,21.566758478623715,22.08486421174332,19.985342680720382,22.063835994118737,22.82183976953423,21.820613330855792,24.38643653469253,23.041523487041523,22.49519634246826,20.2470651493566,23.75722585240484,24.123198478369694,23.017811863578885,21.422446997023208,19.14890438181841,24.002591239496223,21.33164421246058
2007-02-25,2007,9,22.663908905657717,23.44196550169988,20.77460537616828,24.878044117064704,23.66206713379268,24.25415269319001,26.08619080479569,25.35369069582456,25.19024068455407,21.263064876852475,25.121546569427885,25.509746451262192,24.0970766148512,22.07927522708363,20.8593034594928,25.27612939599442,21.84529341391797
2007-03-04,2007,10,22.88673995421813,23.848004449913496,21.046517076805404,25.19771174022129,24.08523157911774,24.82200479937029,26.47587329653193,25.50536007670613,25.42809131794013,21.3010181409838,25.63172052887095,26.01881102024706,24.457184014633352,22.48749619602072,21.170445456214196,25.76011101933608,22.31101936021584
2007-03-11,2007,11,21.59738775079008,22.22603013520556,19.79391840822208,23.00788807868957,23.06220457837989,23.106717287650284,24.69793924159281,23.57119905347949,23.63608911219408,20.188618981797998,23.92093606263528,24.01442688173361,23.181739562266586,21.12678240031464,19.417418012157228,24.01555659672985,21.2614330846987
2007-03-18,2007,12,20.43266450054704,21.647919159708245,18.953991139368767,22.265591031029118,21.494228696223104,22.28406512629878,24.34294650019432,23.122768951019687,23.01344878986157,19.30021340774605,23.460187210149066,23.718997053058963,21.589728469554064,20.26308109055501,18.674059129226528,23.54369165752732,20.13303601581131
2007-03-25,2007,13,24.05068314060128,24.096025176139783,21.89708992518888,25.07430395909718,24.52596034904836,24.93783236470462,26.082418413968544,25.059596049321165,25.295373800915986,22.57802659990549,25.622590343260654,25.81570374933536,25.36916696703112,22.904747232694515,21.697811798025857,25.66505286558267,22.9329399856917
2007-04-01,2007,14,21.231731122678465,21.60861324603115,19.32913075830414,22.18291903393609,22.324082042092662,22.16057045640786,24.313552834202177,22.80045473767565,22.82611571086129,19.790405864522484,23.110588427126668,23.669371658901,22.67564857144153,20.453916484016084,18.822130094577364,23.418042274370585,20.694975149920687
2007-04-08,2007,15,18.52254032935261,19.476273331814998,16.484530712506785,20.50889693555377,20.772759579447445,20.435881079547347,22.780885574073903,21.53911744452142,21.32424106523249,17.010356006257577,21.463415958355,21.82423380571556,20.212202467973626,18.022032623381595,16.31247328218567,21.71346300128855,18.858717481402373
2007-04-15,2007,16,21.25048998485354,21.37260993457298,19.01344944802448,22.368226525329405,22.40459239827007,22.4357369740804,23.636651064147056,22.869908033098493,22.90369786488333,19.78538490763129,22.94270206963345,22.496459331152572,22.62593670149107,19.73538835236429,19.08337587266048,22.693162339540844,20.699025546122755
2007-04-22,2007,17,17.463442971807645,18.552164835208004,15.571079067138832,19.704888260080697,18.913013490017565,19.546282085826192,21.78184428645988,20.92826650891985,20.50750513879287,15.927073711485374,20.349732678896423,21.1485872255824,18.8944380080838,17.345532238790064,15.53094523959894,20.882852638304342,17.536800015647454
2007-04-29,2007,18,18.157399149321527,18.054581406782432,15.639709316108114,19.30618369153568,20.10245349652497,19.417203344740308,20.8564643637432,19.920099902958064,20.0847459511281,16.46743255364211,19.57303908872398,20.203795546148665,19.86340411473425,16.756080999174372,15.4448293292129,19.946796906204376,18.45870846622395
2007-05-06,2007,19,13.819651843037844,14.738000403843454,12.15226020089482,15.400959330655278,15.413980331886794,15.42315585579498,17.748240304062737,16.81037596566337,16.3293241941299,12.38800797446372,16.492149547064976,17.062779357169838,15.31955493739213,13.851342471258226,11.417173413304472,16.92119561249496,14.15370827447372
2007-05-13,2007,20,14.931369586340708,15.725889384365283,13.93193002284472,14.976811372098467,16.77475915353974,14.852015041169668,18.06784713233525,16.746806519743682,16.117578706162785,13.974565488817454,17.111645639097535,17.778973513857697,16.20110444856887,15.445167009378546,12.43964347228232,17.627870270417397,15.812119247457089
2007-05-20,2007,21,11.750680103572025,13.20708444377761,10.23544812138988,14.149771703141075,13.700015021464631,14.01432298049043,16.773485172594256,15.467021822248189,15.214710788950764,10.561620655960924,15.077551423935663,15.948855846076,13.090910273168998,12.034422271375275,9.94345901817105,15.667428102511948,12.046843053195674
2007-05-27,2007,22,9.400254311862296,10.883466617384954,8.053037769728885,11.326648678098406,10.426836049442024,10.954594376157765,14.60433428628104,13.175248438104406,12.42981880984894,8.295512911171155,12.8913096217366,13.609331491501184,10.415846923603516,10.009206740526896,7.066568180326381,13.519559147306618,9.42116543112418
2007-06-03,2007,23,13.500656712776294,13.214922309430168,11.93097633795074,13.459908415164264,13.828734670719513,13.62487180015142,15.016373862330488,13.828005022321427,14.139605655595515,12.765359782260768,13.973841688643285,14.94190403072018,14.087132074658014,12.81810669338557,10.900606983973304,14.760198863751732,12.91333583037487
2007-06-10,2007,24,17.697371909977388,17.322680313195754,15.323624885917877,17.561565634750185,18.79306111099277,17.212106900479036,19.537831781904483,18.353360346509263,18.261358244311783,16.272151265020984,18.613891592479888,19.80491491405148,18.80614584109038,16.771170126670047,14.497783656868124,19.482936926317308,17.681883872358625
2007-06-17,2007,25,17.779200292462086,16.1868566160263,15.265118419119185,17.062686930100124,19.2254801403585,17.019782656715027,17.357373788127397,16.85615259195303,17.426501373955414,16.588077632595102,16.54546754432447,17.498903982722858,19.11049901196395,15.85948799700901,14.430888590195815,17.35561127485361,17.82749846425018
2007-06-24,2007,26,10.836855008948875,12.177014972101142,9.488726769703726,12.111872652456873,11.860348246875825,11.795632617660775,15.22293378312803,13.6155566081753,13.115413111016707,9.7150759302725,13.731579489109318,15.584041029937826,11.841092284581835,11.788443514797876,8.696330867253623,14.96501311024108,10.882883949421164
2007-07-01,2007,27,16.186494779402683,15.260898904759747,13.923846071339751,16.22261500216666,17.18809269835206,16.409520081725056,16.833347451235046,15.975866074004731,16.623521904656098,15.50873996007295,16.157812622202425,16.8790049681445,16.980636948324076,14.267675660182045,13.35077355080873,16.61813492597666,16.01890263981575
2007-07-08,2007,28,12.437233186596613,13.458641948730454,11.543913868960807,13.202551063327562,12.937351574816589,12.53886976941672,15.56131701566735,13.939799121014484,13.837595337757628,11.633512454038264,14.645213659294754,16.7440032952558,13.072513091057882,13.621051126003833,10.142441430800623,15.890650779067183,12.396993933662252
2007-07-15,2007,29,11.567506137194934,12.14097607313697,10.072983708758214,11.842574248711268,12.11206507523972,11.968341406401212,14.425780991423585,13.1658809686636,12.801244072251588,10.470975582993876,13.588109098987662,14.562193002983564,12.394803981523255,11.84807204369929,8.699183590295544,14.42189158945401,11.396045826516062
2007-07-22,2007,30,8.634682974453291,9.25951249462201,6.882323880690649,9.854619983761085,9.703512317423112,10.266216772403494,12.011894790493717,10.860928771526783,10.8973466892765,7.207665890086487,10.730828952789306,12.322159431694011,9.742566557924722,8.962294394289689,5.764384773661504,11.890321398434574,8.613316608728425
2007-07-29,2007,31,12.268639118361504,12.33316763174305,10.573289903371654,12.215297474392822,13.233983239626374,11.958670808541727,14.141732616257736,12.978215031314203,12.865523286528315,11.148559306684309,13.60988577640418,13.842082868689156,13.281302892563426,11.720037266535392,9.51117053258221,13.909757092507618,12.185003335906488
2007-08-05,2007,32,13.965048257295075,13.586897284745662,12.059796175495544,14.062606253794264,14.822956078851956,13.419645060290089,15.39606927365673,14.24101580136782,14.47333269063274,12.48781435293878,14.449902546044552,16.22797720901407,15.179542188018443,13.743339584616272,10.649048544360598,15.769119451190624,13.999393174590448
2007-08-12,2007,33,17.37409852615808,15.664018093650022,14.439075968809222,16.049310681365785,18.514054724766005,15.567960298506298,16.580283807248485,15.924752376110522,16.294549789913944,15.45128210269426,16.58522626868574,16.89910966173979,19.25799464811229,15.038364374170577,13.342434406625134,16.791474883570363,17.239426997151334
2007-08-19,2007,34,15.80242867144532,14.570522967177924,13.46724695236998,14.5327037970225,16.313791423263947,14.40435703626164,16.120439126262166,15.102373860594517,15.012727434154591,14.329012703707836,15.31788599253733,16.663407357876515,17.00430967448761,14.532586637956614,12.016602098381796,16.312557978172826,15.731002306681116
2007-08-26,2007,35,11.798684064332427,12.823647829006983,10.1038701434842,12.887444634522714,13.085455032916178,12.897973782307393,15.461453017966043,14.096140878355348,13.687169036286685,10.302098830987951,14.385029024066348,15.998723933638908,13.20645699583886,12.26884717567664,9.477310016051282,15.486825965388649,11.579347925044775
2007-09-02,2007,36,20.97833848950792,18.67049562448123,17.857236122175348,19.87966826274281,22.14309026716728,18.783835946209493,19.11556020353,18.8210510734459,19.38445856799818,18.95837090388192,19.210670424952653,18.223999223940456,22.647370235340016,17.879558314529863,17.559624949009322,18.81502287355188,20.842784913081044
2007-09-09,2007,37,20.925033098021988,19.06607665283593,17.528169819815773,20.87719617003486,22.696730317935337,20.012097902432984,20.33464093110999,20.127580120532546,20.93370088999052,18.461015083390222,20.19209679772844,18.896902879936032,22.995716987889704,17.689191225728926,17.37303661800413,19.42628530513517,20.997658684568584
2007-09-16,2007,38,18.54901463767583,17.840083861401848,16.461767857965366,18.73174332153229,20.499200405852164,18.1289943893904,19.953399346799262,18.72740294419326,19.00841629341857,16.893787224193527,18.93190539306377,18.673685713919667,20.26153225512118,17.419879015510052,15.171697275404815,19.04102549207654,18.753049274660505
2007-09-23,2007,39,14.698760148027535,15.431020852599316,13.240733446224452,15.84914125998815,16.638878394549728,15.522033535528982,17.95493876621257,16.781107361038007,16.648585554671616,13.382939692959608,16.98383714915354,17.354181748516154,16.37541063135655,14.69530718327512,12.206642249899296,17.272875582401998,14.88451534172274
2007-09-30,2007,40,19.15050246878173,17.701210262424656,15.707475924555348,19.45657964547475,21.77502236835697,19.029104929939965,20.20886704803556,19.117263127116413,19.57834149433442,16.48461103546606,19.08419300426136,18.391621414863195,21.649545789225225,16.318976549843722,15.406802046014672,18.744076751216287,19.364665916987825
2007-10-07,2007,41,19.15815510989156,19.58191765600176,17.534947541295264,20.339466253916424,20.920819846547857,19.703328011118767,21.818241708827784,20.78979926270324,20.64479575745047,17.694060823378333,20.95773061942229,20.487429228111736,20.70347923661751,18.888694242380048,16.79295595385488,20.964811265351955,19.157139873890223
2007-10-14,2007,42,18.07259561595156,18.002067196343752,16.04242355334833,19.33628844789096,19.09561755549546,18.85407288132794,20.06561115809849,19.186464951255108,19.533067980391174,16.702101421034378,19.28553571577196,18.75455449790646,19.446350913250303,16.82840024542799,15.752982793673354,19.12437891913487,17.63371762561027
2007-10-21,2007,43,19.390324316429812,18.65383454579026,16.674633667124198,20.505862722794216,21.018014746891133,20.12466819252593,20.836568176225043,20.427564892459223,20.753797036561014,17.35536816793298,19.982481919325792,18.31448866029313,21.216318935040803,17.37605939403937,16.374829636686137,19.37028479156196,19.196979712283195
2007-10-28,2007,44,20.37947727139545,20.19654368439209,18.89141732438433,20.777749948558352,22.101131485798557,20.360258626508283,21.946173531668528,20.731686765497383,21.14315868497128,19.252485348751897,21.31281345416973,19.93504233758726,21.821382141481497,19.685923414830405,17.763502417803096,20.9963423697216,20.309705330676465
2007-11-04,2007,45,18.97265613830841,19.330278434224727,17.44799064807164,20.495677760669164,19.510547097924015,19.68019511248614,21.551981645144803,20.85957186810382,21.02484485361208,17.866532959203212,20.92452191769819,18.689781155547685,19.925886070406115,18.272224336827183,16.606754690329733,20.046884303456885,18.512734621361577
2007-11-11,2007,46,17.208289811663338,17.106606556154265,15.177230047143023,18.328393368493945,18.39936661596743,17.763356248077432,19.517488084798654,18.75930292748785,18.84710804123701,15.709493778151522,18.71489739768949,17.670904486005842,18.701971244627902,16.146675234403258,14.096024448111727,18.325541225664768,16.872482823554396
2007-11-18,2007,47,21.01331088533733,19.595125500327235,18.267655092948495,20.950773254746483,22.437699215576263,20.452228690973428,21.266891223696163,20.655293717817827,21.22929344625156,19.19541467939105,20.84698563612901,18.226875452982444,22.696996977890777,18.34606142274277,17.55589940317623,19.690538341051912,20.738798698003723
2007-11-25,2007,48,21.659377634448585,19.720612916356725,19.016573095279348,19.229117681582768,22.82929956674753,19.1517919604229,21.225223257659824,20.353478773042752,20.03673117688024,20.033615618642457,20.93876949822232,18.2962601576854,23.2321154086286,18.82315642549721,17.20989362454305,19.77801469067538,21.479398017944995
2007-12-02,2007,49,22.626521295869058,21.15530394389431,20.15405233750432,22.223002029316763,24.17438189000399,21.71805892855965,22.57418414524623,22.322159774582108,22.61521468003902,21.07637028538604,22.26181652514965,18.74467534710455,24.289028375765533,19.97708844591329,19.374830479852783,20.743748666722247,22.50678353682361
2007-12-09,2007,50,22.4757722243379,20.797815549602387,19.80290135601081,21.76920495146797,23.492123673705148,21.379685800815025,22.31534946208097,22.151482488458807,22.27507126354658,20.768668539478483,21.96249904054584,18.55821248591749,24.08035667890748,19.51579649607844,18.86017989951483,20.428276681620083,22.072956181600727
2007-12-16,2007,51,21.72639229675057,20.414485446425648,19.01170748953493,21.61874416328612,22.971567576060373,21.582599401780847,22.12948140180493,21.819333270184405,22.0380250852402,19.966100577964827,21.94156879243397,18.365917372896345,23.44728064260888,19.00702736978716,18.357902278040903,20.292817061661275,21.25851075025903
2007-12-23,2007,52,22.296889100142277,22.33831520731261,20.033331373463508,24.54772668793088,23.490870411531912,23.83445896114315,24.50512247669453,24.781668591189693,25.01217414908213,20.720640979548005,23.971644263659723,19.63496145726536,23.887407949072053,20.42678809835829,20.549215135732865,22.096975766982585,21.646543295878285
2007-12-30,2008,1,22.314556698694805,22.392427807423605,20.516866977593487,24.387922925608503,23.50824989132489,24.11962727628926,24.38214133571257,24.326273300369063,24.732092918948418,21.113321981226232,23.853461599969247,20.61036882117752,23.652631638132927,20.9269689764484,20.35231205171288,22.489546710497716,21.822541194463355
2008-01-06,2008,2,23.131484231740195,22.265908234155,20.651685535325974,23.256986955801647,24.27793024064522,23.39285676482408,24.17420747606817,24.008362530795008,23.89054792034649,21.44202702439676,23.85953498113723,19.907598631722585,24.73852084134076,20.791336016547408,20.064341737861607,22.15808391757674,22.82077036906445
2008-01-13,2008,3,22.83445102981312,22.0938121393037,20.27742526672959,23.292559195132483,24.892632804209885,22.936126561698767,24.12485395715118,23.70768683891792,23.74461473550815,20.82786301955061,23.70014969961984,20.77968717199773,24.9019687129724,21.003344789813717,19.580815355452074,22.60219623991188,22.623740308046987
2008-01-20,2008,4,19.84666415623256,19.30515194142551,17.151834224321828,20.62099515114512,22.31726271730277,20.99532872891028,21.44648513015436,21.2465609384512,21.175911494663787,17.552097212745313,20.76867281761004,18.58557206536881,22.151006978451058,18.209187814073218,16.743452601018106,20.104820815084494,19.773255963209827
2008-01-27,2008,5,20.14340299068731,19.775637811689236,17.8266792953173,20.557487201123013,22.17033225143512,20.269808453789395,22.041630858930137,21.463644400757627,21.185761481581835,18.20963876185723,21.23386706397647,20.086380234947104,22.19492857428591,19.1235515521268,16.91648199149885,21.08564093901453,19.91676065671155
2008-02-03,2008,6,21.659318786483627,21.1439965233874,19.27991985872772,21.904838273922604,23.1114133754366,21.43743668191681,23.21442646326894,22.45282953435725,22.36993874775687,19.65027292828726,22.6651614234561,21.18874594721832,23.577135947680382,20.454936747216973,18.32792777757821,22.30191873897545,21.38573277928437
2008-02-10,2008,7,21.18825548925609,22.218328319378752,19.71367110546014,22.754941378320968,22.452557057649628,22.21898863705276,24.79877986296273,23.99435097434304,23.485267825789183,19.853451057279603,24.129592623029435,23.150236772398426,22.61765564914836,21.307345141617265,19.054505636306647,23.912484058895227,20.955289845839346
2008-02-17,2008,8,23.04372807850095,22.551897876552427,20.63332230365689,22.9508482615153,24.608334827211323,22.974319615112464,24.68414858270317,23.88508827308556,23.57768728401796,21.066288985605315,24.180004976941397,22.85115159232661,24.86755778338458,21.66241991354818,19.71653197179843,23.7521440091665,22.824188911047266
2008-02-24,2008,9,21.33042799705397,21.093029346547404,18.823602646774383,22.22645962238312,23.70481708506846,21.829687324730127,23.479114226627622,22.70626275496049,22.691290991646905,19.24051517898508,22.64787410554432,21.62687720764037,23.540324673229204,20.049927751113174,18.42773448206149,22.44865886665837,21.08875565773072
2008-03-02,2008,10,20.65009170149284,22.33544386475325,19.524386554877108,23.357969607625687,21.7025095955872,22.45681396690575,25.094140522681588,24.28170035027838,24.04796199089394,19.63534031085947,24.288487436864283,23.381313850937502,21.873510403062387,21.181519257394893,19.105173142896565,24.116606236437296,20.153743148813994
2008-03-09,2008,11,20.425476390882807,20.91413051995641,18.7856949287489,21.23232415886152,22.48985188736199,21.07526528298317,23.29933866050431,22.460830305025176,22.01440162807995,19.10729729874464,22.60737166962066,21.377276380749723,22.13053262187708,20.11586662748372,17.667826710422766,22.3599993786,20.39744446798155
2008-03-16,2008,12,20.926229243726496,21.054567647132792,18.60800901216644,22.42811768537476,22.21957173972197,22.480079314576766,23.306667072084835,22.68282850587523,22.878084188338125,19.108401778041983,22.57243127864161,21.333098702032288,22.576686120861748,19.812225445957584,18.605222815520737,22.310528436052355,20.428602082388743
2008-03-23,2008,13,21.276743745251512,20.6760834366528,18.663007610967547,21.534153901395342,23.032383663931395,21.452022724323445,22.96020486681524,22.163195266723637,22.099679366483148,19.404668098895968,22.1006223670332,21.580143279463776,23.14588861023597,19.816862406728767,17.91872899637427,22.212485841575667,21.029149092753944
2008-03-30,2008,14,18.40411949280453,18.757869794170485,16.20844111446797,19.618550145909904,20.199525501355694,19.63259944891224,21.343415496648227,20.319900600879222,20.198374140752502,16.63432068014842,20.60894877776439,19.810170704463744,20.151531464344743,18.014929463092543,15.393081580262905,20.69632476089985,18.24435123022033
2008-04-06,2008,15,20.33648493115046,20.62835100515565,17.99308114106822,21.62806209070342,21.87550483889971,21.32742967200556,23.235020367814226,22.395291581587355,22.229858956458283,18.642644025075285,22.378573329314527,21.871950510698507,21.98277639330124,19.48925338529248,17.80671361681066,22.480931743017145,20.1696348299556
2008-04-13,2008,16,15.54087489605564,16.847086106282052,14.0636105736273,16.86051863715762,16.877228629580255,16.79513319425448,19.72380306699881,18.600598755873644,17.98459360137611,14.07666366253178,18.527750360398063,19.68620854375176,16.926603301611646,16.49841884534539,13.236885099518991,19.61584645288098,15.237155054457428
2008-04-20,2008,17,17.213049327698148,18.08203741685668,15.41233325787318,18.87821538675399,18.845112990485926,18.99389804805721,20.66632206307904,19.45954109290977,19.473752851355567,15.880167967557105,19.76165381097174,20.09070864392098,18.47281688520807,17.356784345417754,15.00406748505852,20.424089204075283,16.949528102926166
2008-04-27,2008,18,13.82506885430374,15.444916537575631,12.741573964586909,16.137365845697264,15.05465705654164,16.008488059197305,18.392298428727308,17.40673056268073,16.958116314882403,12.775321740803756,17.16037947089125,18.233755923988365,14.952960968017578,14.820249007254851,12.058737867167416,17.987725929738026,13.620425191208358
2008-05-04,2008,19,12.277753205219597,13.762082985977628,10.852533769480614,13.99280747913179,13.733824703095138,14.139766267214348,17.195988657870725,15.85274133558397,15.05078441896084,10.999903450934772,15.693274322939128,16.725004043219226,13.498714897163127,12.841765655091876,10.15443830529169,16.418677365476604,12.25327716040804
2008-05-11,2008,20,14.457836752539285,14.657509403696446,12.179382053432786,15.553441186745962,15.564527728308756,15.74187322196813,17.19828542536966,16.355851421108493,16.20254632498187,13.07178635806415,16.258819253104075,16.678897864092395,15.679163490022932,13.408804998031757,11.971514647278662,16.63352033909986,14.20383015989936
2008-05-18,2008,21,19.703739519745227,19.117539997548185,17.23558814565799,20.606132437785465,20.395205278206014,20.94200689298612,20.734657070727117,20.73005448279443,20.99839018375673,18.205792793406943,19.983702221990143,20.77288161455139,20.94828611727387,18.45866496090272,16.94374792319096,20.787019934906187,19.18297788267829
2008-05-25,2008,22,12.837190043205151,14.70083750768511,12.083424691933915,13.868707796647437,13.620408108638536,13.72419341098388,18.13731772141971,16.3907642106886,15.13063972290248,11.94267203931197,16.576936952169838,18.41100964070652,13.46300523483615,14.837404475270592,10.450098682271232,18.04300043774211,12.860129519935567
2008-06-01,2008,23,13.758749523678343,14.335576679152464,12.013076332891105,14.894998553253354,15.069156189303676,14.820299072462005,16.805495612475337,15.58587345569165,15.587591652767534,12.50414313159724,15.644169108898604,16.720591745607937,15.079925508572789,13.771977777862244,11.329312463979551,16.602620673506227,13.31095176372888
2008-06-08,2008,24,13.005338850475493,13.906941117762502,11.583257041785604,13.974058984290986,13.811167700744225,13.68069770191934,16.317266600472585,15.079120687014097,14.808536545871055,11.85790117733658,15.240083778678596,16.94605240474814,14.056558752151991,13.990506068396858,10.35358790155492,16.65067908255321,12.661683764740465
2008-06-15,2008,25,10.39020857571635,10.88339836638111,8.851517825604754,10.266754901125315,11.50055500245112,11.02790320026982,13.506966799410716,12.03258107965643,11.346681673232824,9.20945183324331,12.040629123093249,14.513874374631282,11.297322150362966,11.123020920679886,7.437379805905592,13.88218095297916,10.576493596934244
2008-06-22,2008,26,11.13584549976285,12.024768632866426,9.372403416468597,12.802831202745438,12.626864994481084,12.83605350521387,14.983187658793724,13.81725604416488,13.49052427052985,9.91864866534556,13.662853565463772,14.694540357975304,12.455814514841352,11.2065694350049,8.810497528844444,14.513566982022938,10.85188060565136
2008-06-29,2008,27,14.107067429727874,14.579928360005685,12.083394580323189,15.244063683918544,15.012985122195005,14.972333790252568,17.144864446567723,15.595567211795162,15.633614862035168,12.8547080643936,15.901769235123805,17.372982528974426,15.283340894117318,14.043094599157348,11.598445938053375,17.200228506338338,13.543020063333437
2008-07-06,2008,28,15.757446120911428,15.530466681096092,13.162511805252574,16.53770896082833,17.443408250279287,16.244690556323665,17.525773037279315,16.785815339026513,16.98579031054054,13.930745917578784,16.673224484662477,17.589717267337193,17.55453534291978,14.686316341480154,12.86007730083792,17.512269751666345,15.507053082843996
2008-07-13,2008,29,16.3965148201627,15.87117305696646,13.645465144671055,16.660634997345152,17.44696608514454,16.919374511355443,17.783524073942754,17.166150314033803,17.21217445198104,14.885138703143502,16.746969922383627,18.05385619417997,17.751106341373045,15.05533447990221,13.623259571712294,17.931871177165707,15.93420458032757
2008-07-20,2008,30,14.830387565927005,15.20243103926116,12.94847495786469,15.11253196852548,15.865641211333935,15.26055819524915,17.598507739364578,16.329670177558796,15.96535781125033,13.40131277308555,16.626199909722132,17.992750753932246,16.02758829934256,14.867004492276264,11.77446766894457,17.697916592637153,14.611937578797662
2008-07-27,2008,31,17.32191611993267,16.87290219355748,15.124819757246614,16.213929095438548,18.372921542711914,16.219795430795873,18.931251506416164,17.03011513400387,16.913166903702948,15.831311583653076,17.784688825731152,19.759902725322547,18.888929235428915,16.806587677394447,13.805202324227864,19.38166263005505,16.871633338799697
2008-08-03,2008,32,13.206754209452154,13.970473718033164,11.58513187727467,13.734406902676538,15.228747543628618,13.260897936508002,16.68481017688273,15.031101985039651,14.519780801000426,11.991131676329536,15.4173564671438,17.04583404263396,14.894508614963543,13.647398836583452,10.459901444052132,16.673510909780365,13.28946135725294
2008-08-10,2008,33,15.783780439173087,16.169841099903778,13.98502386875034,17.076327546721412,17.5744599032455,16.483255231702646,18.079053294901943,16.857930148731576,17.37419458471399,14.511591800822718,17.241654701563185,18.25698212986044,17.60386501315938,15.817820073872344,13.267965428199116,18.32046799370454,15.46641709412526
2008-08-17,2008,34,18.020624258957007,17.8894172482399,16.129655334520045,17.612196121897018,19.442825867986784,16.639534177006905,19.21788932978238,18.05171050430892,18.194915949715096,16.613346329958286,18.89129254807641,20.34689980504326,19.471428992665416,17.857936594955152,14.815679272638118,20.04392443617729,17.943668521639474
2008-08-24,2008,35,16.33514604298458,16.070313134427263,14.135278813904542,15.962511905602048,17.992800711173643,15.660471143562974,17.885407803705064,16.605669628985513,16.637280788906864,14.63708959575177,17.26031733921596,18.79789580938951,17.909005038066258,16.06015090202691,12.728503763345428,18.436176787150583,16.346360799115942
2008-08-31,2008,36,15.706498594050853,16.50005996710202,14.696908435889233,15.77928079026086,16.807319617112594,15.5961853331734,18.173856596209912,16.90816482890736,16.599273496877892,14.801820383833553,17.62758620951599,18.837247842084366,16.74800561984073,16.662199430235493,13.111807826512464,18.70223225072872,15.771973024160072
2008-09-07,2008,37,13.964999354790844,14.76897333502007,12.72084240904929,14.96960271682058,15.526148393717104,14.695511149009992,17.181028819292695,15.505798998250588,15.534464719477464,12.705671207709038,16.134227742777245,17.326036139639882,15.231995764846506,14.858472170827884,11.274490072135032,17.217663934786025,13.90107585027854
2008-09-14,2008,38,12.878341958329484,13.683018651852477,11.348800329582398,14.08786725856009,13.793110612407604,13.631112555279234,16.53985274567896,14.9381510568594,14.813719306206751,11.57661526168291,15.291927530858423,15.84751919209154,14.080479438700731,12.682779696320752,10.20566363726372,15.660317254859638,12.666068506369374
2008-09-21,2008,39,13.402320202713303,14.635114924485748,11.56875366094161,15.282952081589473,15.095257077898298,15.196548155069044,17.959332496709795,16.31511049988982,16.08523097570162,11.805044002286223,16.59802362103483,17.695812645626837,15.063387449183518,13.427087634742897,10.903901229620384,17.252132397108582,13.150856920651028
2008-09-28,2008,40,17.04216920516359,17.50617062918413,15.24417520944482,18.47419612038703,18.621438255846545,18.25047810013229,19.887540494735315,18.37040643568163,18.806856728346613,15.565106509372807,18.78388667416263,19.768260138375418,18.615183226390236,17.060816222516547,14.452799246127968,19.685908591910582,16.8671712991041
2008-10-05,2008,41,15.326231102225403,15.761973618952704,13.25771532084102,16.611371669031325,17.137551353561886,16.17766590437527,18.713385006429156,17.2009251483075,17.223201242211747,13.584184796255002,17.483979391948484,17.95864461502939,17.14295497732273,14.893956751232803,12.134871535920372,17.96556008631936,15.194208864253165
2008-10-12,2008,42,18.6985454510231,19.05245211942872,16.91987048743992,19.26353427342006,20.674905567324487,18.704511644910816,20.94594812532208,19.47368249026212,19.720237270959903,17.194822191253422,20.44888997346292,21.16431718245349,20.382118856584704,18.910032976555836,15.796213467073452,21.18317163993701,18.771970317691483
2008-10-19,2008,43,19.974345061156125,19.52406411435304,17.93196158717984,20.299985308022727,21.71054882583223,19.67556863708692,21.25758516962257,19.728951723173065,20.44710558594556,18.34147814449229,20.478453912776267,21.181088565816136,21.72017646296144,19.50003260871757,16.860095043867013,21.273343808497,19.821350458818625
2008-10-26,2008,44,18.874573091435767,18.941191280828612,16.981409165112446,18.91420605069115,20.6862745235621,18.61269283908368,21.172770897779102,19.521583531862728,19.52844556577052,17.299597321264656,20.280202132386048,21.098596480336152,20.457103519366058,18.79649871679743,15.379050769222356,21.0570964514626,18.76986547236173
2008-11-02,2008,45,20.32197503785829,20.57130434670682,18.692625720625763,21.07639462891079,21.22729043939394,20.565141336644785,22.208851839293544,20.948170682238292,21.400504086115596,19.13971399268632,21.67282503631724,22.40204242233317,21.56231675276885,20.09799315630328,17.787875560989328,22.300643943293924,19.763225914011745
2008-11-09,2008,46,19.419753407266,19.527285862070663,17.092778452117567,20.04726541042328,21.453768437214027,19.902981912767565,22.100580537979525,20.39453948825985,20.49958070336956,17.531494149206996,20.995262537374124,21.744455095892647,21.37481669569568,18.89834904982065,16.318424542362045,21.753917388020195,19.37878785557503
2008-11-16,2008,47,17.950905197222106,17.494913184058184,15.573663679392016,17.512635668118794,20.242206566427303,17.590352834114846,20.02668262292623,17.860910085702873,17.995272940618882,15.981831513051912,18.773997842697867,19.8079833932964,20.025292854971863,17.432187250210546,13.936473712953308,19.80038754487457,17.80593106817364
2008-11-23,2008,48,21.94343367322531,20.16082339449478,18.736971994364485,21.300383560714263,23.80513579610716,20.359001154758445,22.211402192407725,20.55054570631547,21.356375036407588,19.497313154025345,21.00694023066269,21.944283865854104,24.213091262979397,19.771987536890403,17.661375077711018,21.832465569333785,21.710536210042125
2008-11-30,2008,49,19.092957122292148,19.604659651896597,17.428672276457117,19.978211888245173,20.21205907323288,18.877701867347827,21.876189785170485,20.329001592165465,20.413247399600756,17.532560758301052,21.1899716150193,21.78247593162516,20.55117448232349,19.22607664501521,15.96080803899873,21.710560886360664,18.760956685819394
2008-12-07,2008,50,22.377320050272704,21.28434905721181,19.8899571910408,22.197785366149176,23.8273625137363,21.46684762471124,22.73714047201174,22.04604737715288,22.456366102289547,20.58378331170441,22.33602261398778,22.08827815994098,24.232970817669017,20.70021734928302,18.91366910831063,22.424451742153583,22.01466902375543
2008-12-14,2008,51,20.7107400464582,20.18117714029893,18.174773611002724,20.937390323196137,22.596363251161613,20.684416568417344,22.066361007467997,21.077304334764356,21.332080107612388,18.874185933841492,21.47545033079205,21.489702551191385,22.555164169620824,19.22539833576065,17.46446192370814,21.64864860355504,20.471099341976032
2008-12-21,2008,52,22.74837638481857,22.204154019670955,20.060382843863785,22.59806964794795,24.5941675173451,21.547247905068414,24.399481798399982,23.26095293614772,23.16959569038944,20.55121798134494,23.697869683137704,23.84219689639109,24.784986877073194,21.23209167875977,19.20708560415188,23.84473910023788,22.607494791241667
2008-12-28,2008,53,21.99842694796804,21.65378649453364,19.60066989214947,21.279837507577167,24.007251935742858,20.68121747221879,24.06364262416829,22.7295424468796,22.280034582208984,20.14443811549647,23.08626106559456,23.691344973211983,23.960175711215697,20.916881696386305,18.422617458774507,23.58974875955899,22.004466507312745
2009-01-04,2009,1,19.851412338639776,20.211750374674036,17.796120671963628,20.91278959455944,21.454291401572974,20.4513878803916,22.3136477456496,21.30171735639696,21.390160959994024,18.225217609491335,21.6264950525193,22.254826023893536,21.569402646834327,19.370352481635223,17.280250301650565,22.12825071555061,19.54040092470832
2009-01-11,2009,2,21.334236201479012,22.128779047333605,19.961184069236616,22.92535419691177,23.00253010854996,22.449597107090696,24.265063472113876,23.199323839460103,23.34922732672346,20.2269349833039,23.60459334138152,23.286759253139444,22.964924352049373,21.163213837793048,19.411315658356127,23.57223870189689,20.96623928913209
2009-01-18,2009,3,20.22456038780654,20.719950084238924,18.19123003899575,20.82881844469479,22.23866181475952,21.0602256205398,23.608959442672507,21.450712373411505,21.348317041789016,18.422414432092246,22.398396902373342,22.870944709469363,22.117453549359297,19.751433656675143,17.414284699682845,22.877068364690192,20.073019806586824
2009-01-25,2009,4,22.48160773906929,22.918528203008524,20.573045568965448,24.018792135374884,23.96221366729849,22.86973760057447,25.3958323175636,23.777801240202667,24.206552079978987,20.977913947690052,24.322249789877887,24.94952258909488,24.099434366557592,21.71974135633981,20.3219221317748,24.749722404256023,22.030621567183747
2009-02-01,2009,5,22.348679686144973,22.914714865084647,20.57724751808417,23.226539878618144,23.348311568965386,22.75665487930121,25.32985049434028,23.69142997939865,23.701533675893646,21.044452908604967,24.46346062499207,24.824128906681853,23.80438995729542,21.73171314817669,20.138997889633384,24.709698925279596,21.837160597592995
2009-02-08,2009,6,22.387989608784288,22.270867341617027,20.21946942330253,22.458849117869423,23.96783451924582,22.18021752690103,24.75970942772512,22.595164917784853,22.782642213332444,20.689465279251976,23.750298500886725,24.032851769275094,24.11243717458718,21.399818643827327,19.431441337624047,24.08492455230533,22.114487068351067
2009-02-15,2009,7,23.04755348343033,22.97376594868804,20.588869792968698,24.2776376803716,25.05078933117214,23.2858079053567,25.5723135144648,23.84867985911184,24.390565982303507,21.278660578990547,24.55436930140376,25.02524652506785,24.98153307631209,21.67933245841156,20.3714913997958,24.873640205995446,22.897394035061733
2009-02-22,2009,8,21.441841103395443,22.18166876245917,20.05466456781369,22.68754913409551,23.274614506346666,22.51286059886485,24.35173862668585,22.77858815279874,23.0216206067229,20.365445498540517,23.52886419585257,23.9026657500357,22.876298620894147,21.342363245080573,19.489958536823064,23.89377928433353,21.25362636715254
2009-03-01,2009,9,23.49797478114929,24.25705211147317,22.154895168125048,24.469951643830257,24.940224706111884,24.051613629708115,26.3578537365438,24.37038186308625,24.75089751204399,22.39319277614255,25.89090387088396,26.42136445006913,24.89216615794708,23.564605861583807,21.05109245109145,26.194342245561035,23.304005121606384
2009-03-08,2009,10,21.060906713380163,22.05778512568362,19.48208054675396,22.872112597737992,22.46432130871483,22.689999910548543,24.82879246080582,22.81744602946492,23.183853907127904,19.934822977192624,23.66351044559892,24.303363507006047,22.453475915327036,21.000627952457936,19.035246538214157,24.23163456552883,20.627864242563994
2009-03-15,2009,11,20.565748209812163,21.14908283758265,18.889069668042943,21.123522835118436,22.60190530179784,21.147557470942708,23.97052885005495,21.71658426061853,21.66375902814175,19.441150600918235,22.67394624355036,23.642783745922493,22.45499392549964,20.362774612312037,17.90180631190488,23.44291024105423,20.45093259914223
2009-03-22,2009,12,20.636897790385955,21.6480875228768,19.05812521581641,22.02180786927541,23.17312635764821,22.07450951142967,24.12373443247625,22.35657245586445,22.47587539725108,19.47479408852027,23.32872324526568,23.52823228142011,22.932979453024256,20.50279106620182,18.50270814672777,23.580238114597748,20.526211805420747
2009-03-29,2009,13,21.06913301229784,21.570078231632586,19.25575005362916,22.05263854918026,23.569531112490186,21.86984666188557,23.90954820060174,22.29306974832113,22.452120030696143,19.93956987232942,23.14634378771761,23.58909188190881,23.317898566198163,20.55651946194237,18.609072859618674,23.48636490958077,20.80975768765349
2009-04-05,2009,14,19.694869755778072,21.157297006802263,18.512031048721408,21.02225400578408,21.62996403223316,20.799573471187163,23.83591957203501,21.834453718507447,21.670809627279144,18.861074235763805,22.9895497012448,23.604632572986368,21.33769683211927,20.340265943167186,17.564940595018008,23.48918933457824,19.49552755021664
2009-04-12,2009,15,19.22542933607653,19.82984951869257,17.486624966920107,20.24348292606217,21.17502021083648,20.216727996885087,21.92183740354488,20.27594706646808,20.56281538812149,18.19677788495213,21.288520591702813,22.2677556935025,20.989727432663376,18.8700088399835,16.963099503109355,21.935490180834865,19.10699170619008
2009-04-19,2009,16,17.087920473655984,18.19892878674749,15.642734278380182,18.29840440267608,18.976867640486127,18.336388646865903,20.727716918589422,18.608304519157905,18.72709293514782,16.035791962433724,19.73266433616737,20.86874034655383,18.79970486099656,17.656243373718382,14.954277836710707,20.664168620996044,16.95877321197016
2009-04-26,2009,17,17.483782980586263,18.727643405450685,15.925510978529488,18.91693783515976,19.319233633870112,18.82699282166274,21.464440932426783,19.48525271923511,19.453040395464217,16.484711857292595,20.561216037304373,21.45521058290795,19.11275368399602,17.625212793912535,15.35875840257145,21.206300795194924,17.281694951404457
2009-05-03,2009,18,15.7161750057029,16.94545917114469,14.167218984707118,17.563824172530854,17.129351835441447,17.669679976798392,19.84060179040314,18.062852780230635,18.06832652922479,14.749978155065309,18.69456629484763,19.88577117688572,17.009438345331024,16.357437335694783,13.643736868357262,19.72474079915922,15.493474689134048
2009-05-10,2009,19,15.362660753527509,16.93274079660363,14.044466988005889,17.398194567078637,17.249829057937724,17.01605237619604,19.8202258518764,18.4254554059908,18.14863465490173,14.35222370713044,18.611295720715543,19.57678431770551,16.78939821361115,16.141730198899793,13.599790152111158,19.44291349773071,15.305503809227131
2009-05-17,2009,20,16.045719535807997,16.487724984378445,13.845030614096398,16.93791352141471,17.753322647202026,16.918890813142635,18.691381729726544,18.08049041748047,17.707453640939672,14.86607463716522,18.017026681611032,18.651133760930392,17.709893905057868,15.087603075399574,13.951581700857332,18.462462182614203,15.995967772450408
2009-05-24,2009,21,15.948289304166227,16.902399982724877,14.770840278429167,16.51566238346554,17.337431139631857,16.348353574941825,19.32326197832736,17.6590088638702,17.310227828016487,15.10953930124255,18.286734751911904,19.604213490961698,17.134618985606895,16.54263686907353,13.496041209115894,19.302672705305064,15.81079671003748
2009-05-31,2009,22,8.552405773442683,10.639098398466864,7.487446079448778,10.920061227111589,9.546972381371557,11.281718716197954,13.9555967347615,12.423765765598842,11.93809310797376,7.737362784127149,12.446060157131836,14.30747222514808,9.438272967762009,9.892881705159954,6.671994969805188,13.677621761180184,8.326855429741894
2009-06-07,2009,23,11.626135853726892,12.904991740102703,10.007062189327264,13.027679721514383,12.595324947602832,12.75035996050448,15.99758642825024,14.130786720374964,13.870840045570628,10.339203961654508,14.703942704303955,15.774180112823323,12.633218492320143,12.20543987967065,9.013745469778195,15.624238755138418,11.826915043704917
2009-06-14,2009,24,11.432136776211026,12.69532523988915,9.490266906760285,14.015009563593637,12.33586142700218,13.991474603287196,15.66831831473303,14.557005567179097,14.657527630576416,10.324503704184757,14.462435799966128,15.197606947865449,12.453460199952588,10.8902675476195,9.747653468262286,14.91527150895031,11.22277370970847
2009-06-21,2009,25,13.300582855057687,14.045629220730712,11.582442269244869,14.682521434057326,14.219524404016097,14.243736042479291,16.676392335585877,15.306674574814837,15.376131048407808,12.30507038253767,15.43273091171727,16.284867201853956,14.261338529439508,12.730753358947368,11.25770896200788,16.001977821618844,13.14475782733722
2009-06-28,2009,26,13.007296767167295,13.403561389776687,11.242239683416951,12.802198920931136,13.943675108259471,12.946011888167728,16.239668292832445,14.224243061759251,13.594303121772064,11.77270566116436,15.126528185889834,16.445250887755115,13.840379997570082,13.05151120447386,9.605469932156394,16.085643447308623,13.27798483153238
2009-07-05,2009,27,14.65078248081674,15.481328689213248,12.95304084268416,15.60221175494648,16.57134645166969,15.18439511749582,18.07903101006333,16.317383296520678,16.273722016881358,13.240033086158828,16.859721140840872,18.186249851216523,16.41728265681322,15.254842714778418,11.895162652929384,18.08697827408225,14.938147978641272
2009-07-12,2009,28,11.661091595236092,12.82951428971565,10.45403094702097,12.825509177077384,11.614279746303374,12.43977469489688,15.334578327812885,13.829797440813731,13.647323613064165,10.666451407497991,14.547517496579651,15.454246050585311,11.962391761279012,12.214427643063797,9.059536860035688,15.16099777147028,11.648153026791595
2009-07-19,2009,29,9.727165771420552,11.148502481517507,8.244791401627854,11.407669746804803,11.103114665128142,11.412821389840223,14.61577852543867,12.443718056864554,12.195080705118274,8.490127343294725,13.128845804387874,14.619199197568664,11.073934994609198,10.45724016279395,7.317735903121224,14.138679370021634,9.709018165531829
2009-07-26,2009,30,11.977109830505292,12.364045869058636,10.947413293048143,11.297718434816312,11.827602337767336,10.883544680081126,14.168742202113735,12.47924600601196,12.170182534626552,11.190951582551405,13.513029877964035,14.32702768588002,12.361345673620011,12.29293613316846,9.117602966113768,14.181706198974132,11.716008783993374
2009-08-02,2009,31,15.465259931262391,14.06321369559526,13.351660585657305,14.91702570375942,16.7055234739641,14.482146009054883,16.419678073582777,15.05494473791742,15.38185593759944,13.95570535064414,15.70212187994094,17.768364078593702,16.84201051829865,14.16376326722876,12.07484117194102,16.983593964996636,15.586902467388349
2009-08-09,2009,32,14.675725415253115,13.80223933643878,12.755371579895426,14.541261907844316,15.807247526816845,14.317207923727146,16.67931307856613,15.22225475930548,15.150080149887591,13.574223580322869,16.048697650793827,17.50666319263592,15.776126037693391,13.402125990527583,11.896504215377409,16.89867084040334,14.483038564897935
2009-08-16,2009,33,14.83731491133053,14.974724136690083,13.28610915384572,15.574560700427918,15.716727136771471,15.15909514187846,17.6213249590237,16.22349484976236,16.084847357408407,13.82499234534222,16.848760908713075,17.95486191469383,15.87212608035467,14.57611206014684,11.970973209426134,17.676231671686043,14.276023214396762
2009-08-23,2009,34,15.58360364845207,15.459706087356436,13.492114323054992,16.85710574189822,16.58896303212175,16.459414208410944,17.94078174624429,16.631003158866587,17.15922025225167,14.535591478959246,17.443599184044512,17.93113028842484,16.793280300946765,14.261921931690598,13.489328228861588,17.89162533157259,14.916173406367037
2009-08-30,2009,35,19.12291897954168,17.955339813537435,16.92015114482145,18.98463128720011,20.34306465335284,18.579291721722026,20.270172363815085,18.92271831760159,19.08482472257372,17.842135060892865,19.739275574787357,20.777158217931373,20.219374465205952,17.67433914498562,16.34328550363098,20.5174095728626,19.04226061854401
2009-09-06,2009,36,14.257117829881272,15.627124151441333,14.165119817220964,15.807795868033452,15.363501096989472,15.575325074803416,18.31462806723903,16.662926725412344,16.424633908878334,13.929025953612529,17.10567702669086,17.783969045006682,15.361701853026752,15.300550036247325,12.59973818719947,17.802671861741874,14.17901054096993
2009-09-13,2009,37,16.539098124706605,16.59358133436012,14.904889835757071,17.571073313554127,18.134660751884905,17.526674331998887,19.35125651790519,17.842067744762865,17.868083201742454,15.293670520739562,18.35732460517388,18.54092893831813,18.026268155418308,15.913254720116491,13.93720366460276,18.668578467023817,16.463853462687077
2009-09-20,2009,38,14.022536631256456,15.20519035863978,13.050892099619125,15.611958746399198,15.295170533401183,15.549845189815017,18.455719555779726,16.448415136461133,16.245905718458143,13.307532389869303,17.148441810938188,18.53793555771244,15.323777684834017,14.740572374235938,11.809156394642365,18.122154021216467,13.781692444796189
2009-09-27,2009,39,13.963591957337762,14.461264296127029,13.048363313911864,14.481552341154645,15.64922472885324,14.563920848311298,17.39143731364703,15.507866494810427,15.309319417770595,12.895803766926443,16.34950576303325,17.988216643063527,15.455912315707408,15.213246560823224,11.10261950611178,17.58258079782624,14.264073748794203
2009-10-04,2009,40,18.79846600614766,16.85249652283024,16.43874018067476,17.499197573888868,20.484684679439383,17.157693321640426,19.356897298518145,17.708221912631743,17.82368163913197,17.281557478438078,18.21949363807579,19.24189814852897,20.36027298378668,16.80509200245201,14.67583524551888,19.05942898207215,18.72470327593246
2009-10-11,2009,41,16.9674867362436,16.43022184839635,15.233350710627668,17.046850850184757,18.42173577907966,17.061126060927695,18.860932478056704,17.116577981725918,17.30237041387539,15.685971163523346,18.13320466574136,19.03540943767825,18.330719023597744,16.30925677102877,13.491295825541954,18.892487766691385,16.94343425964088
2009-10-18,2009,42,19.316065612753693,19.2837210281063,17.713338629376498,19.572993000348408,20.223061011686404,19.2030667767715,20.845417245136407,19.778900017676417,19.9314851238303,18.149990866503376,20.61610378414006,20.86402524449433,20.46535975776584,18.6406163403202,16.647813261689635,20.9438700256049,18.923249632843103
2009-10-25,2009,43,20.27274677959035,19.17890880001125,17.7873056279735,19.90062457748822,22.155048068235043,19.374605609643417,21.555098330661785,20.04493617020644,19.968840711970618,18.82771832387815,20.866101162567805,21.427024769333173,22.15878707009393,18.415951620131366,16.949858872467168,21.36316038344471,20.17507077420176
2009-11-01,2009,44,24.520732116208265,24.01564402366752,22.605135789040247,24.779831696124305,25.719800611675268,23.658628927694785,24.95115304062735,24.364248359977427,24.386157084351183,23.2346534557364,24.931503507275607,25.20668194043347,25.822415350026606,22.89687762017018,22.06312718594744,25.034011822157407,24.239443633755585
2009-11-08,2009,45,20.95258469501824,21.291241925408336,19.727955770788725,21.038307517766956,22.2666466724952,20.809108974697352,23.720968446648158,22.073341394399662,21.505834208076013,19.924421500301467,22.86073569095496,23.15423090438637,22.263249209488684,20.82895931142755,18.076426336260425,23.23407375462601,21.07115050853102
2009-11-15,2009,46,21.417062582656683,21.32277695304041,20.007263314755697,22.32544944967542,23.001421018497403,21.80295702910945,23.919587616322683,22.371235076111635,22.552386582480956,20.34709327963796,22.91388086756586,23.676722236078064,22.884171535609774,20.90023813674136,18.756479380935453,23.4520642006234,21.32200360105365
2009-11-22,2009,47,22.2047507974632,22.49652459931526,21.07563052308591,23.45269113637152,23.403297854916943,23.07183516317046,24.793103293149183,23.4358686135032,23.052380169907657,21.370403629856515,23.787064031295444,24.70690495370212,23.40648855297722,21.811807101830507,20.105103639544303,24.301570354842397,21.919083915309447
2009-11-29,2009,48,21.56598069769075,21.938990404865127,20.316231699675296,21.82152991635459,22.702393888280096,21.453185422693597,24.55664616910084,23.057864771756257,22.370921315978887,20.773784478684245,23.65433021479355,24.257653693947184,22.843040619117414,21.21924083356476,18.89691927300336,24.029869717861107,21.25134800193766
2009-12-06,2009,49,21.34610279431828,21.38699550465989,19.914509957727336,21.51086559465953,22.66466866697231,21.33000405752214,23.89860664234217,22.216949802745468,21.935346985983056,20.451058230062166,22.824354008265903,23.25310136430026,22.7210174011908,20.280468238404865,18.43238590068629,23.11000612710554,21.147831609628277
2009-12-13,2009,50,20.9315316925638,21.207387600880445,19.18911042039968,21.581830155281796,22.615354782206143,21.24982253679745,23.867727246298383,22.236836039060123,22.019763782299663,19.9960203943156,23.10588321603222,23.655759564628497,22.670708697735115,20.1192635576575,18.251708901666557,23.38165468712376,20.48593121847373
2009-12-20,2009,51,23.11943431250377,23.7156904979047,22.001609632158655,24.900810196286155,24.656671728759587,24.087751145528543,25.736822378531144,24.83234365190778,24.683098123031588,22.37839489819899,25.0999881826954,25.251438598427168,24.63240428688903,22.52083319243962,21.396200975663003,25.142330274189987,22.621786544265127
2009-12-27,2009,52,23.30546033459127,23.814572004875394,22.01465785069707,24.27043447324208,24.56954620045084,24.028313164238455,26.4431365655393,25.02779433213271,24.39481197364643,22.38556125327626,25.347800227573945,25.695510905386623,24.642386539562327,22.4355098700212,21.09733773242764,25.49173738438556,22.761508568920533
2010-01-03,2010,1,23.147770308466335,23.380899594028364,21.790632095607695,24.059171228181757,24.95727115520983,23.751044375249013,25.36526498711144,24.23887688773019,24.230511859438423,22.14844383887687,24.45845246913629,24.45078259594036,24.703081292995613,22.27381177508977,20.6102906176338,24.51523549776021,22.91887287181021
2010-01-10,2010,2,21.704279905734065,22.10315086389147,20.304669612894678,23.577425269853496,23.145223559669702,23.206809104025904,24.76185324866292,23.802064114855483,23.9034006656266,20.822359048609528,23.68213885749057,23.998415993230367,23.099959732482795,21.093874736222816,19.612325139919896,23.914157311277144,21.24446383833564
2010-01-17,2010,3,21.305316220532667,22.18852387816667,20.287865679350805,23.052273050660176,23.073393636063944,22.68123922262106,25.02835581810064,23.667965955858108,23.308168133177634,20.31711630719317,24.00895234805681,24.41648513865921,22.899250634388576,21.396311304434324,19.243493326426528,24.28892894453732,21.124458193457677
2010-01-24,2010,4,21.58081209828341,22.73267875297237,20.530150833231428,23.73111369780132,23.544634260661866,23.411015585429265,25.407938431720343,24.43407543628247,24.361985648914796,20.902019762483302,24.42576038971608,24.626648185709413,23.269314259635895,21.399755619050584,20.12074177226685,24.55129505463542,21.37347129348796
2010-01-31,2010,5,25.030049136246493,25.70001798092937,23.65930967153229,27.19141682272865,27.0003200138524,26.41791811320773,27.92969532402194,27.43274467270096,27.089220381063026,24.0342213627458,27.540989358084545,27.5738534310436,26.75947668561604,24.272914755896327,23.657548195883265,27.32811089084573,24.65525613383784
2010-02-07,2010,6,23.07690588019529,23.870118885406296,21.817040341029468,25.49757624240149,25.064355950457884,25.059448136632813,26.2400448690698,25.563343107545528,25.620172677907924,21.90860525802767,25.517383025528552,25.468886645335072,24.829434400359634,22.670120010557127,21.235709749799383,25.42823630629687,22.78922329437379
2010-02-14,2010,7,22.014611112871997,22.894869967055985,20.830908601011124,24.17455562807265,23.750507301087733,23.52031058970565,25.544821041318485,24.354074312680726,24.736483112939887,21.170743935824248,24.46889699134992,25.30575287245676,23.59815056995996,21.764515915641592,20.26392000217204,24.86360845173875,21.53053200148508
2010-02-21,2010,8,21.28220804624422,22.18524117561292,20.1692451174109,23.26047675666355,22.998429447346314,22.920368578750043,24.967265726873546,23.572127753914177,23.48808456353712,20.41377278039372,23.83835871147387,24.31851076758454,22.81307641143504,21.018490006718935,19.38525048303937,24.10950366951481,21.001868199145378
2010-02-28,2010,9,20.568425339314626,20.450154695937883,18.535722184202367,22.195851578598933,22.658289479468152,22.066717196922347,23.1352459376477,21.717164530568308,22.6016116991435,19.179720416246035,21.95255711873372,22.24425115353978,22.369511550918048,19.39138089426431,17.98686607129256,22.238481219267427,20.35592368478081
2010-03-07,2010,10,20.8393402369633,22.37406000958831,19.618185973315505,23.12983694246837,22.6568297845712,23.041114173800796,24.94938170319049,23.22818900170265,23.466998566853324,19.79487198463843,24.29745224461411,24.240907126681183,22.41429731008169,21.270655660323584,19.06880916626704,24.38176976631299,20.659430020581684
2010-03-14,2010,11,20.18969205662397,21.16667237007288,18.625733413628595,22.577024275348304,22.027379231484705,22.325524213538056,24.450628508631763,23.04705513892236,23.17008471069037,19.087694582708508,23.29895737553056,24.3313824352871,21.85429149612957,20.269680734203416,18.138131567840837,23.93291791031272,20.17208545612839
2010-03-21,2010,12,20.148919740085283,21.1986714212625,19.03763979646942,22.96914906161172,21.3979132078384,22.63941449394864,24.65053512195109,23.11580743665819,23.407694057009227,19.290356823778527,23.259578813825332,24.21313605604146,21.45988149348373,20.24735742922965,18.641353966499977,23.846706573277302,19.821751238522182
2010-03-28,2010,13,20.81105355958681,20.83673663332518,18.8759451513282,21.933367936384105,22.850867983678988,21.88372217028604,23.736566626990847,22.45613135102507,22.500265464857367,19.519411737122336,22.786036277539804,23.422100712346904,22.67144251606179,20.116535164123945,18.224591794401096,23.21586305054667,20.78754176733629
2010-04-04,2010,14,15.465034127695684,16.602531258739642,13.893221079192546,17.604608261869068,17.352933150940167,17.59591818285418,20.31421089172363,18.914535142477455,18.69694967979088,14.291456090585989,18.76811968155237,19.94222676336284,17.084044729880848,15.560121983466622,13.094158717219557,19.51883368296166,15.343857093641375
2010-04-11,2010,15,18.80280822400421,19.10767166650117,16.939635552657634,20.4242853139128,19.94725011632144,20.1709778980859,21.90392179461332,20.266460267599523,20.83923895345042,17.804877127785783,20.934670077567493,21.580671336130308,19.890987578506174,18.115298298728952,16.531421167193994,21.39683649171355,18.574681382937573
2010-04-18,2010,16,18.286403927256856,19.52122746245948,17.28542442837963,20.433879927510308,19.91148187847688,20.279945291300688,22.089858608412676,20.612436664630845,20.88220060688176,17.434298517465322,21.121417546788336,22.01089550028593,19.59143321578567,19.05008046618553,16.496715147734783,21.84783354010834,18.378467645285266
2010-04-25,2010,17,15.8958006113806,17.130905036478914,14.93548503044758,17.909978914828528,17.067569776431974,17.495839499445346,20.1036383570457,18.69536060036003,18.610715876353463,14.997797557822228,19.01711037210572,20.27991779923761,16.916246474939886,16.56263437486233,13.92621220533775,19.887705666678293,15.989817337848429
2010-05-02,2010,18,15.702515724849825,16.344821293470954,14.566092354910714,18.009706362372352,16.994741919127154,17.634471572964348,19.997559238800847,18.778012623972703,18.7898843843643,14.784702066629624,18.73553993505833,20.11959822287135,16.94570521406225,15.825520465248513,13.843535935726546,19.663408271953784,15.687980741182107
2010-05-09,2010,19,12.243830262310562,13.64491334957863,11.118042731771665,15.291577439932595,13.157648731742764,15.347170024611623,17.440347015336375,16.16680564929913,16.102667974632546,11.440730138892398,15.98797921102284,17.27502844854185,13.222399343394866,12.66687232041293,10.688154421263906,16.675215754723595,11.686644903411764
2010-05-16,2010,20,13.315907561794363,14.70397287848662,12.486413980228454,16.654586774962286,14.444454980902458,16.627927198373214,18.52316122360897,17.314765354007868,17.364323146655835,12.542327199395247,16.905751821179408,18.16056242400424,14.495317924897185,13.965845676764792,12.174905610871413,17.779085431780135,12.977200612224982
2010-05-23,2010,21,15.100176834538482,16.040112486271973,13.78922622988683,17.842199853488378,16.042737361504184,17.60038742104706,20.23837531064759,18.646058090011795,18.422883903443697,14.180623435866844,18.523696737578422,19.699907336273604,16.026931749807822,15.28242939585605,13.182176431671046,19.386937775957144,14.96087274011576
2010-05-30,2010,22,12.077697077619831,13.481077461862869,11.137632016280952,14.578191310167313,13.089261233938968,14.65608511437474,18.60946655829516,16.04083210313475,15.25385675551607,11.025621321659925,16.146926244099934,17.694605661531018,13.108264984771552,12.922682152277496,9.83286551491837,17.334380985939337,11.725432635960232
2010-06-06,2010,23,10.909211559492034,11.215456984444724,9.071647185610791,12.104609144585472,12.337649062331034,12.516507381331198,15.42020023946512,13.5248812445108,12.904484290199504,9.563472451723868,13.443234811923205,14.73053427462308,12.305302691735816,10.025921095677123,8.258662272407129,14.262226588105502,11.168216948560628
2010-06-13,2010,24,16.07647093720111,14.96207087939736,13.767765006663636,15.82486358426866,18.29413692621193,15.901563718051982,18.2066370933466,16.844609574156923,16.51539395979939,14.700935888880418,16.864922255974314,17.996647735811628,17.847250708281763,14.20975687761386,12.672987110153562,17.688110780809254,16.15024876466016
2010-06-20,2010,25,14.031828697430427,13.304950600493946,12.166048550246137,13.752847023663064,16.630948188832562,13.90151291065388,16.322218155374333,15.085767830192268,14.655290418408388,12.570878311002753,15.125394681625034,16.3465533243678,15.845342130734652,13.17668144949161,10.858950914747313,16.08548859374164,14.47670594187117
2010-06-27,2010,26,16.731775728125065,15.305483462205574,13.8725866260207,16.539175684962956,19.061868488303297,16.473715521960955,18.83079556890549,17.374592452606596,17.257205238081006,14.790630747684611,17.129863647361855,18.617608282443967,18.36911948767408,14.718510616424766,13.54375792296356,18.43541720328732,16.823705002304035
2010-07-04,2010,27,16.647240502493723,14.874522791742514,13.718876616978072,16.56182166224434,19.42246836542995,16.640818809450362,18.63323603149058,17.228111113015707,17.254894373234936,14.82931164493711,16.95145856518766,18.428585323683336,18.54570126993776,14.591100889371232,13.333835068337171,18.255640625253815,16.867067689201583
2010-07-11,2010,28,8.576211927787064,9.919596956355742,7.717308682684573,11.088402837869666,9.391175750447236,11.007845141866186,14.408472909176664,12.39488033468073,11.947816277670066,7.799541761287823,12.239283147209134,14.114057956680137,9.50701653174912,9.701649220319052,6.854741031650865,13.64166127912219,8.312931780063238
2010-07-18,2010,29,12.926310931393536,14.08468222719774,12.432093658168018,14.768601254338307,13.171135232856235,14.241620856669266,17.483701441795418,15.384785407425522,15.395012542926167,12.47060111939438,16.08156485536914,17.748167108654012,13.320346337948068,14.597436153516025,11.183358020594078,17.4981729447725,12.61492968601679
2010-07-25,2010,30,15.120170110901348,14.401034080143424,12.963268553776985,15.614235711949211,17.32874413369586,15.077237280792868,18.10254499307527,16.270613355512744,16.355187639098343,13.684425574722118,16.729845294704685,17.95790328619615,16.450904288347164,14.611793008773375,12.193495396733772,17.873082291590023,15.15619891287503
2010-08-01,2010,31,8.080652190298034,9.91368797110088,7.312643121065242,10.065443462204366,9.60133424694674,9.805670465741835,13.315601451751444,11.336128531121588,10.885382413864138,7.300646361939952,11.77032463726027,12.983813812790531,9.056641882450885,9.35880092466873,5.818617406852903,12.712525123252794,7.88108426814452
2010-08-08,2010,32,13.226831412837006,12.978671073659395,11.334087558414623,14.20564771053337,15.30617693880591,13.14294228621278,16.173245190878998,14.684775570708435,14.913240733211987,11.926807397396145,14.74655482965114,16.13092019937109,14.808655190191674,12.752714484116286,9.8778183418307,15.86332921739194,13.245509723768722
2010-08-15,2010,33,12.608125219013695,11.86450495114967,10.224128657140453,13.20358055617128,14.958628330823672,12.91357646976505,14.765449120768997,13.877035339652718,14.106281920188565,11.283414741468912,13.471487671162658,14.47491687712965,14.319008869554086,11.096539137153036,9.791574619040952,14.231604169259567,12.543291286638162
2010-08-22,2010,34,21.155779375839725,17.301270859582083,17.63260125183065,19.31347598916008,23.514870350666172,18.676979017073585,19.011784344998464,18.175324209138942,19.37272086208814,19.249682410361395,18.58654880606251,20.14021392524081,22.49180830215395,17.416577684865153,17.104211723853293,19.798166219035707,21.18629271836293
2010-08-29,2010,35,19.44988096082533,18.555870347439864,17.500905915288243,18.47956269269898,21.571002517604192,18.106263196299587,19.778049318852997,18.840213584404488,18.97058475180848,17.9912295336128,19.73371580379866,20.282282281757364,20.86446807927607,18.4600881875434,16.379594251926306,20.216525680631577,19.8019066069004
2010-09-05,2010,36,15.25362526587998,15.572870994681743,13.295493429703532,16.137966561885108,18.10487082867513,15.850844393058786,18.107672986066724,16.503549324134728,16.614851806961628,13.50149217955307,17.089437775384813,17.234565115360557,17.190679952444718,14.799951999801678,12.216601107098112,17.41595067436681,15.273018995706604
2010-09-12,2010,37,16.61400827385744,17.197732375374738,15.309389686415232,17.096929944696882,17.83364573520347,16.63107023889647,19.82297240610373,17.72499238893583,17.673568423246916,15.384058808046731,18.922842147133565,19.649509464634075,17.631075427338885,17.198913671208977,13.557932436021089,19.579068900554383,16.799939349655194
2010-09-19,2010,38,16.23426596446387,16.509787910782702,14.3590553947117,16.974920924220765,19.16131462828483,17.00286675726892,19.40186242807016,17.463351103051917,17.544770106410795,14.627635965465291,17.800320312367887,18.648909241041405,18.194593355922624,16.237505561427067,13.19205223707026,18.727661453814424,16.38682892830224
2010-09-26,2010,39,17.47085652664361,17.80592839600943,16.09310114267344,17.459332862070628,19.81954605503492,17.393150640117003,20.05647784975457,18.023629756778867,17.9124865793202,16.145524666467587,18.87266358297109,19.968594304313555,19.209496113324256,17.974696395233963,14.5271287668587,20.00604216319941,17.390122781224004
2010-10-03,2010,40,15.402986436890512,16.601334777213868,13.71506851208136,16.989439470427374,17.733513359843492,16.67794143647301,19.294109580815707,17.355058506556922,17.50765403796082,13.980676894515115,18.23938580302449,19.50414724941202,17.281274974116023,16.097706857763544,12.965160829823898,19.324837232989104,15.293103840794524
2010-10-10,2010,41,16.457232021150134,16.59846157661633,14.230077819688828,16.867197936489465,19.533593243444347,16.81824597367296,19.340938189981976,17.364446552326154,17.37672372713481,14.718043702793873,18.101462855483547,19.78637380162982,18.477165275559,16.23512110051592,13.003703743542456,19.38783917175114,16.479812331598083
2010-10-17,2010,42,18.189271854464454,18.65740035642693,16.457092815304396,18.22280662258466,20.601478386066475,17.87925602877309,21.0284089458232,18.94614473466749,18.79365854114003,16.766930763042954,20.09479608907328,21.87897586051345,19.736691613915347,18.681165189105247,15.006117705177669,21.431355679805037,17.847861326608374
2010-10-24,2010,43,18.012402243595787,18.756059541376924,16.29645430184934,18.50751574692272,19.390881614628587,18.047866599133272,21.56887888560837,19.275589530746657,19.12182202311178,16.794839505537826,20.586969436711563,21.867540914736026,19.33074266938169,18.8814730219658,14.923313869622437,21.705806190953567,17.787521039700575
2010-10-31,2010,44,18.449675498628554,19.236407179822294,16.54457398781019,19.291895887681417,19.567502449566486,18.67952607374547,22.025430896191832,20.012724637613665,19.89739888708185,17.14839254214069,21.062857101902814,23.236888127185587,19.570928472349543,19.07926156580283,15.546709878104076,22.45402492888986,18.00499071715013
2010-11-07,2010,45,18.57916336354142,18.93715369218448,16.672362469738314,19.25254289167268,20.79743228322219,18.376967302467214,21.47193291444473,19.56064220874341,19.67497602974132,17.189520318811198,20.619672446643115,22.41096041594554,20.03119020848661,18.84544389880973,15.196878222550753,21.85300513862864,18.25280619631559
2010-11-14,2010,46,19.565480609044453,19.520127891223314,16.92559944641939,19.759026811236424,21.5080974516738,19.254231857977317,22.097524464999275,20.23307318650283,20.23408468548799,17.84988159108886,21.23514564811409,23.088017224622863,21.24050605619276,19.3999689560329,15.716328344296846,22.565189663911283,19.194892338986666
2010-11-21,2010,47,20.795820948086494,21.297716470161227,19.318806801417704,20.89118039466086,21.832962561324287,20.64961485942512,23.68791794290348,21.45060751283324,21.407039636735117,19.62508915835746,22.690126092093333,24.227217221838448,22.16919622642193,21.288684857802096,17.827361414502022,23.849873320697107,20.38991997376928
2010-11-28,2010,48,21.018538029497652,21.590324730252917,19.390866717090624,21.577736806301846,22.97973098303105,21.2393423298918,23.92243464834141,22.06270994607504,22.00342827627104,19.565097813128887,22.92530802441882,25.4925134329783,22.469113217357503,21.798918174197183,18.32087718110807,24.598703160444582,20.85145946590084
2010-12-05,2010,49,21.177181396091616,21.40684779722299,19.142097204050977,21.96763214610872,23.661545999838985,21.480454225184214,23.923219280409743,22.34372176826774,22.29071300043752,19.62963205086501,22.801760870863347,24.67028150789821,22.74759362010882,21.097892712169266,18.31535439846229,24.01177310010458,20.92762647227778
2010-12-12,2010,50,18.567285842109985,20.03688978589674,17.07761812760117,20.290917555491127,21.36117565852461,20.162059162881228,22.26433859622166,20.66526232484099,20.745070800855892,17.340334209467887,21.39241355714344,24.117339265314392,20.12730311795091,19.81368903449556,16.60456340268732,23.214410919965825,18.248902568277323
2010-12-19,2010,51,22.91529973102506,23.319328562283054,21.327802894172567,23.85051261952945,25.173751993412267,23.51822524886947,25.874090823070645,24.05183964518757,23.95794994817088,21.694173963051146,24.831290280560907,27.897610959981005,24.627071526059773,22.853921061501847,20.55133923402151,26.47577408195242,22.60382547918356
2010-12-26,2010,52,22.369776348963363,21.704365758753536,20.32777333788461,21.52440981921696,24.076826749246795,21.31522580003186,24.24774022005042,22.37955840370872,22.029397359799496,21.1271870455404,23.31843813776453,26.181463861079877,24.174182867911792,21.03960639703024,18.584232126078355,24.803276618166212,22.004398186573123
2011-01-02,2011,1,22.13514346904583,23.16714149649972,20.85450271684297,23.814015513374688,24.010406698852357,23.619528506560066,25.31392774776537,24.194439222657834,24.228313684930075,21.119632199591,24.676294316873925,26.84745042857456,23.572827007779743,22.19413369891669,20.377542228303568,25.7376651950545,21.590998852670676
2011-01-09,2011,2,22.58534856867453,22.87714796635642,20.9672000803774,22.900671321721305,24.184450392366603,23.079505785398343,26.29985373916848,23.945509204616798,23.2441297557256,21.41318831856795,25.17961993031687,28.471076551473367,24.16836162331482,22.27887459314525,19.82867016788851,26.791753541233486,22.121756729732624
2011-01-16,2011,3,22.12947163035664,22.96957920660088,20.801281377289712,23.218323663586663,23.354428834159847,22.946396792103734,26.327188169295862,24.4150176476813,23.70703758045652,21.168596842693937,24.938300708258826,27.422799310915558,23.531819494534645,22.13777990005306,19.760730939611012,26.188734028437366,21.70721116284476
2011-01-23,2011,4,22.927027519451915,24.108725907705995,21.647951795447685,24.50019249461946,24.13702138312034,24.554169874547227,27.631264800580524,25.77472446392109,24.713023676564315,22.08770954810058,26.17752560702237,29.311809701739616,24.30313167977057,23.013012276556257,21.27106183042184,27.6963462605635,22.3906342167096
2011-01-30,2011,5,22.78299671894796,23.15777111256809,21.039484084128485,23.52793123324712,23.89756008715739,23.537847550832783,26.90922355095777,24.58645924753957,24.070351115411505,21.741211125231164,25.406978176166486,28.098921053493115,24.026718938672865,22.477627048862274,19.959228125516837,26.883553402297885,22.23540571372143
2011-02-06,2011,6,21.72517134078528,23.050502714063565,20.79679982981644,23.67975963581176,22.81138586415616,23.57695106496529,26.36411498934465,24.456347191550517,23.960670892973003,21.076072662834108,24.73539454637668,26.30908584080617,22.984851365844253,22.146215841144645,20.226271594871644,25.5858069529972,21.137605742945503
2011-02-13,2011,7,21.623012795564907,21.81815844354853,20.162015490121515,22.371700404655368,22.837426073369407,22.62366545982803,24.424938224147432,23.20963583909072,23.01508609749333,20.63764622348232,23.241107263606345,24.725846521937942,23.04619255765525,20.83994259926751,18.961062630524957,24.019773027901547,21.061152607282857
2011-02-20,2011,8,21.55506525076494,22.743738527236967,20.857508944534263,23.919970376150943,22.968575461364345,23.270605072551717,25.747946947726145,24.31884563099254,24.22568687020916,20.850240611922757,24.477902115991107,26.77770448309392,22.910467377960916,21.95043320272768,19.948344127266303,25.58856971576489,21.341536029651163
2011-02-27,2011,9,19.93880476393141,19.929869434218418,17.990174424256914,21.053792635599773,22.077505912187803,20.87494880597717,23.74499963810423,21.675618576446137,21.7350598296074,18.47337579888085,21.94711295454017,26.219519669154906,21.877569023706737,19.21140785655062,16.857034261644216,23.815583723631857,19.784594430435057
2011-03-06,2011,10,20.60363461949804,21.630370216328963,18.639578364862206,22.5690931280454,23.96175329461087,22.112990589215485,24.997809079228617,23.044883137492388,22.97632597383921,19.10985481725635,23.29206733868752,30.38022429473959,22.74606751290988,21.0187747639821,18.44386522742933,26.37488080377448,20.495208831488924
2011-03-13,2011,11,20.76403653698385,20.83238520347742,18.83366093047446,20.95138316495078,22.93128347643917,20.11198969267817,24.04365462255895,21.90430719449923,21.36374448376859,19.304199732597016,22.5911435626802,25.8501275594665,22.44449355519416,20.31248675196549,17.52037922774875,24.24535239232729,20.835966169352155
2011-03-20,2011,12,21.394330887567428,20.80888118774398,19.083481514041363,21.68682811515672,24.01580392934939,20.889080052516945,24.060547581219467,22.115735939323127,21.82612337758163,19.68899320778348,22.49698530089804,25.004126026945293,23.38020615412001,20.362956863738443,17.902486678693016,23.95398636013561,21.237155077592384
2011-03-27,2011,13,18.791718842593557,19.355682557579808,17.321378534413483,20.854109810931345,21.189260448904765,19.940689220698488,22.56108869547052,21.18915505793188,21.251896367380997,17.57844599132731,21.04038404819769,22.813777692234417,20.472910536762367,18.733649518020925,16.54518770821208,22.1288819658313,18.82826352569292
2011-04-03,2011,14,18.120226142029047,18.13839214646232,16.207877208198607,18.5517934518201,19.77299948183366,18.299622458380625,21.519885388477206,19.674473834347417,19.363903331196703,16.585634616148084,20.11707507377063,22.061422702758463,19.7276820805082,17.811100822783853,14.853556422778308,21.220138172814057,18.17915920298697
2011-04-10,2011,15,18.485110206800385,18.48165582441317,16.66774939179103,20.49056839233353,19.915940097664837,19.89261517592225,22.221650482266707,20.861386114838837,21.034007381319768,17.460458723310676,20.58921190071932,22.38692469481188,19.820404897785554,17.705805211657818,16.44110333215929,21.654726442758815,18.045760965090235
2011-04-17,2011,16,20.37889188228887,20.589499174658936,18.899705603361767,21.177341830162774,21.6443862900921,20.44600201512242,23.499833426739663,22.016651543951657,21.8233756253864,19.302238862345536,22.181579806175066,23.41411532995836,21.64457467347959,19.75252648592467,17.961794873428065,22.940043929038453,20.21115816250002
2011-04-24,2011,17,16.653593181182977,16.67427101928288,14.7999001044347,18.43689453459921,17.82259437157259,17.658835385296793,21.08806811963852,19.043687303221077,19.180496837294964,15.37103747838796,19.22405943354487,20.6114179657476,17.862461646091063,16.239216555047044,14.26269696000627,20.150263676204798,16.514614271667767
2011-05-01,2011,18,13.773605871998356,15.18849036535983,12.603333361929458,17.503655974354064,15.10705284962912,16.610954867673502,20.01809929272176,18.37484981437782,18.384385684698294,12.775887867999424,17.959137308029902,21.04094478447804,15.088282007048027,14.557905182425197,12.347620862387831,19.664840651584928,13.77629988277055
2011-05-08,2011,19,17.909195476517255,17.200150448122002,15.91963747696424,17.202120096910566,19.74963508509954,16.848605378100615,20.938393267528657,18.956161084856305,18.290791333304924,16.45539697243741,19.1848457625418,20.25155884364866,19.540610311574454,16.469251340964966,14.002298731655706,19.7959820062447,18.25691775234562
2011-05-15,2011,20,13.10517555467564,13.479178776364844,11.317498085661704,15.04480083641552,14.400423287110009,14.762675088958543,17.601049759645157,15.871284630515358,16.02272950786434,11.732282110757046,15.65429362259902,16.983353859009448,14.413413118671729,12.175451914972593,10.723674763257002,16.339172607765274,12.829472541809084
2011-05-22,2011,21,15.080810336993007,15.513171606226516,13.229232252225904,17.148841809658776,16.280478615834927,16.885208959591743,20.144834846518823,18.36948340378798,18.15596959082348,13.778686943687122,18.196459080749776,19.746696850038923,16.391073460744614,14.617189211481213,12.855844472523511,19.267403287197048,14.792054930144566
2011-05-29,2011,22,10.956937886266328,10.41915974256072,8.54203600489998,13.181543177792005,13.60039669915008,13.007998740811146,15.466707743986705,13.81241556762101,14.121926957147227,9.348405201067672,13.103968337913612,14.860992364806306,12.910642043043747,9.3886487345286,8.257500407725063,14.195469538992864,11.439626257053284
2011-06-05,2011,23,9.685070500564084,9.52043975746708,7.696410118634444,12.068736827089673,11.370474698541784,11.388075951290254,14.617813641406354,12.919394767315357,13.28353558314523,8.353657598302389,12.373079077402751,14.551046646508889,11.227357497086397,8.963034340738071,7.454142608403642,13.796705983156327,9.6945500299937
2011-06-12,2011,24,14.11089193130552,12.614557718163104,10.934572211175022,14.3744063661212,16.174071074767433,13.961816189985631,17.39846833732316,15.472579997174153,15.396402582030474,12.160858112191455,15.041541182943238,16.320696977270902,15.993056357137023,11.348411001893057,10.818979093868226,15.941463030014484,14.196912199339131
2011-06-19,2011,25,16.936573901231686,15.88472394750062,14.973975858967602,17.23039240070752,17.94233448711878,16.8434118015579,19.182795293824668,17.22268422312551,17.56871771859096,15.714484646564394,17.40033605831526,18.932874918626645,18.06660808651604,15.18495961088506,13.973275855718477,18.62286867227573,16.650671523214992
2011-06-26,2011,26,8.602256901322491,9.967558117690626,8.056095948342,11.12562623761949,9.16812443062608,10.915066074680638,14.151345553273012,12.244093283368397,12.064432338725798,7.898017370928795,12.155617999204823,13.999968366802864,9.584841771705731,9.399549755410428,7.025337775739756,13.292037355456568,8.479972172136899
2011-07-03,2011,27,6.153291846487666,6.815958606408858,4.8196955674923725,7.748457900470211,7.952005423059471,7.67669812991659,10.843419066671032,8.842991861244302,8.787219815291538,4.976892830014095,8.949868151842256,11.39691962193286,7.698216175020431,6.652934785789305,4.314333217857946,10.335651885739978,6.439598705569368
2011-07-10,2011,28,18.375622680595328,14.155742440142356,14.72656735616547,16.25411154826482,19.72725204323769,15.973415464354604,17.09253137104713,15.80142044860047,16.223878699972673,16.28704337891363,15.515917922511246,17.54025721742779,19.70685791509032,14.265200105824864,14.239836939327176,17.06731964044142,18.430709050993396
2011-07-17,2011,29,14.715768120617172,14.388782784882892,13.30730172650626,14.73310363292694,15.612932594858387,14.285386218067302,18.283812734197944,15.533624183357537,15.161718490772286,13.624855319614216,16.475712946276644,18.0336728738646,15.779016119172676,14.24711443607072,11.504584320365192,17.7116933830097,14.616404510251275
2011-07-24,2011,30,16.370858185079566,15.628261683592156,14.098173758786867,16.15738149909746,18.12245622941249,15.815799174314911,18.81057546298636,16.776072268795655,16.63226628723443,14.771851124457756,17.340133533230073,19.22375412964114,18.027280209147328,15.229004930119576,13.082378344373858,18.806667813116324,16.24403848930832
2011-07-31,2011,31,9.710932895790505,10.10234463227583,8.38022084794641,11.894062744719642,10.682765689626793,11.463911144276231,14.757084104132026,12.701718699963063,12.7555690772846,8.618997936441875,12.78978040827301,14.64809043966535,10.879071454283812,9.877725339662334,7.24519464751951,14.130171624648362,9.598816440433184
2011-08-07,2011,32,18.01944101301706,15.31909584236552,15.129702879458057,16.617864130508334,19.86765129490308,16.658941480030272,18.27029799580921,16.6215316286954,16.88408829041423,16.164365020189834,16.80034562065488,18.879759954313705,19.80938713246791,15.388221980367764,13.826563593221842,18.373694802450338,18.016593787226714
2011-08-14,2011,33,16.5165840330578,15.75285441179011,14.471728834517783,16.500550650414965,17.612896815129865,16.079734968556092,18.92507411856693,16.84924577143285,16.89878810968418,14.680156685235932,17.13245366827234,18.786823533615976,17.76456599115865,15.420054219483292,12.835078489174473,18.3711282521078,16.477607975108924
2011-08-21,2011,34,11.540379795788796,11.507797807518608,10.228399475486064,12.46295861119316,12.72315477883701,11.942044637071271,14.772874665329825,12.939904559494614,12.96472485867965,10.767687768448056,13.086677380764122,14.072062011034983,12.858862079248464,10.937037291713605,9.155555492767338,13.792793103160225,11.277592151152158
2011-08-28,2011,35,14.794482208433603,13.353309365732075,12.24576087556482,14.337281694014868,16.442469315913588,13.926396521515525,16.708457265581405,14.816561043231518,14.940861697299605,12.931741435294478,14.845786983523016,16.512716267629454,16.34091423377107,12.934721562151951,10.896615356343304,15.805237775679435,14.872516380487426
2011-09-04,2011,36,15.373572775449222,13.736071866204234,13.099516519531276,15.196368132318767,16.842056855371844,14.508423883789142,16.95206054376096,14.966735519310095,15.378572658083442,13.862726095690904,15.404203947488364,18.12044154344543,16.86517576637415,13.888037009818497,11.780792539592422,16.941021659836142,15.425103681106773
2011-09-11,2011,37,15.67018057235266,14.294258358636135,13.00480852617875,15.733298699061075,18.011031545417385,15.218032825867644,17.88153257453407,15.883288330969874,16.038185607663806,14.14339985702652,16.061034562577415,17.34351572643393,17.58743834403491,13.73140537215166,12.08267986076592,16.938864946831927,15.891583523660335
2011-09-18,2011,38,16.07673754992786,15.921098464587605,14.260978347131818,16.961636470896856,17.467111482344936,16.27331241892418,19.33179571746737,17.34232980356588,17.474314209999633,14.655905865711087,17.829140794432007,19.858609166106767,17.529016601533044,15.86289902624048,13.139836409441738,19.196947258279284,16.05969807658234
2011-09-25,2011,39,18.394466049115785,16.877565169385246,15.7961465214456,18.049486502295448,20.05931761845406,17.619117085077587,19.18143510401423,17.94881600318017,18.2159526688712,16.896041316042066,18.186043632804573,19.121476853311545,19.92770131122192,16.246003306426214,14.992157190801208,18.84975122985541,18.46779053359019
2011-10-02,2011,40,19.148819599372537,18.34810393146361,16.59688999807295,19.292596846818928,20.533117557613167,18.48010965173002,20.37509322653011,19.07870693999452,19.302850526372985,17.382927765325967,19.762962208372173,20.722495140733745,20.794580386872457,17.860541944877404,15.637920414215396,20.41135217625568,18.94495092505072
2011-10-09,2011,41,18.98843156478273,19.587313746084284,17.511302463545036,20.288926731972467,19.90925035257855,19.633350199253865,21.53510726506092,20.325009342044986,20.45668494678057,17.92972035295381,20.788632555544638,21.53399654604354,20.32582810118392,18.468040831625864,16.93345827035116,21.29422639447416,18.56474955705298
2011-10-16,2011,42,18.395184103279654,17.152809448079513,15.726237917750304,18.59761701595216,19.90110495318138,17.61282542436126,19.366455417332777,18.18713151560201,18.60775507219617,16.73147813917145,18.419595427740187,19.3333547815801,20.071383844471345,16.17496788204542,14.506653620977914,18.998728487123017,17.90023215954516
2011-10-23,2011,43,18.70083733537789,19.327946039659384,16.95107401041405,19.705800568773636,19.80677406457863,18.802589083883905,22.08135196140834,20.46591153875574,19.750094685302557,17.41379864974821,21.11939616678081,22.702396210313164,20.083990588611616,18.79800262685156,16.014681861131226,22.199083234932555,18.459652168731484
2011-10-30,2011,44,16.892102066000763,16.288711530059132,14.176657975407544,17.51326600852467,18.12564169292888,17.325826970153184,19.88121970818967,18.037613859795904,18.007636427646048,15.054979155919147,18.2650667066698,18.88715918687476,18.36537729911362,15.34728852760004,13.2548460423932,18.855628636951785,16.495584575313764
2011-11-06,2011,45,21.70040526568046,20.742555120098057,19.61267696235068,20.72146309415499,22.44721837188472,20.424339010908795,22.799258774293055,21.26614359025832,21.02981800202521,20.176915765210936,21.833244660612824,22.750872162153136,22.99573644615969,20.410187735216013,18.14540641654172,22.549108079734843,21.1726435741003
2011-11-13,2011,46,17.37221115681809,16.71689442785056,14.929431034805717,18.1133717695872,18.911937359259976,17.5912680779338,19.988844401634815,18.17352395986582,18.518127836126634,15.713925755332372,18.31581976671756,19.11002015553395,19.015294378788777,15.86302063877421,13.932980104803436,19.117989661408966,16.9323623071141
2011-11-20,2011,47,19.668393788037,20.332667301966943,18.152118390074005,21.12570386699268,21.0889188567415,20.01229411018401,23.00894034916736,21.196552320207868,20.966755490013764,18.537757559219557,21.82029640230781,24.15151782177208,21.24207422079727,20.063784067933625,17.234598104880824,23.237616596856466,19.42421083630256
2011-11-27,2011,48,20.483730213062184,19.984856730076803,18.12865732323309,21.655730720077244,21.9783610902302,20.360864727653592,23.12944513993778,21.233344980215097,21.25136478819726,18.920769672694167,21.893057911530203,23.47003427284426,22.186962608204844,19.414785962167063,17.323557940772343,22.951572839994487,20.10781693587084
2011-12-04,2011,49,20.813239938350566,20.241674012466788,18.640955973221544,21.67066827558336,22.43036353155739,20.659721021026257,23.272093586601947,21.769070088770484,21.79516927230148,19.310903510575358,22.05000520681406,22.431146824777606,22.591781369507544,19.657304113921697,17.74398705173015,22.553797951416488,20.573468046368287
2011-12-11,2011,50,20.67887352853821,20.89067670073845,18.705360509911365,21.80655673571995,21.884642899609958,20.70453922168629,23.952181991265743,22.018447233918423,21.83830292210887,19.39705460251249,22.76994250739292,24.126752272449096,22.147872952420737,20.10980676010186,18.02541455301254,23.74445299346386,20.306610967271087
2011-12-18,2011,51,23.31002007610856,22.85027858392516,20.670191092097664,23.88744346016929,24.66414589250114,22.97753604314502,26.31518416780077,24.896191567755363,24.374353326696703,21.69910443781197,24.92470027378627,26.117509913894366,24.93044528813896,21.688608470715973,20.42105021415863,25.688215166155373,23.05275573627647
2011-12-25,2011,52,20.462126480259645,18.824552187787443,17.707549520795492,19.643550261145545,22.744403052735915,18.922084389813005,22.569387641662065,20.25314415027569,20.270498524906586,18.46014406978749,20.759284966538992,22.24163466965092,22.76626864363328,18.934235663389472,15.93258378316741,22.002180730293407,20.503543307517734
2012-01-01,2012,1,21.49447569730506,20.50254878204769,18.806923785036183,21.07125513894217,23.585785845312515,20.62787974295009,24.016768347070094,21.85310911797858,21.636664256191064,19.79010314319212,22.516520149263982,23.669963620743665,23.497445761927302,19.90844586700331,17.820812084048203,23.35570638100462,21.429349806752167
2012-01-08,2012,2,22.58738846208138,22.02764377512657,20.15436761190961,23.456006680216102,24.111413612619845,22.574802366769763,25.65285706033512,23.85059967932763,23.54310152348707,20.74486805966252,23.8141501769359,24.637752427566404,24.41019532855413,20.907052889613706,19.454986053270133,24.43283908194525,22.197274603933657
2012-01-15,2012,3,21.984679724105387,22.38583108153679,20.26923573535421,23.220272626195637,23.70025426100837,22.540813954180276,25.255786634395143,23.56102407282049,23.390240137357768,20.6313777962203,24.00846324441753,24.46201441165893,23.9541294639175,21.14100668182192,19.7160196187151,24.36404364449637,21.59796251440948
2012-01-22,2012,4,21.506830573849083,21.570794125863998,19.55377131346167,22.5152650305203,23.266524600770893,22.19162830023845,24.44082436408663,23.23553597586496,22.711920062623147,20.007277036008205,22.999212266666035,23.55677722406516,23.4088236208588,20.50727131114819,18.77041313591362,23.53883019165517,21.18918787115668
2012-01-29,2012,5,24.59855175141048,23.64106496920718,21.792735753909824,24.76733255102521,26.1650926856797,23.492261663213508,25.58034922430189,24.61473352110231,24.4993276092171,22.71284393357748,24.927073344110926,24.98917828737244,26.45176258234444,22.2821963453274,21.46353546988961,25.01902242462696,23.86222284759151
2012-02-05,2012,6,24.102818222733227,23.381893819837423,21.85336217059429,24.16207320917221,25.88394897907068,23.43737122328278,25.64465261965381,24.499632141311444,23.9432331708546,22.542654203751763,24.768431594980743,25.745952048391665,25.726170504875626,22.749050473242256,20.89569737267362,25.36206153974141,23.990092726087955
2012-02-12,2012,7,23.632307440464405,22.878551798334502,20.983828129129485,24.603448450565335,25.175408728293892,23.642096356228667,25.759055084806835,24.613998625123653,24.637742249699723,21.771331660524933,24.6406296106644,24.96148691408718,25.32357777223624,21.40527797830308,20.7715597871814,24.943608435166087,23.185893913484968
2012-02-19,2012,8,22.438421337761014,23.23838945543334,20.77272501897262,24.91245551620211,23.77416697402604,23.733504696702408,26.07733475154065,24.857539786797066,24.54516971461227,21.098708821093943,25.036043604731045,25.667255645813647,23.97331728438153,21.991750006907814,20.85341301047064,25.40268113795092,21.94652600558299
2012-02-26,2012,9,21.587907874599537,23.1408543393556,20.395533702176763,24.29890456369945,22.50150759461895,23.94420538108168,26.12913925237628,24.67600833347865,24.47589561290704,20.647838115155768,24.893418372348275,25.80981760462018,22.7870279002834,21.986595772734542,20.042241273860245,25.54060331296081,20.8792847083264
2012-03-04,2012,10,24.054503996860102,23.36927069072276,21.386174328896253,24.4073052236012,25.753772600062423,23.869808381128497,25.584779984054343,24.780569726522867,24.29339654664937,22.26584587483358,24.63349622255796,25.04479731896496,25.639624164831684,21.82261006106583,20.90863488421788,24.97369537428167,23.55042266717176
2012-03-11,2012,11,22.71160297811108,22.53427022555744,20.3965554969334,23.254354542209985,23.986641829495603,23.064266845526383,24.87438643430482,23.754250827145267,23.436321217486533,21.04869464599644,23.96421670129289,24.250558740045182,24.159924941633665,21.300087752529038,19.76563228087033,24.311713235485577,22.263550451181008
2012-03-18,2012,12,20.432487399421603,20.70998849441756,18.06477286948921,22.05589006344477,22.206632033883864,21.951618798451072,23.46682926656205,22.145754373723808,22.59141333742384,18.676411333180656,22.318980688450143,23.2725973309211,22.12395811633254,19.568400771333906,17.796199326916106,23.09959113387912,20.18493767890005
2012-03-25,2012,13,16.624853304761103,18.36384288842744,15.172667524088984,18.874915995768134,18.23819793867765,18.55823332125002,21.393404346165784,20.18255661357533,20.253204668571342,15.495952435634,20.306085292601484,21.70353949616219,17.694460438945576,17.279661431442765,14.94816709788154,21.316718034315016,16.55782936332682
2012-04-01,2012,14,20.08520454544205,20.23074554736172,17.4784753760513,21.375981286877675,21.711960235584407,21.003197673665053,22.670615955274933,21.923684373335405,22.232612928998915,18.423414552707907,22.14531118219549,24.34171065615837,21.422000356622643,18.912485137776414,17.476992952883947,23.224113042573872,19.873434021145183
2012-04-08,2012,15,20.77065085628318,21.356384784682216,18.84783379631753,21.68379583245232,22.092426148985684,21.36825636148146,24.136707233618026,22.57731808154614,22.451977923891548,19.4362789632499,22.85327337355841,23.83772115373226,22.214056804833724,20.253082913563667,18.61637342099654,23.626223491362627,20.379194687640247
2012-04-15,2012,16,18.62633911093537,19.41474273006545,16.657360178449036,20.738860079220363,19.80827901912212,20.298644172639,22.49642581216796,21.470690800059927,21.67070369011269,17.265014454269842,21.36207555630507,22.39315701816281,19.872325208656576,18.242797691170104,16.32627016295872,22.06878437034771,18.322529528661555
2012-04-22,2012,17,15.473226544786453,16.286870154744783,14.343036238662732,16.67303629432406,16.853444167898814,15.704519339356487,19.588298714195677,17.7688103633732,17.58432320745957,14.500401869131288,18.217226854960124,20.245039015767382,16.870533437802525,16.012637115723066,12.877202751607213,19.45341997090617,15.607731985595992
2012-04-29,2012,18,12.882036909326777,13.898038258684725,11.5634253378346,15.525438268979393,13.727755647513888,15.133433741492194,18.005706103133043,16.86170632696771,16.801121854502163,11.964154070756567,16.258245662177277,18.13027427781303,13.843899454849566,12.927133080324356,11.12478068712906,17.21193796967807,12.444206125974013
2012-05-06,2012,19,16.767779538069913,16.369643263725326,14.418033463614329,18.82184203749611,18.08810775285293,18.234012431926555,20.352934428623744,19.255083304070805,19.68335660423085,15.284614031977274,18.86288249193332,20.290118068376323,18.172615690120857,15.531663337997358,14.204402005749992,19.75681021628781,16.633014965571483
2012-05-13,2012,20,13.239323895870486,13.46755250888084,11.361832105066254,14.719649104844956,15.164834237822244,14.524870509193056,17.691620587607513,15.995181890710604,15.998988647050352,11.861979370846658,16.03411508452841,17.639332216062314,14.93628092714258,13.129940074094916,10.611602951262087,17.0452758001488,13.387674594503853
2012-05-20,2012,21,15.327650523093675,15.69537047485807,13.17836602810959,17.477742947283243,16.864272045612687,17.18544545167508,19.36835896795067,18.025401830301657,18.14571367737832,13.83252371872772,17.919484680968445,19.190761189576428,16.862786283824438,14.672452002020751,13.165180561026157,18.797568156994487,15.105292516898595
2012-05-27,2012,22,16.362262916073988,16.244289514606695,14.952981493593636,17.150860834689368,17.603786988756024,16.927725994448863,20.45083412971163,18.41113945899072,17.97644657444814,15.331422097771457,18.74252683961546,19.84085912524529,17.487476307452877,15.943637919227832,13.622979120012364,19.509693388369683,16.27851395594142
2012-06-03,2012,23,8.536491876403339,10.604506253687813,8.266009867984632,10.88420545309782,9.681150874060936,10.17992451997951,15.074379520583085,12.906941607834456,12.234114093089987,7.800300629790643,12.978068144084055,15.09493605724242,9.551976841619116,10.738536858870004,6.744921943360827,14.21827537066316,8.715934087484673
2012-06-10,2012,24,15.470007785345445,14.594079914886054,13.12811052344389,16.08416483444827,17.837831209184152,15.750565493275609,17.85868410049305,16.637280313813843,16.910409778998087,14.116315852938676,16.348939589298134,17.54706700085951,17.405446071882505,13.63256934305213,13.33187833265407,17.275199901334457,15.714017783535136
2012-06-17,2012,25,13.915819684817832,14.20854424261081,12.622984725178718,15.239379498220623,14.96415549926984,14.875712108734795,17.58655607040005,15.63632676558061,15.891014256822622,12.93073809508934,15.752607960721631,16.814008451857656,15.16053839724036,13.302880754572724,11.3639799956384,16.503830607389986,13.560945487086665
2012-06-24,2012,26,15.29564567943951,13.608966861960733,12.424768980139635,16.495746401094255,17.265617523786318,16.42634093776786,17.346087500235775,16.82393363605846,17.208605691644777,13.808374138865346,15.701236378062855,17.196939231893126,17.01288212680448,12.703398898131866,12.822390466045396,16.643029744844384,15.19030949240425
2012-07-01,2012,27,16.498000090953774,15.552212335915964,14.403446383463564,17.452771162702923,17.354864351313527,17.07989515515675,19.466813896557333,17.921212528773715,18.11680751117475,15.246342420309816,17.62250625147964,19.15165666364274,17.623909029721297,14.563738043618663,13.597563998264391,18.651092098183828,16.141954127669013
2012-07-08,2012,28,9.496152821348137,10.845272236795568,8.510987298723439,11.719905835532003,10.506428398087149,11.195161402148786,14.676708076855183,12.980619912085595,12.508476565262107,8.680846281341278,13.134670227843444,15.471450990743715,10.483489975505815,10.48490678891392,7.126331469260822,14.45328910103516,9.358320789838416
2012-07-15,2012,29,9.47127123198147,9.75242555446462,7.71802947493708,11.001522278501874,10.728471164788075,10.63039510069053,13.296554826786496,11.908176798634717,11.758248350158365,8.31474518051834,11.725551231186111,12.755064207909882,10.849523313257224,8.7334259078113,7.098451327197783,12.346968137588055,9.203760369447362
2012-07-22,2012,30,15.38544187828074,13.783532197033164,13.428171023290137,14.463333078793116,16.631900634172666,13.92495698081941,16.187676863489624,14.414077914349445,14.800346940930806,14.124885254957544,15.07171172682857,16.992880888062345,16.66865551057469,14.327755817463144,11.556024414922668,16.33855800106101,15.475835657505336
2012-07-29,2012,31,16.109399391724182,14.92124270376112,13.65651558306541,16.71489976062661,18.026752513572077,16.140531928382785,17.75174837974348,16.182540698608797,16.888415228830628,14.548583558493442,16.552561861508853,17.89568417155839,17.878038356663176,14.536397871689973,13.030569363720184,17.490080799841834,16.03028075135943
2012-08-05,2012,32,17.923757156656823,15.759472466735188,14.63938145777136,16.803648994082497,19.799749280504614,16.45477600662251,17.77277091501753,16.536627066971416,17.180091329750017,15.785540251951783,17.06409230996004,17.96100146815462,19.82849538464344,15.180035157122532,14.112696354488556,17.808950314083212,17.801190019617827
2012-08-12,2012,33,18.223221689270883,17.16334843889737,15.573787746327898,19.502233749344235,20.289649443834644,18.62059925820683,19.572257428405585,18.57046125535841,19.70559381832115,16.38447610170688,18.88706667763846,19.524414478929216,20.384701425044238,16.477777883758364,14.93725688404073,19.507125710787843,18.11719599374221
2012-08-19,2012,34,19.06167002841159,17.902738942266275,16.10630147607324,20.28993710875511,21.067645730132263,19.461030537864264,20.784555446302228,19.431602881790752,20.001322485929364,17.03486934957944,19.595812506902785,20.726711828432315,21.115479478504668,16.760306144355077,15.50731292146569,20.34067039527072,18.82155004216012
2012-08-26,2012,35,13.913789901340635,14.4303106997313,12.857448541493996,14.898502249093283,14.251623008976503,14.421780884496034,17.154194517663896,15.597497137490803,15.533510902389851,13.146963400835396,15.97176363395922,16.456093844699087,14.818459919520786,13.747661027881907,11.458626482004831,16.375083535151475,13.299682187584212
2012-09-02,2012,36,20.36070865032142,17.4635750805137,16.62018103036821,18.84113536562238,22.767170430994497,18.562774443411616,19.48866107373474,18.4554154651196,19.030964703942463,18.06523948901148,18.61885767602301,19.030772423808465,22.524268704491693,17.029916987855017,15.812733705691102,19.216932925692745,20.32836719407547
2012-09-09,2012,37,18.78398352516204,18.148511939465617,17.277611367344964,18.358353479987095,20.01311146533551,17.93980528243567,20.69014921827845,18.760605375116523,18.76720386381952,17.5952679652331,19.609412174307423,20.617762487211,20.19929842046789,17.999462393748225,15.480625186819996,20.30968169830083,19.044823368925933
2012-09-16,2012,38,18.108746801103862,17.53566753584693,16.155985224215247,18.750649876537786,20.118275973463305,18.009982776764584,20.928627303320884,19.256913759801296,19.08036930080496,16.669932217914422,19.596410870242423,21.11441538211792,19.87172891826703,17.30638562599849,14.461354107834929,20.582779996315796,18.1740820536395
2012-09-23,2012,39,13.195223810743336,13.094998149983663,10.88507845619662,14.605894138415657,14.90809939156454,14.324736539308011,17.12429527916644,15.477796860236628,15.555397517993724,11.556756279465857,15.350273259480794,16.32550445464101,14.883528560745209,12.285168943265518,9.905826077809309,16.093746795579648,13.052079609783512
2012-09-30,2012,40,18.71682299487533,17.84731022686338,16.799794833852637,19.9571695015544,20.340101704431586,19.372242428007574,20.579950827551304,19.23071552375694,19.65708162826568,17.309156385127817,19.35092658831444,20.18251918268332,20.24910408189397,17.52054431365797,15.978799763428851,20.000486853537964,18.73587278664273
2012-10-07,2012,41,19.804440538855594,18.538849159090248,17.145689626658186,19.812583047719222,21.637629170844857,19.058404679464097,21.109302676453883,19.47250291898653,19.680646980345365,17.917180456648527,19.878274910997,20.6243298471456,21.70304992116096,17.916179225243834,15.977772160858398,20.471022307289555,20.001005640569723
2012-10-14,2012,42,18.74261685105057,17.37813005823571,15.967062100543314,19.664543086574188,20.15257257536373,18.82843563516781,20.63531986269937,19.26797300413057,19.59895058200784,17.17865230101166,19.46513298249348,20.52171936574972,20.21196141850534,16.91613390854238,14.916156094035768,20.14112500155275,18.478331441827866
2012-10-21,2012,43,18.567906205411735,18.76114647627385,17.40772913574855,20.302860336644308,19.26624745214365,19.90298072711841,21.509075665265406,20.290075165389418,20.200034601581077,17.726170658931153,20.67145293760093,22.62927972017273,19.517352893085555,18.7897880359464,16.24494787320491,21.634330723383652,18.02711566117896
2012-10-28,2012,44,20.81803965231013,21.18131211063247,19.64079908406512,21.867274908792407,21.452970559821143,21.265415064002863,23.22229359240296,21.81083734933432,21.87854769178566,20.00056018335881,22.41473839169457,23.46189813022665,21.80439079498232,20.81130711684172,18.345283640634293,23.12621015111994,20.3717680864257
2012-11-04,2012,45,21.957079193920396,20.753176880289494,19.265930844284096,22.220939918642955,23.074923219546665,21.770259390773305,23.626307212229023,22.21103029523577,21.899396616418763,20.331539516642067,22.346050521718475,23.08631202666908,23.378207609920427,19.895666457562285,18.330398078712605,22.85837781499277,21.13693496159145
2012-11-11,2012,46,20.3551610458158,19.178511937798213,18.099229007880037,18.971867368334816,21.60454085947936,19.118704172328325,22.12452324069276,19.84856170010257,19.58167530365886,18.68775041352777,20.731453258134582,21.337306406941376,21.998621727048658,18.49522595920721,15.790837320526716,21.242194050678773,20.090613372884988
2012-11-18,2012,47,22.41456027380748,21.159403707427003,20.17382372388188,22.019918673095248,23.332427488619267,21.303479136954248,23.666502666195356,22.1674556187221,21.953913080249045,20.861351363972684,22.74506088521057,23.14763897898384,23.719911422508567,20.614792131273745,18.528011465612533,23.113705633204507,21.80168688200876
2012-11-25,2012,48,21.895273571922665,20.532735828143448,19.53597034684514,21.579829874492827,22.399215432822835,20.74825249307404,23.262772312664776,21.853455099130603,21.71413218485166,20.332359827811864,22.202502401773035,22.7648786200346,23.185644648710277,19.95070986338269,17.654145778618325,22.674393506432697,21.041287586695425
2012-12-02,2012,49,23.653136890367197,23.27388614479667,21.94791214002797,24.740456040416444,24.373715607525245,23.69776971490533,25.654139371377045,24.752679601892247,24.20185890309731,22.656585524937704,24.90668500429624,25.239706661501984,24.67203092575073,22.54574385923409,21.255438570285868,25.065974883137383,22.763045939473766
2012-12-09,2012,50,22.23981566656204,22.13502580931446,20.66656160820028,23.282556516783576,23.16398861177051,22.288607949609155,24.6517681255285,23.53623463519208,23.397154729660244,21.281375724097337,23.64562822317148,24.148991703023164,23.25167593532548,21.395229005983428,19.746192265406943,24.01629225848472,21.44894357511618
2012-12-16,2012,51,22.930406101575382,23.386574726877438,21.998173835537763,24.38454846824919,23.371226638974655,23.20496782771716,25.59997083702866,24.37066916428603,24.369139982996156,22.12657335772691,24.684207192953533,25.40189531485668,23.891363768043664,22.6159106119848,20.85335385072837,25.05233893795722,22.071269129164456
2012-12-23,2012,52,23.094595883343672,22.835457597460064,21.616070819303008,23.287939908958617,24.38307704261989,22.469630926272124,25.739844419518292,24.06050283555861,23.261038158737747,22.1354121722038,24.682436940577123,25.389384560186585,24.323262492662234,22.224961755206856,20.14900215124113,25.069265514903805,22.51327316073395
2012-12-30,2013,1,20.92680496598763,20.6471976176508,18.910175836287248,22.55632693426949,22.17283651124628,21.483844846678824,23.791154483316937,22.74478759418834,22.98680146473028,19.528975648740545,22.41951738167635,22.97235701219091,22.46913247863298,19.64466999583816,18.231856588971556,22.816491767151717,20.330216015766894
2013-01-06,2013,2,20.96975308863813,21.267604017562704,19.42755418725001,22.949479474907832,22.362699591963487,22.114814499323582,24.776696157872504,23.376571823714613,23.3994274382022,19.84208759762707,23.20229950446587,24.06555559050362,22.520759435233924,20.3998146419427,18.536429338586156,23.748263166841927,20.547773879172027
2013-01-13,2013,3,21.239002816925638,21.05447199298883,19.324675798627688,22.143220768088387,22.47208584687341,21.46555720394336,24.43081264662673,22.73962064965979,22.993427534159384,20.036427922672573,23.092552551665865,23.43737794254025,22.819195522764936,20.03722174402561,18.233566786403745,23.443277422462657,20.63415452540724
2013-01-20,2013,4,21.004329327911023,20.9107900499535,19.11651570117886,22.183604633524308,22.30687407826072,21.409940773609215,24.68617345292784,22.848399353027343,22.715067661905007,19.778143282011737,23.010046003597644,23.847901370004823,22.62519849497379,19.967891491586904,17.953130541236046,23.592096071187296,20.429995570221365
2013-01-27,2013,5,23.776667878434463,22.53232021677469,21.268923876236897,24.086604992548622,24.18641259244951,23.147043088228088,25.31878791119545,24.16889244872254,24.06405361384562,22.31138851243009,24.13828996930804,24.19083179617828,24.958472627470396,21.43480517300967,19.93369689156595,24.36783319909979,22.746257356556274
2013-02-03,2013,6,19.97331540464895,19.80964018388597,18.057663417856784,21.37624845476378,21.659034448054697,20.76310442528056,23.86085213308084,21.700384674072264,21.874713811855727,18.438792994641883,21.911729051334,23.040452787496974,21.71442668318288,19.0394852958652,16.927321933258355,22.800775613803456,19.7352761913824
2013-02-10,2013,7,21.642604754238054,22.28895210863939,20.48838139511149,23.997794315928505,22.08533880853547,23.413772241796156,25.75743624072728,24.483687038669338,24.557090738748155,20.82016051821285,24.268015020131035,25.236617293961924,22.69540532859596,21.35211574356689,19.696203342778688,24.936257756152965,20.65814773348785
2013-02-17,2013,8,21.921496051312104,22.71535823085923,20.62648733760153,24.007671337752114,22.614777173226532,23.3254776590119,26.30530624278433,25.00436794132381,24.74999872532376,20.894001913553417,24.748819925877957,25.43346235372949,23.13953625557505,21.60376984279619,19.815793439699235,25.224790905319782,21.249531398886297
2013-02-24,2013,9,21.798530632618007,22.174372067075296,20.134256470383217,22.619794011116028,22.01886952002785,22.06601811314488,25.423137998441916,23.649424459284003,23.40657138824463,20.62805584284264,23.97191016787574,24.548945840799583,22.96837538089532,21.0632605943276,18.95293816920505,24.41025501407989,20.98781432231481
2013-03-03,2013,10,20.42208988479359,21.544330112969696,19.50996221010941,22.07754669019154,20.903885620422137,21.573922494817115,24.679406218904106,22.650115666575243,22.679069804585374,19.52667539058037,23.33965783387552,24.480206602667216,21.39827703417038,20.94884393750135,18.373692184894868,24.17754472258506,20.06331612800331
2013-03-10,2013,11,19.333538060329445,20.490188581348736,18.452792461720207,21.05269743715014,20.050079010399426,20.492694808095884,24.636233660639547,22.31771613034335,21.958088706850774,18.45094264773872,22.75017127330169,23.78550014598672,20.44041024027644,19.79127494931268,16.89831604724389,23.56252114133592,18.907395152068844
2013-03-17,2013,12,17.401723392835148,18.43810696642536,15.96567150334288,19.26781699061393,19.397315791233837,18.879159568973183,23.084645791234497,20.404618857742904,20.085193847723435,16.198146665056054,21.02352385582862,22.006547956132504,19.029438007752407,17.557825787057034,14.995707722348898,21.930552398621924,17.468603430411243
2013-03-24,2013,13,17.721634966679677,18.20297429048177,15.914573787056248,20.169482716492244,19.28204897295361,19.419281164191407,22.195393976595245,20.56506426823604,20.822668833275365,16.33184818744123,20.53101559758702,21.637681899366356,19.225910092873004,17.427351021323226,15.091355757321605,21.4817282421015,17.60933564615378
2013-03-31,2013,14,19.754766606609486,19.830516933632307,17.963964219842214,21.66985264846257,20.660399916258505,21.271130737343963,23.891960266380195,22.348863152838373,22.305620805624645,18.46459308008509,22.24174814760943,23.43928063333517,21.086003469224146,19.228347923616955,17.24057859422155,23.07264264922319,19.38649752904784
2013-04-07,2013,15,18.95540921936625,18.916459154218497,17.121389714827448,20.49302306913194,20.250875508317588,20.024953651919176,22.64973833401071,21.12090996036282,21.20206828873218,17.392377365292525,21.041897236217157,22.11825215784366,20.384325373587,18.467643418895147,15.913973735229453,21.94128304871561,18.93013033070012
2013-04-14,2013,16,14.305585004494764,14.258260483934937,12.0063809417684,16.30188128635997,15.787307244420138,16.044500265035545,19.12289217957255,17.28840224526145,17.207403253902424,12.851070762351071,17.141063805782434,18.68579472107386,15.803900101930475,13.218286725622796,11.979931709364909,18.042028748125947,14.474372865697443
2013-04-21,2013,17,17.021617683204443,16.309102626751734,14.069457421391649,18.83134202020509,18.32786001477923,18.140320734934765,21.156126533930923,19.648120293555323,19.770955240656487,15.081799984514648,19.035824675787065,19.370121229691,18.59148681670082,14.947902363187296,14.208236829656142,19.41439716316716,16.91327510818317
2013-04-28,2013,18,20.04650238459328,19.136184800154112,17.79420946970807,21.228789173421404,21.15469942438788,20.66142348064879,22.95723763846795,21.477328156805655,21.64416044052333,18.502508509950243,21.41976879499692,22.011625423585627,21.477360775111727,18.375531276601738,17.40096934425834,21.967103909606337,19.936072159327587
2013-05-05,2013,19,13.67384925189319,12.546899149158614,11.104158085642815,14.87271251564934,15.929192107487925,14.717697292681368,17.391242461023804,15.85478359024246,16.189182625824692,12.27373991532857,15.229157058913987,16.636790420809845,15.275426999942676,11.917397073384183,11.251857184927252,16.2510539874172,14.24862587612594
2013-05-12,2013,20,14.68683506070877,15.602129231637988,13.830118403565915,16.44356231959093,16.55245481924513,16.03592994989422,20.079353251888172,18.30680472039557,17.521300593934182,13.87135378072715,18.2175828397016,19.686886368414783,15.83204899239264,15.172036233606857,12.748478993080631,19.298364514240784,15.094412152979253
2013-05-19,2013,21,15.569797321943089,15.187680917508056,14.124378941814353,16.201476937248596,16.952481816910886,15.628988645251654,19.08982003882049,16.962475499735252,16.93817101439384,14.4764814462651,17.57151715992849,19.13222374363408,16.776262463750065,15.464623438778911,12.1112315456599,18.815975736032023,15.928256865781597
2013-05-26,2013,22,13.717505595552106,13.637683059106756,11.878939463167772,15.193148120528177,15.77600148975364,14.707126311814005,17.89670148465793,16.614232177734376,16.511069387372462,12.313371540590936,16.270597373665154,17.803648272614595,15.53770317534222,13.430666782566336,11.125097884640178,17.454112825561644,13.900331156594412
2013-06-02,2013,23,14.225434168271883,14.035201333987434,11.769223973088913,15.224267908505032,16.047332456604277,15.080696712282789,18.699308456554355,16.645901608157466,16.274751616550752,12.759719045679804,16.661982894666266,18.022820065285,15.978975402802572,12.781407567980173,11.545808345029169,17.701654762671183,14.40583337477918
2013-06-09,2013,24,14.141740872593,14.719639261648345,12.443121252593048,15.939563512802124,16.22932804398498,15.568971265697112,18.637837885420105,16.835808984335365,16.69426588629556,12.81107845188394,16.950055535221516,18.25709630215586,15.755749729149132,13.925262536462892,11.9051483520052,17.982143347977193,14.605818963757748
2013-06-16,2013,25,13.845151789553531,14.72257108627352,12.41102807439315,15.224344541629156,15.185889760800242,14.714012985524066,18.501412408344947,16.419163208007813,15.971596042237405,12.599144865611004,16.891698443425163,18.16647995642896,15.338421303333003,13.91297883727025,11.142793616453616,17.86278873600372,13.99651114863527
2013-06-23,2013,26,13.385953069193484,13.83563810294625,12.173677021778042,14.776732324844316,15.034122714106903,14.677879985848602,16.950905991712744,15.128342751094271,15.336541225298978,12.484584112403365,15.44630714102741,16.927033948769786,14.943065725238167,13.71887167989854,11.350767255547362,16.700497091633,13.917568660167992
2013-06-30,2013,27,14.33872330418885,14.06673603322206,12.323189242920629,14.813389118938218,16.029447749665184,14.463897141710673,17.354912919136247,15.569153104014212,15.580913486312747,12.868443944725062,15.88941164388285,16.849368646781077,16.07258117981399,13.37508423846373,11.21151609243872,16.713954850885496,14.444413991629917
2013-07-07,2013,28,15.866622571319228,15.008055424131054,13.200139687139584,16.284998693636485,17.944251080957013,15.7936808648717,18.225678388300857,16.63024117506944,16.826498105334675,13.994721035050862,16.902301115391058,17.811351944494117,17.783054637172505,13.886631471628627,12.571665210972002,17.676150342489642,16.16825744469532
2013-07-14,2013,29,13.633164064611092,13.266496268162594,11.879261842742892,13.703436460523378,15.53880529241329,13.3247775608048,16.25549457650143,14.552977969925124,14.377850567991253,12.494646714160092,14.87354315060042,16.435461699801955,15.182891572304213,12.631997442830444,10.42638590134244,15.968308394669087,14.160292016528045
2013-07-21,2013,30,6.268179531723376,7.264467397668977,5.316504137750845,9.292761915851209,6.846213502410957,9.024345956407153,11.671656812940324,9.870357092077084,10.067838502723411,5.558708445830073,9.757861784319855,11.242892625839565,7.07192446964588,6.91848003114218,4.691307551945242,10.758659083782575,5.822202557743078
2013-07-28,2013,31,16.865179282818062,13.916355104842928,13.880826137715353,15.490673050993962,18.344904410406716,15.426685777563538,15.654420082492662,15.135775834120713,15.978650703355529,15.424573691274777,14.654421303488991,15.595452372918553,18.11593766930481,13.094283805706777,13.826670056910318,15.228509682731852,16.796528656849
2013-08-04,2013,32,15.704178974588558,14.429938938063597,14.140532051448602,14.48825754296212,16.503107942359527,14.241665341218926,16.831194360471674,15.20716550653631,15.17935919061799,14.409172630149149,15.503556933547513,16.977126354155835,16.760656390411054,14.309976170173403,12.030231826766604,16.475941717741307,15.78663207160816
2013-08-11,2013,33,8.597303468441565,10.363902510864648,7.528955606623042,11.706909894588447,10.270854967245784,10.937614554450624,14.537925144673784,12.81793733770197,12.486977484828106,7.416384306077346,12.692474181105048,13.897195367478938,10.22951055355514,9.236941100582095,6.857284528035712,13.553265957916317,8.949102577173486
2013-08-18,2013,34,15.694470103643116,14.982113195126498,13.926908270066678,16.089313190607797,17.53449588877285,15.223426996817766,17.824524965647704,16.018961781588466,16.296811481744577,14.517861655914343,16.385125733247566,17.358599881277573,17.19482613622452,14.373846155218706,12.612735891307702,17.259109747153204,16.174206285142514
2013-08-25,2013,35,11.261926104816844,11.192077659848913,10.327288285863007,13.030088221388205,12.141575157333532,12.520784469491575,14.484407939299205,13.020544977311964,13.393204377355408,10.682010503533988,13.022981895099988,14.173642386002038,12.144192637623968,10.82827065535388,9.351346013173227,13.904969795809334,11.144974842065109
2013-09-01,2013,36,16.382287835522508,15.00662834049542,13.78031262446,16.586147516965866,18.68473405576829,15.792831041637996,18.342783035411777,16.673681960167823,16.781058092173296,14.582401732089682,16.981161102691253,18.47044188764217,18.391213602080768,14.582044758813671,12.593575162733645,17.960868841048093,16.8270831904964
2013-09-08,2013,37,20.932251276043235,18.854196866183905,17.989828273482097,21.16354402332079,21.71544882988241,20.537558343266276,20.214405949539767,19.07701489337079,20.613548126705936,19.20123942550041,20.241646754277216,20.806368048942957,22.15330058911592,18.08123746048475,17.848963580571493,20.52319522939783,20.56682211369517
2013-09-15,2013,38,14.540552489699238,15.482284984608956,13.576399757466492,16.274307994615462,15.885480230601072,15.757554736069885,18.5907161340074,16.685251481440158,16.64543218761974,13.618818044662476,17.45587326726872,18.539739405691144,15.712798782297083,15.329890301541752,12.233855392467085,18.394858774606963,14.860007045725286
2013-09-22,2013,39,12.393129064002707,13.509614408143293,11.217414656887035,13.921346242229143,14.801548902764308,13.385077684542386,17.420255772226405,15.101143373266442,14.655569456794725,11.289079181523103,15.810734790950628,17.56574616856331,14.183751414641453,12.827078472827326,9.781138260891224,16.91561818729408,12.672545427582012
2013-09-29,2013,40,15.782524834268342,16.612971247894677,14.77827075909172,16.75327477568672,17.64922769152615,16.34795314096576,19.666018116230862,17.674837880320364,17.296031018759173,14.787990759408649,18.49132519098588,19.75226109239933,17.40541049412319,16.303963712519415,13.116332194512797,19.419871151097368,15.94430436856663
2013-10-06,2013,41,16.511398646822308,16.64984714146108,14.29596626049878,17.477788550513136,18.5340322717572,17.156406509369955,20.02047962489003,17.923882589464064,17.771678187375898,14.701087090778673,18.56601142470455,19.517779392694848,18.50644042777279,15.84916597305195,12.831056608288756,19.34588110936831,16.505709002924092
2013-10-13,2013,42,18.714827535081863,19.02259653158533,17.37708259707758,19.610235674040663,19.92571529187952,18.657103609701227,21.719498353518823,19.69042983017959,19.82616674456811,17.5920690031234,20.540512989919424,21.898788804313885,20.13280010959817,18.344087761855192,15.77952533387414,21.362287685595845,18.321925100290557
2013-10-20,2013,43,20.07195939858141,18.608545213874216,17.59991201639387,20.04757168179467,21.598290956611542,19.294157775672712,22.102816979322068,19.74525876280549,20.00828144275045,18.37017764498064,20.357959276669988,22.13095948509772,21.62871267436554,18.61779486599957,15.940383623720964,21.59404905434924,19.802144351352577
2013-10-27,2013,44,19.33592355941714,17.7629305609762,16.54375378516467,18.57894856447265,20.93330622742919,18.104698205699943,21.406097957066127,19.140826484382927,18.931011689852365,17.30345831035361,19.68300294834814,21.032554662452554,21.20597337111543,17.425103351349975,14.634156138889477,20.58530216440996,18.99449959341085
2013-11-03,2013,45,19.272493924566835,18.331264114583224,16.675437996211894,18.773031356788817,20.6624475305474,18.4047790893103,21.61166837820159,19.20500989195589,19.0425085704154,17.507644773468257,20.125201482070988,20.956548937568765,21.081314306001406,17.608431465502164,15.09408326931271,20.720747348613703,18.86695410813283
2013-11-10,2013,46,21.58545362504446,20.82904807235132,19.55355423831686,21.807126036712106,23.036554294193703,20.68005299046539,23.564043367569376,21.58225322872013,21.344911448409647,19.986002083167985,22.21753878077387,23.56020508429432,23.273306075210275,20.528285774922335,17.683439998907,22.99465291047516,21.38491735561196
2013-11-17,2013,47,20.318146559569215,19.454013371518425,18.02451269797974,20.65757583436512,21.60257506070536,20.088688045241508,22.75565620066473,20.71568286103088,20.298226840808667,18.735122121225192,21.19192676296482,22.33472230299464,22.07184523505133,18.924668747207885,16.367375894329168,21.9079340115452,19.830713665388988
2013-11-24,2013,48,21.41568571260076,20.504704100236708,19.370316601476528,21.2190614598138,22.374969233944185,20.70967045100346,23.22284962623529,20.924593156096225,20.77253171282505,20.07963751030183,21.736975791237573,22.692968016364823,22.875023374226103,19.855606304783095,17.77464376636598,22.435277274443447,20.812404358804702
2013-12-01,2013,49,20.96043485349363,20.480254775171343,19.362212371064583,20.462138939471476,21.660560451199792,20.21697418478005,23.43871170577781,21.346353412479548,20.90381045537452,19.888632833354247,22.248885175366425,23.36886451443572,22.09840179502273,20.16561584676449,17.69702532411455,22.880511576882085,20.3855898695172
2013-12-08,2013,50,21.3114913415111,20.594193802205236,19.293076239334557,20.80732362610953,22.042795007622395,20.516478910409344,23.379760475269908,21.605728768187685,21.137251883803515,19.914315985346,22.247344400975614,23.228706092526004,22.71490768115953,20.155610351728555,17.466852828641304,22.77709365217653,20.648251886959027
2013-12-15,2013,51,22.4738352983001,21.733191791119605,19.8361457073276,22.030041139750253,23.252168788105188,21.7258739815102,24.707026751326403,22.80502140689206,22.378068623477468,20.77061728229673,23.59610264435475,24.03976133505932,24.063873990622263,20.412462461688182,18.589548417212907,23.803403712532056,21.806487650241493
2013-12-22,2013,52,23.91876473788896,23.95186844360091,22.1696673099616,23.36742871999741,24.08050556733465,23.16878461899137,26.32718486062987,24.160855128300657,23.50470838341461,22.844996733391916,25.514712671387247,26.02249721311173,24.69795006674689,22.51163787222871,20.868686637657863,25.65329307586013,22.998188692283115
2013-12-29,2014,1,22.034681764502015,23.87948248177957,21.689772114250232,23.76677943269412,22.480354971218603,23.221016511953938,27.181386758565203,25.0836225524506,24.093825921620404,21.632068065475963,25.844690786914917,27.29517918455633,22.903771663724687,22.678903468003327,20.39333600614249,26.34563880517292,21.122256731408623
2014-01-05,2014,2,22.330225771458448,22.28638965590422,20.528332593489665,24.65695567925771,23.062480199434063,23.4478722379628,25.1000512904398,24.00015470529532,24.30533549650308,21.10589936667272,24.12778608148748,25.363838912984438,23.484863931147743,21.139137708107665,20.153421564407736,24.581026805123702,21.522681913607205
2014-01-12,2014,3,21.10959744545484,21.5138787572572,19.768104136043032,23.07788661973817,21.72439503475616,22.51059873868139,24.768867581648315,23.456028125317065,23.5894359749124,20.21993714322926,23.431616551122623,24.760298487311104,22.29536931210963,20.388049033964677,19.205057354841827,23.908954743536484,20.27658550694304
2014-01-19,2014,4,24.416975473038168,24.366520406849094,22.39054861974166,26.076372441791356,25.42303455784796,25.35403713142857,27.25590736455889,25.785963373555763,25.4791430083273,23.05223447050904,26.16140826501888,26.991292395681704,26.000244860483413,22.714638816069648,22.19177630733967,26.39575596938161,23.63362928734957
2014-01-26,2014,5,24.2433068338048,24.97199985670891,22.54796413922585,26.193061604386287,24.447937164193693,25.124634959983087,27.665913985004924,26.067044959130225,25.732284639212956,22.87834686262133,27.114707000534256,27.24591929957552,25.47828910893915,23.29584296512943,22.50409511978785,26.938806425568643,23.593562982153056
2014-02-02,2014,6,25.64530622268736,26.177355644291143,23.597163838417845,28.15025410765693,26.84936454259052,26.968332032899603,28.718689203957425,27.46543617248535,27.054990122696196,24.007876085081847,28.246028597943194,28.65665715466934,27.26400425259211,24.217833609179078,23.90457014462024,28.187311732372425,25.247180832042847
2014-02-09,2014,7,22.87441446360781,23.434554162055957,21.102317985223262,24.941174324069703,24.059305570815603,24.171631733269614,27.091636518695264,25.53049665079488,25.061187606035148,21.48377370137063,25.776176277590004,26.353385585980277,24.539967739443984,22.018463066834727,20.79864943547296,26.02675388283925,22.37625118857124
2014-02-16,2014,8,21.14905505137401,20.77425619584919,18.942232846155985,22.561787066005525,22.64831719303201,21.59692191218471,24.841454781179177,23.038887016989968,22.91384125689005,19.450483440146,22.895477521161496,23.967318676231365,22.957018412218133,19.32372137318028,18.05857283073688,23.54008867969252,20.72901654307733
2014-02-23,2014,9,20.597855876004527,21.87014731466135,19.44928593242073,22.94077679372969,21.54286022595703,21.831747289483303,25.29115517841484,23.460852256873988,23.134848725305844,19.586450318785968,23.918177323114303,25.041098558677817,21.892825736042152,20.587189701927198,18.78232246317136,24.467204349614867,20.02834529825298
2014-03-02,2014,10,20.00263401655003,20.724471011904004,18.58919214165729,21.62004068493843,21.35938476827919,20.93982676649646,24.473565454733265,22.468214850487648,22.36299483603461,18.79239152065144,22.838796027707847,23.96971060709169,21.63990152572573,19.738622978642184,17.514393306990414,23.55823464962834,19.88184952671637
2014-03-09,2014,11,20.720048077164773,21.273774398161148,19.145619486323906,22.432206918795902,21.803032655525342,21.65018594464433,24.779854766133923,22.9304895044302,22.91233609007296,19.489763770516465,23.293914436571526,24.264622821962096,22.077265299425164,20.265134224931288,18.423896325005018,23.95098905320737,20.376070671647064
2014-03-16,2014,12,20.370615005493164,21.901204253564764,19.43898810764912,22.69658841831344,21.296948097618664,22.041150625761563,25.21997845485676,23.385762922609004,23.35702981407628,19.514528196761795,23.84572764805385,25.190719319161055,21.50288239961425,20.81400161625417,18.759646789506668,24.57849200224457,19.95093874789955
2014-03-23,2014,13,19.02794541171159,19.185849867904118,16.900951658822628,20.63232682574363,20.49479138101144,19.82330347672392,23.220197355086874,21.36287217672769,21.425306061709232,17.4466663286576,21.59414799347584,22.66834142073145,20.49858456044584,18.26481536182906,16.037089796762412,22.32888023540698,18.90493458943226
2014-03-30,2014,14,20.73032920915955,21.05769639025365,18.83536588860066,22.79241527829852,21.787071435562687,21.8794196238082,24.858463370765264,23.07936525914576,23.19640281848945,19.293671629426186,23.2283773859858,23.907054597798066,22.17009143387489,19.872848803599837,18.09977636380932,23.710200576632925,20.200985030665237
2014-04-06,2014,15,21.54886892556837,21.158996357338264,19.440997162643743,22.911516750142685,22.54495230645802,22.164155613961825,24.34296415568093,22.836940230332416,23.130936633817367,20.21547031295313,22.96123560950869,23.46319411964108,22.824912417349207,20.110851056876747,18.742237072684794,23.34300187889144,21.125732385887293
2014-04-13,2014,16,16.70580696537995,17.922926042125678,15.484327210508413,19.167472170931955,17.339192551387672,18.25422853668684,22.346259342338183,20.092832583142563,19.836528991766404,15.739357074548744,20.53377575729833,21.39388160371395,17.704328897837048,17.116895739061352,14.6859468619986,21.19810179021727,16.395724379470085
2014-04-20,2014,17,17.111831344692863,18.077202806594784,16.064220819837132,18.35467097730864,18.452989287415225,17.31884241901923,21.410062445148437,19.422670015112143,19.24750442560872,16.344593887522194,19.864977219816925,20.81282908704403,18.43593509224851,17.14731584729344,14.594356944893564,20.48614473585513,17.179565244607847
2014-04-27,2014,18,15.546173616112275,15.72844874121741,13.553332820019047,17.675373320068633,17.575949518527036,16.934298554595987,19.76635921800797,18.31778668738031,18.57389416200074,14.088895678117922,18.040146182832267,19.21313129024043,17.485765651386217,14.990888054020846,12.87825425519509,18.92464546308125,15.8956053231283
2014-05-04,2014,19,17.317596110291156,17.386711527289613,15.35870448318116,19.016702697390603,19.08443447962944,18.576185524693788,21.862779378195896,19.899497059413367,19.586823036992623,16.050610384603182,19.891205698483947,21.156973761689635,19.09754866246551,16.463180004205917,15.044396714743751,20.703791678068452,17.487112838302984
2014-05-11,2014,20,16.04601729330409,16.08780136393077,14.02003040246024,17.51133650683221,18.111153800252808,16.793801999920582,20.1935840028368,18.57988188310103,18.56198952389323,14.696361189886206,18.48222004531266,19.643312315413898,17.787401047452537,15.383701672420042,13.214850654317168,19.399486625731104,16.322707126725394
2014-05-18,2014,21,14.75405807814236,15.73999472670972,13.333003475905098,16.42496579672609,16.229712724862143,15.442773434186073,20.286878546889948,18.10324736805705,17.43193033670026,13.57540836833057,18.379705815501023,19.450427572039583,16.30523325577666,14.773142802182235,12.620304813329872,19.11419710021196,15.12164595184943
2014-05-25,2014,22,11.280705174577436,12.77938896201567,10.323521741851836,13.75066729812395,11.98673508627868,13.00779102698563,17.102069971512773,15.126031476801092,14.86583514316208,10.502348043787196,15.541775928018414,16.650446439367744,12.16962010335738,11.744302656417505,9.7818027902758,16.100847596991553,11.045986597750066
2014-06-01,2014,23,13.46934577028724,12.239472900626502,11.36628915085238,14.352561136086782,14.9096726587664,14.45169026449687,16.663363420580986,15.117447942758536,15.474447465922736,12.14411567354363,14.589790625799267,15.96799148703521,15.112731719109084,11.75210914396702,10.681353076341152,15.533567777585144,13.448227496802646
2014-06-08,2014,24,15.79978509605928,16.128027720237846,14.270417862903152,16.630404476608547,16.847022725775187,16.216093625494565,19.71327262856175,17.46264283861433,17.40028445268097,14.69151542908161,18.173356156122114,19.32288310984074,17.02430720494981,15.793138072289729,13.215960665743944,19.104391439553574,15.623228681055364
2014-06-15,2014,25,13.435731746668672,14.103964764172078,11.88193024844328,13.731174996211417,15.423763742453955,13.451268804886473,17.606766800838724,15.267743728934944,14.753010775944958,12.148485974600398,15.966559671839594,16.90625568348764,15.126937044173133,13.186047195114542,10.700469508569691,16.627594471910932,13.857933070781735
2014-06-22,2014,26,14.865324418056884,15.1217722181064,13.212192853997,16.33907218632244,16.861296373504253,16.169345140150305,18.998820221458857,17.092281517920558,17.303841415450066,13.58324870752135,17.428292628696987,18.788906763184748,16.506835243416567,14.656438219910513,12.520904588802724,18.490747670138184,15.181678344618597
2014-06-29,2014,27,14.41389307184109,14.424593219624908,12.49443544406434,17.043763011693954,15.270347203085988,16.64838527866005,18.242875413366377,16.874127589139075,17.47901073220658,13.249297992719171,16.54320693077979,17.161928139606896,15.416199505559268,13.245424707085894,12.334635873554245,17.10138195881405,13.85237190022944
2014-07-06,2014,28,13.931718691282136,14.529874425961266,12.483492674823346,15.311857318594342,15.59755798836799,14.818051863514471,17.81848746207991,15.935829306763488,16.039170760697814,12.884881066793266,16.225399719997917,16.583555175287703,15.34941915379528,13.669049001843929,11.638860680918556,16.70425192950523,13.965578449382935
2014-07-13,2014,29,14.352764318041512,14.363833341262996,11.963963371943665,15.562792013088862,15.8614005495406,15.512523219698952,18.446166472254276,16.59746050227772,16.42340359109255,12.610036472099573,16.615685133500534,17.464713687845318,15.956732503235568,13.008742251318816,11.28127850339775,17.234129827316494,13.997144644793796
2014-07-20,2014,30,12.149448511990188,11.659485861182468,10.11160059702957,14.059342028129668,12.987386994323051,13.512035878008396,16.37256122678084,14.776528894994165,15.036290834561251,10.923444417786142,14.393131739959056,15.180868806864694,13.138551791662415,10.992994548305486,9.697356052554907,15.031213506560505,11.88680116410525
2014-07-27,2014,31,14.052517857177223,13.57578306233705,11.909619577182744,15.458511375245594,15.640046749355,14.91529160024577,17.46920538643706,15.636688867544198,15.986762718678454,12.664423892414876,15.74195029436252,16.62270942981031,15.506702720428525,13.107820261406909,11.136472311918205,16.41102705169797,14.010748425262635
2014-08-03,2014,32,16.39468157828391,14.34366163058576,13.356228111905128,16.0663895287684,18.86074076750647,15.784867759837146,17.292539146134178,15.846736874023042,16.649245431045262,14.624253056314853,15.96530703342322,17.305387653751833,18.004225055223266,14.20741914825379,12.397702538746003,16.818493212272507,16.961252431663862
2014-08-10,2014,33,13.990593170107102,13.19343912525218,11.516275759174851,13.892982206174304,15.51122546954829,13.721166917562794,16.541109827447563,14.85778768316492,14.916483484835544,12.53776060421904,14.9922970883258,15.85558170385438,15.484142608624168,12.436170276653923,10.595028704661855,15.646682304412185,13.918438399577076
2014-08-17,2014,34,17.870302261686387,16.527319617362927,15.097776045287302,17.43272035888263,19.41010379297128,17.410849859662346,19.325718526589974,17.4398034187416,17.547379347209592,16.079774416740083,17.99668417183352,17.96942103198275,19.384072590978903,15.50699212157684,14.834417822159391,18.2398912239448,17.591148228658177
2014-08-24,2014,35,14.400712334818206,14.136811212944323,12.100522800367706,15.696065779243195,15.352578758222805,15.155040297882593,17.73690028788397,15.860839380289052,15.94335829815053,12.886030760605236,16.44129352321872,17.073348869210626,15.464188481850051,13.34430499448576,11.475414235917553,16.911414138958175,14.152796627054958
2014-08-31,2014,36,16.651093357778425,15.621562994873598,13.936703535129038,16.85897924786522,18.82561148863029,16.768948489941533,19.303191743856267,17.254802117781207,17.42225047520229,14.823479737688372,17.42262783050537,17.90275670640231,18.35561677203676,14.90834505755202,13.175690241992632,17.969884433858315,16.95941812330179
2014-09-07,2014,37,20.30980152022117,18.75866030223334,17.760153284724456,19.09780823616754,21.2817768588232,18.510274243937808,20.997934652834523,19.30851820264544,19.212117340700036,18.798751076375407,19.955429257149305,20.11413907233596,21.510227728074124,18.07098382444876,16.823546055339094,20.21907138264576,20.12639024122706
2014-09-14,2014,38,17.309025360657287,17.745481530232215,15.419458467979396,18.1098777169273,18.127439191127863,18.170869818678845,20.852603612071224,18.921571394685028,18.498114491628805,16.15634522958333,19.52234642144405,19.843583619819498,18.566109696870605,16.457884635668663,14.52903806074818,19.80999957418722,16.802262817752972
2014-09-21,2014,39,16.91933712535843,16.89076779696987,14.66803411180823,16.934995986166452,18.29641978040084,17.01801903919824,20.064328713597774,18.10744207159265,17.6334127763946,15.452294543301695,18.768463514583967,19.169168447869804,18.617889216507724,15.680037943044104,13.54774031309414,19.18148082949644,16.358711595483868
2014-09-28,2014,40,16.340301897841837,16.371849492160496,14.194895066935718,17.407594497714726,18.10221106489,17.48511216201684,20.22283144803506,18.021563118278205,17.991334432725107,14.83412313032204,18.252587182181223,19.20300162256246,17.994412926633384,15.461554972607486,13.142869473307773,18.924760491880647,16.08428788120856
2014-10-05,2014,41,19.7638277044014,18.64123203505331,16.856434880893847,20.36270139614741,20.852366920403423,19.79499011855941,21.418620245797293,20.07347166383421,20.083795186358188,18.186957717612295,20.272080237318427,20.47618754533423,21.223785809108183,17.436187728667473,16.180544206706106,20.549578396074924,19.475105039514304
2014-10-12,2014,42,22.74872077539313,21.059447060770065,20.1084898827662,20.513639969485148,25.002413194149533,20.18240951724648,22.835638340986154,21.3364364901456,20.878268911880525,21.000920929710297,22.244340004859037,22.39386555705109,24.671489389706764,20.789277246171043,18.40263884523006,22.46698300385895,23.36469967474513
2014-10-19,2014,43,19.5151993335444,18.63085856366513,16.744247957363317,19.45695294936498,21.18335955130621,19.26804602560389,21.70382961795907,20.34453102260441,19.89751157368699,17.7956596852958,20.59451098586574,20.651065872685933,21.21720011353953,17.386563975489278,15.942958672803098,20.604045296835107,19.45253010258842
2014-10-26,2014,44,23.01992841055341,21.850949416536764,20.51747399595002,23.023930802231742,23.914167452176176,21.90852865565237,23.385596967647096,22.534934821190777,22.439490351891564,21.74087480431333,22.85518318110214,22.822400337280936,24.40479847823331,20.78508104294904,19.77305583016495,22.87697651334938,22.48012385021323
2014-11-02,2014,45,20.547385916593296,20.215631873368707,18.57299296963817,21.03789587815603,21.53927569244633,20.384140025694855,22.889440497573545,21.638590472332844,21.152818956020525,19.27628016498681,21.70350048345921,22.109069914188023,21.937326283988803,19.35676402690904,17.42064167120117,21.97799339966298,20.289676243404177
2014-11-09,2014,46,19.718358225190347,20.213982187608668,17.864390130368818,20.64568386617161,20.655509148237,19.977742903327695,22.97336502742489,21.574038749793907,20.878716490273373,18.50739880165984,21.954797141995783,21.97038609897994,21.116671043013053,18.91772778816359,16.477906674886142,22.11730292258664,19.37725107239263
2014-11-16,2014,47,20.838099210879054,20.08923315391866,18.11891438586583,22.154783928678157,21.788063255439944,21.385077675337037,22.919955567785323,21.729177779160537,21.9824462935416,19.11344405690248,21.63938693091983,21.012718836894894,22.309706352852487,18.660509578975045,17.443701286426197,21.495764234061344,20.21667037691389
2014-11-23,2014,48,21.73942369537157,21.39525437405877,19.397370582993517,22.52159263690313,22.783544217101912,21.85801425526348,24.453076648990194,22.567906472342354,22.532582686138717,20.205370370931373,23.015930681104784,23.217317336974435,23.347483725161165,20.353370190987626,18.292290165119365,23.31037397440632,21.201980673077934
2014-11-30,2014,49,21.599169688181835,21.50178887239143,19.401127565615774,23.411515119529906,22.533096618426452,22.17137486962278,24.896157373144742,23.31972469973874,22.789238039528087,20.26057838508597,23.406557588453417,23.489608322513718,22.924595628465923,20.15675541946055,18.54659677959011,23.527891577106637,21.01721692920695
2014-12-07,2014,50,22.80714329359921,23.40368272805773,21.265068948639104,24.321580927996408,23.877108871098542,23.58013030583641,26.139661833426693,24.778149813367172,23.872645100035548,21.92603412602428,25.08764044691474,24.971548774493037,24.17218352100564,21.85976655293605,20.524084977085867,25.04101892460116,22.095148373164257
2014-12-14,2014,51,22.14438927649224,21.141655828398683,19.744212189499216,21.437938911574225,23.63927952295581,21.93048724612674,24.5511898285446,22.361278736560376,21.794698825321085,20.6493293796535,22.90175717011159,22.915017891444283,23.912796508391388,20.249435189310912,17.82272275503329,23.08074561863729,21.75727359432416
2014-12-21,2014,52,20.228752013492457,20.358348180998615,18.57126509624979,21.47450797756513,21.498406409511382,21.974523724736397,23.80518917161591,21.91306840624128,21.40321521796359,19.099223239349435,22.307077875178614,22.559864869336234,21.86572034386594,19.505860571338577,17.3461585581317,22.54644947835844,19.826448488106948
2014-12-28,2014,53,21.00939798539209,22.816111605304645,20.35370202136442,23.758773579483943,21.472012839610272,23.56945033914181,25.865666331077108,24.41064740465833,24.009301002711467,20.391144353439625,24.709613550689827,25.535156584171595,21.96845867827132,21.69657729556073,19.509113482928107,25.13846578056798,20.27877840263181
2015-01-04,2015,1,23.4193210086307,23.53117464752848,21.7652726600735,25.20021435902232,23.84719471257321,24.683751188496675,26.5974323506258,25.449427675519672,25.393499490099643,22.30648649664107,25.164972569519307,25.424137848085472,24.48813729488712,22.339917677685733,21.03423223631033,25.360789931683627,22.66253858885032
2015-01-11,2015,2,22.811868461402685,24.066440902539156,21.766824455735104,25.64242269879296,23.414710358987463,25.219303781614958,27.4768192747244,26.471481007167277,26.13545050313095,22.02835382304926,26.317156244253187,26.46136206500935,23.800592304656867,22.93057262751251,21.32822765059943,26.467517442199348,22.18441026230064
2015-01-18,2015,3,21.922990315362448,22.520751717248192,20.40693844200344,23.429681749570936,22.66536406002426,22.87746304496068,25.843165578369497,24.11742890395127,24.071959975181027,20.95288994985437,24.42536469992105,24.51091183356519,23.04648658023378,21.33622779816,19.526692683367635,24.574524037758668,21.394195556640625
2015-01-25,2015,4,21.49761592712795,22.29504170041603,20.09719453369926,24.049140704529623,22.073943452249186,23.53653133790005,25.640292331706675,24.511982832078807,24.50666020574402,20.493344403493257,24.134952502230032,24.62386733823709,22.5985041272226,20.9374629338834,19.22253238606298,24.49848449020236,21.00099698424018
2015-02-01,2015,5,21.269909950757118,21.36721655554863,19.102885599144813,22.595737472886128,22.63134472393089,22.35382636817726,25.0901571446188,23.48145727677779,23.204090573783024,19.852541207999025,23.570281059298168,23.570582939929395,22.864854140631483,19.953368887771106,18.410161051454963,23.738607750013617,20.86716452184713
2015-02-08,2015,6,22.857963814852013,23.67978499235629,21.327093504336204,24.18271781433196,23.667772548627536,23.87571296053657,26.689247915418083,25.20528429006601,24.510454002425163,21.7682777743774,25.542213978292622,25.580861754815857,24.247152050489625,22.271314666258945,20.64603732436917,25.63156485884157,22.222575969130524
2015-02-15,2015,7,21.082266020805523,21.758046231544352,19.368793427468194,22.449362251020613,22.32218981953924,22.223346143155485,25.20137098440276,23.787672029965883,23.084895581881828,19.891354068460025,23.507396073774856,23.591976993488817,22.710912680533863,20.12967216860036,18.646860961482137,23.746669187004557,20.482614419530982
2015-02-22,2015,8,21.819799136010836,22.61254665033141,20.29858487881489,22.914127178135374,22.352007287771592,22.81413407491441,25.89139105349171,24.1608139820842,23.407895424128043,20.69167298487523,24.625284696967054,24.76669761369813,23.122194150239803,21.313627972166955,19.198613333144955,24.838831317401443,21.26553417987258
2015-03-01,2015,9,22.31284256423302,22.48798864584233,20.23892226891911,22.8659368625709,22.98524511945768,22.569534814802683,25.35086957636797,24.11760772011497,23.09454020128792,20.95333034142064,24.204814778777948,24.28903956297594,23.55899239322854,20.851285648383687,19.34197779512785,24.200370239884887,21.634048631570405
2015-03-08,2015,10,21.21311125884185,22.331238288106697,19.59852665763253,22.911756938412072,22.02105858588907,22.419122990494067,25.572538214591777,23.97989504132952,23.38877589455323,20.0412980370366,24.234954852149603,24.492639688147367,22.49233817501878,20.69316175043417,18.94006759429432,24.44820552982696,20.60743102487528
2015-03-15,2015,11,21.986707824844498,21.647552556320548,19.599790852368145,22.178468062764125,23.18094156690212,22.169588167541583,25.25357029528381,23.32625136536437,22.614756604696677,20.576307794508704,23.56789779002532,23.54757527199717,23.35680988120296,20.222166493894743,18.47600670269787,23.79080748511387,21.49515328702901
2015-03-22,2015,12,19.968240271510613,20.014649493862063,18.0986175892516,20.86942847569784,20.822049885657343,20.58249756237408,23.41092471687161,21.60597763854188,21.415292023212707,18.853804088416595,21.754647587697743,22.032864100206897,21.10570173926335,18.81102164026584,16.878590436304542,22.14238733041543,19.63737740478104
2015-03-29,2015,13,19.632930434041658,19.58900331790005,17.38241831898795,20.98921077166285,20.580663788327456,20.57564600155313,23.32126893802565,21.77579263761446,21.60101075555014,18.195942486096826,21.662396307941123,22.013254941955733,21.0469132058869,18.2658261305549,16.974350407967307,22.085854252257224,19.213259011908683
2015-04-05,2015,14,18.09023849629681,17.81952800222043,15.826022284371511,19.406736555553618,19.615035880856123,19.274965971132964,21.981894757240237,20.40676697570008,20.107327528429124,16.656469960850995,20.202070459142902,21.063190775097542,19.573494890942072,16.826004209469374,14.971311789999463,20.79604360875318,17.990387023298567
2015-04-12,2015,15,19.905098057161425,20.27970877588431,18.11109602927315,20.994630106857844,20.75961833984917,20.837078099391945,23.66516743317985,21.9226203234784,21.63662658978815,18.774805335011603,22.00768814417191,22.199085916791645,21.0044400480263,18.87657161979841,17.149159153924735,22.36298723836701,19.45248686849589
2015-04-19,2015,16,18.591513510990023,18.99826178672725,16.93560982681315,19.30510643266496,19.630713103525203,18.968600308726344,22.768920075441585,20.720564008440288,20.0136459550279,17.448322304724574,21.089818193179703,21.79453618957026,19.781945842573545,18.28290415130965,15.485844082787535,21.67056050832491,18.4479118627358
2015-04-26,2015,17,16.579394966478972,16.56021404723877,14.215291537747726,18.0840683167889,18.701646943166462,17.695350277531254,20.42599607417604,19.14652773919044,18.978188927159614,15.042357718850685,18.9839948216558,19.417051427126577,18.44479334032213,15.12532852438537,13.69364012192313,19.29016103949799,16.510104392738036
2015-05-03,2015,18,14.971428215733823,15.49099306104534,13.237895251801294,16.81300191936039,16.76178295042319,16.015204476266902,19.28517105002445,18.08285262813816,17.825490278740453,13.654087225417316,17.8442683446975,18.829520472297773,16.52865767570996,14.340973064934351,12.34099436920541,18.28549260029354,15.200208643376024
2015-05-10,2015,19,15.327022336471336,15.124294808170182,13.183504393593651,17.132022451786767,16.719835381610228,16.90623512415352,18.949762894877885,17.829906197089652,18.025252650162013,13.754246608747003,17.277722186959668,18.1373916623406,16.764122388537785,14.16260728809642,12.636249484110673,17.74937793373362,15.078298795576687
2015-05-17,2015,20,18.0359025793186,17.743944331272832,15.816811834909055,19.50093837862923,19.38399058496573,19.176287253390868,20.98805804016291,19.84579818230171,19.89209357353106,16.59061475223846,19.68032303847276,20.08955194879414,19.38971460555971,16.646679667271687,15.239752475165998,19.949245131878936,17.6310196083511
2015-05-24,2015,21,15.92941614958617,16.3155590699934,14.535958283330446,17.16723006254151,17.725795207951883,16.973057028869864,19.981655896578864,18.12108183229125,17.627548180447636,14.861866759771168,18.30726531800769,19.427823033294267,17.244137385637142,15.698703413383262,13.207769753013396,18.98434165125957,15.858102266036594
2015-05-31,2015,22,14.87065565509379,13.330319921090911,11.580219736116169,15.654942242872146,17.6759726046457,15.553927011624882,18.144756884338555,16.835806444836898,16.716130007503086,12.808210058609196,15.979891114007858,17.214140114437217,17.135763708689034,12.142896493716254,11.561964225033858,16.79925062511765,15.123674088732573
2015-06-07,2015,23,17.30794635119739,15.622387372608634,14.302463009384956,17.946506203640073,19.298635903505996,17.884807406245052,19.61180541258164,18.51349862086308,18.802056082074188,15.436705196668113,17.758704372092243,19.429887504269168,19.15505258733241,15.260794908291835,13.661189253776511,18.73945803185032,17.2412343288689
2015-06-14,2015,24,11.10694556929737,10.096098958302154,8.965798558021078,11.969271736485618,13.67166242239477,11.838986288780104,14.201543571650117,13.374785802519163,13.172416443927414,9.584618596043711,12.337037831673891,14.236066131257624,12.931484618702449,10.126553407430556,7.811548260371962,13.42411394268566,11.741466554991318
2015-06-21,2015,25,14.650548461167816,13.580520608531897,12.225815973561108,14.516583456169991,17.409238433414348,14.456477320485748,16.99495293308625,15.935320593350893,15.68598673115038,12.896585303565113,15.544656170601453,16.432198185162402,16.812976393460307,13.062518139436492,10.71092865881188,16.127029986297547,15.046735555977834
2015-06-28,2015,26,13.90964719043275,13.84521005707763,12.010223861066452,15.383663502477466,16.15522409561914,15.404070886098896,17.56682563592672,16.456207118343997,16.151590490061242,12.499798780082983,16.128234647775628,16.688796225905097,15.5869200524216,12.978341047500594,11.04171521771072,16.549475111840053,14.20231958187494
2015-07-05,2015,27,12.54673840978124,12.63583821070982,10.58957622764168,14.677061530096193,14.763003609782231,14.591072019309458,16.53367797139782,15.623515090694672,15.574110142172202,11.330123225266806,14.957854380752098,16.008384428255642,14.38346824958978,11.781828355166486,10.430921189040053,15.604246762867312,12.962034501155433
2015-07-12,2015,28,15.882509040096089,15.898088694635485,14.542191177950352,16.17530951045808,17.03679504860427,15.808402967268895,18.4155174233128,16.994112973894392,16.728594915274307,15.029182157312656,17.300907996206572,18.697365295533544,16.93189831498047,15.611132430803837,13.1879955999135,18.044705758589355,15.955984361730817
2015-07-19,2015,29,13.459220323476703,14.132038918893729,11.871743587021712,14.551596617414836,15.535876816242029,14.488366511184122,17.459289962279204,15.804207427284934,15.23888374168112,12.239931259166,16.160667170074596,17.15647692307629,15.21094626165265,13.406790506334987,10.744061264868847,16.765892269560037,13.884633757676076
2015-07-26,2015,30,16.518887371323437,15.063120067755044,13.237910524129656,17.21874430917558,18.730282815273917,17.402179692242594,18.16368445849627,17.347620109459026,17.388892233488377,14.58493124003888,17.11276754321474,16.995020624762276,18.578599242169883,13.401825565191707,13.322408888777089,17.072753952907256,16.728608975834604
2015-08-02,2015,31,20.5869631086077,18.04615719943667,17.002972298633132,19.74608609789894,22.29619389300343,19.80774671537382,20.30550414549713,19.491504408105627,19.618459672610587,18.67029950106506,19.54089039971818,19.97492244879833,22.47000895135651,16.54347374979856,16.640543309098923,19.74421486229346,19.993301616524747
2015-08-09,2015,32,20.06555681216364,18.37827591397869,16.487685197628803,20.295018681458064,21.86716277788164,20.03213943569817,21.08737466773208,19.991917660205395,19.91078282802306,17.95693886320288,20.391269375854755,20.61560629770119,21.9815303349587,16.858835392805915,16.024579654455586,20.50219996054812,19.50190972832014
2015-08-16,2015,33,17.219148036902784,16.78514358636413,14.607319053338497,18.121979260728477,18.80311836409269,18.008256401641336,19.50719157460827,18.464461782876548,18.311355841836352,15.598135560382204,18.480070844873204,19.12415073117156,19.000604128745533,15.276524015788178,13.995410338507249,18.904017282325466,16.913568614949433
2015-08-23,2015,34,16.112891248754554,15.039491813065908,12.903809350681389,16.775068352619808,18.57854683958628,16.965687187175188,18.07739446601089,17.067847327195206,17.04966110632611,14.272895602193003,16.828315175869765,17.569650124346794,18.19657769442525,13.66440822637548,12.534204089822495,17.2485771795075,16.28627908519015
2015-08-30,2015,35,17.694767997378392,15.864368608002977,14.600176889915431,16.59988010639236,19.87013067235601,16.908921412366084,18.17340927012808,17.053971361928173,17.107052120910463,15.889967130997851,17.288910597433777,17.941021862698374,19.58439567650607,14.922981023694105,13.602584385004596,17.59436948518697,17.94331076138746
2015-09-06,2015,36,13.727543372445124,14.953898231103732,12.42957969799228,15.019395303158532,16.262436613341247,15.278775488854684,17.911555476508404,16.560840888085302,15.88178039110337,12.777360716606289,16.86928274476683,17.681143722122894,15.578742352231592,13.71142313571895,11.424177572314234,17.19524798421244,14.130507236863725
2015-09-13,2015,37,18.984271037225717,17.29496562760522,15.950722742419172,16.76826617476486,20.01784383730038,16.911716391834666,19.853874982272224,18.50401698545976,17.283454338398467,17.40030550903089,19.359860127106373,19.719305733786115,20.367301891209078,16.708433001797143,14.433383202443666,19.49915449213375,18.6285043524282
2015-09-20,2015,38,22.259813092696923,20.793912020827666,19.60597209033441,19.892838375908983,22.748957421495508,19.70107498561707,21.93963708682936,20.66229730036352,19.66104521630095,20.592529292584004,21.62876849979549,21.87714776710037,23.0842669369171,20.30716258035048,18.11758389814134,21.75702645214103,21.823762807563316
2015-09-27,2015,39,17.80861812945038,17.56818688144562,15.999657484103643,17.45362058707646,18.95649080396493,17.54901612035096,19.57535601913408,18.478225134812394,17.83511978772755,16.646548934674772,18.985916727239434,19.600412733792613,19.183557092453064,17.162002871807356,14.802548031495636,19.317639520723525,17.735072125000453
2015-10-04,2015,40,19.15898632236122,17.48814790436962,16.436997239739892,17.24618596548126,20.855175417145475,17.502665319651403,19.16913375354022,18.036806035227592,17.509655034238808,17.324600535651292,18.437274550565903,19.129015578092588,20.92544528600332,17.29457256187315,14.564225656559485,18.830766446436453,19.32861835037601
2015-10-11,2015,41,18.45732084173647,18.434495187263245,17.26189822862925,18.06562000229245,18.787406440667095,18.029514572948717,20.002240700902465,18.70793524556346,18.256715907042743,17.708112624418348,19.548337457499983,19.999494059066567,19.291021432655658,18.37259380271136,15.262200184828746,19.88163375854492,18.187071182657125
2015-10-18,2015,42,20.257567958021717,17.408550226357956,16.820431072519433,17.951422428800946,22.286422394894387,18.065219162360428,19.47076763564574,18.40783667229987,18.17172831425228,18.27846288949218,18.6180524495773,19.16294019370066,22.108748023574417,17.04398341229842,15.595576142495124,18.94460427271177,20.25110407788156
2015-10-25,2015,43,20.59622313157012,18.39097448046019,17.800590639105916,19.561817228794094,21.395555702339355,19.406898617591025,20.24195904634437,19.337549049575607,19.640466308407124,18.76025775902988,19.499381707757067,19.86975106139068,21.895551685200694,17.93011214773694,16.13293268042454,19.73702515827933,20.0826297770292
2015-11-01,2015,44,18.805451814118808,17.33805132674764,16.71463362686171,17.05952704236621,19.641389756446237,17.33193270733611,19.622295663238617,17.878877455476044,17.436520670724708,17.46859645468043,18.576872274060268,19.10225860641973,20.0794187089191,16.876070569804124,14.417294832058223,18.899153791528395,18.445396580786078
2015-11-08,2015,45,20.58671174485097,20.384081520759725,19.041100342927407,21.635870689437507,21.64758113858261,21.433783394949774,22.73361825525934,21.64955829719444,21.73562583718048,19.570367503085745,22.08024234193744,22.36087052584337,21.714330463335784,20.022242089434958,18.019136150840733,22.24626255222029,20.171282671211223
2015-11-15,2015,46,19.7083096780372,20.159036572299787,18.509802214953364,21.010902130887622,20.18551942950968,20.763659199845986,22.67524095874486,21.24710636683873,21.24617927834946,18.86404589727035,21.60097241092038,21.9164604048202,20.55695188183582,19.60954779846469,17.017500433971207,21.838804928057343,19.14875278382931
2015-11-22,2015,47,20.91145570183045,19.696591408267963,18.27691873789045,20.244419388827826,21.990047271299325,20.43115792096505,22.41816486214062,20.651075310149743,20.44780981284065,19.4208022129415,21.239725857689265,21.630746995663703,22.28281950306248,18.92262611381613,16.85024226645164,21.54976777227891,20.416474756204856
2015-11-29,2015,48,19.49195265800643,18.72441733671404,17.57176541605139,20.23073578164691,20.529140473823915,20.526120385915007,21.39408895086617,20.257057872623594,20.217787011962116,18.34344799633906,20.32440647851853,20.648005070390727,20.7782103637931,17.87783617835579,16.31996239974854,20.548621724496385,18.90811041294725
2015-12-06,2015,49,21.401156355515408,21.21902057814445,20.184925945014584,21.157665603217623,22.277110179559468,21.23652880409663,22.937605999649094,21.620329883624983,21.24720243091919,20.54468398850466,22.41516668476584,22.62622332508673,22.65515170778547,20.648182473071344,18.31839982655157,22.517375244319787,20.826561168197674
2015-12-13,2015,50,21.911972863333567,22.81330491027344,21.11802792993392,23.70432738605,22.686442741546514,23.628493636731477,25.36563820463575,23.986547626643983,23.707152913461226,21.271820825720532,24.634141058323184,24.88857430460639,23.00387699723704,21.88494873046875,19.73018713371922,24.728700738597052,21.40327556178255
2015-12-20,2015,51,23.032971997058528,22.63955206149168,21.664977454462196,22.64272329778898,23.81677479888668,22.785954363711244,24.402630836553545,23.12095030301577,22.823796279742997,22.03358455718033,23.754410235912765,24.09180504163963,24.252654372034847,21.98805631343961,20.01257740517921,23.956558201411,22.521204350772248
2015-12-27,2015,52,22.66423813317887,23.57381538338245,21.83083143631969,23.833013562929057,23.692467321738945,24.276529221307666,25.97815813893132,24.41623261984293,24.01686688551931,21.97337287885668,25.13505915026644,25.51298398277509,23.903338204019324,22.34803162481552,20.640285753393947,25.255238120569874,21.83478043856968
2016-01-03,2016,1,23.00273451197561,22.29577182452562,21.01339378119996,23.04302057340032,24.338742025334422,23.13472644702808,24.686831927508027,23.47091505174513,23.13636182758906,21.713546279847154,23.696934259918347,24.11445426940918,24.62585651368248,21.370058184987148,19.51836227365529,23.886708903452654,22.46125309165276
2016-01-10,2016,2,23.93367223359136,23.53852957093132,21.974558706715136,23.079063026678,25.326555523141764,23.893704599702065,25.759722595659703,24.1878804105288,23.48434710829225,22.83509069620825,24.779351747190795,24.67702669467566,25.721020667249167,22.138309164768067,20.587208096305023,24.746224547085696,23.41125292019703
2016-01-17,2016,3,23.052538890175835,22.12820715589056,19.99232389319757,22.20576353725933,24.779661760252548,23.226512908935547,24.890662162714037,23.93971504409592,23.01453526006053,21.247511080601356,23.88683804268445,23.09583004594171,25.1946736247383,19.831832434379116,19.53894065920344,23.52191235267953,22.46332955553204
2016-01-24,2016,4,23.39620535959762,22.617973287985016,20.929241988546785,22.8874978749525,24.723131272988702,23.08373075409132,25.03652527589492,23.97050903914811,23.170871469605927,21.85423009441191,24.27914688969071,24.354199928736108,25.10779311574104,21.58600649288345,19.824223204768728,24.323015407106883,22.828217149102144
2016-01-31,2016,5,21.314286650531237,22.17765465270736,20.172707723534625,21.85714765673592,22.277346665377443,22.320915877588927,24.74554167544529,22.935010469114623,22.224926282281743,20.574354717782438,23.894724194415204,24.65491162477478,22.47655846437432,21.65631542877572,19.02437370077899,24.37216916616182,21.009547885216147
2016-02-07,2016,6,23.8691765209576,23.45407711874956,21.730014040286072,24.099666565656666,25.04885904070715,24.39655722491683,25.94400487627302,24.81073126755752,24.280760490731016,22.665299299731437,25.02327996456262,25.359407622859163,25.33007652879222,22.309555552625635,20.838176418286984,25.18540685844048,23.47258228111781
2016-02-14,2016,7,23.814903173360733,24.24995018017572,22.36168536107521,23.41384939494587,24.94814489013085,23.760355749338903,26.610761203154183,25.167130248825277,24.186205601738852,22.882213616129786,26.01934403093346,26.301077066406087,25.12370061506176,23.266668324985663,21.29715798142961,26.12319240458091,23.52791099214168
2016-02-21,2016,8,22.47721802896821,23.447914664425067,21.11505092681777,24.11936874616714,23.13435051195892,24.624356406075613,26.479848505804213,25.22367048486487,24.631787734955488,21.52604288995869,25.20723762677345,25.26461074037372,23.82303358873345,21.807158235037427,20.516840842855142,25.250336637702244,21.857039572415005
2016-02-28,2016,9,19.79069386731397,20.610634256781804,18.344085648087347,20.40706687598001,21.08670472286967,21.040981584841067,23.274415458256584,21.688958242342068,21.010448782411338,18.807805444311903,22.204706522293417,22.599967151960595,21.189850600990088,19.55946277260639,16.893321692756906,22.49511727708193,19.491954091424248
2016-03-06,2016,10,19.565208579889443,21.31769438186434,18.346390335773517,21.081416554394224,20.30593515730716,21.519397082629503,24.791791899211205,22.724648072378976,22.025898937143225,18.60703278124265,23.370881505858843,24.298690567119426,20.746140347484456,20.250218627289627,17.565650376375253,23.922311640998853,19.26618440067672
2016-03-13,2016,11,21.690664924709957,20.89267287223832,19.15680233186182,21.402758294627784,23.067098616141905,22.216859038118532,24.49821964297281,22.850594081135544,22.02464560753212,20.180512485139413,22.992522321428574,23.450822866187902,23.34571488023265,19.816236851476702,18.024027832213207,23.39252275963352,21.193221760567308
2016-03-20,2016,12,19.349358708395155,20.250961642275488,18.030991929129573,20.567470245418097,19.94631467405555,21.111206523546688,23.750441353800696,22.21042708310214,21.418230185536725,18.51482411417837,22.32350720987691,22.730212995626854,20.366273747447835,19.331449870210324,16.91921579714311,22.709772972211443,18.941427642765717
2016-03-27,2016,13,19.53290162399469,19.96492191977592,17.795829325306173,20.92500709493955,20.693372889503912,22.040619980260978,24.085242263082165,22.583814572420987,21.882109430204867,18.573138534687505,22.313439142136342,23.38736108949564,20.86362156444535,18.96960690486653,17.15812987426596,23.024333379040023,19.09293978747653
2016-04-03,2016,14,23.68857961333089,23.100211398687957,21.04775286016997,23.425812535342715,24.93737738049533,23.69282666013661,25.7366818352969,24.44832920223088,23.7495944831236,22.22388873727839,24.842493666611706,25.14007184576153,25.202045199493647,21.984077097353467,20.48870298380566,25.06280376113325,23.33363353338524
2016-04-10,2016,15,21.96486449272323,22.093493113893945,19.881819339166626,22.742590848888668,22.998794286009296,23.110877408944503,25.6236390706054,23.56046251965808,23.142650820737718,20.71913033904858,24.172247994823373,24.89935891390489,23.464342809551933,21.039217266962847,19.478762645946585,24.6586640986911,21.711829860255403
2016-04-17,2016,16,23.18045471319054,22.610230811877543,20.459384774357847,23.641466816266377,23.81810660259888,24.09534945052256,26.38390198532416,24.720502370859123,23.90510150177838,21.895687763012432,24.997085761198235,25.197602886395316,24.243049603171333,21.072961700825907,20.23495911460588,25.15672493727473,22.55568440712366
2016-04-24,2016,17,12.38119820124701,13.86171617741778,10.856589877510238,14.985327072796368,13.239877619626872,15.16589628008495,18.927356619876605,17.057000056180087,15.843294157207364,11.261777963359393,16.819248678777125,17.97974276349872,13.41778480684435,12.575414528995813,10.150458018195623,17.441600688516274,11.925980100734536
2016-05-01,2016,18,14.47313979601768,14.070090808085544,11.76621875153671,14.790876821038268,15.615664464469138,14.844755238394326,17.7791068407954,16.418996333580512,15.781979095679208,13.029571466692657,16.41820824363015,17.01534902181908,15.80895735122062,12.586874675788472,11.827566226572335,16.7434019454538,14.155329917640378
2016-05-08,2016,19,16.356228999036006,16.588204433668906,14.608381767662204,16.57397207333928,17.057679161506613,16.973117095623238,19.906477030095136,18.21049324729226,17.17458213518744,15.27972908309662,18.628312849895263,19.04973368246279,17.554214882574485,15.601796834422611,13.31841378854114,19.00523167440336,16.008892437839766
2016-05-15,2016,20,12.211190033449936,12.994832969169371,10.65480644044986,12.634173331516129,13.55771238692684,12.967510625969336,16.77931263425955,14.837161820399295,13.886853240474098,11.16994422251784,15.577764805054766,16.966206082757914,13.490293280038133,12.907453949101413,9.415189959404984,16.42363852857377,12.169132947921751
2016-05-22,2016,21,12.849599327053037,13.672566545543386,11.009039952888251,13.610143621762594,13.662500193699652,14.032727949714412,16.647091034202464,15.469582369420436,14.475605714577751,11.67912931329622,15.64354091660801,16.216553948960215,13.989162269246163,12.607924873478854,10.401960779976712,16.016187559601846,12.472818675388224
2016-05-29,2016,22,11.77165414743902,13.071648657703197,10.55422149004932,14.008615708067303,12.392851302925523,14.237057809817438,16.662921038035403,14.629725227355957,14.719816173825942,10.922446178236749,15.334967674321428,16.610253722198568,12.759280166110477,12.678539770886411,9.766347715579524,16.15707147564673,11.327671929832416
2016-06-05,2016,23,6.951909356135658,8.611578631502734,5.71559867006334,8.895898866866316,8.072003702337348,9.655770318695325,11.670229625423866,9.765697855268208,9.937636796508984,5.843067397282818,10.409706967011155,11.728954696912329,8.117645955914234,7.366808476257475,4.740313281900364,11.15219896693519,6.744422027203593
2016-06-12,2016,24,10.766356300049614,10.00509099144417,8.347874367776546,10.908192957441011,11.779872079675592,10.757962598150147,12.836616555038765,11.492126801478395,11.956171613150143,9.39546014340039,11.668939208365106,12.070293949620742,11.934138758762463,9.319245153516944,8.281352077269089,12.141355219652509,10.5917154765836
2016-06-19,2016,25,11.229741664773554,11.560655534902873,9.541385381541216,10.938971709637414,12.02755541487326,11.07350866091911,13.844133952616254,11.840592280796596,11.661372174955394,10.07116835270207,12.902049304912618,13.334560777941803,12.382546975345686,10.402264746744075,8.532846880544959,13.218115763654914,11.084651114484371
2016-06-26,2016,26,15.652988480478331,13.329996631597917,11.60826606885881,14.726090648344586,17.929627167922668,14.090525536310103,15.67152792371744,14.49758431422246,14.983211668503492,13.257337872705794,14.866004253569102,14.746889505103592,17.631244825120138,11.720058552870697,12.28882317702703,14.94311743846378,15.599905557066924
2016-07-03,2016,27,14.053406834448934,13.183738432713408,11.339686572075736,15.342554365595182,15.554416754614593,15.150518028892604,15.620555154783734,14.49213205461378,15.61942211709144,12.505926330928997,14.895827551011916,15.163136383272567,15.464419030774971,11.83722680729276,11.493458430584989,15.086153711591448,13.774669885314054
2016-07-10,2016,28,17.46614684101237,16.1119052377591,15.074820972483243,15.669900262639636,18.469825009784373,15.622150774628038,17.71137821987141,16.066030144629543,16.047031286877896,16.074721484940554,17.04993535326673,17.31251546700367,19.070504834753205,15.532655346473785,13.707938690870188,17.405258165646906,17.143897046940026
2016-07-17,2016,29,7.926454366404117,9.022567782574878,6.367765844978901,9.289493085727804,9.064915689867926,9.369078015728803,12.219319363029635,10.108286957678857,10.29238565024098,6.7764179475932345,11.460150654078562,11.995049756813565,9.199203202853331,7.978667687464005,5.9369695072890885,11.820864833264434,8.09646225280839
2016-07-24,2016,30,13.994258730874863,12.420162706232784,10.844857709431077,13.165540315565607,15.541347348363551,13.378529099423917,15.30788797817842,13.611712385152842,13.82474455441514,12.161145808592154,14.210607389144563,14.907840194085216,15.501260394755478,11.609490021915835,10.10221412100869,14.702644590762263,13.922218957358613
2016-07-31,2016,31,17.713755819941735,14.985361986322951,13.828811095896928,16.104750490614347,19.95252437365664,16.099811529407475,17.832580396802364,16.135028696431743,16.34934618048472,15.414397254703552,16.5981876794394,17.128443585573184,19.906144926446743,13.93716920294873,13.136361501096845,17.08611631300118,17.51484121145264
2016-08-07,2016,32,12.555642070917548,11.42357276421366,9.392756881392309,12.75106087610835,14.46910002318071,13.169216049837482,14.359264312610684,13.01346883427013,13.364740585860908,10.543898274043013,13.080342756824574,13.71229780716395,14.41208642422002,10.107728199568198,9.097176056487164,13.52361398573724,12.473669263551818
2016-08-14,2016,33,15.41272179469792,13.978489330836704,12.696420348420434,15.129228024255662,17.113090517960327,15.148942963343634,16.65548877882888,15.346069300019892,15.7801329581005,13.915288050880044,15.388282283766443,16.05595860262765,17.013825817918224,13.267394874612002,12.252824888433842,15.935795968759315,15.13834126233412
2016-08-21,2016,34,14.164833404536104,12.326954069930608,10.96299201488072,14.341993578133128,15.946962235152148,14.015643880173966,14.963853093695016,13.588478259792575,14.680040184532356,12.35395206857988,14.039932828548151,14.665079048701696,15.822297079222544,11.531131478510783,11.023722536160095,14.465134907142057,14.022022449102684
2016-08-28,2016,35,16.06315025000652,16.524336989246198,14.538786138383925,17.086391480196088,16.980708480851902,17.38065839887739,18.459793741431945,17.297966117363472,17.271936313980014,15.205150728150617,17.764532055380027,17.950317570462705,17.34290192210076,15.283332387307532,14.02820262022117,17.908937138820583,15.523826108788544
2016-09-04,2016,36,12.77141134772675,14.58992074140862,11.590595295499044,15.76570691523098,13.556667647301753,15.833403961692232,17.8371222860264,16.373431331089563,16.18155204433284,11.92209482809824,16.83055964465781,17.11302981415206,13.853321984007552,13.157075904979036,11.270536931731046,17.051228997292114,12.406111985525351
2016-09-11,2016,37,16.445220326211306,16.193837699605456,13.589673672720934,16.810949094238733,18.402521772970545,17.014192518580373,19.66088997031787,17.616556888927114,17.194171196327286,14.556833989708712,18.630836976451796,19.55897024956675,18.456925680278346,15.303269943702254,13.03641517993428,19.167288097150173,16.371618750281733
2016-09-18,2016,38,15.678834094043864,15.727127979559176,13.252535867817969,15.52505506078402,17.414353252074882,15.859118346235162,18.163236732038047,16.44880895391687,15.977104676912909,14.089815558679192,17.411753618149532,17.786824067005252,17.264078725719084,14.029393544817893,12.64540795710138,17.554806278176503,15.566084837335138
2016-09-25,2016,39,16.792030081632358,15.512768559872722,13.904149052942335,14.805392171655384,18.57751990529363,14.8175914327457,17.381102839989843,15.401302628455223,15.21810148466823,14.945397932162033,16.63684302491027,16.49247185303516,18.49333745448285,14.441453189117713,12.568580693837909,16.687634098553144,16.976573108020176
2016-10-02,2016,40,15.870379438117974,15.52005567937009,13.566488039207966,15.421020795901612,17.463908067021347,16.16529611393598,17.88083519115392,15.75167763251763,15.722838636947005,14.596964603333962,16.87807561535856,17.35476105939346,17.403465583978015,14.372641817778998,12.277022850769049,17.159813265044626,15.487545060340286
2016-10-09,2016,41,17.388296313881106,17.318462054104184,15.049430318289136,17.99560508131981,18.889256696185743,18.12348918595676,19.72455819911234,17.914783824573863,18.076548300144022,15.949329333310722,18.832263026712265,19.327242126362023,19.062779892365445,15.990072400568971,14.46772050455489,19.080486682063214,16.941541142219485
2016-10-16,2016,42,20.753544785341244,20.4986266871251,19.22221838528854,20.02513014986401,22.15437556901391,19.66069990204722,21.97253440211883,20.476853070444875,20.033549184668555,19.58964071016344,21.34682655912457,21.67026741742445,22.362166336604528,20.01630813348044,17.20755817079739,21.60822333281754,20.813956251041585
2016-10-23,2016,43,17.614591519958417,17.56972801507409,15.52123135174918,18.627291734729493,18.87182284495638,18.899976294626757,20.70214992222911,18.933645898397867,18.71880446394829,16.218203790812712,19.39539868656175,20.164974866851644,19.087301007569067,16.612246377504903,14.31180805207677,19.781657765756147,17.32256819360018
2016-10-30,2016,44,18.960524695260183,18.564477885964077,16.46256663594081,18.848724396455854,19.921602645156824,19.146033721540885,21.18744487039549,18.922068995190905,18.975591606356627,17.439439671111987,20.29068616066144,20.24340932517039,20.429865770818644,17.600876800996023,15.433647446160258,20.41034547130189,18.44718965044561
2016-11-06,2016,45,20.562135158818663,19.938614054783574,18.11480628143081,20.99932695712362,21.770794602343987,21.23896195744302,22.47761528415513,20.53138776853487,20.70310597037149,19.02034617060349,21.4248954277534,21.486503615212246,21.867326287229087,18.885124608467446,17.01364003087032,21.600059863872488,20.085758923841613
2016-11-13,2016,46,18.18358680793831,18.15637394410969,15.734333677638816,18.99108343464988,19.758931570808414,19.550861656895936,20.94318232522414,19.36105343013615,19.492835599149043,16.596152073352755,19.970296213224337,20.2423857395861,19.8923398325342,17.054676329896154,14.931377031004192,20.15342669664297,17.732552551516303
2016-11-20,2016,47,20.806376279244244,18.86456170773456,17.76284078125839,19.18344269763856,22.190520661394302,19.757665782668266,21.24264613115405,19.003932408419526,19.45860049962531,19.1593999626666,20.04334179849336,20.31953730416105,22.51215679765208,18.15902877108684,16.5114730245893,20.369424974848386,20.45944504146628
2016-11-27,2016,48,21.064009616120288,19.61910401732683,18.184022228169887,20.861801868393307,22.52618511829616,21.18430308608321,22.388806256886472,20.61350060549649,20.9882787724997,19.257567679788185,21.11810693451852,21.28815723043889,22.769410475800857,18.662188639412484,17.09146783461602,21.337396265242663,20.428135121286395
2016-12-04,2016,49,20.43273174870121,19.69128859271881,18.34229909114956,20.04255247116089,21.749556775096607,20.31504582806444,22.12835777883279,20.00906049802705,20.240688416355976,19.36282662733869,21.43580475679208,21.6514625883488,21.79202633935052,19.279155469289822,17.180587769243925,21.62401963773306,19.84572494769032
2016-12-11,2016,50,20.224747644274697,19.691825415788177,17.83144257950804,21.3619534217176,21.68897588971277,21.23278398280592,22.55142160754857,21.02342679457231,21.655152847155662,18.735723720760795,21.380192451972466,21.779862457851195,21.72408453009764,18.62100425783617,17.1291571734067,21.57656575182413,19.725758702928488
2016-12-18,2016,51,20.91836843895636,21.606478290517195,19.57165645643368,23.347609918741952,21.654674257550923,23.85754447308593,24.604350532109112,22.64520577269715,23.015631931401977,20.191736295333197,23.49208767548268,24.35967865658577,21.96832200090857,20.548631231068715,19.12783956814892,23.926282039127237,20.069305629421752
2016-12-25,2016,52,23.76121367573585,23.861409692621944,22.185810641683936,23.896101741563708,25.06016180658235,24.34349694123139,26.57419139650751,24.287344159212974,23.94200407688865,22.734250049355055,25.403653898693268,26.15012640580334,25.077863111459152,23.007135551250357,21.348023756013895,25.921949229828304,23.24448594507181
2017-01-01,2017,1,22.852078387482592,23.28168623788016,21.47657101198753,23.690041519346693,23.956702032590425,24.000849123627063,26.55924689178912,24.196916045151745,24.173346047298782,22.036779063624927,24.988820316265155,25.77212213891536,24.09810364108288,22.34670659492833,20.399679437369446,25.46426651762423,22.224146085929355
2017-01-08,2017,2,22.87072836631667,23.43065719665495,21.300986664847347,23.456211195105595,24.428718074174565,23.78977020980461,26.32025570216054,24.17147513055182,23.859099050324023,21.931239210714505,25.22333390702417,25.49769472754548,24.26519172440165,22.01229547501365,20.44951170124338,25.45088133466687,22.49928173800363
2017-01-15,2017,3,23.26434864746251,23.484313289748076,21.58560312164496,23.54153623041652,24.5346141507412,23.77671760942025,26.401998069474025,24.49823676072157,24.038864809472965,22.38521521217509,25.26107753076595,25.222838088187245,24.568181901364717,21.97113456922319,20.393306282105947,25.337270471681123,22.645023536168026
2017-01-22,2017,4,20.55497576002909,21.424468688110807,19.15941627996626,21.620233646460942,21.936603827091783,22.24494821776755,24.841058936828084,22.14756676711045,22.14245917045907,19.689998135389704,23.39433238207004,23.66568040462196,22.04466992271453,20.21247583365884,18.288152351462102,23.68965495682509,20.087116413681976
2017-01-29,2017,5,21.6537081179625,22.194873473283327,20.220127571126262,22.743245131912687,23.522648412505404,23.43319058510328,25.067620886310547,23.28122863571365,23.37227878831837,20.77863039932852,23.82862658645168,23.964156968253,23.440282238036048,20.914678929868217,19.549407635502455,24.00841163142553,21.07239082238745
2017-02-05,2017,6,21.08071184833384,22.809158448217268,20.2366808922606,22.394548516897927,22.158435704353383,22.89885966719501,25.995492028773004,23.75948899801676,23.28485079987409,20.475531640283435,24.602931089525097,24.877603003920893,22.18406025323168,21.434949972245548,19.32957643073773,24.900523937844948,20.73868929150934
2017-02-12,2017,7,22.578257252657583,23.709196403845034,21.34756993866644,23.703498299632752,24.033296746028785,24.23335854764764,26.35183621843077,24.76720973819881,23.82818262731026,21.72107853476457,25.54548079585616,25.43885580612964,23.967005263884555,22.320165924748554,21.012730276346264,25.518683719075124,22.25070833581477
2017-02-19,2017,8,23.40353552868621,23.595945491465425,21.43314516343368,23.544355909029644,25.286527962617573,24.33941648426817,26.401568020745547,24.7996560886928,24.32328621515322,22.16920870254225,25.4652320283832,25.514298855455092,25.335501111152087,22.176242172458597,20.99661635548429,25.566818076803727,23.216242740096423
2017-02-26,2017,9,22.23618751142936,23.252990412559598,20.90249782890584,23.694575206154862,23.77216817572062,24.21850551816334,26.165048982937208,24.454820424860173,24.63446662477318,21.369763153342216,25.050334854456253,25.12538374466395,23.798317347714335,21.656333734642907,20.519525196660837,25.13372388791198,21.813147781351503
2017-03-05,2017,10,22.88218526214246,22.7634562571674,20.790008770012708,21.90842837521008,24.3659142071366,22.726482602466795,25.782702843579884,23.313868508277,23.00840375568069,21.63051703273915,24.60631355186561,25.07149394567443,24.564036470582582,21.759400921373626,19.420617495063297,24.963283195420956,22.712689772449096
2017-03-12,2017,11,19.72878463725479,20.73998901330586,18.612075811587506,20.350058200813475,20.869628536357077,20.03735414281622,23.81922892578837,21.736100889924284,21.611730442121768,18.95404071561129,22.61916709998985,22.9582333217734,20.86164277308696,19.722321704672787,17.093347915882838,22.903238027762995,19.556212030009764
2017-03-19,2017,12,19.833468627438734,19.201477476274533,17.41139529083509,18.678513295593717,21.67138594508083,20.021153405826524,21.724046935145434,20.029692194554716,20.16969023385393,18.421210763156747,20.61223810039041,21.119070711161573,21.743237333408192,18.11813985872137,16.43549980424565,20.8993966873378,19.527663787420227
2017-03-26,2017,13,19.25070129797112,18.907586780438294,16.719446567697872,18.36763436453683,21.038398509727948,19.409523990930584,22.37005709767689,20.054033106023613,20.03392084797301,17.635751384717942,20.736309114266263,20.93846436780739,21.011350576481767,17.57708896475438,15.74771852729924,20.99621171820653,18.91651843821585
2017-04-02,2017,14,19.2031145721789,19.39011130861636,17.309264243548174,19.609108083304903,20.5162396505089,20.42477747034689,22.548733463787823,20.273029563210223,20.59303278279165,18.15674649314752,21.269681463200293,21.72656427625055,20.355938681304224,18.22998746450022,16.61375626527496,21.63580689924804,18.752437286299838
2017-04-09,2017,15,19.34997505325455,19.560541954630214,17.423331656705624,18.79969859832809,20.507480329800146,19.31023968754281,23.149232742042656,20.902367836097618,19.940456818694468,18.13199761318812,21.941853154170047,22.34382434289732,20.85541885147684,18.921532839241827,16.025143058062806,22.24517621452794,19.19154359323959
2017-04-16,2017,16,18.09844265450535,18.66239763729608,16.383017570018342,17.6402944454125,19.535702365844184,18.68960139251277,21.632561002458846,19.04061696535581,18.791686164422977,17.010874892514792,20.57581936229359,20.82091725290304,19.46671701766349,17.446576214327283,14.99468837637868,20.814433678255625,17.7956802465845
2017-04-23,2017,17,14.12884132773106,14.924787573977063,12.393505426667492,15.382663022904168,15.508638223835842,15.901724887784075,19.056058069012256,17.00849797533704,16.793541149617177,13.049628732174936,17.431546103077018,18.57377855218645,15.48957604515046,13.722093299862705,11.990901470528945,18.05347139354788,14.074976368091818
2017-04-30,2017,18,16.55247482707295,16.610923154521856,14.313498007055928,17.014960740293773,18.10722649035676,17.251933307721348,19.578785785085607,18.137593778635,18.18383206686628,15.194153879034776,18.733449902885408,19.025600184006187,18.13209305490766,15.405771415508166,13.765180881383532,18.87513120766955,16.31761169048011
2017-05-07,2017,19,17.2231479126821,17.134675330953048,14.933852962402508,17.014966758943743,18.710961655984534,17.56495748983847,20.231780744502565,18.225200305790096,18.108988419437598,15.943997009264468,19.45090561903916,19.58413562491897,18.767482995066405,15.819745441175613,13.94469002464311,19.513705434631227,17.192124853236976
2017-05-14,2017,20,14.614611806096258,15.73213751992183,13.199538122581613,16.347673451616647,15.70642731579739,17.003813349602307,19.3891010228816,17.324092342822585,17.503905691979217,13.755198110745647,18.054202489316204,18.836467960131458,15.860631379381568,14.629552963084745,12.668705857308392,18.505126673181465,14.324605241940027
2017-05-21,2017,21,17.468485993001142,17.27755210496215,15.639420685772356,17.905552347501118,18.90189957848132,18.125861304146905,19.9112108302881,18.6113888331822,18.743168909255772,16.185473879223064,18.98202704227332,19.366258559522603,18.905694295080476,16.610240260744263,14.769283867203969,19.222003643760008,17.502622712333245
2017-05-28,2017,22,14.186482024468969,15.59121154772956,13.340860116767375,15.614847728184293,15.111301578123598,15.847835934760488,18.69972203980382,16.462750743023758,16.58355098321247,13.54190176544361,17.430309673821256,18.272983863347303,15.359205201785995,14.721212836561062,11.996536659005464,17.919367991781517,13.851848919115296
2017-06-04,2017,23,14.34348536028672,15.386122551045691,13.686743449826311,15.499805945725669,15.035746643933251,15.812711417444886,18.211339694765496,16.095774289911443,16.366780121499076,13.730179246820937,16.911311499690594,18.016263407838316,15.264700413210512,15.189523301579332,12.316770224707929,17.725449162686644,14.1171618777144
2017-06-11,2017,24,13.946070369146044,12.39219658461207,10.44419332193715,14.64953178451175,15.46117036877342,14.944238037983268,15.977122715541292,14.81712762163831,15.589393201406216,12.289974455087876,14.680658901099005,14.99110817844977,15.463918284559805,11.1650764367587,11.15505659238484,14.95463493518867,13.714426889252472
2017-06-18,2017,25,13.877863667339586,13.975210731471778,11.704077860477655,14.741244636121252,14.538875655365556,14.701458780615182,17.095259936140856,15.65850702880265,15.741552139215042,12.549193887260016,16.00051343595827,16.379687157602643,15.293549185093765,12.893613316392916,11.424139359289695,16.353050319649235,13.852447032928469
2017-06-25,2017,26,15.80677256344828,14.65417435021797,12.551809519926,15.98993246470179,17.290835686915898,16.245891820203074,17.978000460143686,16.62869254124629,16.846986131425474,14.02546109230634,16.700575271210113,16.93318004685271,17.630446123800684,13.015338049701048,12.544517551207075,16.905379011673002,15.610967119427704
2017-07-02,2017,27,12.653531229173815,11.974762807776932,9.5755115602539,13.40217451964106,14.431257181569968,14.11889432479976,16.374418681286517,14.664818926972227,14.787832381907274,11.019740927474173,14.420199157252457,15.072223979507816,14.529858655450886,10.473157447743992,9.78173052687382,14.89472371678063,12.21836693428276
2017-07-09,2017,28,17.17407935619968,15.30592600114818,13.345587214645075,16.793747334253222,18.63133725407033,17.202878722506295,17.933218333185934,16.94453356061663,17.557559373560718,15.108262176320578,16.940551777629103,17.259054908855262,19.03155170352302,13.64844717449193,13.549340700017662,17.156272246179746,16.84749111717923
2017-07-16,2017,29,9.86537097871994,9.565692844802635,7.613869966821747,11.747529471913971,10.535184329920217,11.144010178370824,13.475592659096677,11.916929487624726,12.75060717490321,8.692608053826376,11.924664726298609,12.83949054669177,10.645108861812751,8.814078537239403,7.809406776653374,12.639672471585806,9.608394298752684
2017-07-23,2017,30,17.088189970725903,14.382934384254504,12.684162651001085,16.777750780185066,19.077457547981943,16.915322023929317,17.569581674069774,16.354544757000813,17.346640460878437,14.789515936200344,16.271563642262382,16.325848003603376,18.63266773205466,12.550800740506556,13.656098371986824,16.408973649056694,16.74346718633914
2017-07-30,2017,31,14.962513822999853,14.364974331499925,12.093678830467502,15.753000450985772,16.74618620134829,16.27833174309061,18.29733152083683,16.046545247660053,16.600043845503293,13.222503930296757,16.616955113101316,17.36381612890814,16.649860487941613,13.17153587009202,11.891490477936664,17.183508135801194,14.564464937965823
2017-08-06,2017,32,16.244693964758127,13.597012316494354,12.288609781832218,14.84472515256632,18.5781988621111,15.575996923017073,17.25585825450219,15.49493648479511,15.961843708023398,13.83774541011677,15.73179109086206,16.745926024136196,18.11790133166957,13.225015344759385,11.112641623324013,16.49744664806209,16.355977041059425
2017-08-13,2017,33,15.132376588602938,14.893528345042965,12.487950046187285,15.777580975067048,16.32295764383786,16.626504944711733,17.544119145362785,16.052309921561896,16.551465613967984,13.558181138355096,16.544240414012563,17.308860296830336,16.743542158465583,13.653558031768256,12.169497751379785,16.997031934107355,14.779416239807867
2017-08-20,2017,34,15.417476658962254,14.10247106236944,12.385323703659248,15.926484625963935,17.144353626217335,16.62517115262791,16.387887540433564,15.36362854350697,16.268288197582716,13.669673877035942,15.573160512519603,16.18731465686685,17.25404455486872,13.289958784218877,11.840148978737629,15.928091480307383,15.049199596248227
2017-08-27,2017,35,19.16551305950072,17.36640859666918,16.306921395773156,18.6526231396766,20.6498985467003,19.040107188230927,18.92295076687204,17.724582568577357,18.59858735526845,17.463005763205153,18.45469031148143,18.74458505779585,20.87415208043279,16.63071595061,15.776197607848651,18.59147597385713,19.017782952907595
2017-09-03,2017,36,21.48664207900353,18.21301157540604,17.180302715555374,19.63598843415578,23.363713310348995,19.83897655565613,19.46578267155861,18.727558331675343,19.28512079701732,19.13432486333515,19.23368367942381,19.458518096378867,23.255122626610245,17.045820872869523,17.26906432131347,19.202775083642653,21.155970985998685
2017-09-10,2017,37,21.644477834419245,19.91626726589732,19.212880843703264,19.54740260754313,22.346510217244496,19.52640064956292,20.636696201024183,19.80025320325579,19.368626442440803,20.26586593417671,20.703872120844853,21.05490126442717,22.75155767971024,19.41273168692912,18.11803876242273,20.747467123132395,21.431625695241436
2017-09-17,2017,38,20.99768364659608,19.49849894407716,18.299056148359814,19.444086861042752,21.838873630978284,19.560041471797987,21.05748924500045,19.56610059862013,19.34347850515884,19.46432081464976,20.6286421507468,20.93235929699921,22.244769892637336,18.76868698178991,17.62933401945441,20.764037219978828,20.86945158901883
2017-09-24,2017,39,18.45106641727678,17.591751946060896,15.859612394246572,17.35710941893714,20.155602691616508,18.30626498901092,20.18554101393452,17.881044354624564,17.855980965489277,16.989779211672943,19.23391628265381,19.697780032042225,20.156260972777847,16.697755382992224,14.633102285922275,19.471506398717956,18.277103190152157
2017-10-01,2017,40,17.1935909816197,17.581737847724707,15.391693766389997,17.590297894818445,18.53071713747579,18.6690126023851,20.662019201339856,18.708148032349424,18.230134591664356,15.945811192820392,19.523294983900985,20.46872725962308,18.893647382618376,16.409527605779097,14.550162895591365,20.001845779717552,16.705111885327856
2017-10-08,2017,41,19.405496792443472,18.82883411989029,17.06940846328938,18.349226540043244,20.774672556947017,19.08908201337935,21.45594800387457,19.28854162835456,18.869802793178074,17.790398457723473,20.31428706264083,21.14858044446961,21.236060556757863,18.278380664195947,15.732905156754262,20.845865490385236,19.208664326012297
2017-10-15,2017,42,19.478391225120124,18.1993786129616,16.59835538931832,18.06839557914507,20.856658491534183,19.16204568011113,21.239791508666283,19.18315521289776,18.636107470891247,17.73868686249071,19.74915888402369,20.37654366454667,21.027739849790184,17.48746636945078,15.354336830254953,20.15449940481764,19.10389955153041
2017-10-22,2017,43,16.453228555284106,17.76587625454738,15.12184647278333,17.656199808631623,17.4554549152987,18.362008627470548,21.11752723048797,19.001969537611128,18.322941585996144,15.56844040888903,19.85287479301552,20.461909477922795,17.609673117118454,16.469290129507204,14.377706030770057,20.186617685157493,15.955401431518103
2017-10-29,2017,44,18.200562231635804,18.04657772354988,16.044510599777777,18.88211250730923,19.44522837406613,19.12825001897039,21.035622705176,19.109393261500767,19.35808079023417,16.901766834967045,19.61202435266404,20.06737388883318,19.79595238821847,16.922976312309,15.286056112823818,19.94813202785186,17.758830920062618
2017-11-05,2017,45,18.91551074957142,18.057674484212264,16.377199007540334,18.95630607860429,20.12794619997195,19.162520742477756,21.070315002352437,19.333612470255268,19.21269716162038,17.51725324710121,19.6927806548742,20.152769870192536,20.58610362712021,17.039389043067537,14.951628247102295,20.03367834408456,18.43304476326688
2017-11-12,2017,46,20.28267181057728,19.602110895266662,17.768322674701356,20.00334414839745,21.248683232011665,20.62827108572196,21.932386637429104,19.81077804763596,20.02562255915364,18.79651390017755,20.951643049562133,21.225041541127823,21.74100300335976,18.810923529180748,17.13674359745475,21.26407991323452,19.942130457037543
2017-11-19,2017,47,18.477493882639525,19.352189293802414,17.0176021860253,19.138672496591298,19.670364804836137,19.479065202838203,21.823618997290254,19.65307689022708,19.50897527627516,17.500209365304062,20.73629276060955,20.89838799376372,19.7682891867796,18.523331467040123,15.904399279771557,21.008105533696902,18.24549514971011
2017-11-26,2017,48,20.13711837267784,20.21028596048416,18.170097674324964,19.71963867545128,21.28545798662413,20.027347932911287,22.74314568411157,20.40166926198191,20.15409477536226,18.963672862144097,21.653723228751844,22.129701107981397,21.60480084290376,19.285315887608167,16.866016421252578,21.952444953694503,19.748810611323844
2017-12-03,2017,49,22.12418647775932,21.405546389663144,20.1550476358544,21.395354387306032,23.86472792523071,21.3510482203853,23.506857552264243,21.326518757807744,21.397774220446085,21.123765999072045,22.815506990441,23.219042682904764,23.692756575507087,20.492573515058364,18.752776135596505,22.93810354333568,21.81371600287301
2017-12-10,2017,50,22.826543839895283,21.853931285679213,20.38928758727838,21.832931114094595,24.706125829768656,22.22698788784032,23.93825792362669,21.691805190544624,21.5673177872152,21.508116796126647,23.27666963684611,23.30905200464706,24.751952187895316,20.59356086717371,19.032277044288453,23.25231384531159,22.43841327425604
2017-12-17,2017,51,22.92362110771268,22.51658101376694,21.062394854656446,22.231817056735355,23.94403456370977,22.35488812803762,24.552727579722948,22.15146657324457,21.873425007799604,22.021985758812544,23.60447515512442,24.057451507794568,24.290323222465958,21.493326298087588,19.85955972632452,23.92186027123737,22.31071092112045
2017-12-24,2017,52,21.008635006662807,20.779529150615115,19.489586602509707,21.053843408823013,22.18198409599344,21.760793337337144,23.20845487166424,20.85915927639256,20.9941265792996,20.187069323253308,22.04679204106847,22.830304523683942,22.25475453778123,20.056126702855497,18.218948959299123,22.480807985578267,20.750512243923797
2017-12-31,2018,1,21.70939683361864,22.287456914051763,20.241732262253443,22.593898952007294,23.502288898832266,22.934663475557027,24.912006261397377,23.121218628326016,22.543928961931144,20.773917435258795,24.042545100620814,24.421355584239706,23.415756196128815,21.11681152210907,19.39663194202854,24.25341273940473,21.25747718708213
2018-01-07,2018,2,21.27914325856488,20.635861834991715,19.256558878610065,20.86127938684963,22.519185165755403,21.46786545541142,23.466562604765155,20.992236863668865,21.064593591335463,20.06276945965899,22.27285448214708,22.805377515499803,23.14798401681613,19.663857329821084,17.96674882047465,22.572151904470065,20.606399387040877
2018-01-14,2018,3,21.76844019748683,22.72429421003948,20.57872920472112,23.1651074616682,22.63416091077509,23.911666791564866,25.629464902961217,23.546982480334,23.34982812661248,20.9787431669718,24.536393128432238,24.96658785580946,23.022947287467456,21.50618328310352,19.64009217726584,24.764441701064136,21.145041341087563
2018-01-21,2018,4,21.524696448288065,21.448314695215934,19.828015627856796,22.26331328068461,23.11868682144131,22.35409806103013,24.318631986834912,22.33179738280061,22.464154397438183,20.52665448698337,23.19015533480293,23.68166994727204,23.119214709661183,20.580244530035092,18.76315812988759,23.48839487348284,21.50802932338252
2018-01-28,2018,5,21.466510053460357,21.4417635982733,19.510670611153905,21.56159297483308,23.3679312544342,21.92836775466742,24.065859808518656,21.808468376258755,21.83257922454356,20.31108971521744,22.93516714748366,23.17764566015362,23.271395397922703,20.024222420381847,18.309816262601974,23.11855169471696,21.40704385546661
2018-02-04,2018,6,21.471272504160915,21.6239468598925,19.54441311471528,22.262834967601865,23.694842305384597,22.653324041280666,24.498131059696654,22.720054456042003,22.682517260721283,20.43542517371333,23.378072634610263,23.798560851989087,23.10926809089985,19.96850601939,18.97205198026513,23.56720986711536,21.065484039224383
2018-02-11,2018,7,19.841180391446656,19.54208337676042,17.687302257703703,20.2261172135671,21.691383044160265,20.53074564866271,22.725086534683637,21.42194890009893,20.926960049310075,18.634420930199468,21.24627067598946,21.732529920387783,21.468794855832137,18.285437936409217,16.71018339955241,21.525144539700563,19.787253176748276
2018-02-18,2018,8,19.84665329637368,21.024577976544023,18.514158197705896,21.665386120478317,20.802688160973247,21.89317717484679,24.474863936532685,22.090985539423954,21.921994102911004,19.05060532122549,23.217605349718237,23.75137996159474,21.101343773506784,19.62571179088416,17.924616489488514,23.5220446092042,19.468888523122374
2018-02-25,2018,9,21.850736382385016,21.431780425724444,19.91473028526543,22.304056796289625,23.661827532120935,22.718745718898308,24.542887912894823,22.45779212753494,22.67491201225325,20.65216245425968,23.472090396633394,24.243952573791667,23.589856455224822,20.793815596942427,18.998416164759355,23.8718027685953,21.797237105768005
2018-03-04,2018,10,21.7038620662812,21.61977723920777,19.92936331335168,21.38972513306709,22.69017338558624,22.035261990020636,24.386552599359185,22.00934944796872,21.98075750242707,20.63281511536331,23.196557035900295,23.45188505373233,22.97020019803728,20.672672837064532,18.53631025864342,23.43362180780758,21.45689661740614
2018-03-11,2018,11,21.67530838955323,21.93858334148871,20.065302024611142,21.80340947707494,23.62093290022618,21.996274301290818,24.890122655529325,22.65032670850878,22.681573593453184,20.628535337201384,23.560845803595207,24.14877125516413,23.243610510954987,21.15372026018536,19.06561353022264,24.019495167144356,21.84224523174152
2018-03-18,2018,12,21.76666548445418,21.729173192591556,20.15582465236972,22.47973105027562,23.029087776788334,21.91301915329549,24.12160729388801,22.477254064981043,22.93179921674635,20.673950508018983,23.09424548458744,23.55109193704199,23.234385101951688,21.01752451016208,19.062462631865195,23.434267290417694,21.67790849767927
2018-03-25,2018,13,19.33628498848188,20.82578192794247,18.32753574901063,21.785062242121924,19.798756988378564,21.557723997796053,23.65889096051541,21.449019860602043,22.150659777646897,18.516264912248054,22.378723960315,22.985959212413697,20.26371005511192,19.54816967836236,18.0112250660506,22.77536442975009,19.04081197247672
2018-04-01,2018,14,19.327253565057976,20.253080267387663,17.81497312247912,21.25586139871961,20.86660512759013,21.135336440195605,23.45108631122912,21.25269938184069,21.884856253920702,18.177041113845945,22.235431834629605,23.215403597952545,20.813727045611525,19.471133241928943,17.269008355036153,22.800693519428048,19.05717755135179
2018-04-08,2018,15,20.70915972833621,20.2547654139716,18.229825371011973,21.901415008874164,23.174508166083758,21.805750107979996,23.41133930662283,21.812182743518385,22.640368177932768,19.1989997964608,22.074871951677064,22.722095139907054,22.74814137896976,18.932430892298235,18.05138024017915,22.421267735281567,20.836473427692837
2018-04-15,2018,16,18.3615441856237,17.929271689864365,15.906990717656864,19.93589364347004,20.571182444393852,20.100387282353104,21.17554062935076,19.57994218950148,20.52105522249076,16.895015304616923,19.782843585654252,19.973529242441018,20.221191879405016,16.557144401287626,15.868144394202108,19.990487537272053,18.31307967139704
2018-04-22,2018,17,20.86457060049246,19.75489613852267,17.941302956578575,21.99416340248925,22.516673063367143,21.98170584601325,22.6377695600771,21.61043778258485,22.273073024712428,19.292325817962062,21.66487601804527,21.8338247129538,22.40979323700128,18.341261673879377,18.3325639748625,21.778223354989063,20.4805892034361
2018-04-29,2018,18,21.22553880365045,20.398246634997797,18.493678882466867,21.77438909524963,23.49326608518068,21.60314180185129,23.343238196637124,21.3565883289684,22.113155523624904,19.53980483837149,22.14564909501509,22.70456507392328,22.99969215834923,19.32916250481736,18.099571784241636,22.53994700959984,21.059910920752348
2018-05-06,2018,19,18.37065035526664,18.35430670089559,16.16813831236263,19.978516364381424,19.789137968039352,19.89990565276668,21.621951461880965,19.60085003196419,20.58015785105308,17.088951466992683,20.257080781614626,20.72849597828086,19.7323176851604,17.201490503740633,15.678376850752164,20.63721136477596,17.953821676439354
2018-05-13,2018,20,15.39954761740784,16.37328897813744,13.661553140858585,16.56361520006543,16.776960609402153,16.076482398476227,20.00528244374445,17.9123535448545,18.01539003405785,14.165300932992563,18.790710679586837,19.621629403929187,16.78561357181505,15.354572528239812,12.93396174560194,19.261014081727264,15.396591087557235
2018-05-20,2018,21,10.604654722078733,11.831209896724108,8.686508135342871,12.705355486699512,11.93485614372835,12.45312027090458,15.76222044107865,14.372515653635,14.11154363953204,9.408544021462696,14.288666967086462,15.368521615822685,11.689611101702832,10.57868621110633,8.708025422850968,14.919134587924306,10.498352671247927
2018-05-27,2018,22,16.361851309257123,16.13497694113107,13.738440243671084,17.594532034226827,18.139083649828027,17.388259055531623,18.882588550578745,18.016994322739635,18.771629321365207,14.782002323523953,18.0084758337442,17.808265758010577,17.926191920019022,14.30755097487721,13.990566424133403,17.937106509497955,16.062337818814093
2018-06-03,2018,23,9.11501504893162,10.34653055286611,7.670930325297412,12.468035353791146,9.946140579785531,12.339971953530725,13.85946242663325,12.755924524084316,13.64527947095509,8.347026638829131,12.403435693881214,13.439896910659709,10.138201239486458,9.63585102336417,7.475057731620148,13.133375183710143,8.95244059986824
2018-06-10,2018,24,12.209191252979686,12.571932049448304,10.929348063765104,14.153607479873155,13.013023642237146,13.942587692918618,15.531795899304983,14.176166138834768,14.899204939545486,11.44848477317458,14.077182895280584,15.21434926601112,13.266014557087283,12.006757941225278,10.219035097846811,14.835149953509964,11.89549050144751
2018-06-17,2018,25,13.816315195581934,12.705486608466614,10.991593237143231,14.037662362058958,15.28750600963059,14.036278558974102,16.229288076172764,14.646085178821115,15.162273499830365,12.272331187641928,14.764603524806695,15.447387233898644,15.28772190270737,11.730459868412598,10.924993602318006,15.365168765566354,13.896805911051295
2018-06-24,2018,26,15.823327393452018,16.125479441970143,14.629260496005823,15.776747304768788,16.854772450569204,15.59701632839679,17.676235699445098,16.257916601602133,16.35869689463636,14.923682855406549,16.989530288399042,17.113414999609688,17.000167130503414,15.519755324215394,13.510742060220894,17.3623301007743,15.746706719668406
2018-07-01,2018,27,17.234860044648748,14.97350208642386,14.496720534039474,14.967652073928289,19.04753216207689,14.998624135782055,16.51295715865866,14.905734284636264,15.338355633610616,15.552720979040467,15.823969287789744,16.274630271520895,18.834784140457977,14.91827247998532,13.131890845109227,16.30731434831414,17.44709721729762
2018-07-08,2018,28,10.755425968071975,10.831023620898282,8.652977269840326,12.480893781497366,12.086626371218484,12.524831948593317,14.475505033665428,13.378508390699116,13.398211677013778,9.566706781312236,13.02916544711951,13.298187418446709,11.97958287355062,9.697899714259702,8.42921172598993,13.352101398774089,10.63402213626152
2018-07-15,2018,29,17.7912949411105,16.48918425909746,15.269680596921123,17.912980465661914,19.861645566896534,17.3739057403427,18.400764103881126,17.186140552867542,18.05259511335489,16.36737494903153,17.708918817528396,17.936153659923377,19.32005638689608,15.671316615573774,15.06753867380707,18.002682488025282,17.49324138370164
2018-07-22,2018,30,15.451803397641372,14.110092283566113,12.823312081165197,14.50618073769978,16.096426843096822,14.65416936862116,17.293093178084572,15.029540535815348,15.20897645633048,14.03943967926489,16.141677731765814,16.914997316756338,16.462364816297434,13.627760729017965,12.051445135292562,16.77419027003757,15.430317446870626
2018-07-29,2018,31,11.716197642273578,12.84666346791965,10.126889993368046,13.77082454164823,12.724100217388616,13.371555692287334,15.96004707681194,13.72175852688876,14.287712207279094,10.83657327277588,14.81904245682093,15.40477869260022,12.840862383713594,12.421909134143608,9.731569733914911,15.377969988171603,11.484299162648757
2018-08-05,2018,32,9.994809765613216,11.677413649142167,8.570196779829903,12.381542984928403,11.194819438731026,12.494786503078702,15.15195723942348,13.089946359906875,13.239421014916406,9.067724953888506,14.084784421879492,15.13804651013603,11.151063222222346,10.715149797561097,8.455369918325154,14.754605347396344,10.0865116771662
2018-08-12,2018,33,14.165828860711253,12.555494243910571,10.547480455413792,14.66547706013634,16.209817584226258,14.82700858858715,16.160301850766555,14.391015119181048,15.127096552204945,12.273793933898444,14.530052596253231,14.961816585931498,15.851208312170847,11.144431946350268,10.92135055494205,15.045385508154702,14.088575846422714
2018-08-19,2018,34,13.1226345311414,14.69698362868986,12.905658553951907,13.880970686674118,13.814235735963132,13.68083110217729,16.611936822229502,14.62388811037138,14.67420422540952,12.833455857061294,15.783098813672083,16.466466575941308,14.145292989075417,14.540948941389658,11.60637483663428,16.42918074061026,13.107906998328442
2018-08-26,2018,35,15.214902294802082,13.839121419737843,12.22354608906405,15.051450739304224,16.972399725021035,15.178124270077069,16.065124750832425,14.93719055002386,15.53290151336655,13.373333215177126,15.28021230573778,15.87820043139702,16.906299620521573,13.284479004430072,11.949776508296376,15.762024562186228,15.02948941278329
2018-09-02,2018,36,14.132050763379349,14.299985690411727,11.98599088689132,15.696867843468985,15.183051428381908,15.59228367357487,17.09476433411979,15.798559624808176,16.201999764153168,12.86782359701442,15.932920784558052,16.24824427016019,15.192604098080668,12.84157291324798,12.298714096590398,16.15108690056549,13.791202158940768
2018-09-09,2018,37,16.419768156692328,15.62610718283826,14.063518527977852,16.12622799334072,18.689612078013727,16.19527092863694,17.911780749396055,15.92166884434688,16.442505812225043,15.02479064531616,16.983053636757326,17.148543531361295,18.065660671838,14.840884783450068,12.959637275692124,17.155383847231036,16.479754271211647
2018-09-16,2018,38,17.279787220703284,17.500247540504436,15.151523944225158,18.76421041006133,18.78679036282328,18.717486609823457,20.287162864173464,18.54309046609061,19.11705807930336,16.149068978291393,19.210497601001293,19.687302376060792,18.510165843264016,16.0582941513454,15.264832723631796,19.50042975065526,16.788379175643716
2018-09-23,2018,39,20.18560789788245,20.091221101756798,18.261522709001135,20.76575339975811,21.633756521805225,20.44127487491917,21.977834217749947,20.29920117365849,21.03808405627943,18.995652716393145,21.21370301019578,21.344507831768848,21.37785182864509,19.02150929431742,17.371505862516084,21.35622779263909,20.13696146075616
2018-09-30,2018,40,17.456270683072553,18.491348952372697,16.62166085112063,18.44082700922376,18.549977351258548,18.03606759075032,20.99663121637728,18.69147545257172,18.90787992272125,16.85634124346069,19.9873658729322,20.32766773244441,18.410453866347385,17.56136475734009,15.192293823038174,20.24510994816013,17.313618120157493
2018-10-07,2018,41,18.446722667649905,17.95218697743121,16.344173579059458,19.62643118557476,19.92756671397268,19.365898359389533,20.66414127405461,18.892699029105053,19.78513862568805,17.245083690360104,19.347756142224068,19.76920717038877,19.635285972168084,17.07361991083759,15.469773879082226,19.74239165162387,18.19749802334932
2018-10-14,2018,42,17.760611906014812,17.734300620520294,16.04152747605264,19.726365709588645,19.295581649622157,19.4762297523528,20.42189225511023,18.546580784785284,19.69406626882385,16.797115346309976,19.119523261429425,19.66007748447017,18.985731311746544,16.833485366329167,15.330435272700182,19.51067873736417,17.58113059779062
2018-10-21,2018,43,18.30150115137088,17.759197879193433,16.08410461666104,19.03198727255776,19.44541323087905,18.630006107737813,20.38197095887654,18.518111849202736,19.35045009303233,17.125550660561387,19.090098035903203,19.857994241534534,19.3481418396055,16.773488410056036,15.199137748795456,19.62281519559498,17.69471082918728
2018-10-28,2018,44,18.86828143685634,18.119948196004447,16.470141421828316,18.8441718958673,20.11519460515743,18.9141824948128,20.98434585593532,18.838748589057424,19.27648997446796,17.587128990546656,19.52133479923397,20.38879568686061,19.93796937438052,17.368461393394817,15.370002438493076,20.08297651667884,18.46321545713996
2018-11-04,2018,45,19.988521111978063,18.651049016126947,16.891084387964554,20.13017518037841,21.77198405798765,19.924753012344183,21.403848770408523,19.72033021902109,20.311698331291662,18.27185566969744,20.014965803798656,20.24411976241037,21.52414867960809,17.335700443435385,16.086967658720884,20.178520086926724,19.577905138226534
2018-11-11,2018,46,21.973574573315556,22.048569926320877,19.918424060520284,23.10837443669637,23.753386241254937,22.46392798699928,24.14724818749608,22.73384897405451,23.296907798184808,20.68224874309801,23.270517063553715,23.710662260852416,23.472840012730774,21.193929788478524,19.383800058817467,23.587466674774824,21.70611794361207
2018-11-18,2018,47,19.81874128412863,19.900536316544255,18.072570480069125,20.74283514420192,21.407939773943585,20.24935070857732,22.32336403538117,20.39385873472536,20.82209940572541,18.868260402379075,21.284532494152774,21.696008067889355,21.050416946411133,18.951419892592256,17.078446311279826,21.66782493740612,19.36591833042648
2018-11-25,2018,48,20.366927656274356,20.647176137611048,18.68333823805693,20.91099754401616,22.05033203763136,20.811795589393014,23.113805587368176,20.834544855093025,21.141763961478457,19.45894645223199,22.101642134695343,22.6316063076338,21.5949632504732,20.002346355074422,17.525990930473164,22.559186409130955,19.997961819332563
2018-12-02,2018,49,17.783850944793976,19.30149957010232,16.66514874393155,18.230238580987564,19.68774658022414,18.324248766807056,21.808969575531627,19.549483742652,19.103023505724103,16.97502382587394,20.94959724393242,21.16816963725334,19.14293107286844,18.7743264471159,15.01976835144712,21.24516278470332,17.712113644556215
2018-12-09,2018,50,23.67586844553512,22.963258047856247,21.523369467988307,23.24582460096904,25.324153582490343,23.567344777218928,24.8631377150644,23.538100204963182,23.32906227149142,22.450780675435364,24.05658929007394,24.598584743201577,24.964808143704094,22.573241402520743,20.5952784235694,24.511888235282527,23.195615718306875
2018-12-16,2018,51,22.57707789751247,23.39900380258621,21.421534477342203,23.288144838242307,24.23358165167774,23.580115346528085,25.65349759026797,24.091554933027787,23.760368836136013,21.69383129467444,24.940518705359786,26.11540375886901,23.81385630346173,22.906534822174905,20.565955495179576,25.550236345503897,22.36254638738709
2018-12-23,2018,52,21.93574620643331,22.19275825415085,20.39984515713926,22.026113207851136,23.67995778725467,22.700653044259987,24.29356637292979,22.12012220902876,22.47530414073668,20.93273398524865,23.49176135868221,24.10646408009079,23.20895572610804,21.565638566705893,19.1966232521739,23.903230398368464,21.5690844630938
2018-12-30,2019,1,24.289350065331966,24.503887674701748,22.885841124229124,24.390081195604235,25.464758745217484,24.597695562983724,26.761449057576264,24.735876280549284,24.307272005921003,23.55477168401797,26.128144243578888,26.564876440721704,25.27216255342638,23.855115576511228,21.763980988851944,26.450276283368677,23.54313200439083
2019-01-06,2019,2,22.57069422993113,23.702586611196686,21.52518469481312,24.18964769584792,23.608874025210724,24.22905050987136,26.849521503504093,24.921164634011006,24.21965770385503,22.09023457410231,25.670861273100883,26.271137715671266,23.44794630728173,22.662340055495136,20.74259045761024,26.14569104487649,22.03983150338227
2019-01-13,2019,3,22.853061629384943,23.626315398511093,21.670773242148236,24.888605313641687,24.626262316079075,24.912792502836528,26.50222772759529,24.770516583331226,24.9745054842208,22.18724801221232,25.379829312609388,26.17056956895278,24.12067821311214,22.97700684354576,21.1733276341456,25.922769669683944,22.64643931324591
2019-01-20,2019,4,22.80303557161506,23.374528066435857,21.49371764801621,23.401292985393884,24.50998265049706,23.84772112440112,26.11811851412492,24.016512424419453,23.99251478572181,22.05406543186733,25.16703005373736,25.72028658782054,23.950037781336132,22.55823911675173,20.37914583913334,25.614629622308243,22.64163065085193
2019-01-27,2019,5,24.8807410432872,25.164903208645168,22.979742348035455,25.581223249435425,26.80339300041284,26.04748942400958,27.983119191650747,26.35752760750907,26.126176834106445,23.720555749599253,27.07549654477602,27.510220450532408,26.48718967585029,23.99066753334616,22.740035005834585,27.468242891613983,24.545184200986053
2019-02-03,2019,6,20.863199241373067,20.876935091100016,18.86068386384208,20.635014007488884,22.747437847710643,21.64220941511667,23.9350227100161,22.300907690865653,21.778830972436356,19.619757521407276,22.64479038684399,22.717021371476413,22.29949272921647,19.569912567033,18.22739227752575,22.88567745335648,20.598059623389236
2019-02-10,2019,7,21.024558029272995,20.881279921480843,19.158587896199805,20.942138160978043,22.451759555796887,21.94576998014708,23.969765476860736,22.52156224882448,21.908653723050477,19.75564021227464,22.808967297211357,23.36016096387591,22.326932152265748,20.0032915935056,18.04470824942592,23.207515891984016,20.84364538886798
2019-02-17,2019,8,21.363837258082405,21.584066173415195,19.47556986550684,21.867204238971077,22.90138255782166,23.215640135560104,24.78865473889053,23.337602728311115,23.022320427306717,20.3205265070912,23.736522076759503,24.09577196948933,22.65503256293337,20.42576950701226,19.027740339519493,23.99622136319453,20.963465982370305
2019-02-24,2019,9,20.04593138038115,21.376465035908257,18.96283862140185,20.90762333784785,21.472052315091485,21.868932728908547,24.32238955817487,23.041435309571103,22.43667470592342,19.40265197507174,23.237090365917656,23.531472877029454,21.058709639840146,20.043701536814872,18.14909852381012,23.390853881835938,20.046459387576164
2019-03-03,2019,10,21.67973182560394,22.89515095936464,20.41523252130084,22.677013645569485,23.309421108706097,23.529042215727777,26.11285915319148,25.14172409057617,24.252091704516022,20.942633147180683,24.814462674954243,25.53436771814393,22.874422787699466,21.362536889647227,19.69137262166537,25.11635768016957,21.534619599982413
2019-03-10,2019,11,20.07917008467469,20.811179014665488,18.81119877443762,21.314265791858947,21.47344367297644,21.874686435075954,24.07350100303183,22.694251382010325,22.63246730629012,19.19669129636612,22.592871047511245,22.93369018421019,21.304813145670654,19.7792158991063,17.909364435190867,22.891547189999933,20.181648334081604
2019-03-17,2019,12,18.92926901862735,20.06020810761685,17.76987540245902,20.22830450109073,20.04379564422224,20.168230897518047,23.80461872979434,21.977847397048755,21.555222940538258,17.97467771128943,21.93819751491795,22.26841499092123,20.01265680283653,19.05974946627751,16.991497986117377,22.35807759234583,18.79018888769124
2019-03-24,2019,13,19.547632465338,19.891096669219447,17.959495979383547,20.51858701450484,21.08475554386481,20.19520190814594,23.212457801440717,21.489064410321124,21.59774541388286,18.47148522483216,21.51429317689045,21.698819944479396,20.857177688348248,18.877171328853706,17.4265477989875,21.81696211335244,19.47942770652051
2019-03-31,2019,14,20.80865784378739,21.27984235230793,19.216313159878315,21.54353727187429,21.77065016480396,22.08903594735046,23.934154338113768,22.438421830511714,22.549115963878,19.76238697800781,22.753549849935425,23.266242829294544,21.86683316948791,20.33899572860784,18.68969841113696,23.213123915013497,20.36887727914795
2019-04-07,2019,15,19.145965043488925,18.62826355637264,16.966196000946233,19.221307606924142,20.596594116583653,19.902607615850147,21.94576991334253,20.157251614161897,20.370105774201992,17.844606160312996,20.42134722094515,20.86697153518142,20.34338219101365,17.703686974951534,16.196787210407958,20.842445929689653,18.9978522187616
2019-04-14,2019,16,19.69538891668332,19.691507817839764,17.638176761058546,19.962208766312827,21.203114362048893,20.289535234026623,23.71475465513179,21.76041913218312,21.37851582581283,18.27745322998785,21.81491714411484,22.23430275210152,21.10653561146563,18.601772587243683,17.004867898788948,22.204129366492104,19.584450779578116
2019-04-21,2019,17,19.84269248932945,20.180259838795607,18.225611129902905,20.268940491335734,20.797507027005548,20.45626794724237,23.12777845087969,21.63870130860961,21.31626006628436,18.851774957504528,21.77488432054396,22.21075429942088,20.80185718425913,19.20834890712048,17.622331673023186,22.128267736117664,19.620709542636924
2019-04-28,2019,18,18.29078008708193,19.15410246727055,17.094907246126784,18.57447692326137,19.619849315843787,19.157422780070064,22.61673051483777,20.44547283866189,19.99017054414096,17.5405057836303,21.092530269540237,21.74571736739331,19.263239449055497,18.129211623535635,16.061823456409723,21.562667234536484,18.18255610157537
2019-05-05,2019,19,19.22100733360575,19.71207034664113,17.716637384182814,19.330055341834115,20.347259424069826,20.207750888711544,22.462749103067917,20.92699304754084,20.66748514940594,18.210327787259832,21.42064244158856,22.011206632033197,20.33018397732591,18.789276958974305,16.533325398407683,21.754788497656055,19.23145985667596
2019-05-12,2019,20,15.116176681322171,16.5577161678119,14.110780018668525,17.144885622319723,15.802984405675698,17.51293099893106,20.30624242287683,18.455589882491477,18.464183578752493,14.42611030250352,18.56017787570045,19.41421698495705,15.961902221657596,15.556446277722568,13.288447199026322,19.10623107917621,15.02467072620546
2019-05-19,2019,21,15.52060314311024,16.751764106343803,14.218408296038431,17.699381171237857,16.714848963796076,17.87609792215944,20.19432089558148,18.328494851248607,18.47048363433659,14.73323919748965,18.86608227155941,19.639862998797884,16.58133008581331,15.14770270016621,13.710902824484563,19.300880042074244,15.340816743290327
2019-05-26,2019,22,16.331125243443473,15.835019967703422,14.323729434262995,16.32084828047525,17.71873563276583,16.722516858899915,19.012754420844875,17.39849471055068,17.412456697213905,15.231013527066688,17.58493397204907,18.238636803434225,17.661416092434443,14.998535712151176,13.30449279168519,18.081728270842376,16.231844935455737
2019-06-02,2019,23,14.283899577274592,14.695152212561826,12.241195013804465,15.349606224468776,15.690534035423614,15.997625369362847,17.89159681359116,16.32268626324542,16.677753511007054,13.111179458008843,16.5422694235137,17.03672073086638,15.671164062492636,13.346759461771605,11.649309046783667,16.9185073016441,14.007475693592164
2019-06-09,2019,24,18.05292741733782,16.19537843061663,14.419870474746824,18.95943438439142,20.2597785768996,19.19607926519681,19.477842347614967,18.581844272365817,19.59104102651667,15.977156112379111,17.9744137611224,18.217532754265715,20.063290433994133,14.59716376080832,14.840530841903664,18.245925005634703,17.824368192179183
2019-06-16,2019,25,16.3593121016808,15.655331661960464,13.4609036902569,17.139670140686487,18.26284866700077,17.188398982260367,19.485016997979614,17.453278577234837,18.113902708788903,14.50958961630565,17.9141664595831,18.69470086573269,18.14074703257056,14.58311809755664,13.367283555290204,18.533985300306703,16.409385501213794
2019-06-23,2019,26,15.9543484009064,15.04190603451434,13.768498438908765,16.70763920602344,17.356148284245737,17.061824245035574,18.11855766863587,16.754950252384333,17.757678258675654,14.7531403417126,16.687820462643842,17.557035514286586,17.26915524088738,14.400741679044785,13.1865088640423,17.39893967204831,15.992626010246996
2019-06-30,2019,27,11.16755353038989,12.918050185576684,10.692399598902693,12.699286841210863,12.2980332057799,11.75775678829797,15.733800863038,14.123498830919145,14.34402817616024,10.474532766202705,14.64444314824554,15.84818081328811,12.212314403195178,12.666769740040897,9.012739455145658,15.435600518713729,11.342415602380695
2019-07-07,2019,28,12.63987276636956,9.373211841466327,8.552520715989365,13.18262766408069,14.619264384537251,13.05092748865351,13.532614621754638,13.151174950785451,14.155300348238937,10.582814585773695,11.546554007261864,12.465902958276136,14.279997921358202,8.577980010274564,9.40793651082492,12.337736982655384,12.477234918312886
2019-07-14,2019,29,12.866216062425494,12.792201154267609,11.18449411417598,13.620808283487955,14.114131039464851,13.77370783168837,15.582282761443114,14.41947850982864,14.751771907750406,11.859615711581185,14.179439585136643,15.176056256512748,14.197301369376166,12.15492923409749,10.421912325057487,14.857193516658471,12.897981510650755
2019-07-21,2019,30,17.134549118837334,16.639416748526763,15.3659566758265,17.3273503780365,17.60558016753744,17.595724385677617,18.49578656955641,17.39349705931428,17.93970569939063,16.25720350653838,17.92006824790657,18.273825468078776,17.933498727769003,15.489450545286443,14.646293742373546,18.112381003840795,16.980268560651176
2019-07-28,2019,31,13.731005920253052,13.96294895977354,11.916322652809155,14.472918659448624,15.514439984483248,14.62476682540226,16.630096708025253,14.790179617993244,15.40406916566091,12.589444723789011,15.577660511066387,16.231005668640137,15.198708170169107,13.221051810520835,11.02893934977023,16.116512278054792,13.658933933372444
2019-08-04,2019,32,14.812532438427938,14.097729894143942,12.512610284014942,15.475595107390768,16.10442254809783,15.981853049387494,16.842632738563825,16.239773193953873,16.41072659109903,13.744420140881104,15.611599782225372,16.01068513541209,16.042642419402664,13.041366671496904,12.062424066525658,16.00480894286572,14.39325571863478
2019-08-11,2019,33,14.38945584806543,13.481581708769808,11.796335158563863,13.791154957952957,15.088156257886345,13.999865814832493,16.521933644575558,15.012808344952472,15.051015063974488,12.915009178380462,15.57430001543714,16.081125353224515,15.401790325245804,12.996362133652598,10.627961490964694,15.998383006937583,14.262699093137469
2019-08-18,2019,34,13.35304135552091,12.927525225987058,11.365469962384918,12.256838213829766,14.90275034985659,12.637473059130144,15.690936124707104,13.480693161208906,13.370992471560571,12.164170492084276,14.473840819189558,14.501236344926122,14.862789540677458,11.904724384137278,9.671465321984012,14.683214458234154,13.59175103822487
2019-08-25,2019,35,17.611370996158556,15.418284621065869,14.262007423069166,16.98235410522847,19.887237034225183,17.325832314166018,18.063193404639776,16.710072593688963,17.30024495750024,15.9671377352574,17.054613540286105,17.80180800764387,19.34205527379246,14.499095762771349,13.607250572256053,17.456959474343375,17.39152222373736
2019-09-01,2019,36,13.860649202167604,13.333178342278323,12.379877144188187,12.924973152223089,15.24029144933716,13.26387692418338,15.42117904296074,13.67572291708612,13.992882926403423,12.873935888266804,14.33016361467766,14.456111082812203,15.114856820309026,12.649742294593812,10.55060864253034,14.60136618679517,14.126462422933862
2019-09-08,2019,37,21.342097603983245,19.304932705120745,19.143894283985183,19.065938278323127,22.778249310705945,19.14816818458233,19.11104581515921,18.414337402442836,18.79892679856481,20.228488075183403,19.49692451014663,19.489251287157,22.6936533101277,19.456772261567863,17.75498084842771,19.567095855444148,21.44578489717448
2019-09-15,2019,38,19.647828601655505,18.03372980028327,17.770427359874628,18.069647194374173,21.04241076934611,17.94590610273403,19.11478401273055,17.879895475808674,18.32829443116011,18.543177533873823,18.62414783708977,19.06006803281224,20.923302992890704,17.92009359109906,15.930129201691916,18.99739531948142,19.894141633555574
2019-09-22,2019,39,16.065276035470852,15.288274534729752,13.231592445745866,15.252341066087997,17.880070737165315,15.586382291491889,18.08148273434653,16.367837550175654,16.39005966802399,14.495422902874257,16.881158273870295,16.904844766035875,17.544343057286326,13.904010168874882,12.125556998872034,17.013741916872984,15.99556745030488
2019-09-29,2019,40,21.33724296599281,19.20330069568366,18.536552763027537,19.876210312048595,23.498076929506063,19.743935723715925,20.711887265085828,19.25791612848059,19.971434833952127,19.685947939569157,20.010748774045474,20.604387452981545,23.08364711304889,18.994484244762884,16.8490186620982,20.41650263903892,21.35958420427019
2019-10-06,2019,41,20.184198914654317,18.925245986564327,17.47855813628081,19.562972163870224,21.70843414021456,19.81646903417285,20.427007185821974,19.107294234238665,19.5632885010975,18.597810224955744,19.98489124991677,19.844737473202525,21.615207153857902,17.80738696251927,16.67697845818307,19.95857108129214,19.90802514649466
2019-10-13,2019,42,20.599518329173595,19.948396318248594,18.625218514118348,19.79294240190869,22.412945643607816,19.493489417637026,21.4275235712702,19.41791650697783,19.738158968796704,19.32793776176375,20.923223900072504,21.290481087975103,22.012896351832683,19.366039470858286,16.986696386302818,21.19056367220944,20.914068554932214
2019-10-20,2019,43,18.652026502935737,18.343084877233768,16.834077999246997,18.052936484416325,20.00369878242317,18.0737635994203,20.753479715686492,18.45734059321416,18.618041662787277,17.546900484237412,19.844724802124556,19.972925103899605,19.789285334841164,17.858378106537288,14.963978709499107,20.03408368179709,18.684095498365213
2019-10-27,2019,44,21.802551411907334,21.27381465684122,19.798014517262008,21.54381129429454,23.796489221444403,21.41633477082124,23.731097891448886,21.56148610003583,21.81104747376563,20.5970760829269,22.755338320381203,23.62117310033012,23.15709194713578,21.00282869161614,18.25799170323838,23.287810215511435,21.854269066268223
2019-11-03,2019,45,21.17230450692784,20.352680628233625,18.77741095146037,20.336454033851624,22.54972890462812,20.25806289289909,22.55608967928428,20.53129644468233,20.571365300456605,19.686795181042697,21.717137425080004,22.326855605503297,22.57286114306063,19.84019037117635,17.48986743163327,22.160439802942445,20.95186124657685
2019-11-10,2019,46,20.026463468102413,19.44737810366697,17.552414662666624,20.10040213096709,21.65636263945472,20.070191344085657,22.22897038028817,19.950240333358963,20.1064570132067,18.59400677761425,20.97068173131901,21.625237901898405,21.65095060120218,18.56695891766384,16.426881039581996,21.41787450980767,19.71719466001197
2019-11-17,2019,47,22.616095028635467,21.23951900640785,19.77962472825952,21.441849238815763,24.625104754523463,21.18737350498234,23.25974261447918,21.409026737956253,21.340225630310417,21.024238124070745,22.4761990832044,22.528308182071164,24.251147078731343,20.20957663731939,18.593691167185835,22.54914945165705,22.22848794273932
2019-11-24,2019,48,20.0281735497552,18.78142404403768,17.07540638127365,19.97013991077741,21.682995045829227,19.754165700964027,21.68716421210731,20.482748950611462,20.270529020089224,18.4203091933569,20.343566816916194,20.463652262469186,21.56744517874994,17.53935040586024,16.217121945608383,20.51221193212819,19.726755111365307
2019-12-01,2019,49,20.06861171943341,20.069671545455705,18.160852154272263,20.7024664580822,20.91336451628577,20.01807033386623,22.26917755638545,21.30312638022683,20.98656699522134,18.912820932969733,21.47289937997793,21.389042561266297,21.171857178441343,19.04881480526065,17.264317004314762,21.453352336547614,19.60116425871528
2019-12-08,2019,50,21.85753684123664,21.482700645796527,19.4333449205468,22.183693831875207,22.75411631529813,22.023182813725413,23.3535730734511,22.81030623993316,22.5817391923729,20.474948062403264,22.69785697573707,22.686178975992128,23.18465502381785,19.831152372884805,19.101490976493977,22.62980326747708,20.972616876874653
2019-12-15,2019,51,20.46728276531362,20.661911067169616,18.764914513903584,21.537677569048743,21.023294409322,21.695663698851835,23.113008827231717,22.13157507661101,21.813804808428145,19.697631540931383,22.22264419159332,22.431118538437502,21.345617973666396,19.520473539475447,17.860472942426735,22.311643350380976,19.591033654071573
2019-12-22,2019,52,22.43772187349572,22.9674936977785,20.42046815564173,23.06294121628716,23.905712484872225,23.093147552765167,25.00417436316132,24.067047318297547,23.31101190973868,21.29159843908252,24.550312767193947,24.659851984193704,23.793577906708,21.23369906945902,20.09278284053117,24.438894316641548,21.83836226450465
2019-12-29,2020,1,23.135988939989797,23.37790080072529,21.265106247713213,24.00084091510092,24.92159566448672,23.697116900901843,25.46551196707233,24.57126524491744,24.000272935617225,22.02762810585872,24.63062186137938,24.607710720072536,24.509703163014414,21.836416806823703,21.01910773382736,24.552794092555335,22.76386974057097
2020-01-05,2020,2,23.491303791257256,23.97860619660888,21.675170203702255,23.041047978968844,24.94603961207618,23.84164789315203,26.31612318945348,25.09706325283298,23.95638218784519,22.49751753211692,25.547502661370608,25.295384964852964,24.662523510833505,22.47387165677939,21.108970677700423,25.36983871833219,22.806126813040265
2020-01-12,2020,3,22.404043718040988,22.195488155015244,20.382973316399102,21.5095430683522,23.661486483784984,22.202360220704147,24.876102569847,23.49818658060842,22.443700615907137,21.37663094184798,23.888488018151484,23.75884881238089,23.59313609333112,20.89996927077939,18.971330406521638,23.852007240698526,22.033613080284344
2020-01-19,2020,4,20.710523249406457,20.65864885387136,18.620948524102765,21.176065730197088,22.77119150451163,21.620636893362,23.44205237408073,22.25187866508187,21.591224676009027,19.688569447589263,22.38085449515999,22.35199889725431,22.08429876165501,19.27398222654197,17.76235141607113,22.391602719599952,20.394521240275505
2020-01-26,2020,5,21.72974122537149,22.75527485194745,20.323596953499493,22.781157372962863,23.586928317495666,23.22435119069221,25.533601594040764,24.099169476001293,23.43316310912429,20.78856391820918,24.685221243523934,25.002589786149095,23.138110795996827,21.788937716225558,19.568984497141997,24.883787595595862,21.61083817160676
2020-02-02,2020,6,22.362734412901496,22.39297421908836,20.35770433268509,22.005040468204587,24.341726363808203,23.43623788507135,25.009870223331728,23.560817227053956,22.995363381044275,21.26469283109307,23.702333617107172,23.962553905990887,23.91843603384541,20.845502300888928,19.61090452359171,23.886331770984626,22.091596127841672
2020-02-09,2020,7,21.284194023299246,20.863518922313705,19.047542877501897,20.279030415273848,23.10831058651849,21.538939512834585,23.867722147060203,22.43568520632657,21.44979350300917,20.216068587501617,22.576124731286782,22.398394574373555,22.561604893805896,19.323217561040227,17.699501410934385,22.58163088221839,20.952004341423677
2020-02-16,2020,8,21.702915032090985,23.63444836968298,20.848305987804046,23.18449586487952,22.75103767601143,22.722305198433776,25.878719830304476,24.47475406101772,23.217755390473307,21.1832206675655,25.120240544240712,25.404147168696728,22.6329501503683,22.61075441385381,19.798604703759374,25.29910402241985,21.696657808000506
2020-02-23,2020,9,19.21571413675944,19.0319426852757,16.987940201001983,19.777920785404387,20.988962143814007,19.95057661898501,22.07838337622996,21.248115012428972,20.801992221354507,17.93808072329372,20.893712137065407,21.257279694241006,20.56452702739524,17.92591619472707,16.001781079603145,21.063072574115317,19.251804833142263
2020-03-01,2020,10,20.10505295536233,19.44478717185795,17.34905184954802,20.66928402582804,21.96412668432861,20.577097774932746,22.283134977602053,21.307173449033268,21.6512175987378,18.614152981272163,21.205870434319305,21.197297525534413,21.84471096863618,17.8397623061379,17.12987824079072,21.20383349603403,19.894964521464637
2020-03-08,2020,11,23.44028113768981,22.1082069350204,19.943052102319943,23.261243036815102,25.74842339776164,23.587853803597824,24.03356906345912,23.581073921500863,23.36350073319825,21.50623115243472,23.516139090732064,23.2804325674422,25.221244758620685,19.990394041290106,20.297251396252715,23.27614605823375,23.041966018008416
2020-03-15,2020,12,22.155933296665108,22.38004029483429,19.965233207912497,22.18451221925872,23.816595128339635,22.36486953627342,24.616913214369347,23.28074757563603,22.772493110477573,20.90663600370237,23.99340097831957,24.475827898297997,23.53345412913437,21.154157732898277,19.22061376357992,24.20763381913217,21.82201518909629
2020-03-22,2020,13,20.53488517574669,20.160041236674097,17.606214343919728,20.9582819385188,22.48925575126462,21.437886087130394,22.689974576321703,21.78868309813661,21.67833257141412,18.95654213307813,21.82484094528925,21.8271702614756,22.023441353359736,18.45442696357368,17.307456129805146,21.757792392588875,20.15793446003588
2020-03-29,2020,14,20.21844975705926,20.556800219550063,18.039108012350876,21.09526256010646,21.823674880337663,21.345905421783566,23.743948961485927,22.46290242331368,21.542713420964965,18.948220052922935,22.60562855856759,23.092636634076054,21.555770001356205,19.318003922052235,17.260894404810845,22.824815753854647,20.053024381318824
2020-04-05,2020,15,15.039478662851694,16.42807253337364,13.247113931887744,16.333885696672258,17.110850414640367,16.48494343407826,19.52371105716805,18.459788451752107,17.839738670393913,13.852748401521698,18.83951622603776,19.538149525213115,16.59016017564015,15.433490261052215,12.71282836300182,19.12754001169522,15.281821351809642
2020-04-12,2020,16,14.916096697135934,15.709192689293737,12.891244037445391,16.918753892183304,16.43594667277982,17.026098608510374,18.1954885126898,17.927879743699904,18.06157390572087,13.845436110673525,17.580157993366193,17.647478900508418,16.141654239197955,14.33196940118256,12.893672832492689,17.550918599630755,14.698276801250696
2020-04-19,2020,17,17.849468752837705,17.211342250360353,14.759327671436893,18.49888587565649,20.377712193283656,18.84993266445636,20.10907838782485,19.952453804016116,19.76193878095444,16.158790482176702,19.444437756063618,19.173176710175056,19.59654844129408,15.44418864859674,15.238087575770493,19.231034347922368,17.681394713265558
2020-04-26,2020,18,19.2203985187231,18.87454830151377,16.547099674499023,19.368894684882388,21.625550917393184,19.48001007806687,21.4918150387422,20.751861756064677,20.318755988738776,17.714500956111607,20.829478588351957,21.200976914151337,20.954423226905146,17.563212277722258,16.300849023597035,20.940412230221025,19.22556923277616
2020-05-03,2020,19,12.85504909770676,13.259856258628211,10.695111905142811,15.366043756405512,14.538958993512203,15.01170673640385,17.277142802758398,16.504486177617853,16.72761447182374,11.625755839728663,15.798390604820083,16.257442272577002,14.161267969599104,11.833870057112431,11.00258372772518,16.170896707448936,12.660310684831316
2020-05-10,2020,20,15.088587119005512,15.315202741480585,13.002503961192474,15.837246007862548,16.542040947011277,15.69743475060972,18.645126148146023,17.860950279731256,17.413938658578054,13.879100174683956,17.804333672791852,17.682334387077475,16.30477238990165,14.230749477073992,12.859995571224696,17.923606204426687,14.96555141618631
2020-05-17,2020,21,16.517778072578103,16.333572718634535,14.002176587731832,17.45689031481743,17.880185867044148,17.18538216795854,19.26340485731297,18.37420203320392,18.512005842361894,15.12211527840493,18.14005427009616,18.423000716134865,17.725427266713734,14.78546511593854,14.32273207995094,18.34904414100423,16.269722639068437
2020-05-24,2020,22,11.916503982347566,12.653059668124104,9.917793524402796,14.125428910766331,13.047437297953756,13.909165728506435,16.59795055166973,15.467483312433416,15.57411013843962,10.730019174625152,15.222910933886777,14.62824879052504,13.002268213102717,10.962700038075118,10.491602722922456,15.19472902301706,11.616815144803644
2020-05-31,2020,23,12.498747977817688,14.32029845567146,11.719077988652495,14.510419124648685,13.471298716846526,14.09516599340942,17.38197718417332,16.02814398827491,15.701839603789862,11.810354413814569,15.94681267098431,16.838257095563122,13.524947933248573,13.5273986781686,10.851932553893484,16.59497627400139,12.511418397857172
2020-06-07,2020,24,16.67505439183887,16.45246132807945,14.733829721266332,17.470468697093782,18.36047535662648,17.526075296880656,19.02394166562717,17.979383202094535,18.157892429665345,15.498633442633064,17.784506076961367,18.525302708309614,18.036614844237512,15.48530568083992,14.204216631312912,18.375992291594205,16.58412390192243
2020-06-14,2020,25,15.997642583368366,15.744164114059414,13.631596932076944,16.207803571508048,17.647947977067453,16.37104143231072,18.617792841296847,17.322255242087625,17.141051661011755,14.715600131735355,17.367585733752232,17.85897929199301,17.3784082893239,14.585770179784763,13.219613221144854,17.819154716984396,15.805410592703806
2020-06-21,2020,26,15.74317624179246,15.41441252694201,13.443204834700264,17.03022867866925,17.11568012915215,17.401019942653075,18.562755506865837,17.86998288513778,18.042917091085958,14.482360301055309,17.23784390156403,17.5283758839507,17.08562658560322,13.96536831974653,13.49890353001333,17.60677614230699,15.491326995937008
2020-06-28,2020,27,9.4513676715787,10.395997926878776,8.052237620053296,11.585815376114278,10.521927550490217,11.186162188246444,14.00252981158109,12.664953001195734,12.74940731917342,8.646684626224204,12.3947740612608,13.527544425182908,10.51895699491832,9.569356103541589,7.249610433461322,13.127424820528573,9.299088249309364
2020-07-05,2020,28,13.97123780428519,12.56233017836044,11.87484354515888,13.532829906259266,14.660909793890468,13.419593780964345,15.623326245966874,14.637969543902908,14.593935927299604,13.017612001893225,14.143177702106955,15.409513325704076,14.818870633725494,12.379420244981516,10.705876674918605,15.05037355702917,13.83255243719106
2020-07-12,2020,29,14.320278234616826,13.266218161023756,11.887316173859793,13.067405051418712,16.58196845573465,12.876503188944538,15.831759155317924,14.19908030423251,13.870609459345122,12.797497705882256,14.863637316484988,15.924044636060607,15.973203629600498,13.21984974027482,10.884377403622278,15.653989532455771,14.69290238249334
2020-07-19,2020,30,17.23316016988865,16.038211436668185,14.095656078054295,18.51430224378904,19.21120730018192,18.684680974314723,18.96740806624076,18.093637115181263,18.62098802372434,15.480677760760344,17.679717121702254,18.135573892259213,18.918733181640448,14.468580999249848,14.659347144301268,18.070453367587877,16.887770877694184
2020-07-26,2020,31,11.66231561474205,11.87685011851508,10.066102288101456,12.09882768491904,13.180951360593804,11.949124186502306,15.106880174086324,13.51515982020985,12.891130602756355,10.597560923064655,13.7199322077103,15.07069824069658,12.9492357941668,11.649640850177338,8.84818345671589,14.60899514088192,11.840640035922316
2020-08-02,2020,32,15.87671508445396,13.843507286836346,11.731405757017228,16.377335220575333,18.672698128938144,16.089742608972497,17.277364511184025,16.716848809873905,17.100750956749966,13.52823185947534,16.260486342690207,16.67250535173236,18.09394683248748,12.29893899916848,13.480679701793855,16.517372032434274,15.898392048807478
2020-08-09,2020,33,15.969765486404242,15.321009931788003,13.78743991369469,15.7465675955727,17.353989664666482,15.719230143720118,17.40565186547816,16.3058302505295,16.332523107062116,14.704062786359756,16.663305473327636,18.14343453995944,17.314805571176827,14.59156887098221,13.101018152073818,17.351079311856086,16.09526254353176
2020-08-16,2020,34,11.790006157053943,12.5312668881945,10.45972455404666,13.166316145942323,12.626556161948256,13.184093652698216,14.589513675812032,13.794467106113188,13.73619478206112,11.067994867052354,13.801258294406908,14.462521776677464,12.707470958757586,11.494342461753185,9.702191086913611,14.171983218706282,11.531703681476674
2020-08-23,2020,35,17.432127940301882,13.793863637869292,13.291588150090416,16.953383884969213,19.55964750717694,16.75338855029073,15.450554416756589,15.523917633403432,16.8375885160002,15.346107389044572,14.80406456860629,15.08296258751594,19.23988760023964,12.3346892773138,13.928808237092808,14.893392028174055,17.10270585107675
2020-08-30,2020,36,18.75499980636852,17.084280781654407,16.924986057823066,15.951334311848592,20.01250360137352,15.677845089592068,18.05983850073189,16.163832868105406,16.450214593144548,17.80702594697006,17.60793709610448,18.32099476785994,19.79030302040365,17.009474061060953,14.75409814864002,18.075299005452436,18.994396786162792
2020-09-06,2020,37,20.16172776535211,18.475009579139986,18.06912402675124,18.022602270046868,21.85966775330855,17.764486305501933,19.311290535217815,17.80355229712152,18.194899302406085,19.01491238161737,18.97823196923062,19.52847819315455,21.48912004522375,18.458213873328454,15.954246611975382,19.38828395350805,20.5695630636498
2020-09-13,2020,38,17.949087755406993,17.37613785800649,16.06523355426467,17.791723452863238,20.31714282681728,17.505245657961343,19.44232364854729,17.698468964812044,18.063367050454577,16.738535004606128,18.791109332790622,19.27663094399753,19.575806244920123,17.037724442853726,15.018442366560292,19.18864984941576,18.32024688476501
2020-09-20,2020,39,16.872064012358084,15.63130334597915,14.732401869840713,15.700017970232736,18.89578462723535,15.678403435833513,18.181090877633054,15.773702215467182,16.014910439455814,15.742227526966175,17.295381605470336,17.054948612686115,18.251094393748573,14.93976810811582,12.836752681897597,17.29916286468506,17.178337562437648
2020-09-27,2020,40,22.670124028180098,20.24015843842838,19.83808114873485,20.10002275166057,25.00715950345393,19.93706610273364,21.993019587792045,19.981532791434944,20.34728095769416,21.165616935498267,21.36595162726068,21.64099272756242,24.246514081034423,20.28706254042039,18.03491751115542,21.753722345759023,23.043024111308178
2020-10-04,2020,41,19.33113873603261,18.04447879008393,17.743044255365813,17.48586604708717,20.78051279845898,17.30099646004931,19.285162211159577,17.20793121486515,17.735318330402713,18.51064696006217,18.624847701927287,19.334457361473227,20.555731594792665,18.003140992216316,15.625815142611083,19.136632200789776,19.44747668199462
2020-10-11,2020,42,19.47232039585384,17.998555906291706,16.808767644514948,17.906625682399383,21.02436232266825,17.736939883140064,19.65668647143305,17.554506551569162,18.098270083126955,18.04451274067264,18.94140988139363,19.10471506967056,20.87057597480685,17.169726782369665,15.211048628215012,19.121776207552493,19.269822411138737
2020-10-18,2020,43,22.14131686678264,19.908461362822475,18.670483766029445,21.19601488681067,23.801346964521997,20.8290075108198,22.20450188328156,19.998662890149404,20.984717799259496,20.346568459466816,21.22662675040109,21.33393028418652,23.695616442264274,19.02605534128205,17.538487309635304,21.37520183929025,21.87600223587529
2020-10-25,2020,44,18.870533199383942,19.346760778284786,16.929994692713578,20.058107150452475,20.610128668129317,19.652908776871183,22.01283185197035,19.56318272330544,19.96914624328016,17.644093172890802,21.152384020652605,21.150498458317344,20.25444462308552,18.09459359795857,16.0653162694098,21.222935230531338,18.776147721591343
2020-11-01,2020,45,17.511762253259292,16.17005453282582,14.483936780305063,16.692787821803776,19.893779163092358,16.102329459122863,19.19563385766032,16.84179793072985,17.24510145747265,15.82536256165821,17.806030763072886,17.541793923493664,19.35121340641184,14.973740377301606,12.834563368804424,17.77045539027324,17.57514217793138
2020-11-08,2020,46,21.72426973193155,20.16159197618204,18.72544859232052,21.138858900183724,22.818803982060544,21.15927299047836,22.310604757192184,20.230721365693327,21.09506584286923,20.16966535055463,21.271462540399455,21.68570390223172,23.042705186085357,19.36171395060664,17.858664280591142,21.58410951722625,21.268735897187597
2020-11-15,2020,47,19.43867626214733,19.158368143191467,17.48071925790308,19.32566774601028,20.420291821573684,19.587332607696418,21.76550291300515,19.35778848375593,19.67238531933838,18.44924099185201,20.538412519347613,20.91597241147188,20.421969610751823,18.3541378455998,15.842779611225906,20.84927212142198,18.89776813309148
2020-11-22,2020,48,22.930896417821543,21.37407824022175,19.66620377808836,21.65483158259165,24.311289358809645,21.919981085042085,23.89391448685449,21.21696000631753,21.3965879223818,21.190736252491867,22.756923292416,23.06479986915691,24.26928169662888,20.60735979823666,18.430025220405504,23.030337932758368,22.415923885900696
2020-11-29,2020,49,20.365635153869864,20.982117362113907,18.78917222078013,21.77541362387793,21.75073488971024,21.624902797635148,23.778832471753,21.474735668231915,21.931387852782606,19.44735611463961,22.568379133810726,23.09404980333025,21.63986110687256,19.85850982567893,18.163362998383445,22.789948965472018,19.91230880346581
2020-12-06,2020,50,21.825667404606843,21.062194499379792,19.45190715620554,20.899114681141715,23.171933677441803,20.95140947859873,23.14195543405961,20.671565877741035,20.91661212588943,20.460695137457314,22.24629392500048,22.56334833700381,23.059461783258147,20.06163935402801,17.95266279189795,22.41412369192463,21.38861421047838
2020-12-13,2020,51,22.865032367878133,21.95163609884949,20.695350504810023,21.91046014570054,23.379979838802583,22.19053196999097,24.26134606631087,22.001117459582044,21.95961735719804,21.762725674529445,23.37704878307524,24.038372965193176,23.800443866538263,21.28968628904873,19.206075626521248,23.713021328771184,22.17551781096548
2020-12-20,2020,52,21.53376864036845,20.96524256785541,19.179893460650305,21.668868609837123,22.526773304519256,21.721911249934017,23.790357078129624,20.939041419586577,21.78450541113687,20.23825221817995,22.43180555038122,22.86227560943028,22.608766395613035,19.889413829089435,18.00038764115501,22.70634296962193,21.035025020815286
2020-12-27,2020,53,21.85760911919436,21.58391364856061,20.117425894039123,21.99230232834816,22.81762118590134,22.28925270708985,24.053597669907287,21.7317594325078,22.27016016181901,20.90434308261249,22.98046959881143,23.68301822425863,22.735987215889004,20.74518774052972,18.74387065154103,23.274274736467877,21.460192842303577
2021-01-03,2021,1,21.90422193608229,22.172897439521517,20.1413975878955,23.062367602473213,22.401147406159463,23.14666869802978,25.28101338867543,22.97471926206118,23.44060177999,20.93916813836457,23.79845092079856,24.12236272292638,22.736049703649574,20.890280022751355,19.4260160900604,24.00920575658869,21.13532362986768
2021-01-10,2021,2,23.100281615975284,22.979644463260545,21.325038877756278,23.531147389184863,23.723539984905656,23.294593069697594,25.693596787077343,23.10789089946004,23.374348815873176,22.04883916895623,24.358600570216325,24.59296578923968,24.17700262143345,21.77831576414904,20.212092836343704,24.50233185501248,22.482132842277263
2021-01-17,2021,3,20.027588710514888,20.23179909110324,18.52469646095066,20.802798413095022,20.899556186091537,21.16040482269444,23.216486277455143,20.66556032601889,21.03175456089983,19.16303186126984,21.69018167437929,22.646891881834787,21.01078709856424,19.398530387953898,17.24650892479625,22.26131445554371,19.598707241510763
2021-01-24,2021,4,21.01921862893123,22.0052398364427,20.15648979704889,23.151155765567506,21.215162618878505,23.21498086308267,24.615765251849204,22.399625307553773,22.960427379421525,20.71369287965,23.379348142219317,23.888129062087064,21.6247526503898,20.842960076884975,19.43037167505252,23.64657619648017,20.13610309410609
2021-01-31,2021,5,20.45861754914508,22.56508065795085,19.787517515874693,23.62083197491509,20.58691804802568,23.164274787657355,26.16938293501518,23.834567604560355,24.00142361179957,20.095656179335844,24.74437721879968,25.861525489313586,21.002944003661167,21.08359723757226,19.40549937215836,25.231169527057567,19.79934891664757
2021-02-07,2021,6,20.028343127040788,20.56009556642219,18.26505474168427,21.945346117019653,20.947247270122443,21.969916494656715,23.89963326857319,21.44388706653149,22.473081463703668,19.113558577203914,22.45070542504777,22.27641182768377,21.06465302839242,18.866113606110645,18.026002682883664,22.409375569591784,19.612623762248983
2021-02-14,2021,7,19.751130834356086,20.7690236431195,18.192870062647824,21.9331885718164,21.6339025349197,21.95930891147452,24.758298212168167,22.171417948735225,22.61492565513357,18.79897419808284,23.251098878868728,24.03100304462196,21.257005297539315,19.614057120854174,17.731040083853717,23.653966840232652,19.57407801620401
2021-02-21,2021,8,22.312028406209468,21.718717147038177,20.009403331150708,22.433811878874184,24.284532394522127,22.702199683072788,24.566412828406516,21.93336583422376,22.979788242720808,21.033253632192537,23.16029710480661,23.566644175033368,23.97745650155204,20.499208980933165,19.02653883187577,23.443364223622066,22.13852224709852
2021-02-28,2021,9,20.53113475637546,20.845985460383044,18.84480002250096,21.885078960940948,22.304241406308734,22.493430229687785,24.08978694659975,21.950394948984123,22.55073292801292,19.540148434676524,22.58428342084348,22.864452434035968,21.85637055400716,19.6231362026201,18.126207946955624,22.80842406315813,20.230545312567862
2021-03-07,2021,10,20.113008717619163,20.813900981122245,18.60226077830357,21.08740461440313,21.927792212417792,21.39403539704233,23.92055555960875,21.355347761178944,21.906217848484765,19.199480230548115,22.764828197264567,22.864686816850444,21.498766158998706,19.831147377322115,17.378604677779734,22.835688850417764,20.152726201676938
2021-03-14,2021,11,22.35811930181437,22.24942547121028,20.51023706167064,23.063286568437302,23.848511401500463,23.109608216942352,24.784792991838373,22.88358258631322,23.573308590107004,21.308273901150923,23.58748060779654,24.09790438526081,23.618969318949578,21.294279410992868,19.624914449371506,23.90907961328436,22.005070262199464
2021-03-21,2021,12,21.802074076432824,22.156765999824508,20.321534676369883,23.0561763559069,23.561688740106977,23.064858099054955,24.93532684593089,23.130485677347554,23.715383303841968,20.82955592341042,23.67702031156201,24.124235469375986,23.167459055263564,21.421596981481837,19.82646313347721,24.04835803261475,21.6609156960747
2021-03-28,2021,13,17.641257321665798,18.846760153007917,16.32822773027124,20.12650655280976,19.07327150645563,19.754011338281813,22.930038062893612,20.760623918013135,21.020746773236414,16.795486728573813,21.069830250430417,21.9119276910458,18.898605127592344,17.87014240231682,15.551457791522564,21.50542425689399,17.516158988212318
2021-04-04,2021,14,20.104107678780377,19.292611881613983,17.52281758165402,21.21367840681757,22.392278497612622,21.485826745149865,22.36271415020912,20.146439599371572,21.54663213031866,18.54201068491984,20.861638292915377,21.270071178755025,21.878843611271687,18.23058999306513,17.14150790299774,21.12274669341145,19.86574457790653
2021-04-11,2021,15,18.82966803767966,18.876473850787065,16.947221644282234,20.884024178697945,19.994982093285845,20.874221164747556,22.751181038058533,20.300829482635898,21.15809875178477,17.784568873513805,21.009258773935823,21.59063405296552,20.03514235728496,17.87040751132278,16.37854553297094,21.362091176430543,18.76728297950765
2021-04-18,2021,16,17.260645036685112,17.047588581723698,14.849362506206417,18.42625354727109,19.85473028418755,18.236677965142093,20.726706502041385,18.605734883593275,19.37929395500228,16.012089414993476,19.19420784458969,19.49093030662228,19.24110847090202,15.850398632392231,14.383211873118148,19.39094596646303,17.183953573761602
2021-04-25,2021,17,14.473211576886465,15.455440044911429,12.569311230819418,16.659761274144763,16.254353829616093,16.37062827592651,20.12635109792993,17.191949012062768,17.782929685484408,13.384466019470592,18.250057441744453,19.277289773576022,16.032481228522812,14.555547975012566,12.340041615939432,18.86666890086493,14.425878425814073
2021-05-02,2021,18,16.235255767940096,16.753404117088074,14.798601257134669,17.709774323872157,18.416311269685306,17.010083603582785,19.981287097096796,18.12938681119448,18.66574329126137,15.30965635452013,18.5339623703069,19.162707884035346,18.04034420698306,15.675527618296494,14.177773137805952,18.88339849274219,16.492318710548215
2021-05-09,2021,19,13.899790971282211,13.886336954417768,12.087067740727232,14.369593594755443,15.843945146754086,14.080340580590445,17.27457121301323,14.640912957624955,14.781360080330805,12.8178478317132,15.89409005961893,16.90982192931471,15.455283400635002,13.114015380337062,11.171240657819263,16.440747871324273,14.127737736766228
2021-05-16,2021,20,15.409377936384086,14.237706930144254,12.243222352986644,14.790805725824264,17.73169892280742,14.61680705881794,18.679831440872768,15.832710122938275,15.855715731118757,13.72506075044853,16.976372815417005,18.2953316811924,17.219301837751765,13.412114769845411,11.966313853547591,17.714930691131173,15.429800053491103
2021-05-23,2021,21,13.379146626864006,13.45214053486456,11.343526745434874,14.128586752074105,15.55788611024508,13.647355216503758,16.880242745313282,15.330472411118542,15.214019413330318,12.29559819797563,15.268876220240738,16.590321016440175,15.060236359194898,12.578732139563249,10.690218362139666,16.027557714577988,13.496995643464064
2021-05-30,2021,22,15.174502505298747,15.182455390246949,13.099289895373314,14.98440360455286,17.24050050519467,14.7977001123907,18.215682697018103,15.938979562536463,15.689997130877352,13.857519745156251,16.910370325526117,17.94965849154079,16.820386031419613,14.512643361214266,12.053477547479462,17.583758361652176,15.372512256360118
2021-06-06,2021,23,14.383079014536342,14.58142272521184,12.504075909676336,15.346654965763998,15.78214906640268,15.697860019394176,18.77697812016434,15.896409208619747,16.023703907333942,13.186896392009125,16.8722929364159,17.951797815667327,15.719524453505588,13.872538382232449,11.633243316571358,17.625708158235494,14.27517797747712
2021-06-13,2021,24,11.556131980287216,10.911817242087585,9.395556461313918,12.408583558741071,12.850480482721224,12.47651536062724,14.5948127490786,12.201012737720044,12.934245972717346,10.428059338182376,12.715614404719627,14.028016217635326,12.880233638535136,10.336226480489293,8.785324784423379,13.622129923676791,11.532753720116425
2021-06-20,2021,25,13.833413459159232,13.90638863049082,12.101775516528626,14.395919455658822,15.159189835554752,14.51759609875378,17.19756142252041,14.345678883094294,14.84293383394902,12.831258811349944,15.749460055198506,16.468954917876868,15.196010808686951,13.578537924751066,10.775163738160671,16.375750493163462,13.783733367277284
2021-06-27,2021,26,8.19711117179851,9.793915307216809,6.959917009247016,11.71173655312686,9.226377935607198,11.563518617450807,13.74848872927118,11.839252969568427,12.298363101459062,7.5032566219937,12.11808706217514,13.249325006155956,9.267253232508551,8.787889937709151,6.831485445715956,12.82320450430047,7.722813088778215
2021-07-04,2021,27,12.423310309303313,11.936899769026589,9.461692347395388,13.21401835197494,15.646133737684089,13.567161903725014,15.720875712247352,13.380640455716614,13.752210100103031,10.61025649677916,13.97383985147848,14.542720501634951,14.658499067814654,10.720024268524329,9.73038174898703,14.514574521208464,12.325713171470518
2021-07-11,2021,28,15.13360762872291,13.713202253841898,11.946792994755608,15.847695675634204,17.136062077113557,16.057657823599445,17.133046094599685,15.436789962471304,16.134230336564396,13.552063801961754,15.54232662911023,16.73501188735756,16.80192366345969,12.608967282529589,12.401614113102127,16.30067911166734,14.746691593905345
2021-07-18,2021,29,11.089794921752263,10.122793284306397,8.17917624499381,12.554880479971567,12.878366042912932,12.452984084493863,13.4517228624216,12.00011074264328,13.069616050402947,9.65934042909148,11.896675545002992,12.81055414130424,12.613718910567089,8.668560835321665,9.188133371447805,12.48125511512831,10.936488198944824
2021-07-25,2021,30,10.571939021003752,9.757552713727646,8.009113355981848,12.035271058125154,12.115122760515757,12.265006703913134,12.9984743365741,11.243272500223927,12.14531590700616,9.17293325706864,11.420600045191776,12.512847595137726,11.951525863763448,8.768475522436452,8.123892742132629,12.164020039564011,10.208862935115064
2021-08-01,2021,31,12.87507388828037,12.247660829060113,10.284518971523566,13.799990595096633,15.08231248650879,13.922924797200482,15.977188791547505,13.76061035676436,14.265424082657129,11.366554211175616,14.306521299287873,15.190995878286438,14.603103784980918,11.204787247540406,9.992203865014512,14.97585324811842,12.736601885116968
2021-08-08,2021,32,14.336076934058386,13.951568508199028,12.64823374350513,14.7532821113155,15.254498508574784,14.402789786055283,16.26412809277415,14.034921354318591,14.974604871641636,13.25183749011182,14.99837720218675,15.662614788970536,15.613839490073069,13.347252765567964,11.49927947217371,15.632060278651762,14.129990595691613
2021-08-15,2021,33,20.12941281675832,17.57450913823744,16.94824402926766,18.55414478267942,22.131721848121494,18.040191255174243,18.694390836332005,17.61892952064415,18.510557711241063,18.510666817192018,18.020154572358894,18.446579933166504,21.91069212567392,16.888497035211852,16.029689457410214,18.51628164675838,19.923370071498532
2021-08-22,2021,34,18.53416097977293,17.220219330492814,16.28954937781712,17.202576231388818,19.529498621236822,16.93451872080603,18.367312345143308,16.76180839439491,17.620995912533218,17.363775604084985,17.707862963820947,18.615077834887646,19.74743371304397,16.681126698704166,15.295834474005316,18.567881251967812,17.89132768960012
2021-08-29,2021,35,18.02793742760421,16.267497135377898,15.227252372091812,17.283402221543447,20.275162458949225,17.862166300396815,18.464198571252407,17.132044888285847,17.48764748116062,16.343029081218017,17.409724088561482,18.029854858017995,20.065602661559943,15.425484983733297,14.389551705034402,17.824441051296525,17.902649098008148
2021-09-05,2021,36,16.35046908846233,16.206716499348943,14.438523223575704,16.519482579969225,18.39703319092136,17.353513161648195,19.263958472204624,17.148057549711947,17.230684722706297,15.10437553403616,18.03430179744572,19.12786476181524,17.97754096616649,16.082411934369915,13.56140855202414,18.80879078545916,16.40214563187242
2021-09-12,2021,37,18.36717881628599,16.573569385735976,16.092902008368043,16.902079973902023,19.94244423590264,17.187988719424688,18.56576506945552,16.538425433666674,17.097665713957845,16.974157226635445,17.461079085544075,18.35297229540637,19.969713779950236,16.45776222758865,14.679754175297816,18.192420086048823,18.48004547926293
2021-09-19,2021,38,18.826957779961663,16.81715151394354,16.098259344921775,17.35896433960824,21.10089493715525,17.7237843055676,19.07866747108215,17.243807562790906,17.760799203600207,16.97313043907603,17.975643643465908,18.956292091996843,20.901691779206622,16.974874661003685,14.780005418028036,18.727921685593937,18.96764503270789
2021-09-26,2021,39,20.12910304566608,18.75220594273956,17.59358368664583,19.776841409149625,21.367618058188416,19.62508107950021,20.6553930277032,19.75737415264179,20.105016537608467,18.643602448453784,19.71839336213612,19.97346236827881,21.51532503997037,18.205278125260246,17.111550778660305,19.984549274183298,19.829657607965395
2021-10-03,2021,40,16.756869096400038,15.49301698263774,14.603631099135663,16.26778074531328,18.154962936390078,16.629193783420085,18.339073150568037,15.89274723994268,16.44843820956355,15.342806199270104,16.806976429827802,17.543459741895735,18.29355552021601,15.162249135272893,13.215803052970688,17.369517300226917,16.89458406260714
2021-10-10,2021,41,18.55551779316199,17.510961410079176,16.201061746771607,19.050222683520545,19.930900827149475,19.56398094329441,20.248046552474573,18.03424915412804,18.980836229081724,17.0176100071155,18.901663390485755,19.63923547724186,20.14184933003311,17.160885456479203,15.676609848470925,19.484457221283137,18.236482095846917
2021-10-17,2021,42,16.582081527169915,15.614826032601949,14.03545847929148,17.316917558511097,18.44370642915468,17.672931252605974,18.47347491406143,16.255825324120458,17.39505841167472,14.940061621242217,16.890743719654164,17.533650137343496,18.395530445695385,14.664612537228546,13.9306633553428,17.323784518381856,16.447676441418835
2021-10-24,2021,43,19.41533641373329,18.32091997986409,16.852710732762116,19.655146862779343,20.77343659926837,19.971384895354166,20.708156518963964,19.094749154920702,19.915020916559925,17.734268184721937,19.50929674503607,20.228334748198723,20.99037472713868,17.516364324786327,16.659674739814673,19.97426546623096,19.221241007596657
2021-10-31,2021,44,21.51190386837207,20.05246154687552,18.94782414855212,21.12001625271071,22.9092758243654,21.25413598854723,22.34647408310248,20.498963043411056,21.43783298537222,19.98559089827993,21.086621970634955,21.608123733026964,22.88139731727512,19.360319160216875,18.513563386562844,21.468017454949845,21.120709673735007
2021-11-07,2021,45,20.17451853856464,16.994464813773313,16.779765624119943,17.501604285978136,22.12659980243087,17.883134655357175,19.71386624216686,17.288302677699498,17.935684693069607,18.001287598175463,18.192907612457937,18.85857783751989,22.454957356324066,17.090719511351377,15.06983952440718,18.768747193472727,20.110679458093774
2021-11-14,2021,46,20.5630684438973,19.042195215408228,18.153989763099112,19.154752292803355,21.668545761786067,19.00238115538961,21.42831507646655,19.58900630604137,19.83501608637681,18.875058434811432,20.165040264707624,20.758152564580868,22.03690367039566,18.857575158804927,16.814760480838007,20.62691537741346,20.383016606868114
2021-11-21,2021,47,22.500896640419192,21.033809658306748,19.85167941691713,21.30211070747603,24.171602767277967,21.59695287775656,22.59070960286755,21.146456557930293,21.47565900183004,20.75042145431913,21.739295596168155,22.22427713131969,24.26047920352244,20.604346824437677,19.26879710847859,22.140458090198013,22.232186733873064
2021-11-28,2021,48,20.837300350920728,20.318675111351745,18.787101223919382,21.033603788841337,22.065789638493875,21.071007781354,23.31915204240004,21.5278047705316,21.813607452900207,19.315088367569437,21.95420237784778,22.497507390950247,22.49395527342572,20.339164278749703,18.33206916699723,22.52526410545155,20.618819464249107
2021-12-05,2021,49,20.9906161196597,19.47948932851047,18.190919330295674,19.508668726398827,23.3355260392986,19.761871142737192,21.901048782615547,20.55870257835884,20.555202556916186,19.052210015038405,20.762769319278338,21.17178161703351,23.400640239126435,18.86028189030758,17.574639597446826,21.05212923785245,20.977613622608857
2021-12-12,2021,50,24.29917732690446,22.905447816543735,22.039420226874768,22.38516545437631,25.89767321227304,22.358885265532,24.85412542048418,23.14359297021643,23.132035660417117,22.792392443216023,23.87190569923038,24.459883276021703,26.04326121135108,22.681016863123627,20.878854829240957,24.332393549193142,24.510078935289
2021-12-19,2021,51,23.05582109596125,20.911237513332736,19.94673960041767,21.932286214260827,25.552591524328857,21.87018400116163,23.516738335523243,22.577096093908533,22.638188852955917,20.91160099042414,22.27081830408666,22.456303462827943,25.291629051149584,20.395362198848144,19.357690781290284,22.436511108786625,23.155779104669783
2021-12-26,2021,52,23.754816290954828,21.825561860985346,20.92652366049224,21.87011096874873,25.34653175150704,22.219848753095743,24.26550573232222,23.043867658144464,22.76459503360457,22.13994567708036,23.02420177046871,23.18745677361912,25.353636772936376,20.932857958752503,20.46757832414356,23.18070293359327,23.212107853748087
2022-01-02,2022,1,22.69845055981493,22.16109874151917,20.499831631211123,22.79143500895728,23.87646751347336,22.54625410278792,24.848052472484355,23.62920215656231,23.566788488638142,21.243988936073467,23.575354500972864,24.196988064645115,23.96092350786717,21.24195192848028,20.27169482296158,23.946841626251285,22.125783519282173
2022-01-09,2022,2,23.19871239435105,21.723628770059616,20.40210917319676,22.783126447881973,24.283571758594984,22.85730142728396,23.88266822548024,23.096126903187145,23.465001854644598,21.568600199756258,22.755156801892568,22.682624220526765,24.7756616691825,20.37924448623929,20.44836956631617,22.722464977645124,22.29956576123713
2022-01-16,2022,3,25.93612008849626,24.633202782571956,22.815688310943035,25.28199262846084,27.740424348900355,25.28307951555289,26.886342546335115,26.01329158337085,25.733866077579865,23.91885979398163,25.92273292541504,26.662365707747057,27.97597075429202,23.397786050244758,22.987299582091502,26.27938319465652,25.37528506507771
2022-01-23,2022,4,23.180287274001035,22.6427605970582,20.98375591728258,23.38586252218201,24.307885355635275,23.341031933689976,25.032195355384765,23.220570627683173,23.15706406834074,21.755847412233813,23.887857179517876,24.78663018578789,24.744742592329224,21.95167250457752,20.877947223757985,24.484133640147466,22.597005752219022
2022-01-30,2022,5,22.9017892442308,22.060293714120697,20.694100038076567,22.77053510858899,23.82365245663793,22.591076285068898,24.87618142731336,23.05587959983132,23.16973918384768,21.487929524399163,23.5761891963678,24.27157590716997,24.38929898214156,21.50956511337105,20.183666463818387,24.091268095251632,22.20765281559001
2022-02-06,2022,6,21.160957503349472,21.513584859843952,19.46054342518682,21.91033084051949,22.53200994783821,21.448279853339667,24.65087827232072,22.506302838015863,22.70045410723602,19.766217196349757,23.16661982350535,23.84747285662957,22.726329807148936,20.95153806178429,18.962140482610977,23.73685882329474,20.98078231734407
2022-02-13,2022,7,22.70470162616273,21.034214743673168,19.93823314199642,22.03793363202186,24.614785470404858,21.99177848540985,23.73643421918241,22.15083554354581,22.59679717980252,21.017402154388257,22.429410549675747,22.908964208515503,24.764199109611365,20.613516995875692,19.56904991584581,22.88417127874266,22.54368011649407
2022-02-20,2022,8,23.47010990029904,23.18456915751703,21.61138466764787,23.56158573003042,24.728047199376324,23.57442570346356,25.818531242125932,24.062379704264853,24.136137419250847,22.310782528030856,24.564572980806425,25.215383061822852,24.94116229532308,22.55332227162707,21.14411803815084,25.06948153799994,22.99289411740161
2022-02-27,2022,9,23.34429059464345,23.34583744158877,21.52832274703505,24.62816129695801,24.300183925162766,24.260801055103045,26.12940173246423,23.79867830350801,24.51331643628981,22.240131589505484,24.651449155601075,25.440270333919884,24.53505771592777,22.60248755351989,21.034955758756684,25.273279858195384,22.917616918723212
2022-03-06,2022,10,23.056058837026548,23.051827684902687,21.301267073444272,23.02630337788945,23.75213808416879,23.55165770124438,26.237913915784297,24.122833614597077,23.918329963945364,21.97916671315248,24.68741034305457,25.56766000269558,23.986972195761545,22.567967214459813,20.822003744332594,25.42860037846575,22.48657175280013
2022-03-13,2022,11,20.73150579288045,20.74911125331545,19.024558900834823,21.06380706032117,21.510388304444263,20.86236517892688,23.606206766022886,21.39361865947773,21.593611488603567,19.60557362413782,22.155240573305072,22.83820828337554,21.84363497546281,20.193410479413885,18.14621248132664,22.752936212050702,20.475399066174447
2022-03-20,2022,12,18.283356353583024,18.694887234966384,16.69514902397501,19.411324896982737,19.5553166109222,18.60912082922505,22.59311791689681,20.317819917852237,20.659316621881175,17.107493313144644,20.92833862469826,21.99613794804905,19.818710785574897,18.233947939206644,15.942996834938969,21.733861008735552,18.285112525574924
2022-03-27,2022,13,17.397549113711797,18.11727436214113,15.683762634974617,18.59958125012261,18.16271418875716,18.220182751443243,21.675721516067014,19.442817226261287,19.787706949939466,16.07135189290256,20.03374962497067,21.01561225006844,18.56219860117408,17.466081010148987,15.23563415565941,20.809929702146647,17.273996000983967
2022-04-03,2022,14,19.377670950871178,19.367966896943702,17.63174280236015,19.93711917031379,20.368008509818758,19.94720637077224,22.413278424009984,20.280169450338786,20.753845701012363,18.24287331841793,20.976420195278152,21.69453297278309,20.63628724919323,18.9124794232784,17.032586124597533,21.618644583715152,19.081276660980887
2022-04-10,2022,15,16.915507088296664,17.89585186881043,15.26325966387379,18.494792763675964,17.688203576579966,18.38671964107793,21.276048866027303,18.89777819051371,19.169155674204667,15.675278944159253,19.67082450338256,20.44077804724804,18.20531393110062,16.85892205828964,15.11099624633789,20.313492821620635,16.68008124217833
2022-04-17,2022,16,16.11344786684485,16.352114243293876,14.04411494763636,17.99068511667706,17.58173677711289,18.163238708270253,20.4709863579308,18.09257223104502,18.88092178001329,14.798874578808505,18.530420532061424,19.39976357642531,17.66134563468138,15.47311543606938,14.22919129578644,19.23945010384935,15.84010595517017
2022-04-24,2022,17,20.055878851557942,18.69768637736469,17.204798040500023,19.738064748900275,21.80337371656756,19.47222966300935,22.49546395793948,20.00038412416136,20.32607368480436,18.24741541548172,20.66901754486612,21.92027370242096,21.8998693241576,18.45537275413208,16.480603153290332,21.58700953071132,20.29753550043646
2022-05-01,2022,18,15.846301844681552,15.840105550883928,14.14061368072361,16.34142038935707,16.60238306157065,16.42881577048676,19.558524479323854,17.39525053643561,17.35042937254486,14.737910551751291,17.91634630228018,19.07394477556337,16.789385442107804,15.78327913514512,13.290211979896585,18.8547336294693,15.637045767108065
2022-05-08,2022,19,14.530343698872256,15.382013918240188,12.929311291983195,16.518943612064636,15.568237176919142,15.915339201113431,19.331071291998597,16.71791509009027,17.188466955770952,13.521556899303526,17.609403183346704,18.72372624944805,15.656748486301614,14.687726003075475,12.8791893515866,18.508907180009757,14.34671901628335
2022-05-15,2022,20,9.403833088574109,11.959694919301503,8.404945188004461,12.695152006688572,10.200073720083513,12.60858713675343,16.476266310444377,14.223440488592372,13.958681260536329,8.493629684598426,14.664355833705883,15.87721875285845,10.368027769920907,10.762823559618012,8.87185506159011,15.530501408586296,9.113269700354964
2022-05-22,2022,21,14.413996511137777,14.556561173152312,12.84379240677435,16.26657954142207,16.35957549678935,15.939878693265191,17.99505925804116,16.103110819234477,16.73922478009577,13.572455395997844,16.461958933083007,17.0478240061963,15.940000454891605,14.19603726719508,12.86463295801724,17.110349718605235,14.545539547490945
2022-05-29,2022,22,11.613481571929029,12.406113968475031,10.608131419480532,12.1155689230987,12.172389446939034,12.648029828777338,15.767841091656477,13.855066578109543,13.42474677558048,11.109319094731918,14.396904655555629,15.436413379371006,12.397499516203595,12.585990452889073,9.793290377639629,15.283731148900817,12.076391462367178
2022-06-05,2022,23,12.874787797952404,13.843981443691863,11.302407837696803,14.760651086767515,14.179925356327738,14.606452832657702,17.53332236765425,15.473015034167796,15.853006351250723,11.851644349715038,15.959803861147396,16.935557101936034,14.105743196480065,13.211026325308856,11.092108507496397,16.746312497879895,12.702547492203363
2022-06-12,2022,24,10.999044272276732,11.509301984742256,9.157169051474982,12.812867467602096,12.23593720429743,12.969851890279212,15.331892108083116,13.427748676399132,14.009817843334549,9.965756492083734,13.660686710076927,14.431467336464442,12.171055114867604,10.639449407425047,8.904938548537684,14.317435434419815,11.064127582424092
2022-06-19,2022,25,14.850504009266466,14.240884349036063,12.886564934264271,13.709777960465068,16.547185121334365,13.617978826299446,16.90181148573539,15.066495229795384,14.763758641166463,13.78572402601167,15.857892543412907,16.92579552298286,16.282102715094577,14.424009298023424,11.572520500836504,16.848721799085283,15.56224077120624
2022-06-26,2022,26,13.968809471474035,12.960417949060387,11.398241588470675,13.485802312692009,15.555546168306863,13.92478425837238,16.1476274885172,13.998739870492514,14.182002664778796,12.348390332223058,14.692516501125318,15.6233764016082,15.526136393712754,12.537315959839848,10.522790872054166,15.534135637451293,14.174600144280896
2022-07-03,2022,27,18.64768945603144,16.180357609730542,14.873664858918753,17.637280701171782,20.334919718439536,17.89928078988958,18.403903185452386,17.60056156207989,18.04220712068263,17.018743703818565,17.31814680223341,17.45772551976124,20.90323966258281,15.074589195674148,15.529292172105938,17.627841193615335,18.065539887651923
2022-07-10,2022,28,16.364160829836187,14.770318795114694,13.535953118934394,16.007136093718668,17.668910788925025,16.25236867907118,17.849588099443526,15.972279879582391,16.362981263438783,14.97749983875502,16.46019507156306,17.78488784851732,18.25500741796604,14.593238815093258,12.881342905913453,17.591950054504636,16.279364735289725
2022-07-17,2022,29,15.762161631074804,15.189540323672263,13.811587147090746,16.67558694453467,16.828446127413645,16.49100249522441,17.54333005910712,16.230042374846224,16.875953167618604,14.757909677964628,16.51125232399284,17.595864582575878,17.054971775953376,14.9019940458931,13.130161559027496,17.386687577354,15.641470479836684
2022-07-24,2022,30,16.014510430884638,14.714147734235343,13.198529293183848,16.787134174789703,18.29450750668608,16.941352642947948,17.857902699239748,15.94719470928242,16.981304065122064,14.512157279004931,16.28394366507922,17.188395784228963,17.995141568791453,14.19238475400278,13.26336998136553,17.135177978097577,15.80585046662796
2022-07-31,2022,31,15.190409003691018,13.761496721300237,12.491755621985408,15.250698170491626,16.77129177937765,15.37278075936218,17.107121203453133,14.944594973279282,15.95570813139824,13.860910683836794,15.602750442141575,16.734554678924646,16.684407241556176,13.619494205319368,12.229327855584591,16.705648442770404,14.925119857582445
2022-08-07,2022,32,12.543055453355707,12.728407498107536,10.455322879124449,13.217434612768036,13.33484204374888,13.20537834646159,16.174544200952823,13.636335172033927,14.327753145400791,11.202797665773012,14.507838311133444,15.752766268593923,13.810803400503625,12.20163154771878,9.50373443538268,15.530538342470292,12.475108899196202
2022-08-14,2022,33,13.812110041099166,13.8063370319826,11.59102653959946,14.796557071663084,15.003804636036882,14.66005159068752,16.594969274003724,14.727550381994863,15.390424311277684,12.471594578906036,15.264293330469172,15.904603397107188,15.127459493843284,12.827119336847169,11.319932027254817,15.918004563176703,13.340449154055664
2022-08-21,2022,34,15.96583503860611,14.600801817643877,12.531042458213529,16.19122002805982,18.16915822470303,16.035784727511412,17.439039975491625,15.565492459582044,16.60693228641368,13.895094125691898,16.054178730027502,16.65125482101646,17.967088124006413,13.740947895480277,12.521496142114223,16.6482464627977,15.795091416315248
2022-08-28,2022,35,13.04367463653152,12.657655447785023,11.04459006255352,12.502877291824136,14.808081184291204,13.262370422540029,16.285548946947817,13.446636876936084,13.597573400476907,11.61150315695592,14.34463584206321,15.328848786109862,14.848724002543564,12.691599927403308,9.30233641521984,15.384413194749689,13.344348516104356
2022-09-04,2022,36,14.927150451385222,14.989607700152693,13.148142577910066,14.985364532186871,15.894585615083257,15.768936573308409,17.451550122252705,15.157005357866163,15.524231459063326,13.66690689238172,16.039965275355748,17.037911303281142,16.27247262645412,14.544075356201546,12.060924725772615,16.93158351465214,14.8614015755949
2022-09-11,2022,37,14.348563275281986,13.74197911758667,12.038275452134032,13.37987509653682,15.517456371637737,14.49958440910742,16.36828646089871,13.782134569341489,14.1077719639892,12.7086804645268,14.88580432660652,15.80406528406066,15.87804074637218,12.99285879916337,10.602799636259103,15.683780774678269,14.43605478047682
2022-09-18,2022,38,13.740257118352744,13.87435351709313,11.855985379578694,13.479106800187202,14.938857005138384,14.725794177871569,17.267330328160057,14.3883141316996,13.73061623778595,12.220922202709955,15.42512061048896,16.9250114189004,15.182644387469786,13.380720511226253,10.424419225253017,16.62168893608795,13.79191220095858
2022-09-25,2022,39,14.570626857811574,14.208529667559466,12.154389421603485,15.24571345107896,15.741627524465564,15.992211362723372,17.21627159229868,14.63348088152997,15.291458225530183,13.008937252653997,15.631673049926755,16.50784276694943,16.06192658122442,13.34932648470433,11.337148464665129,16.439589883016744,14.177433349372883
2022-10-02,2022,40,16.681344674207377,16.056074616751438,14.6403062358406,16.395567617246083,17.355630713688015,16.60689978679328,18.38820071540143,15.875441990146388,16.20266009496849,15.463757171673768,17.130154461055607,18.500050949600507,17.82854518466935,15.909037322077204,12.857368853602804,18.211566465941427,16.363766235161343
2022-10-09,2022,41,15.791082444798532,15.970933471407212,14.077029835786457,15.998235025576184,16.50492843003912,16.13180647240029,18.36533952662965,15.939091723305838,16.09002743495187,14.625613755933076,17.061763403426003,18.166869208497825,16.729678663047583,15.513820390810736,13.02924622584182,18.016362205176904,15.600498978339758
2022-10-16,2022,42,17.83383273464679,18.082333887055484,15.954691105007385,18.24316309605326,18.85332728314629,18.54593650960247,20.316983798502484,18.009004022177166,18.190081876318047,16.671184193833202,19.05535405889734,20.202706754689597,18.9354667921324,17.31013000233163,15.00847926607364,19.967162063210445,17.467142749025495
2022-10-23,2022,43,19.94691002844537,19.63871247224462,17.761146407478556,19.61949463685353,21.24947343200864,20.038542517977483,21.812507862947424,19.03723252928102,19.32270476122892,18.48562967656568,20.536174945913867,21.726220848104063,21.207571524910943,19.14760147444948,16.30178154224202,21.425947861195542,19.711412708071684
2022-10-30,2022,44,14.13091891275256,15.44909636959084,12.60124182870352,15.770747457231792,15.020037183754535,15.551288545208394,18.52302055803749,15.523297574179514,16.147669501034013,13.012175012090744,17.359568434876277,17.760186068131276,15.293458372469576,13.812262934377934,11.402387366642923,17.565708035358945,13.620599166402275
2022-11-06,2022,45,17.570810529102538,16.459034060618517,14.625699411373592,16.42448342839877,19.418869821871763,16.865132550321796,18.99262202515894,16.302080441264362,16.606136782995176,15.56526687952477,18.05283888119124,18.43013286590576,19.30122652109065,15.79766682593493,12.940984572137417,18.30939180557042,17.39006334944877
2022-11-13,2022,46,19.80394900259364,19.700321799402296,17.306240481196404,20.20244191516013,20.64800691075187,20.573405473235336,22.06371326835788,19.125792236328124,19.95726858519761,18.345001167602025,21.21871054678252,21.18242197473737,20.99240672174108,18.29506526353758,16.54520724624417,21.203074356347845,19.023156480326485
2022-11-20,2022,47,20.90848903336887,20.67304144434329,18.744564460883016,19.948906938234963,21.751066738724447,20.367498034522644,22.565722045676008,19.44810085197548,19.610186774670023,19.568914350159925,21.88228666627561,21.93442870343149,22.168322406680428,19.25885146231249,16.967609354054545,21.8416031204791,20.290922321720583
2022-11-27,2022,48,21.063984192169467,20.609562736584436,18.685781568579685,21.08725337897028,22.454062421616587,21.55510534313501,22.77892356850316,20.2422425966139,20.74254368615944,19.43820044321204,21.794518856362348,22.68376375080119,22.743391092219404,19.41908925127785,17.668975351977366,22.15224468358109,20.44190036897068
2022-12-04,2022,49,24.241468981886467,23.524910403213013,21.95168247409066,22.663812393233894,25.06500829757363,22.91442089989072,24.487623798603916,22.359306588110982,22.380245832081176,22.728633785140527,24.332192948576694,24.39128224097815,25.50729179934645,22.39326969776221,20.690899689035,24.323678798638213,23.44835004395231
2022-12-11,2022,50,21.7348026805863,21.430183916966293,19.44994566730408,21.08838365049589,23.02722487319054,21.482616922876858,23.422180965412466,20.64543600255793,20.80997860921572,20.375762412733117,22.70876750202922,22.951906484413666,23.169537422739864,20.06298876959767,17.824637940980477,22.716509832094797,21.10891764633097
2022-12-18,2022,51,19.99245020843074,18.806101357250583,17.23121896208972,19.230586963040487,21.77604241021733,19.896985186573165,20.95286203612392,18.27889197461017,19.04130872774964,18.32791641619396,19.930915523710706,20.619465401230475,21.59612597461833,17.687278788317133,15.760654956052116,20.175129354816598,19.341219222770548
2022-12-25,2022,52,21.5645755095218,21.48304690074311,19.710055728665264,20.961366999716983,23.51928584157406,21.31542952057631,23.329654137525196,20.613917955175623,20.597327327541645,20.30352304220468,22.855486601462097,23.35816871766453,23.122732090673853,20.756802868739296,18.182194215135382,23.05012255032235,21.121673902732663
2023-01-01,2023,1,21.06496288294651,20.599198204622084,18.875785821290176,21.088293718440195,22.887700356879467,21.76853656032371,22.995550639427787,20.435857044071348,20.82069487207789,19.83760612968385,22.07545674641927,22.757539191336,22.654435433936392,19.18650747336179,17.924303318787356,22.25565658390172,20.31821286003544
2023-01-08,2023,2,21.659895412096493,21.560320979242384,19.656822080197543,22.196647527671995,22.966037898483677,22.479518473071632,23.93804747022623,22.843199451000658,22.63167933241962,20.412972920120637,22.549922492287376,22.78828783626505,23.070014502551103,20.32321779200528,19.33367729738401,22.761906412949536,20.848281109750754
2023-01-15,2023,3,22.809363778800424,21.89054177005662,20.338451461656604,21.75599210035233,24.824304275738584,22.258889116068755,24.073739727454004,22.35593187604632,22.84725847636184,21.118764599477213,22.96877940784801,23.826113040235168,24.67370689421547,21.242334898724877,19.86111494306483,23.434552985861345,22.125770052166963
2023-01-22,2023,4,23.77302116286033,22.80740955491056,21.181228035196543,23.943775970311396,25.361600131833228,24.121737834876413,25.17732502350654,23.173884384353443,23.47902714156358,22.133352428775268,24.31713519736286,24.667986342849115,25.34296141075812,21.645849512460256,20.46000770292234,24.417501408526576,23.112717669607814
2023-01-29,2023,5,22.056385280849696,22.76985966371321,20.33388540780745,22.89232471301442,23.036612498680807,23.745354255961026,25.30112564042428,22.88346012858601,22.88689506777112,20.931362510397943,24.30921273004441,24.93919501343185,23.41975599642426,21.31433212346695,19.674418254807264,24.439754150151742,21.29791817189549
2023-02-05,2023,6,22.00852656517864,22.052045669637003,19.805642958965148,22.445613612731297,23.80624048556336,23.24220369650744,24.829122393193813,22.05526272166859,22.563754410193155,20.44598975358583,23.915856879098072,24.598193811277813,23.780004974497796,21.03940434035077,18.91997542274455,24.144372335385437,21.550424943394415
2023-02-12,2023,7,20.829683594722084,22.55949370845803,19.91046815777417,22.686475068330765,21.33556783931684,22.93930132631476,24.734650236524573,22.58741314677449,22.64522200041321,20.144116260069428,24.0704752983985,24.30165749418768,21.815347370493825,20.73513607399521,18.96632124101992,23.94343112266227,19.985238783443062
2023-02-19,2023,8,19.14714438636024,19.920468608453582,17.902336625790532,19.7187281378678,20.11096577534933,20.15555504881124,22.30596139757696,19.986874193464008,20.03790377637411,18.22841685158865,21.372406862102025,22.107275371602924,20.296653433656143,18.930420598542213,16.475808067569904,21.613634954926557,18.521209019535
2023-02-26,2023,9,20.634511257844235,21.691025912888776,19.067323070346728,22.1837701641378,21.514927946665303,22.8069922693908,23.898752785285083,21.95346416027515,22.32352049989943,19.59840761877689,23.118318668381995,23.48376690281048,21.870106244179272,20.20097799267182,18.601521293044637,23.19106686885109,20.004794650322022
2023-03-05,2023,10,21.3718518069352,21.5710143280436,19.45513161622854,22.73005724946658,22.45804339422287,23.237406589503145,23.822334895676143,22.250928602342483,22.847708954036584,20.18766192402963,22.949087121476342,23.6707589928352,22.5391827163549,20.330721487959337,18.88088148158879,23.198316439723783,20.786033306481706
2023-03-12,2023,11,22.50391366092088,21.57963965340718,19.920583882369925,22.83658847354707,23.070265645013748,23.9553320404799,24.033457870038536,21.91925455266779,22.680626270122488,20.80352116703853,22.967311489220823,23.167677694253847,23.663686476158823,20.247314656162903,19.020710787294117,23.06160431505416,21.68498917602786
2023-03-19,2023,12,23.335342345857555,22.53873382295881,20.44883342665069,22.111441163789653,24.556628595009105,22.98668962770754,24.7182696873523,22.331281487601142,22.267617302164872,21.3921927762112,24.276288487488056,24.99472738918911,24.84713585680516,21.818921521288345,19.470170922119685,24.618058632031342,22.83803636108769
2023-03-26,2023,13,20.751616813041068,21.242062436492205,18.569093105955893,20.346391333001,21.822624027243727,21.53825617511607,23.59472110181091,21.204206322508973,21.00941580755603,19.26886339048165,22.90093555698147,23.257505457998928,21.97958062514375,20.21715810509317,17.358398235094054,23.092231059960884,20.357851759764067
2023-04-02,2023,14,18.89731511247357,18.31406476909418,16.49731924180553,18.71856255048797,20.312362142883345,19.03318867137227,20.84721678130481,18.498434804445736,18.977402185973823,17.30867540822925,20.02705585595333,20.676235209256816,20.276205670419348,17.49126150375022,15.28042804600388,20.31654999540743,18.5875013620063
2023-04-09,2023,15,20.296440367532973,19.239400962776724,17.498281185248306,20.175503962096712,21.41113426242379,20.61339977441147,21.36587962047699,19.60233358655657,20.21020863993994,18.60037122453962,20.79024787176223,21.135502763835568,21.70733234781096,18.185399360415207,16.648900280628283,20.848767450411028,19.86045997419126
2023-04-16,2023,16,15.78080935950752,16.40960456059177,13.853068482484453,17.26349570779573,16.914175829121486,17.586439434625927,18.96328157030111,16.757477020660005,17.618261004147463,14.342157635297228,18.119636078211137,19.22484081967501,17.069065575433974,15.26224604962511,13.137926994246536,18.527593218883656,15.361016893001258
2023-04-23,2023,17,17.17730173457083,17.28353558572879,14.822620498044577,18.005448115723475,18.126198114949982,18.635511841399637,20.288239103712076,17.464852531730354,18.3008298080728,15.639319177955825,19.26287380647865,19.974367452760266,18.33824805403308,15.95425070214281,14.043826013150143,19.58357047288152,16.562653513288883
2023-04-30,2023,18,19.374741437659143,19.33081481553344,17.308586777261432,19.96337551588104,20.52533218191784,20.24994576330197,22.1862785684124,19.71995240397268,20.1928720884827,18.06533495299057,21.217534312128507,21.94223739644588,20.581563853849318,18.56796957203933,16.445742411603128,21.612406489900412,18.98343528184608
2023-05-07,2023,19,14.482270196598009,15.815199933326577,12.848473549523815,16.555927437685785,15.788960612146704,16.786629635087923,19.755913434153744,16.340268345622274,16.897107089802244,13.406376595169942,18.428830960096214,19.585494506712557,15.760125959241712,15.027065534670928,12.074360360297431,19.05346253053549,14.212443719976996
2023-05-14,2023,20,15.756497122913098,13.172301467293613,11.62062730298385,16.761630058288574,17.89578390156755,16.84686976448756,16.66161049767764,14.766574494002702,17.272279313865706,13.641228227969362,15.284943415489034,16.21280829925743,17.19939021990566,11.75092670084414,13.59090776059806,15.762199179766926,15.480557207148673
2023-05-21,2023,21,17.756920501532242,16.422718523916153,14.707584412836246,17.75669564377694,19.400356738149107,18.52412270947313,19.507589696100084,17.60418048065978,18.688762879418302,16.01764409855863,18.513064992169795,19.19385916074974,19.26056284057588,15.134616414784537,14.74588840928488,18.834167963837924,17.24957009852736
2023-05-28,2023,22,15.159938862578445,14.188590121930089,12.283833381869462,15.307992488145828,16.908713589236967,16.031387014892264,17.436981899050163,14.83058780026126,16.138619226018978,13.415516116353604,16.10584135179396,17.022683769544823,16.710018143230425,13.172401020637272,11.937089334996571,16.645562539595215,14.700570553782171
2023-06-04,2023,23,16.688905814132788,14.584110987466026,13.111265493475871,17.571403316089086,18.9538443019706,17.860180189557365,18.003654435494205,16.1232661948266,18.30469089944769,14.784126604635883,16.672171757850812,17.66704430541581,18.583479626298413,13.308274724241016,13.793890389727556,17.159010793831484,16.1321088419449
2023-06-11,2023,24,11.091028286530092,12.608250258065492,10.326142313000156,13.438643960725694,11.1340265178751,13.707091897304148,15.689529544062935,12.920305121037869,14.198700722882892,10.536479554642977,14.22280225877638,15.718941892896382,11.761441987914008,11.781473561525816,9.324535758717609,15.048914549168776,10.551484502872045
2023-06-18,2023,25,13.44745449547295,11.557234922705936,10.494286246498604,13.913752455086934,15.1691173225928,14.261355806961946,15.639441818259549,13.179032648259945,14.661767549477446,11.736122684081844,13.868167439167635,15.790492057800291,14.94114142633313,11.471973025945037,10.808646545097703,15.04522433906152,12.98910160366737
2023-06-25,2023,26,16.711968104044598,15.33566438007965,13.681440176959576,17.121801059870492,18.63200919774618,17.474045069828303,18.392398467216825,16.72711672398951,17.771658920728527,15.172019409784715,17.004362441554214,17.49747697619415,18.44926536681569,13.85270927242012,13.63932036802126,17.36224393601987,16.1854457418231
2023-07-02,2023,27,16.03312128943366,14.564321777713836,12.663505981110212,15.619272166774389,18.2060686438989,16.274502865903013,17.194112352310047,15.281771021756258,16.381030167618842,14.02570441817808,16.07902240835743,16.18528714784072,17.91354723142381,13.14746500391898,12.203243016220236,16.32703495212264,15.62360790347796
2023-07-09,2023,28,13.425601243052244,13.711925640035032,11.582195278809149,14.84160560014702,14.55323999956923,14.888766790142084,16.860578917900956,14.388423596667003,15.391486506639396,12.273990724969098,15.43913314208324,16.73849365332056,14.677601360906504,13.101262092401631,10.691266615974904,16.253986466887415,13.247771690155298
2023-07-16,2023,29,13.650252445324048,12.740029856848563,11.199755886538217,13.845152681072554,15.372132122031324,13.914582443973734,15.346545022013585,13.103928235041632,14.234308935191534,12.166906345547654,14.264638899105451,15.41580449024622,15.342923903557326,12.18200765997702,10.208823556929891,14.944579495842444,13.685743037581124
2023-07-23,2023,30,16.70716602983315,15.688095104719784,14.226032261734211,16.744020552862256,18.321918481195706,16.900770084278005,17.925938837034707,16.156110099693397,17.042953549065935,15.37584338279355,17.095885599640027,17.276575129629787,18.37704846481559,14.885721876161767,13.618963920131014,17.39445526026,16.52802042884004
2023-07-30,2023,31,17.22284171940277,14.28686577526491,13.255372388022286,16.933287340970267,19.73773043355088,16.726537840706964,16.821398579344457,15.986204622442072,17.37541882445901,15.186412098437248,15.959107919998498,16.24885154605876,19.258413023930256,13.328998454342637,13.999328599956,16.23160835908117,16.97165050596561
2023-08-06,2023,32,16.582140675842993,15.406652915706513,13.57571305780148,16.94467472391469,18.46717611548637,17.377339077118588,18.50461622299328,16.408838223544034,17.25075876642813,14.721761350020246,17.08305198041908,17.637459996575615,18.40374212283425,14.3215201517127,13.185690704755569,17.544422097402077,16.227986461711378
2023-08-13,2023,33,15.753094600741315,15.020499524785512,13.09344724267589,15.877321473189763,17.231892976824394,15.801792852360004,18.42431018095322,15.97282919623635,16.312888149179358,14.110916770617523,17.062355187651402,17.90006001233412,17.241367628215365,14.288256100623276,12.84858290645422,17.664694907380646,15.6356381515287
2023-08-20,2023,34,16.91102282942645,16.36264576535743,14.998140544095923,16.358548188493362,18.375082567301085,16.526551935203287,18.728676556845794,16.394283377907495,16.76860645839146,15.829151974754206,17.898804630758438,19.297449739152853,18.28996080137128,16.033779817935173,13.646841736248792,18.721692301755784,16.791712367631032
2023-08-27,2023,35,14.236188400052535,13.411519764328816,11.374289369202335,14.224436858580226,15.93856367581337,14.3219920677568,15.911012301987183,13.60174658341841,14.545790533730194,12.403247145351328,15.184856161307463,15.457271306019909,15.848894301528638,12.217840603231014,10.694718189395727,15.348418883381523,14.270633666663157
2023-09-03,2023,36,17.649705858611078,16.87637565029201,15.445637908993088,17.33318980818703,19.1367795762091,17.291494606391186,19.78613649373847,17.265798538009843,17.448864924697727,16.458606508102672,18.449651278045785,19.583918343978432,19.06564919644801,16.544832893072684,14.281541772648044,19.151380059303836,17.443254814636354
2023-09-10,2023,37,17.37149290013651,17.101908272009158,15.397540036618658,17.655820301600865,18.45770976562839,17.586035405653632,19.08233820245148,17.116268337547005,17.699416704607103,16.219467099793714,18.439264608771254,19.14901427502902,18.621448052896035,16.54399280525452,14.443461513726058,18.917013511732364,17.01425549861877
2023-09-17,2023,38,23.124168295350927,20.713848535948472,19.90505529571235,21.322453100056872,25.241466465744598,21.086569914946686,22.02850205001609,20.476876671530988,20.915091616300224,21.360213623003965,21.922652318054464,21.635941690511785,24.95404194312666,20.560178275914076,18.835388643774344,21.988663552092014,23.02505546374462
2023-09-24,2023,39,19.88502077645163,17.645664105283174,16.821369336152774,17.35199700508799,22.27764795304757,17.349786445440934,19.818905099140316,17.220591621398924,17.507457992568643,17.937349198773685,19.01128397607184,20.02411561899108,21.888046894294416,17.65879796454215,14.896595982119884,19.58295710912656,20.15302819061794
2023-10-01,2023,40,18.379271537947684,16.8968487802599,16.839930638023045,16.410954479660308,19.64951977281549,16.615230140538753,18.43244783940885,16.171778206267916,16.75036252688055,17.543606786009164,17.690380913044983,18.300183713918106,19.643180618875277,17.627166906929695,14.676794825218238,18.260405904392908,18.797925258261174
2023-10-08,2023,41,16.686948568817886,16.016430642813255,14.920208914045116,15.7880739569664,18.0241524740822,16.135416696123787,19.0801833628218,15.956962739771065,16.116573623948366,15.597793782387594,18.021410275744152,18.758456149191225,18.048068130338518,16.168999185852726,12.881062975621344,18.547228871026384,16.598960848831425
2023-10-15,2023,42,18.41114976016404,15.940729213421786,15.206624912813687,17.196097000723793,20.761039260932023,17.560518644030953,19.00523680083606,16.245510723559885,17.255854253899557,16.488891721174074,17.638203923939628,18.67335410773593,20.41492716962306,15.899833042158363,13.549598534059536,18.312456812177384,18.455700291456235
2023-10-22,2023,43,20.133751788194573,18.62290733557012,17.887617037586118,19.688105943657103,21.110994082040737,20.066669373285205,20.52412375625299,18.519583416232813,19.368551740441077,18.810290559740785,19.653631091427496,20.312027417103234,21.476265699246675,18.45511345284043,16.739627184967798,20.133633947652378,19.61344431031425
2023-10-29,2023,44,18.4516905461806,18.470143929727552,16.716187981450673,19.23056722964559,19.3935882129288,19.4338558692883,21.19537184467816,18.90570579281101,19.433798172235957,17.38335425244944,20.32021191584599,21.161306481477062,19.60906473181883,17.92644982928573,15.785412794249629,20.82222806777506,17.941411459863666
2023-11-05,2023,45,21.51229899883884,19.01518164616404,18.25304518829116,20.10372708241145,23.038369739258577,20.28425043736953,20.75267393039892,18.9717585640449,20.00539308704742,19.62916690506737,20.063700533119636,20.691014406816016,23.16940205161636,18.81906711682529,17.080166975006197,20.514475279358265,21.17601944494119
2023-11-12,2023,46,21.74043950703153,21.2362604893601,19.97480559454836,21.04071781748817,23.832476817087983,21.08857922449689,23.25374421433874,21.105090915630388,21.305774761506022,20.477211367024616,22.499185403600915,24.051681883572886,23.559722894867413,21.92766804727208,18.20621974920256,23.611313075235444,22.189065787991424
2023-11-19,2023,47,20.382650019425988,19.88473049613204,18.551200045456163,19.588401160069875,21.60598404049256,19.70650924770989,22.20914470350082,19.992082460081424,20.28576383198777,19.30058077457115,21.075000135413497,21.85103459114013,21.513604828749845,19.22798979494663,17.224291696458863,21.481058904569444,20.206589679512373
2023-11-26,2023,48,22.32695672073266,21.809703007435743,20.32728000563018,21.480141382841836,23.28583857679614,21.795025924918274,23.06840541828478,21.12844529139531,21.54969105095313,21.2625092929072,22.66017909194484,23.067265418019257,23.389115580260523,21.35940828010127,19.183279543375573,22.97263057731136,21.608212171539144
2023-12-03,2023,49,21.362625883045958,21.944505743380542,20.194547390451238,21.158768006733485,22.36444502773327,21.259944336448093,23.97623993008894,21.807522543374592,21.48681055729637,20.5348644932424,23.24278715719909,24.066943631339267,22.33472832013281,21.6269722928348,18.51074145587488,23.71495959436824,21.062045585755705
2023-12-10,2023,50,22.587838203597105,21.964339839878367,20.55656278249745,22.63269005786805,23.906653729656902,22.608210741629776,23.65974520246767,21.92774634819526,22.04391102221614,21.28130723440473,22.886336335681733,23.00136867173598,23.87913969768981,21.481046849104743,19.499504792836746,23.04400503005534,22.080123850598813
2023-12-17,2023,51,23.65710668428831,23.544929304102595,21.498474638125703,24.34068521005767,25.11948200793376,23.97825097976351,25.81422640074794,23.814058580274708,23.194347560755663,22.143164171276805,25.194140732339964,25.6394491966844,25.208333451775516,22.745708219515368,20.766729075947147,25.393405290965696,23.118202415116716
2023-12-24,2023,52,21.042632722793243,22.735143879075043,20.06526083975845,21.77864073145957,22.09443092205011,22.056447726265656,25.20354681876936,22.431886816148637,21.775474867475477,20.41535209080768,24.61127504621233,25.455944269493905,22.26074201259834,21.788702728911545,18.72846818849053,24.987867478521835,20.536659763829725
2023-12-31,2024,1,21.76716984438313,20.97075969679777,19.12498981506293,20.322591011013305,23.612711300062838,20.82680659496646,22.891070307517538,20.105320434074898,20.44990382969029,19.842243884358016,22.215294376389807,23.050866584572187,23.4367800200768,20.436499331088985,17.546191286276805,22.642331573128,21.179487996988215
2024-01-07,2024,2,24.24894110238997,24.122429913803455,22.33831131299619,23.525292344036554,25.192443870245132,23.80947366122881,25.8436355368389,23.771765354206032,23.572925213031805,23.023201166845947,25.26942407847483,25.63850918484505,25.57773556028094,23.62290879262027,21.051323474846352,25.482101989119016,23.896193793520457
2024-01-14,2024,3,23.136735182164408,23.72953027957029,21.56289206338119,23.78242007181758,24.578940748021303,23.84650264774357,26.15133956152913,23.859678532984358,23.892031253433974,22.086688204744934,25.1845608005276,25.847713760931214,24.580337412108783,23.004242095071717,20.825092955515547,25.649263885856374,22.789111459994256
2024-01-21,2024,4,18.775953716292808,18.764089334748192,16.353682749019647,18.833742690937857,20.44094179578396,19.73511519855514,21.65501853675953,19.21058047505168,19.636477766204955,16.9011251398093,20.551603870474413,20.89804519797271,20.49152472212508,17.610853363508095,15.24615089625113,20.78863835194806,18.43276632571156
2024-01-28,2024,5,22.28092475900932,21.87354314556,19.76614942017549,21.581839118685043,23.802055843135854,22.156147827973243,24.164914017168496,21.659890619253183,21.921951012135487,20.5506407536055,23.50352224705023,23.53087986897265,23.81466397355422,21.02104924590304,18.61341228774587,23.63070826147867,21.588858904542946
2024-02-04,2024,6,24.373460570817745,24.35645738898564,22.31574438733132,25.066304555961068,25.398009426588484,25.340013874697103,26.7890204326752,24.703448392199235,24.991282171932447,22.99568099246116,25.96080578065021,26.238670336268346,25.778155135371968,23.29173299187863,21.795023916543634,26.16408139805505,23.55769615995916
2024-02-11,2024,7,22.4454669927845,22.043047903951557,20.24540032341931,22.505724938142865,23.823986964081055,22.61505311182874,24.61701376445092,22.57653610279033,22.27693961604467,20.86363639552628,23.711279942566183,24.325732639857705,23.87588172529655,21.155221246946557,19.07071676739036,24.076817712205266,22.269887440930805
2024-02-18,2024,8,22.46807897167623,22.62412708603751,20.20237509889104,22.84394205609957,23.24689121091039,23.36103727765372,25.12321970970221,23.022946309671774,23.096418711070672,20.892672534466328,24.06645581794508,24.28651935649368,23.75236426541244,21.234787403192737,19.67912836587162,24.23642411204,21.698400919006847
2024-02-25,2024,9,23.117487449596897,23.31433491310331,21.34780214524629,23.29179019161633,24.22456688107957,23.929833462492997,25.756533831271067,23.10043121932389,23.26674243568674,21.88215887050393,24.782282465154477,25.15821998010105,24.353514050885053,22.327015219727286,20.313925725182862,25.06655720302037,22.71523438888097
2024-03-03,2024,10,21.68503492249792,21.286522518597177,19.989703642126724,21.503888624055048,22.79406311916123,21.82134774722341,23.40098441655017,20.78283339661437,21.34243218166254,20.571094423901243,22.44573095082205,23.589124515050184,22.97065155846732,21.097418373358497,18.346083995779576,23.11756515876188,21.532680420220053
2024-03-10,2024,11,23.973375948853164,23.87355291309641,21.452422320578304,23.68497848084995,25.33099168711111,23.54868545924988,25.82076848422125,23.48571128746132,23.343993198148425,22.34032105380424,25.2932724560494,25.580730792968424,25.36639013621798,22.67314736834617,21.135532998544743,25.49609341033517,23.543680293862067
2024-03-17,2024,12,21.345187863481247,22.798415453449245,20.007543930673137,22.79780052815165,22.33066711877559,23.203190183700897,25.675695663985987,22.39599717127812,22.568766460493357,20.35526200220475,24.65286189322864,25.393029734773457,22.611519561310992,21.787177829342397,19.13972116211643,25.12437516975776,21.02882608956083
2024-03-24,2024,13,20.92299963854148,20.853570974711925,18.466325818699023,20.92230175222669,22.805812955696787,21.493546820975634,23.61590813617317,20.474142386201137,21.08160515634048,19.18246103271725,22.467308485353147,22.8655164466714,22.600848682138448,19.779515697024863,17.473064486246972,22.793096198960995,20.49985792309126
2024-03-31,2024,14,23.016874833763644,22.323540359163587,20.41550718035017,21.84428011093821,24.57591915060025,22.263520800469003,25.08559005670575,22.03147653455858,22.10691791317934,21.45065711400104,23.941917724939653,24.27908022384438,24.52424820233496,21.610782013422515,19.230543338313385,24.284653934247338,22.41180727231213
2024-04-07,2024,15,20.80703748607268,20.658953096312494,18.48175425432166,20.61292598644892,22.162171912316836,21.02664344497936,23.43886892024004,21.33877575663777,21.24631144249276,19.298347627084087,22.392892817707807,22.754064469967247,22.17191775885328,19.636141541544795,17.736672624511275,22.62312289273436,20.245721391590457
2024-04-14,2024,16,18.392597428006404,18.333203453499117,16.206216757976595,19.919961574531737,19.52971281253524,20.469487024550272,21.651866262230165,19.87936951278092,20.29738106233033,17.01508084083703,20.269283559724883,21.373035369214985,19.701621082298544,17.633959129765234,15.739766397754188,20.7307702417243,17.728382865694975
2024-04-21,2024,17,20.36285806653429,19.48111731004613,18.033387938958946,20.40831915963264,21.54061554344737,20.638729583956252,21.99654117061515,20.677093715915436,21.002265045554207,18.906299670447915,21.11147665709128,21.459186682482613,21.65585337274323,18.93307270605573,17.335412339973498,21.291000802922856,19.77650444334087
2024-04-28,2024,18,21.544212812622543,20.98120208386419,19.701872302244062,19.70727130912599,23.086143894604984,19.693240216033036,23.01264857411732,20.83876885352197,20.389548935302315,20.286402445408036,22.12823485667571,23.256629164970786,23.131223303010565,20.856714364517146,17.99099159171799,22.77318950735193,21.249394002307778
2024-05-05,2024,19,21.48846195962285,20.972746291394422,19.582259085925152,21.091116699434465,22.590051258519168,21.37374380472544,23.549433672045826,21.66327640483906,21.435088921899663,20.30572943585528,22.694050343831385,23.18104846008383,22.737472112574636,20.71637492147792,18.53983822158376,23.0395805000559,21.15361123457752
2024-05-12,2024,20,15.547042393776442,16.613303533749285,15.193108250212648,14.81869065903482,16.059619747559996,14.864936909620363,19.035947849729663,16.391091569677574,15.687143222226553,15.16340329059734,18.26237716757373,19.271075431227363,16.281544382507736,17.256466020932066,12.938519176647652,18.918014000073335,15.975930292972658
2024-05-19,2024,21,15.136197073579297,15.455060004171278,13.8044585267738,16.459908227125805,15.702278684281492,16.75568124778482,18.502259326745747,16.745441258913512,16.821116090987292,14.23342220453363,17.279497509910943,18.64390330430311,16.040983129192043,15.265105620362704,12.823598831597652,18.03403604100595,14.979546361213744
2024-05-26,2024,22,10.196597705629957,11.869090756881974,8.962121452815573,13.168868353679068,11.186749490078604,12.970894248942765,15.740486417497907,13.87918345909614,14.078325116704354,9.2938780358189,14.313075888827765,14.991965932666131,11.224244398960275,10.706734378393527,8.779317386005047,14.5174679765496,10.021295763732931
2024-06-02,2024,23,17.67352073870724,15.159529912192175,13.826789891074585,16.306909849955925,19.44406678816021,16.441133143818973,17.917389449850813,16.54280532316728,16.853581064134662,15.457957330517075,16.823066438947404,17.32712331679311,19.24485781294038,13.92676864785548,13.406661505068506,17.17765957408689,17.220522111959536
2024-06-09,2024,24,20.249344380205663,17.731633729772017,16.07094346683641,19.3958631668772,21.89986460478901,20.17046215543416,20.20070271172259,19.25780536552528,19.59587658734704,17.966775749343856,19.41697682384805,19.15098028619977,22.009364304855524,16.224397489474512,16.318818432599542,19.410801366817232,19.310972751632857
2024-06-16,2024,25,17.968783021433474,17.636009972232745,15.5176468470928,18.183224239519664,19.125449459434524,18.42800825995368,20.07337633583358,18.555957242792303,18.57986061260425,16.569064672403584,19.33556301315109,19.17714287714174,19.419110916756296,16.6904982029802,14.874115979749016,19.418408712995497,17.578525259167037
2024-06-23,2024,26,13.5815410963817,14.287215790514752,12.288594533409178,14.31362173741772,14.45307532069773,14.383448608133326,17.58790504133041,15.332075519066354,15.113771705011567,12.773439005335756,16.11199388215036,17.0921789320974,14.743652148596569,14.02636935789216,10.567524070482431,16.788001101544225,13.62476055063006
2024-06-30,2024,27,13.28757160203951,11.842971872419184,10.815948578353042,11.474340244063308,14.148880764080983,11.470695829452849,14.396492554912069,12.8199365266577,12.534130638592863,12.183281281935754,13.11635033743722,13.588931777727892,14.356817582399229,11.496552059760807,9.909067346744726,13.748649799660464,13.167254906780316
2024-07-07,2024,28,8.675230671847034,10.73759196155361,8.32659374472306,10.357130291206497,8.265722894562693,10.155986329303284,13.545548578045455,11.237808990230809,10.92317685595697,8.532958238277713,12.323848309042132,13.293285518964987,9.11551589717276,9.992664208278196,7.355871085573811,12.8710444930015,8.728040478621532
2024-07-14,2024,29,14.418247786267846,13.797701592638548,11.977525200797269,14.303617452581724,15.06681515886376,14.320878025187488,16.174720728015068,13.804782228593702,14.382398971139567,13.043939238055888,15.19738970917541,15.439894369027686,15.354903793703176,12.815468221678769,11.196718164134731,15.498005999511,14.032126426054145
2024-07-21,2024,30,17.753764258081542,14.699409473171112,13.380535794658371,16.83720594218799,19.134991303450263,17.00781740952029,16.53011082351729,15.48304921088281,16.665622431238102,15.613837769919224,15.990861478202786,15.42361531553243,19.14014445308553,13.172963247687909,14.49566562926445,15.88712253122647,16.91473882153349
2024-07-28,2024,31,15.991128296772333,15.253538836802502,13.065245398188864,16.067681612712995,17.594385118152726,16.41629033168464,17.354444264670505,15.486638234869226,16.096523453811376,14.110012377877338,16.658516846693953,16.408582234961003,17.5244537835876,14.110563295180969,12.6096496993276,16.72861392997249,15.471779837441249
2024-08-04,2024,32,14.946941650665558,16.286679643811954,13.902987335673878,16.37637702836877,15.394077274906998,16.34292412049675,17.367684814742283,16.167854591964126,16.661577180407054,14.261113918270116,17.390767352611988,16.741655647915326,16.06990690857287,15.095780542635568,13.35161826731756,17.223535164461676,14.419446100764516
2024-08-11,2024,33,13.788645359540077,11.305996581435458,10.6764441911584,13.371769769560723,14.933042192000268,13.18978782172676,13.318626781941852,12.695508264318688,14.020993610650825,12.297631028532578,12.791489116866869,12.488115110808623,15.101452462461465,10.964817527918935,10.711618864229,13.037585110113811,13.458695384691348
2024-08-18,2024,34,19.503474002332453,17.471727852628174,16.20229479900587,17.92184626275585,20.724081479205985,17.843056680613042,18.20829403157137,17.2323750701508,17.819480721497953,17.71148413748253,18.19493245294084,17.875218712737297,21.03133148484248,16.853385499026594,15.806924716560736,18.28810088461859,18.96231182598361
2024-08-25,2024,35,14.196098876275611,11.700086417991216,10.503702656822917,13.358856961840678,15.45823265233806,13.823453775550714,14.164167329104233,12.491448644662832,13.659694570384614,12.044850514361508,13.357198953834962,13.292288735227764,15.77951220748047,11.076449121747698,10.425060642854016,13.632807492743266,13.83657200574232
2024-09-01,2024,36,17.03929479149778,16.15337821262986,15.053433992424788,15.911662562972024,17.770189348809552,15.8939179048575,17.601697173827592,15.837462224341056,16.219185316865925,15.774283481529244,17.336068591823828,17.456170862254428,18.03497993071567,16.540621295954615,13.889059646995172,17.59188581119545,17.120740895001394
2024-09-08,2024,37,23.053999548559798,20.30471737095034,19.98416364478557,20.17741063521022,23.47529837539865,20.9375327121337,20.45940582119689,19.978275991662755,19.91793412471704,21.634961336884643,20.9303328790706,19.8839180964344,24.12759187875107,20.24201865775528,19.56288249783848,20.69406631454796,22.343577591235423
2024-09-15,2024,38,16.290200952704193,15.405291560362144,13.75015013177731,16.35495014417739,18.044591934040334,17.078458940660628,17.667251817686562,15.661074887065144,16.31167037333061,14.47746899318373,16.571282076319573,17.17886084944733,18.000962528943095,14.497792573422371,12.7285802270728,16.915756673495597,16.17629146190345
2024-09-22,2024,39,22.371178872490177,19.5576525314022,19.246633311341903,19.871965824138552,23.420902158312234,19.890537583536467,20.6589670987588,19.32699595760989,19.703903533241284,20.524938717467712,20.293855541609062,20.236423254655698,23.819900328588304,19.720764690017248,17.98885932183501,20.56600214777161,22.043477488335256
2024-09-29,2024,40,20.24172657336968,17.599545020792785,16.990786589239168,17.98944261386281,21.909816721472183,18.451584588913693,19.648713962677267,17.334265578629136,18.043838278888025,18.14786793544671,18.77340893683496,19.356965923566374,21.999752709304047,17.481402682088135,15.280583365800378,19.235823851508872,20.276812710209352
2024-10-06,2024,41,18.17625840014012,17.743420411274627,16.202660959594105,17.817942213444482,19.62589576630836,18.264028913726214,19.7180685427029,17.521193932372256,18.003824221877906,16.757941542647956,18.90511083561621,19.70797614202988,19.4950211830581,17.1797992965191,14.973227816586087,19.312314363841672,18.084777567264524
2024-10-13,2024,42,19.352993444739774,18.790903182934592,17.13902897314361,18.984640101591747,20.411430915137917,19.364321972565914,20.66625651256684,17.865799902878802,18.716072881291755,17.701474575948126,19.74530914769028,20.263798660987792,20.69323748879451,18.143699591651377,15.801707235137346,20.041241642080404,18.91708272872267
2024-10-20,2024,43,20.809028152946954,20.85479105764361,18.91405250461311,21.36780443503743,21.812032619112077,21.869736025845835,23.092548854149467,20.47394839249648,20.752298216997065,19.33783709319021,22.166245037755925,22.898645990942363,22.09763806575053,19.98541659086081,17.814268970971966,22.491558382889064,20.14684464346688
2024-10-27,2024,44,21.76884265541264,19.830062963306776,18.350510471567397,18.98498010777292,22.777140232653725,20.48310723053136,21.700487003382023,18.632452002190924,18.685867917047787,19.3640928600985,20.63730658989448,20.927897630676107,23.18744146317589,18.90734115173376,16.579662934581048,20.812679884251786,21.14602226581213
2024-11-03,2024,45,20.850467267030304,20.664005178886686,18.962420925590564,20.737881041708444,21.96172727222005,21.63398134877169,22.70547608244871,19.93865463900876,20.17833496306507,19.31805069669159,21.75828378850764,22.211081684760327,22.21448636147046,19.87755999925536,17.577862223324445,22.05731776362529,20.26401498696875
2024-11-10,2024,46,20.10210858962404,19.212017352647116,17.556350173628637,19.170099691266103,21.37323877389655,19.44427621686781,21.080076595784625,18.521132196203453,18.77365952881815,18.21999811241141,20.338076577454935,20.744810938513822,21.651443724466567,18.606570103067536,15.844508166831249,20.610322090044413,19.638314324247872
2024-11-17,2024,47,21.60267250817101,19.802855800209777,18.80764456649956,19.20247887429737,23.238093869585537,20.13473114666638,21.435002023902648,19.120415799029463,19.230809399293125,19.722203079841535,20.45066802202365,21.62880781076025,23.31027553624628,19.653278915788704,17.077166934554416,21.164685732697787,21.300747751868315
2024-11-24,2024,48,22.65309681395306,21.643429220358197,20.225325245929167,22.099997389884223,23.87749991003978,22.54130746652414,23.048768396627803,21.094041626670144,21.8016469753885,21.100054174494016,22.599646752427663,23.015781055563547,24.10786215587012,20.821276326211585,19.206171501231346,22.823262813739817,22.00540223083085
2024-12-01,2024,49,21.22748327562094,20.56733567882448,19.333296799934743,20.754881064097088,22.079295106855348,21.145656065284207,22.73152722283633,20.098345720860863,20.447522919238665,19.9650104810202,21.79402046864167,22.1966706761774,22.479517437776543,19.96800243066713,17.93520938502941,22.01418290259553,20.552361547464947
2024-12-08,2024,50,19.909643197765376,19.296531378841603,17.789283042474455,19.129679940995715,20.972836763394664,19.422068996012136,21.39720958453921,18.659227038296788,18.715328653264653,18.335423856806027,20.52593772937725,20.6713880592922,21.290437956114072,18.357053856723244,16.28937772026237,20.58002031106072,19.276451517629493
2024-12-15,2024,51,20.532081532815862,21.49530064678396,19.27318451821328,21.810391602062044,21.70376257116401,21.305032952258333,23.904301184606968,21.018710365790824,21.59531723403184,19.316088560595688,22.39092975137553,23.62288482491218,21.91530642086014,20.50789308038492,18.051809541118256,22.963826924154205,20.035900853714857
2024-12-22,2024,52,20.602297072244887,20.642908507064465,18.9184974452089,20.3269309543428,21.87188101485427,19.885781458752803,22.28712272644043,19.49286203211004,20.19167605958106,19.12970282873233,21.107911855524232,22.03117329476657,22.056100541560344,19.98817529100932,17.471142859149914,21.62892043380588,20.13482652520234
