Semana,ALTO URUGUAI CATARINENSE,ALTO VALE DO ITAJAÍ,ALTO VALE DO RIO DO PEIXE,CARBONÍFERA,EXTREMO OESTE,EXTREMO SUL CATARINENSE,FOZ DO RIO ITAJAÍ,GRANDE FLORIANÓPOLIS,LAGUNA,MEIO OESTE,MÉDIO VALE DO ITAJAÍ,NORDESTE,OESTE,PLANALTO NORTE,SERRA CATARINENSE,VALE DO ITAPOCU,XANXERÊ
2014-01-05,17.958094099773863,18.69361701753856,16.293175462504458,19.43679642819223,19.688129121510745,19.430134009823988,22.262635155947496,20.27494652388932,19.889831721199464,16.62379137764363,20.843699792143592,21.152546949463712,19.74484632374237,17.039993932231123,15.37392099573939,20.900779808104154,17.793052151518047
2014-01-12,17.48261870503272,17.98664275974607,16.11901983965152,18.90497270936057,18.509567146385976,19.25467841566913,21.490808942922698,19.681972686965747,19.854400113137505,16.36278783081621,19.83007980941177,20.75659335719929,18.85558622684258,16.72604135680114,15.029804254319114,20.1500321255738,16.954800677749347
2014-01-19,19.59008094979069,18.87352650862004,16.47650683275238,20.225485509350182,21.82585407768153,20.610448130309354,22.999155178014465,21.40432158928413,20.881579915138143,17.494563791963728,21.26176593830059,21.499040883827725,21.708452055353,17.000956154548938,16.926927863589487,21.37096952598856,19.26599770286333
2014-01-26,19.3674173146448,19.721456893217336,17.016130140637973,21.487295495612283,21.087356989512525,21.041093427395424,24.12918463392786,22.1187741732907,21.93488506421651,17.686501940136147,22.809407235017588,23.04175184357841,21.121200535748457,17.736608932836283,17.576625669815257,22.621234565331743,19.31837489598524
2014-02-02,20.73110191855805,20.655720682286503,17.68587616300202,22.547570178906124,22.71081757704299,22.77237113500961,25.115650655229302,23.29454557344511,22.67387020797879,18.52351748849464,23.62424268516111,23.665955432984383,22.406274141952338,18.411862688098537,18.375124129293283,23.595550775994525,20.81244885375236
2014-02-09,18.308155722599693,18.4468901284468,15.857610119901723,20.55694260909444,20.09934615524145,20.632370346147887,23.609483985789662,21.48480933548568,21.130543751725945,16.520428629103876,21.11976716838357,21.99483235505713,20.306044518717464,16.709394412310544,15.838705055054858,21.73321844500338,18.183675539140108
2014-02-16,16.428043696871136,16.603861741673974,14.496489271825672,18.3515473476478,17.994329932528366,18.40064070737193,22.136892591203964,19.73800171938809,19.49389692668579,14.962537972543586,19.337189735478653,20.969249230510783,18.12120611327035,15.30007664809172,13.359468717283296,20.3771984525856,16.268300329578533
2014-02-23,17.033338387193517,18.132412817432428,15.55668620758598,18.96518052759625,18.335997678896483,18.621434011668008,22.350921297212384,19.84429911229517,19.38489711167994,15.856929035637322,20.694859504699707,21.53823817579573,18.39429107596055,16.792069043007398,14.67052618402138,21.198031878984605,16.896737614731908
2014-03-02,16.14144150722901,17.397628207704916,14.728413036045184,17.970816277322314,17.40571416633205,17.672761516988356,21.411638193158296,18.82055924353661,18.919694628967463,14.804393340819866,19.69531419101732,20.137400988298605,17.72589885129892,15.981531965152332,13.393987675857268,20.119362370142035,16.12508575485723
2014-03-09,17.12508432960265,17.9212702083181,15.26855930905482,18.796096989086696,18.35647848568344,18.848760792647543,22.04086946537474,19.65465572505802,19.692657675061906,15.607734215675242,20.3281023925517,20.75932532564971,18.50379165627321,16.333348711253063,14.654573855472457,20.721691799723704,17.00445076140432
2014-03-16,17.460366924143514,18.38367442535693,15.925756660518967,20.09647924701373,18.81682674978328,19.763544476630607,22.508087046987463,20.23038365500314,20.81671078937628,16.321636289525756,20.733673816532285,21.383984537458804,18.91985158294324,16.729468544528658,15.375889047545945,21.172593081300736,17.184390821868195
2014-03-23,14.300322634526356,15.17091046772532,12.749332548139789,15.354893201873416,16.047685176332646,15.638949665477073,19.23455749934338,17.082457178041533,16.656922993128077,12.903599050369522,17.601671985939984,18.5192524699188,15.949466309492191,14.02279562585949,11.291824651206726,18.206485011106366,14.545689434054086
2014-03-30,17.013996217548463,17.87051814095552,15.739229881350932,19.13157819566273,18.0937597146306,19.40509280642948,22.501490256529163,20.269941080762194,20.14355185913713,15.844535047747822,20.486178034827823,21.338453542190106,18.36868326268141,16.723488757107443,14.697520637420308,21.09144226305639,16.582779016134875
2014-04-06,18.090047421449245,18.24410396191612,16.03129714002838,19.25092536636761,19.53419988972448,19.08700251487231,21.561217260777777,19.626459526458344,19.92864919875232,16.676455540115306,20.143517471907977,20.00833073202169,19.519683622485424,16.79194492571053,15.06094776719658,20.3418213122045,17.87439504016763
2014-04-13,12.728026055000925,14.10088786311241,11.702938586394133,14.400904917291234,13.574924929242592,14.423299059751258,19.62491237317856,16.56598554536894,15.78015624473706,11.780338592148471,17.34089919746696,18.790700084758253,13.87870452026603,13.608989823888214,10.329476702158724,18.346434400972782,12.504879894924937
2014-04-20,13.842324049469742,15.54705772674414,13.495217183679213,16.00482295027801,15.063149251027252,15.40066585516224,18.65306311793647,16.537597941609175,16.649797250146737,13.233106677255964,17.146769498024156,18.18821669396043,15.056676220249486,14.561128824277032,11.47636112710764,17.773012094068434,13.83653857637287
2014-04-27,11.938687480401196,12.090914371171232,10.171596707976173,13.17232208805425,13.5576692767535,13.477979925148274,16.27735194659442,14.625075453968792,14.689236572810582,10.727259025262631,14.532723587828798,15.425677151692843,13.40988346876785,11.22384461197968,9.26983159319575,15.272425729934485,12.01539623512412
2014-05-04,14.052533105533556,13.830889928061318,11.286630145934376,15.904918693360829,15.707338016179648,15.864155758301726,18.82523316197076,17.05260690243213,16.725099839809587,12.355928280222134,16.652846690586635,17.59585910087647,15.870863432589642,12.056894164430703,11.352658977453403,17.185161676425523,14.192590747560777
2014-05-11,12.125996592115404,12.937093078454671,10.659622197460047,13.363672633611024,13.894781621626622,13.38050734705293,16.916373603197993,14.551130051303218,14.732928065637786,10.874454060877405,15.27670630170153,16.218579207469187,13.580084893694258,12.065419088015693,9.267091352030388,16.000848350226295,12.328435269970134
2014-05-18,11.242253882237536,13.100836903809991,10.038282801540108,13.4486580558476,13.57551771653837,12.63598676046963,18.05913211722416,15.670493557793751,14.823120846440414,9.664479937676774,16.316406085274437,16.72099439924297,13.355979607832476,11.951499503829709,8.928824650124163,16.796473652416015,12.254202418250214
2014-05-25,8.503041846104724,9.81796180846086,7.936573315639886,10.319744050857569,8.451320914318611,9.567935304445344,14.437905478407968,12.1428612533173,11.974480322895683,8.024241277954307,12.852193587166925,13.97973282189382,9.01502820653805,8.97642382624407,6.772007453128591,13.439023710276985,7.976726174675872
2014-06-01,9.69255114061952,7.842222842580474,7.010850334812712,10.539568073337987,11.921238151327229,10.819535577926242,13.253876526223674,11.618425326656986,12.18621009343291,8.082064365576304,11.228553489998822,11.93577901308106,11.51318961059725,7.05614442201674,6.576930809038227,11.80361134338752,10.072271404722631
2014-06-08,13.19646477116274,13.412691711616922,11.648620097533517,12.9955918717952,14.2987983119126,12.819433948094629,17.721970460852795,15.057114228583,14.551232178850416,12.068420924807828,15.957250231788272,16.989365261520017,14.392852326617737,12.748889117548485,10.282053900580612,16.770774598690863,13.152859733111134
2014-06-15,10.14026791156489,11.133847957353856,8.641092627367936,10.734763449856212,11.45041405492849,10.315279966155536,15.255786481473606,12.413802327985888,12.294280949170806,8.754063959867263,13.507095724576478,15.168568130452035,11.6069170853346,10.44907746458412,7.1765462687664,14.66070345749827,10.235788982672831
2014-06-22,12.911311563224254,12.88285499874717,11.098909294594678,13.734632586439451,14.44431042053539,13.510861455090104,16.93327566208019,15.160675366884703,15.206952830816672,11.591060001482711,15.275766187725646,16.47096129826137,14.42974840996348,11.797343413538268,10.156821360389344,16.0864908830527,12.866447643771007
2014-06-29,10.81886777300939,10.666862752010571,8.421107583481755,13.946855988530888,12.023542632887224,13.890538914016467,15.47638960690957,14.228899784583549,15.0375620623624,9.503714998473736,13.33700677017113,14.223773086167409,12.211389534261697,8.720204550803864,8.999465514826102,13.9160329339089,10.175218835191906
2014-07-06,10.850077076768322,12.493988176907049,10.272588923851156,12.664729689558348,11.566434213975729,12.060562227683638,15.91440062898241,13.770243825293209,13.800836095604645,9.982348703023955,14.257248988296046,15.077527894485351,11.844778357325373,11.484306782094867,8.73100009644586,14.907110874900145,11.155845874082049
2014-07-13,10.951298465446463,11.028133174376702,8.9907599060326,11.121227276467144,12.427162942667522,11.99653393237287,15.536299275934867,13.450540213027558,13.194362294417305,9.32257845934116,13.631148486942442,14.488750423703872,12.518535300571486,9.52249336846506,7.8941179934078685,14.235353199236547,10.727102841167758
2014-07-20,7.998922939619656,7.4880295390132146,5.546493980031999,9.743688890621776,9.462330344692148,9.412275192513585,13.435936271622996,11.663987639167091,11.8038263675518,6.3867882079160925,11.141646923544087,11.697554068423988,9.552515605241634,6.137406378854722,5.434858769860448,11.70339765940627,8.196498392084537
2014-07-27,10.633927708273536,10.396450305544237,8.176236529422209,10.986815085368496,12.242306257864886,10.615482431274277,14.683589134549957,12.381299633422456,12.56562813037529,9.087720774558315,13.055816610344564,14.038235867441182,11.99899963982777,9.497107793655516,7.468726468700813,13.762130942596611,10.72497022087683
2014-08-03,11.65498247293892,9.44544855770526,7.810437791836188,10.989244883968716,14.701715403711416,10.670717323762265,13.453083953078911,11.682884752347872,12.68469226173692,9.4925065728489,11.694985358333174,13.008530325645385,13.512851746846348,8.79809072086544,7.208482931964629,12.6886543770359,12.615852277233916
2014-08-10,9.468365737983772,8.809581986495427,6.976185836301193,9.62995459103868,11.104369511787844,9.391681654419523,13.316586915675128,11.581075488870797,11.743649128015262,7.887603389298285,11.36585304045574,13.105652865052546,11.127667965691064,7.975005038368591,5.886632232831433,12.481395384570156,9.563664835418331
2014-08-17,13.113082653767352,12.620297102785822,9.560694283685963,13.86564502829597,14.777237564612106,13.601205867536589,16.495912240476024,14.514277262006487,14.811826312145376,10.471605939725656,14.708774758210945,14.994663939000462,14.79178226776565,10.823134228321797,9.910129210771466,15.125608138142267,13.04085230698804
2014-08-24,9.797391428143516,9.577347624848391,7.128493297808765,10.77523198085172,10.4654748141545,10.589093331664683,13.835352436099036,11.854305599881457,12.280542975069258,8.009805992363008,12.322896626707797,13.228666163519064,10.588101352043594,8.13238025872095,6.511165346877599,12.800937744036112,9.75464259067957
2014-08-31,12.92891819780858,12.624043663935876,10.50089269077873,14.428916772206623,14.924744830495072,13.939051521944416,16.898987525406106,14.851542643262192,15.38042480558332,11.326770440263608,14.671303508808084,14.520630976581828,14.658293215004171,11.438189698058151,9.93425488546652,15.065569976537894,12.949111679493576
2014-09-07,16.063567936036883,15.170596727176006,13.288876432386669,15.248921512138276,16.897370483855862,14.98474496303838,18.573412264053747,16.556914344886682,16.30846403909523,14.35564874288604,16.830936661427156,17.541432622308037,17.17441714592422,13.56311870517587,12.617676770994388,17.402430595950374,15.972721454589513
2014-09-14,13.929515591919651,14.175084100857472,11.791813894617103,15.376927890947888,14.763325364390274,15.24829233751334,17.6366042534742,15.989494704209362,16.224102026795684,12.492296448708654,16.033649810361656,16.478649710066556,15.06623159688412,12.698381478483611,11.027346122583635,16.41217191998506,13.581256261733024
2014-09-21,12.562429189988851,12.837540465123109,10.49943416131315,13.424041601164,14.002823957419237,13.450092274556594,17.307538221598364,15.200801465418431,14.822073064438284,11.349399331986437,15.40823606185583,16.05859921756138,14.130310272157883,11.62846511722696,9.43256252399556,16.05440781214466,12.198648913851326
2014-09-28,13.199881786852115,13.282987390245712,11.490330585676055,14.71444955184346,14.630636157325952,15.187869476995877,17.131317141452268,15.27573314443811,15.64896044292562,11.996726321691334,15.145380115096186,16.38692878712862,14.545987070297183,12.708352170822693,9.961464258711816,15.91997369254872,12.921141251720831
2014-10-05,14.740781577857769,14.55543814945831,11.894984347268132,15.730805676607858,15.937718780370751,15.810056698675169,18.60495283721835,16.881405167517727,16.692057843777533,12.874117786355978,16.586867159888858,16.546342410167274,16.02304888968302,12.4770204221773,11.711070962481772,16.854933572608665,14.382508730952631
2014-10-12,18.395971206164266,17.931478586786593,15.853317062306848,18.045096346310206,20.194625246004207,18.09083000143829,20.755989691953964,18.98092773734749,18.545235705702275,16.821019705824966,19.585205333263843,19.736138528890685,19.81507494090607,16.768093307262642,14.77163216649007,19.76510668267476,18.46971628993669
2014-10-19,14.334149706777918,15.001508735644537,12.648610024507214,14.716101917482556,16.22242312992528,14.86195586915182,18.58031307643078,17.123650264987695,16.21864206030411,12.949519242156878,16.959520132717117,17.091627416585013,16.0101399136326,13.678080802950689,11.241512837337604,17.23624899056093,14.401578423147894
2014-10-26,18.1754464698114,17.84947340320677,15.28665372303554,18.610550351086115,19.39525400383397,18.37973469227284,20.0658886689834,19.17091922413219,18.714632069761272,16.401867219111782,19.351114327566965,18.591206420785333,19.767097139910845,15.69743970660386,15.038217599235136,19.068008387392048,17.81230254571714
2014-11-02,17.125966831830784,17.771426219167484,15.622492065446613,18.194537334498907,18.093801909954266,17.92215869172046,20.70714955010149,19.04806794401887,18.55159567573532,16.217023725584735,19.376740970033588,19.666137794278704,18.352154434417667,16.498544234082217,14.25410664314191,19.654270674151217,16.78640936134318
2014-11-09,14.76242546439938,15.389045380834323,12.597726990294436,16.078904919681097,15.746054824416854,15.960122588365078,19.146782791649287,17.644300302282556,17.347577567203174,13.138196541836612,17.488413150176342,17.652478327327017,16.089927272907097,13.788098112226336,11.457232412215571,17.847329873161538,14.449595333752285
2014-11-16,15.559308851087415,15.692260352279078,12.93087795527508,16.425083234196617,17.25955208172011,16.571387882551786,19.288638476380108,17.856762353475993,17.61988194068118,13.67919663315549,17.49242573279839,17.113076889932636,17.427529526493267,13.698540425838384,12.397656652445509,17.602431019224998,15.16714359165202
2014-11-23,16.992184226577347,17.747360883745305,15.21782248106908,18.129414453392936,18.43698838796552,18.12043030443032,21.51878926357792,19.652895192233,18.96927131645367,15.807511326432628,19.794869696216665,20.055574314292222,18.52149062911516,16.38293162814987,13.753574678737612,20.129406628543386,16.84515642284383
2014-11-30,16.694632595263545,16.775420326668062,14.690361033949898,17.91839129584176,17.709020388735212,17.782482605029564,21.5244627471568,19.58331205789145,18.40418119859789,15.346268388364123,19.267278132087743,19.66114514471707,18.07911783203655,15.702282110787117,13.243955331778016,19.71015824170496,16.236846882699314
2014-12-07,18.60400560248926,19.541690428882266,17.02972843124471,20.09153364385877,19.70699130085819,20.07720904307322,23.3383829433786,21.63007579555759,20.449056860518784,17.55418590217393,21.683051161332568,21.5829074093595,19.784969895042508,17.874134565277156,15.963657229356208,21.738051184936047,18.051010694786545
2014-12-14,17.61495799969215,17.27502356409264,15.70381143268697,17.587470914636338,18.86030861821376,17.847535758098275,21.21956789111257,19.0468799283907,18.914430532436786,16.32360818978772,19.251888760653408,19.390434307550805,19.10861912657396,16.145196220268126,13.558790610916958,19.5530683607038,17.139613278149913
2014-12-21,16.7623087884223,17.489798546345757,15.364522598862331,18.204525621873994,18.05332712841246,18.4889588669,21.475799933119347,19.44035677773612,18.83518398344633,15.57554439860066,19.914299387746045,20.530992662167613,18.235289390482954,16.602104817636878,13.635899492184302,20.387101934847298,16.77064665951176
2014-12-28,17.895831259061012,19.49346007060395,16.93041638981058,20.686309642734983,18.433443281228765,20.708523081383035,22.92058934692739,21.512749204264058,21.272079004933456,17.225035041470097,21.41009045225201,22.145798552068417,18.859748934226605,17.942408094115535,16.186423590487095,21.888272623259965,17.339451167140048
2015-01-04,19.6350668928031,19.67490560057829,17.598243208193843,20.21464790332885,20.50373647761821,20.62717288862937,23.36335424640088,21.848778222319368,21.046411154088208,18.259668548678384,21.763585451464635,22.31834740651586,20.93536325219055,18.37482610218696,16.403047564861946,22.216104906832403,19.196027411283502
2015-01-11,18.805858720069992,19.757796334305297,17.292264888005228,22.088343522378377,19.63653118605088,22.293302432910817,23.23838072128964,22.14773352189497,22.379412380449924,17.786394820840876,21.784155590503243,22.143868304969807,19.947099054181898,18.21537093867131,17.07510722938488,22.09772560507817,18.17208578001778
2015-01-18,17.833608945210774,18.06100208520381,16.065847062599165,18.796005741471337,18.791784167907394,19.19511729010897,21.59415435234937,19.774792239696943,19.77309716237734,16.793645067611884,20.2234337827344,20.872778370695293,19.074139186314174,16.767412490980586,14.37558737010216,20.633961720475945,17.370214783599113
2015-01-25,17.90510120784607,18.684050114678424,16.430909758874982,20.0878998310793,18.676553987380224,20.51079248308061,22.424079806047,21.106244323036886,20.859237581316503,16.84183939771792,20.84122028763676,21.2340288393581,19.054889822558547,17.276941925534913,15.1318745262736,21.18812103047529,17.503294604807852
2015-02-01,17.12043757911201,17.862915935292676,15.130983942043708,18.546264492330096,18.612969013075755,18.77455050666053,21.600958893667503,19.833979960850304,19.619747885052703,15.667629118577166,20.17699435015261,20.388795131621656,18.71955198210639,16.38182224753727,14.103511067305206,20.46820264693109,16.80038014447914
2015-02-08,19.205834614570843,20.078096005454,17.460396709966787,20.403904132899783,20.388439484828496,20.57824385580409,23.538051110314907,22.086563841584443,21.475543455135103,17.796221586662952,22.035335435082903,22.098434980346184,20.632953355671354,18.43483309525013,16.912257770950955,22.20997399779916,18.98619429249005
2015-02-15,17.183069685711363,18.663993370812587,16.258856956580093,19.733318913550605,18.53169112978469,19.797934125902724,21.86004779915768,20.65730259288441,20.6076005788232,16.22948569736545,20.378766480978435,20.993875364730297,18.89444996399309,17.330652235051506,15.596799864248608,20.74161881336727,16.992732139289217
2015-02-22,17.747132540669682,18.4994115849802,15.89160757140978,19.79530945136433,19.0624503665814,19.725116659775665,22.04142550476786,21.011172387259343,20.766946969900108,16.378972740623894,20.60426184666621,21.081414072340067,19.35428979129865,16.807669350881092,15.63827092215056,20.887066507059533,17.478345292597766
2015-03-01,18.43822415301545,18.645973577174043,16.587252365982206,18.83900454214641,19.659338802165408,19.328654960622504,22.09307695060708,20.687232749245386,19.76936396600682,17.12163549923119,20.27175562639773,20.85656940583592,19.87427650363289,17.023524737990233,15.525495518491631,20.715657866864287,18.105518731145526
2015-03-08,17.006911622664795,18.113085229259564,15.19246485768532,18.9773746359916,18.1392569086624,19.59105665926154,22.54663611987589,20.16521113705325,19.673336421906832,15.60587710282934,20.76948758410169,21.60784207778478,18.73494981246565,16.592159179910915,14.778467739843167,21.435709313170552,16.651436125171795
2015-03-15,17.359570613699066,17.992506996655006,15.66639248882656,18.32048979827336,18.6808947203867,18.35323426284692,21.4168589400133,19.64470825145771,19.10641926095444,16.181328380335838,19.75477987182089,20.64185748652949,18.9345484534746,16.524517022718964,14.692030023075365,20.33048632000291,17.043099927773696
2015-03-22,16.10313467445521,16.824843809802903,14.383173476306338,17.004707197348278,16.785607621018574,17.173352936213234,20.07880834796338,18.134660322511348,17.56846894210099,15.032400243327908,18.67516669731636,19.230131056752164,17.232275232845293,15.136150891477996,13.32799659445038,19.02116084612046,15.819215929411811
2015-03-29,15.35301365109791,15.710416466442506,13.306392951464376,16.568490743637085,16.35183864977517,16.733660404593174,19.570563858521577,17.900357093811035,17.596350098776025,13.93173816099478,17.793301887842485,17.87480572805893,16.797382849063652,14.156711021335784,13.101975692780268,17.97821037083456,15.124985038752184
2015-04-05,13.383067235369786,13.45395626518518,11.25772759548414,14.866845619110832,15.051035358674609,15.192886557511535,17.587048761351113,16.170544452914942,15.862180860075233,11.950908498635307,15.865678517230144,17.045235457767372,14.997056247644904,12.34253906797976,10.942316952110112,16.495275967741666,13.379927895461131
2015-04-12,16.471919130941462,17.046569136414192,14.66126651476206,17.80685893978391,17.771389511582765,17.878798623496195,20.176449561605647,18.912665498906915,18.943305191928395,15.306501491533757,18.821377485035818,18.481977700544498,17.68479908387173,15.369103411699786,13.49252241854207,18.857686723981583,16.13450655140324
2015-04-19,15.480035882505518,16.46272290235898,13.857774166904305,16.65773017775445,16.79753931569312,16.55122486320702,20.106855976338288,18.196940397287342,17.870032083731573,14.237980070210682,18.82577975880016,19.68841652343216,16.922776665926897,15.49790582422876,12.497660096769762,19.41610924371768,15.532833098079957
2015-04-26,12.217235973903112,13.145903025608837,10.271522716388516,13.791310570069724,14.279557500566757,14.018131137047648,17.16156062857403,15.58125312656551,15.349943823543782,10.84481903028971,15.594301730729802,16.25004131132059,13.816129506784977,11.669459503726332,9.687227316116374,16.094436675368456,12.17028141985685
2015-05-03,10.693243583963952,11.981300136936245,8.907271623717225,12.171708511099927,11.809737341038655,11.82188933236258,16.414138429714015,14.6400172704226,14.012772838663452,9.217789006313671,14.70702763842298,15.658834344293233,12.015859008295656,10.31698700765588,8.131704045042767,15.308155043017845,10.724261754606614
2015-05-10,12.411965092790329,12.37599376015572,10.78178047181868,13.496579117718198,13.44267066260958,13.738499306343698,16.865885159017047,15.028997215419622,14.928809535480058,11.126018533288294,14.926580749445664,15.878424226755724,13.651048446714189,11.362027944195727,9.8412714142364,15.590375332916318,12.036196375792882
2015-05-17,14.536904217193484,15.268792398957046,12.791641795540023,15.511917498849686,15.523098073122153,15.528142040453972,19.131525590190385,17.58498961213347,16.97499324197638,13.24176532103857,17.540319076141756,17.923124425173448,15.674207419502228,13.763006682446884,12.195551209666878,17.88196502693012,14.22236798137346
2015-05-24,13.747854067091776,14.180448385444024,12.39773692868934,14.976556948962664,14.766533340550104,15.159984411266628,18.11034657169709,16.354441108703615,15.927855757117973,12.79156495629065,16.50766163945714,17.222151686881755,14.836465981476096,13.383217512122432,11.064900508991814,17.0877343194592,13.334973662850668
2015-05-31,10.71176834425564,9.648206175263248,6.602290397105009,10.879336629595072,12.7929343171335,10.672776178657012,14.650722161673944,12.898232731757226,13.017866115047507,8.002755094835004,12.60052797309248,13.714645419159348,12.888508235165512,7.837955426924493,6.907532167158998,13.24898247242907,10.852117744417525
2015-06-07,13.723704246020226,11.61374675109188,10.042280660864517,14.14117424473876,15.624759188411328,14.212582890744986,16.199026205101788,15.17680925641741,15.874450418113964,11.451472775606256,14.181229747425428,15.57187057633927,15.81040088458411,10.652141744646103,9.540398278945151,15.036103631185693,13.657147115131592
2015-06-14,6.363179176930756,5.831910313446639,4.192390654609599,7.288426455287706,7.7868909553454415,7.450380954042825,10.96979798936983,9.74221218926566,9.361404080563563,4.984805428941553,9.116099525014045,11.455466835967936,7.898414322077999,5.80053920999647,3.0325050445902177,10.283850477632944,6.298895950265972
2015-06-21,11.442235650856675,10.768577435123388,9.573477661704846,10.339136401812237,13.785936640069538,10.572444598493734,14.521345069040017,12.969375624470898,12.47893464122033,10.195387619552784,12.878855316360276,14.181664014440983,13.270109270530318,9.832303000383336,7.76745573700666,13.55637733996964,11.906284827106404
2015-06-28,10.69552375389649,10.859871061371845,8.575378604239877,11.373995067463037,12.5718861891551,11.820140829417694,14.916435124922772,13.411736150716807,12.97941524175282,9.176130052358417,13.520889174060905,14.190979287309467,12.218479447383215,9.341060333021744,7.938307434930712,13.928763324267244,10.953423879056606
2015-07-05,9.514987590536954,9.594796020593217,7.497495050332985,11.183675025900206,11.252839231385204,11.133524908215536,13.797112481587131,12.73959151032683,12.620733739111987,8.13257092525774,12.176972359289854,13.822772934109054,11.151909586085315,8.56408445703969,6.892215600446804,12.988305629816075,9.610046840581612
2015-07-12,13.070534107154248,13.565690602575028,12.088595278197513,13.395430950891402,14.307834844073923,13.144228606917531,16.44565666521256,14.72918554751904,14.445608824899752,12.132974090940904,15.162010362963658,16.550844752884938,14.178518421401389,13.20317140076535,10.3620596747604,16.00957390846805,13.20626263798408
2015-07-19,10.37645671603916,10.806198868924367,8.268365258544339,11.436063459941318,12.338727208440345,11.754380002752082,14.98229570082951,13.311045584988284,12.83026063372244,8.938042136359671,13.4619298678972,15.158304146357946,12.202975500504484,9.989341895194409,7.415303617694297,14.310784087955604,10.786310429682306
2015-07-26,11.746387530170969,9.87775548333044,7.39903856434437,12.670234262943268,15.242660213981532,13.089399474621434,14.549041089094068,13.562484088253663,14.22756527407995,9.073923983375456,12.91698591306612,12.502280272563512,14.625589114818792,7.253434320660414,8.099288381573322,12.761126298027262,12.43339576393446
2015-08-02,16.390306243258244,14.15793094858686,11.955170911714474,16.26130943497022,18.386512942705924,16.524102020754626,17.628468065845723,16.462672934594092,16.89289846438951,13.821767804056773,16.0445131392706,16.437503939368977,18.62932402378804,11.061857183318294,12.330973964517474,16.14792914866468,16.103161404396324
2015-08-09,15.945793240226838,15.381948068960387,12.01266985036889,15.49486677277656,18.509658653236688,16.004644719176618,19.300564106977365,17.798648273418475,16.685867359027004,13.22068667036342,18.051113389580795,18.399998820374275,18.468343436487853,12.549447267386672,12.270844413125063,18.16626531970477,15.857802695019869
2015-08-16,13.154731647388354,12.6986004431873,10.20690958851084,14.362540323109856,14.861315891709175,14.91791246296356,16.662327210340138,15.31947347665762,15.24315513650032,11.22314446876234,15.063771468323546,16.284473255959483,15.189191742753431,10.302226830623251,10.020098195940982,15.491631557330228,13.171101744605524
2015-08-23,11.87043658002463,11.42349438512249,8.955361457979564,12.787205904722216,14.472705889771728,12.869940427586226,15.063221278065493,14.098997758147004,13.9895252560916,10.188012000278093,13.699543215392469,14.5827153455215,14.104257566127997,9.678374200740915,8.42098695477702,14.15656120203246,12.139061560527976
2015-08-30,13.469427499071513,11.68400922335033,9.626485031901362,13.05272371073564,15.38387334796784,13.305388971031707,15.451926801364552,14.109128397161308,14.186673351929846,11.194910955643628,13.88225222088042,14.8428911211677,15.373588724025888,9.891050046830957,9.26382766072074,14.31289842124088,13.67088479237415
2015-09-06,9.620718065682832,11.167223853025355,8.15051807395737,10.89436557268103,11.7875872684531,11.1921374831574,14.837144506916012,13.469414772430024,12.616741613165974,8.597052283643738,13.51269859978647,14.452948419874248,11.303746443687718,9.23527478270725,7.437902209472151,13.948908509573592,10.125392086823997
2015-09-13,13.804071247347531,12.716404475382904,10.204467755349842,12.601810334693818,16.040974143343796,12.625258857525765,16.469856309473688,15.168646857274044,14.000093768370828,11.33094654315234,15.163173859666434,16.11590498027133,15.865185964982022,10.82412775514812,9.637408797581838,15.538127985019267,14.043464731977313
2015-09-20,18.853266341652493,17.464476111601158,15.56186884445962,17.523627251386642,19.359222624586035,17.711616416695495,19.684647546217672,18.525107398590485,17.62131227112563,16.820497556263742,18.857632685739755,19.412966947992537,19.976101039459344,15.545932158019925,15.093907231969796,19.00814314504425,18.433349270062305
2015-09-27,14.268728761906177,15.145850694001613,12.60027973950174,14.09822053568704,15.460695183427134,14.438928373378522,17.755797274953768,16.143297857804733,15.030394974986637,13.135598851537544,16.930411319815235,17.746371321922364,15.530433640977131,14.079425391350805,11.606943395504809,17.340309118804637,14.300559743716708
2015-10-04,15.011903993564838,14.835653066126776,12.608558421655363,14.336356280815034,17.179019506554706,14.67203109021966,17.40337171359938,15.737785727513298,15.137637444438298,13.125043668950772,16.329112449249664,16.93179360489961,16.843815568791396,14.029651480509823,11.125927658949491,16.696770274242542,15.3074412956392
2015-10-11,15.158139032439989,15.588680531678676,14.034911097735565,15.434619611217864,15.72811974639102,15.52616396711293,18.038946165635355,16.59909769429789,15.903072521411277,14.491279267889308,17.19622261080391,17.77494879488675,16.058531994985337,15.24859590119036,12.314785918509406,17.59709351310058,14.943407500207904
2015-10-18,15.73267718723842,14.801226843140526,13.521394462636223,14.353803026534264,17.180564590245154,14.641186311898544,17.50314659696974,15.839752660478863,15.332670108679451,14.278012553001547,16.27791279466637,17.083552949190782,17.151977437803644,14.047607770586938,11.824764913146796,16.721013259514436,15.760734878139033
2015-10-25,16.673246717514374,16.12324369334971,14.627839011012078,16.930534821181073,17.999734804420275,16.997597690714834,18.80469234344216,17.49298022778003,17.284273849308143,15.03088773946258,17.736773153197714,18.517325005441343,18.24623775850392,15.293484707429656,13.178309371114723,18.165204234785765,16.299215879723068
2015-11-01,15.769308104938522,15.299711002724004,14.226570690006096,15.431330399853843,16.516901657194847,15.590815110863254,18.11711459535204,16.2641478466678,15.965926300056294,14.63635109889628,16.91140378894228,17.706188465385743,16.94188941675724,14.774648118405931,11.9273449159823,17.382865381334156,15.401559251338004
2015-11-08,17.329122467237397,17.299400362632934,15.61696019253058,17.9951343195779,18.37247306095239,18.315888722737625,20.3529965203288,19.00359222957066,18.50134494766564,16.22386411821346,19.316379662716027,19.762732124071555,18.518679932737903,16.375578965601072,14.693632787981542,19.562986989777148,17.04512447488276
2015-11-15,15.63502532144004,16.4555450095805,13.967901461930431,16.955891695760545,16.385251629008444,17.13814069313432,20.00912432211829,18.309182032795697,17.89475414757626,14.401341117273166,18.625546643641087,19.349075880333416,16.75966256833905,15.596341203879025,12.542170153213275,19.081959132812266,15.417149499098889
2015-11-22,17.81938359421346,17.211680948607196,15.70565296171403,17.74712279722804,18.744811611472013,18.07768982625836,20.46178406251068,18.62160646314745,18.262147449933853,16.542620088708148,19.07055846457873,19.699310487814028,19.02893898201725,16.52073043639074,13.8389912892238,19.494804707058723,17.387651706962895
2015-11-29,16.566280571190088,16.32940828418935,14.549428040725314,16.949825582050142,17.6417114341109,17.299028585622974,19.355785483869106,17.886556007088004,17.56462172659409,15.306933183101489,18.303944897342035,18.70962326481657,17.929455290429843,15.249980391746554,13.242296635975352,18.53192247289968,16.114645146295388
2015-12-06,17.075346526952323,17.962625719082634,16.177196897863812,17.495838799646922,18.289245787591604,17.59605950830526,20.607623926057062,19.05286667464616,18.213954649326155,16.13963025064114,19.59765656458867,20.208696312660155,18.36124015038538,17.26429958517107,14.42659779474897,19.93162962695157,16.77535743983287
2015-12-13,18.60879830319909,19.06502001829493,17.079651615528693,20.0567132348106,19.58413683582817,20.41626901884337,22.180666069942728,20.946268644952152,20.523914379149737,17.431117269668324,21.026605092498645,21.697269054114656,20.034126500825625,17.885972101885574,15.96647742259247,21.33988993695104,18.204453553150927
2015-12-20,19.71903771261758,19.92113888187449,18.38009583093259,20.286977725369592,20.728762195341503,20.506632283234072,22.430190122509835,20.897989528705548,20.61538053632016,18.60624420951268,21.41637711793313,21.90157931191581,20.89974985159502,18.86908652747531,16.82306523645852,21.677848360543152,19.36948381922637
2015-12-27,20.186289871981707,20.7875777805792,18.86370779374266,21.06096377259209,21.142899557716483,21.728399519754657,23.798584017739703,22.21248984894195,21.68019177909,19.15660352460177,22.650099991307115,23.34387739649359,21.51420685867545,19.70966876520203,17.717263841594566,22.9977203525909,19.61316662528765
2016-01-03,19.7722194087398,19.55273891766188,18.0657879415612,20.086115143128804,21.063698892148665,20.3362308904778,22.169967223186884,20.96898582458496,20.50680545071566,18.58077586273777,21.12857387096851,21.421869393628885,21.304942701774216,18.398095295086748,16.39020954031911,21.26010308386996,19.32672245483193
2016-01-10,19.95379703723019,19.98309618781116,18.14693335039804,20.31703848072461,21.18428162801363,21.052091586236944,22.66464717742653,21.24007324813248,21.06961999247452,18.80527379944569,21.547677029366103,21.78496414246264,21.5658954506215,18.74626875470928,16.746222473517637,21.65391570014729,19.657349679026645
2016-01-17,16.87673280536745,16.1694963318961,13.35868969107478,16.82825225307828,19.10143059646528,17.838621020470498,20.03688022624647,19.11015567531833,18.323422379689674,14.74554719216912,18.42721417001832,18.328628029784745,19.25304144413775,13.698415721127956,13.469988169310552,18.3867600267414,16.39534458381468
2016-01-24,19.15255220823153,18.58394859391235,16.706473529074398,19.0528229659512,20.789073009476848,19.54797156099493,21.719068899794152,20.815352635569383,19.79238313611473,17.658430744746138,20.63505638915223,20.844387601970663,20.7462004344896,17.433449535724627,15.817561077227278,20.81976986677913,18.61086546635692
2016-01-31,19.043499712164643,19.84472140066151,17.489622055162023,19.86001391495977,19.97178959652373,20.285949250445864,22.533919537380207,20.87123728417731,20.31947590833541,18.17228190139925,21.691408852581336,22.19983977191853,20.22731829426004,18.456980205591744,16.665463065963227,21.925080077288904,18.57903440429194
2016-02-07,20.28819559409045,19.94813122474817,18.08719481592593,20.10333082079888,21.69497034480888,20.968186024993543,22.918223506160103,21.5497355929288,20.707212730863088,18.97010143374431,21.748340932012123,22.02824143515121,21.81901448481792,18.67017169313842,16.846741169741343,21.929558610262937,20.09783456910331
2016-02-14,20.39825243808741,20.82947690654665,18.73409837098278,20.480003825255803,21.56503680191774,20.42213114931163,23.444433117746964,22.285261840820308,21.380165534943284,19.32528401815717,22.60193705868411,23.144356750735053,21.841183454373628,19.485484029258902,17.50637852763647,22.83590337674912,20.19446798926094
2016-02-21,19.425836914141048,20.443843787667085,18.03989351250582,20.791927811645326,20.30878994290164,21.176215919288424,22.948685059394503,21.98366244229404,21.61601150479101,18.350049236628013,22.04223245562929,22.502773562531587,20.78463757084143,18.99653438074484,17.183684531937622,22.227700716828647,19.163253388314875
2016-02-28,16.07660783671965,16.48496004055812,14.291285013454408,16.50781016974222,17.80063303729325,17.012684286944808,19.45383956620019,17.947015304070018,17.635388643074407,14.925204589745055,18.41192552888548,19.64556833097556,17.80840558711166,15.602273636105792,12.74302437965395,18.99543387829208,15.912429325021504
2016-03-06,15.9568483261835,17.143864312914136,14.151206046157744,17.818930256934394,17.133400828815407,18.171895940331417,21.28914050666653,19.32988766657842,18.933511200249782,14.743821287316065,19.80543430047633,20.99074120791453,17.304168408441726,15.925525989087143,13.850624155693817,20.43844140159174,15.671611579601974
2016-03-13,17.444494950725307,17.446151005433823,15.350746700588116,17.4799779795465,18.92918906151852,18.49365675863612,20.93142709648644,19.38426709212266,18.85144047167903,16.144824141726584,19.388276428784128,20.23430281765056,18.659655770739995,16.14772959061182,14.222263859772044,19.90745183866317,17.116941291366945
2016-03-20,16.585924151014332,17.727696945418174,15.366652890656413,18.189738191309427,17.35976116397838,18.70620418239284,21.0751878721721,19.649027431042168,19.263723511518563,15.794673384375727,19.75732939749053,20.705135921262347,17.38622393755379,16.830016646405948,14.164093330721483,20.304765682631047,16.328458467905094
2016-03-27,15.5225271988406,15.92777691263634,13.787293280556652,16.950853242760612,17.17336383525925,18.056254871716984,20.29042544239812,18.76674611624185,18.328757370987987,14.4462264327016,18.546534571296725,19.613982171061227,16.94250407366219,14.592506285661004,13.264323158397412,19.17703597559621,15.28642954466478
2016-04-03,19.59244904340157,19.6242440956742,16.68565904089277,20.24922206997872,21.3080268608562,20.64444287618001,23.035673336106903,21.81582422033533,21.216438317718804,17.715087658911106,21.57386578481435,21.93333394700948,21.302362716336045,17.63529745033243,16.627328872910407,21.819530628898608,19.400180163730507
2016-04-10,19.122343343197148,19.83832721415359,16.91403793421274,20.399541326931544,20.072320489156343,20.83379975985376,23.1333939132468,21.34398149762835,21.048625698761462,17.671562889429527,21.8627339020436,22.562305674077365,20.54626618388997,18.23316142810962,16.795741713727647,22.25880248485946,18.74419331293543
2016-04-17,19.96858755133787,19.31582656445533,16.657923737773878,20.49467860375132,20.49047154977885,21.045371950363105,23.556183739931868,21.84531018740171,21.26167259011017,18.36885759345056,21.866365034755688,21.55047647265411,20.81915117138601,16.760482690718316,17.139264527185084,21.78026810364248,19.3335324284844
2016-04-24,9.494997091735192,11.085861626400876,7.775702635588219,12.128785189063777,10.156672357012836,12.213132778496664,15.77129354004262,14.14437289436142,13.362140283425958,8.169239886834196,13.760931945982437,14.305679462669351,10.67457795718462,9.0398144560649,7.49491907024751,14.079084471480488,9.056251094428037
2016-05-01,9.726587536252143,9.68743294814248,6.555397873180781,11.13482093172414,11.609109739300765,10.850014173846446,13.971650660211768,12.49497347930809,12.317353962218926,7.675491082051473,12.332652687303948,13.025454543671518,11.284598757861664,7.6688288148326,7.204567214059013,12.66205087473248,9.715184010987011
2016-05-08,14.06500934664654,14.530451245399426,12.413126454696046,14.404208326623554,14.762480862135362,14.527540987522904,17.55462370947568,16.125310530229047,15.29177060659151,13.057324525878183,16.465434718441657,17.348407476738778,15.243808572356766,13.462878551415224,10.995443011099848,16.936033136923953,13.69524156115447
2016-05-15,9.120217278503851,9.316985608163929,6.719806396707351,8.44347164389633,10.217568172692015,8.849871682691143,13.461082908919533,11.529060174149352,10.535245497632632,7.712097259755879,12.138209445755203,14.094802734344151,10.63725732284163,8.97800098703367,5.729232588724123,13.223513863557937,9.110442369774669
2016-05-22,10.029310270626112,10.6378080619932,7.959504206569828,10.404821748180048,10.658615185365598,10.670251523819363,13.879715952859328,12.494291522286156,11.9426665770331,8.811212387811747,12.891278694202372,14.046786474731734,11.06720291417538,9.75515667638337,7.3745475496564605,13.533102653264534,9.773908132491403
2016-05-29,8.901091449202411,10.147005156159146,7.213458070738081,10.894721656682943,9.717118724551932,10.823479373175818,14.274701357582916,12.810627677719314,12.327962388964316,8.014371444591655,12.932539075380795,14.584113892197932,10.151650325672046,9.582127364765856,6.642230783304919,13.979370872101905,8.454109868752667
2016-06-05,2.670488531831916,3.4196697883705087,0.9199953898985828,4.684770201765267,4.291014644038139,5.253010791854663,8.143311902315903,6.247065524342773,6.3697110985473175,1.257622469631437,6.3948232095478925,7.72141450193693,4.3880123324318285,2.206706754883901,0.6813888537168675,7.292436264032488,2.502548109328329
2016-06-12,7.009834757412723,5.233521748643949,3.820509769954613,6.238175586888766,8.335506488114795,5.8957750585069215,8.96332008359036,7.229966015862179,8.219729701301297,5.171994179923033,7.3519111168332945,7.657197034605238,8.737298781318323,4.021697276847184,3.7708560350112994,7.766045315858204,7.085048501944606
2016-06-19,8.01784881692442,9.091801194493955,6.393803270918771,7.536408574808211,8.487676311827519,7.351234386019419,12.063688792570687,9.19554910957039,9.01904675871892,6.707356806010577,10.91728230967666,11.576072138917414,9.073478681470435,7.863445400578445,5.253740639894504,11.396247103256256,8.095907495188905
2016-06-26,11.571807931288788,10.25546433524028,7.195489134953523,10.994298283542904,14.401520406467489,10.65322814055238,13.432545522906691,12.124422055033897,12.357026647448308,8.755121929439033,12.283853127120375,12.664312652500492,13.476537421863512,7.546172979277115,8.030650569743003,12.355062563125404,11.675081277150673
2016-07-03,10.06875997313815,8.868404266358946,6.290802407497416,11.109261923247862,11.70056547013854,10.91381039306464,12.810012964743564,11.206593913165008,12.4395129808941,7.943746125805365,11.248833650944038,11.578281804879078,11.8411031749718,6.102475991539678,7.574658127814366,11.435504582063562,9.882589505528504
2016-07-10,14.092263626776148,12.979385796640472,11.220661719075958,12.90784571000508,15.000371958395888,12.786812076544056,15.478141642867998,13.797621042078193,13.84506692671729,12.455736448043378,14.252845068101758,14.926945320036854,15.696189380520558,11.597831077334153,10.2488968509618,14.77059729738478,13.808442242704634
2016-07-17,3.069513134361081,4.981339234533086,1.308758482746879,4.374418691421549,4.21433348306279,4.316872253841415,8.831192141719184,6.609030880680333,6.23206757251064,1.5979340183051016,7.974403122183563,8.992579843959398,4.575070844855318,3.4283202324500417,1.3733554260324667,8.500029526344717,3.3735202371752813
2016-07-24,9.522549518133529,8.043586312707808,5.749962089118856,8.334621892443726,11.009058896565245,9.087715702781038,11.980298445454144,10.01967679655397,9.826685805610014,7.365077875596466,10.531831368326625,11.526877915441508,11.267484133739496,6.408048544375378,5.60454456888317,11.1216705652599,9.56136603512854
2016-07-31,13.688073430742536,11.905876447397,9.676432565132282,12.031517200526736,16.089968619216027,12.343417631613242,15.370216700495506,13.575477549317595,13.36380808320764,11.168952310849631,13.876126785608598,14.466808090312783,15.777014518796705,9.994128127035816,9.231704292628198,14.320320868445467,13.6212788637115
2016-08-07,7.813729702582537,6.9772609770298,4.405364230235488,9.401203314463295,9.480569752651528,9.756678498389638,11.003457975804633,9.913739889937563,10.616054188948556,5.70192286972254,9.284156889316838,9.847345245816316,9.620857353376143,5.053611581439692,4.95098608707813,9.674794418237912,7.810953678467847
2016-08-14,12.09273290081834,10.609642957319329,8.712871380791583,11.445029680927597,13.864314946132977,11.300714034371392,13.52727159605777,12.192331177104602,12.777873953727829,10.1330055313518,12.288933166074546,12.842499205365655,14.00049607818191,9.739362043970225,8.39377627904603,12.80213100616246,11.94146675080302
2016-08-21,8.898872201814,7.464274809558762,5.008782533649439,9.027113884243937,11.09903879857434,8.80185028715023,11.720444020307449,9.665120197147518,10.504484827504465,6.354333749034676,10.16642790914098,10.718827824708264,10.786571715789412,5.8306940220824135,5.56743464214892,10.5998477221935,8.982102169823452
2016-08-28,13.233711733627812,12.733909404099878,10.850260412788224,14.433939251161757,14.006119887622347,14.60688372529765,15.93194825864742,14.326924687670424,14.802716731091998,11.976069620677404,14.589280569811404,14.966353002584205,14.64749743855598,11.1327349427287,10.444561980023956,14.881394464675694,12.606061970769876
2016-09-04,8.766312616979139,10.615507869959384,7.26928721081396,11.73448818815606,9.769361684447656,12.448600559160976,14.164906109734805,12.33199108767819,12.66986193885542,7.735751532998744,12.852007820905548,13.26605066970352,9.937592245897273,8.541293538413974,7.431995111555974,13.160442204857992,8.458180017066452
2016-09-11,11.24308734787017,11.902066263562835,8.267995211965971,12.157504286794437,13.295666760643,12.705580759232568,16.09896633993432,14.621743708523836,13.756103498361815,9.21957109159506,14.67816636510742,15.290528048723536,12.98731864235116,9.903826164076532,8.467130153674846,15.104759141656984,11.310556037567377
2016-09-18,10.728747257087836,10.903069809428665,7.867238113175692,11.659488679397674,12.447503326382131,12.041123252117496,14.92254058960228,13.33389999241024,13.006968098144007,8.900000360202467,13.502780128660657,14.228701636476336,12.340016340196824,8.778768994282677,7.991166907257415,13.915302619075588,10.6050104887659
2016-09-25,10.664164645638092,11.55844576577388,8.413554887276577,10.112660689722924,12.58039260704724,10.05566118368004,14.097684568288372,11.58344649723598,11.46687340363131,8.795370465858984,13.340761031939351,13.206375573201964,12.224443487679176,9.953143766287717,7.546911218429984,13.41589016923699,11.099920691826917
2016-10-02,11.335482444542256,12.44063706489514,9.63769313098058,12.568795538374356,12.906571738372282,13.512573192478609,15.534138262445657,13.352715383504892,13.454623221417927,10.304587235466837,14.314898944210698,15.038866778268323,12.789887274554337,10.995853257641569,8.835423766030257,14.751250405134286,10.972082804798116
2016-10-09,12.834014232247648,13.787942988786106,10.652343061717083,13.831280084592954,14.43901297359622,14.437896728515623,17.645427792829953,15.258432842106016,15.04391148458955,11.315292953238044,15.89839323712634,17.018269903897597,14.53864686691623,12.134181551278507,10.28084716225957,16.58082406814784,12.512968813955302
2016-10-16,17.401320461140635,17.334372975933018,15.679081642638296,17.073052531196957,18.154340078352472,16.89001724925587,19.60029277301044,17.30399219166149,17.30981117218674,16.240406850593835,18.584473957540663,19.01334718616825,18.64615014529136,16.353799836551623,14.0511949463828,18.91454701880886,17.388630493631904
2016-10-23,13.483078945557589,14.194505572827389,11.371292360080696,14.833840044481414,14.71362200602172,15.91011114316864,17.75573623701713,16.16292811381353,15.62212027635593,12.057676061200077,16.538433553439713,17.448855008076464,14.83982408092749,12.648800628573042,10.364595426188638,16.87835183768823,13.2018899515954
2016-10-30,12.767065245212276,14.600429769263847,11.246443894233128,13.567121326213792,13.901717069147251,14.068961037938967,17.65336948094493,15.88921029474828,15.109104123834062,11.45937245179081,16.638784493615617,16.70965288141667,14.067532544430618,13.239055472020343,10.311260033733612,16.784935675021956,12.424613413463703
2016-11-06,15.63117723084478,15.780822274018965,13.889390381861284,16.31003419842039,16.999467235596242,17.147383384876424,18.861684426621864,17.489088686162773,17.526529010727913,14.383095435001987,17.557852437898713,17.637436190705415,16.867668160140283,14.415411704983878,12.626583131472197,17.697380678061172,15.322234935837615
2016-11-13,13.137590704737482,13.87070530843633,11.030021806469826,14.711241681660924,14.681828017414809,15.96910555666478,17.90653180658991,16.024100762652115,16.05060510392758,11.569548098657476,16.3357798989201,17.276815697189292,14.836725251554984,12.66554051224875,10.23079929223149,16.89564126531672,12.852483627931129
2016-11-20,15.193456747970677,14.789511736013742,12.891343786109308,14.675793965657553,16.39582887108815,15.343655521191527,17.934737049803445,15.896244882856095,15.830644268812264,13.588764344613384,16.37452233962682,16.983644215565807,16.458509732397367,13.656410408435152,11.574457328367222,16.857126347939328,14.981849192287724
2016-11-27,16.843622435934293,16.627065735330966,14.92521532256728,16.789173947913305,18.044166687768445,17.343672106778453,19.41879484048738,17.958634748582714,17.945681491709966,15.545592832082573,18.234570648556662,18.657065805399192,18.388220055222973,15.781036819636135,13.172990536350882,18.56580439005813,16.277978933082434
2016-12-04,16.375706471378123,15.72780072917816,13.589061299995077,16.749872785948572,18.10113456070997,16.98452321964495,18.85063642663094,17.01908646769338,17.521530668329586,14.736532011772304,17.742513839919848,18.031397664000725,17.76732017450811,14.76234239809212,13.0133578742277,18.02928711616829,15.995167284962946
2016-12-11,15.671239802582692,16.063204552827358,13.94734709222653,16.689698967195692,16.928879092659088,16.934385207629113,19.34985862320436,17.717539746668432,18.0839098885568,14.477574333431214,18.20162892692533,18.733165013500944,16.968956733762525,15.29714254961214,12.667493228595305,18.51493467043524,15.35037738357914
2016-12-18,17.72723627888251,18.334752812314385,16.02415219089471,19.730961139713017,18.609475530402737,20.33609571788301,21.45457372303954,20.00452254704067,20.346419561165888,16.64724275794957,20.338596725463866,20.706056607701388,18.882038928366995,17.04431503923882,15.539855331893254,20.544871212684946,17.056572820298435
2016-12-25,19.99364645478041,19.985564142402048,17.730247972703342,20.99317687466031,21.60435761706552,21.600960008579484,23.61927836003873,21.439361310686383,21.37366152836152,18.394873803592503,22.018478779978565,22.64695015879012,21.79676375702081,18.82715697226244,17.433417137373905,22.52557526829192,19.59662772253196
2017-01-01,19.573420142881965,19.739134717343457,17.859637284130784,20.57411817141941,20.63962518789431,21.03288918081552,22.9747649490312,21.47592915819837,21.525497630617625,18.52951783994454,21.55350298530612,22.49217848764918,20.896164303120496,18.636410442981788,16.899862458062042,22.08238864458237,18.93420277001723
2017-01-08,18.921286711821686,19.24130360353222,16.89127361742712,20.19189469019572,20.65662773409038,20.65334557075452,22.04642146808413,20.43541982378278,20.92515497898169,17.73220020686816,20.96486914415896,20.93749258010535,20.56093834357832,17.648868073575525,16.438877099509757,21.104733575346884,18.578193354156785
2017-01-15,18.80918792101101,18.60688051384395,16.48501090698784,19.06710882981618,20.4158117377608,20.1648514758666,22.123514008591545,20.710168508554432,20.234603784788845,17.411752658968435,20.750756488321148,21.404599469948334,20.35514547834065,17.061339519502244,15.40878764740446,21.078804930595503,18.299841996473123
2017-01-22,16.421389258199373,17.82632481162228,14.8926010415315,18.195847769578297,17.463341318352146,18.6591520014877,21.48475242703719,19.53489344757873,19.324035899279867,15.12873949377019,20.22906370947372,20.741471164631395,17.90219085925334,16.527058999907325,14.208538353170322,20.61574128929183,16.053581681855604
2017-01-29,18.392491982556983,19.38160172911849,17.055563975353632,19.768503455888656,19.6308230309024,20.46051803058639,22.12466155961373,20.53526276774221,20.7176964138352,17.407944094075393,21.01435644802077,20.99051783219824,19.62324783792827,17.728441744488503,16.47088948435681,21.03996568743263,17.97120846185401
2017-02-05,17.23325590430693,19.03254775909473,16.34535742863788,19.15812001767613,18.045777107679257,19.400391301286422,22.655357077239906,21.012656181137285,20.667795368836583,16.549455486615138,21.40357264729289,21.844612327226088,18.51177256908196,17.693333474081122,15.459527189603516,21.671235896369947,16.981153134708457
2017-02-12,19.39701406314413,20.202239820443744,17.809336259921462,20.774952591884706,20.91355153810175,21.379451734525663,23.30814204202101,22.26359883097859,21.57150568840789,18.40253699724264,22.189472527111764,22.069534011285583,21.03095620387309,18.49378216120392,17.798276972006786,22.1722341115694,19.11732179585172
2017-02-19,19.117395512692564,19.44292027609689,16.803544064803578,19.88282749624479,21.09252887333348,20.61023462754572,22.89969479863915,21.896868729034026,21.32951307016809,17.581277323251904,21.600589862840003,21.46864414215088,21.163442134857178,17.6323262144088,16.772059052572338,21.642975820253973,18.90144766951507
2017-02-26,18.74834658157565,19.34575809446225,16.909155719134276,20.00384788711866,20.242499021844985,20.6264127181457,22.840748417134183,21.7250882582231,21.48950007563701,17.47452647023582,21.387688003473983,21.5087997971198,20.473361536342665,17.80481328877433,16.52644175789322,21.59867946975618,18.54033982336039
2017-03-05,19.423214847363404,19.85902410987089,17.52065036861687,18.923566558531352,20.75886747838831,19.644704925507654,23.2502045867742,21.325249854744253,20.83137103302838,18.122750136393663,22.005686480039127,22.45069387595287,21.08920581552513,18.56991554127411,16.199561611654328,22.379886589871465,19.353904537756165
2017-03-12,15.726149033702324,17.218740613221613,14.854856347656924,16.016323082503817,16.63663165856961,16.149781762863217,21.56148323859836,19.01311019798377,18.29700259266534,15.0724463623742,19.903481177953417,20.46761363021768,16.936910806935728,16.185995003428907,13.288098626928257,20.387659225911776,15.570143735633708
2017-03-19,15.517697229962245,16.33301359199003,13.74671450228213,16.21381875021117,17.277773596638667,16.920718269151763,19.36267145451582,17.397651710510253,17.70673364855772,14.205729116605022,18.000122270955668,18.48204405031436,17.223507960330565,14.767356357415958,12.973028742414128,18.343440050248297,15.37048139340794
2017-03-26,14.982513869591202,15.010145128917085,12.598164140807915,15.81029486656189,16.730660566305957,16.588044656289593,19.49476958294304,17.617339681154718,17.636989050415398,13.469143596623422,17.561291997670097,18.53735866829392,16.754312356006224,13.832361724756902,11.595772409060007,18.24043399713744,14.86974763998767
2017-04-02,15.751200289339634,16.507845418539638,14.057867079365009,17.349982180765696,17.099499328325273,17.632877174338166,20.31896736322965,18.69150612125149,18.79750275378591,14.795992059568183,18.823957916358847,19.60506803713076,17.304526783784844,15.146025710488953,13.3699367755696,19.3337359475063,15.43429827304542
2017-04-09,16.036031848215227,16.266604929336353,14.058503156863384,15.86468543254194,17.117645788863356,16.37772407556286,20.27034587971324,18.085634234539874,17.50816497690757,14.72977724761877,18.86966439944841,19.35437465935061,17.58165461952622,15.057890979206793,13.07312090188387,19.24261029125893,15.992718507016123
2017-04-16,15.240931787085811,15.94892012285017,13.537234028779835,15.466778291123251,16.562754935992377,16.022221090250493,19.598831616059687,17.621370680177368,17.303445008869506,14.27375147447275,18.117806998579017,18.26945898153711,16.76160981940487,14.082403864934124,12.36479727718176,18.329056894709225,14.948475847347083
2017-04-23,9.79048183802012,10.804970536531926,7.757803371815735,11.067122313238324,11.31105019726813,11.415048346709714,15.108390435532996,13.76271761138718,13.259199835782882,8.31609881051614,13.631311631718756,14.212019937700338,11.7654855297339,9.620027590845242,7.2834137738741775,13.997166972337638,9.81382631998499
2017-04-30,13.115602815473402,13.3600708213188,10.869031408347167,13.22142011920611,14.77611793614069,13.39139796898939,16.608032551868316,14.968922610344825,15.093674129702574,11.559593825560183,15.51002912149801,15.79832344877752,14.92938722192551,12.400397593389163,10.196923407782306,15.853649553720734,13.033015522031448
2017-05-07,13.55453683173181,14.163503894419556,11.16271879996678,13.850594006833576,15.101650792876498,14.323776318146304,17.919572643913963,16.336723129966042,15.887104592444611,12.0901005925156,16.861326364624553,16.608126817687825,15.203302764524365,12.27720345307302,10.784743220224293,16.838119930483824,13.729196397442058
2017-05-14,11.82135350179488,12.644206302252408,10.041298158314762,12.991996087488674,12.93022272729768,13.746057943641144,16.378701780002253,14.482438847182634,14.708040104920151,10.715787811944402,15.148998821142948,15.886911757230118,13.106065125078768,11.35277733766943,9.52508687593942,15.489376572946746,11.47060246223388
2017-05-21,14.772075910825986,14.804801963285596,12.87509500737093,15.583329310019812,15.901831391120645,15.62763682847778,18.2418117634409,16.82309688171783,16.812651635149454,13.5759100860364,16.919505520610066,17.34202811274567,16.06378355357638,13.616940236818095,11.72377262676058,17.130978845570187,14.949223049888714
2017-05-28,12.467043114444923,13.568536898220524,11.47809082634595,13.638322192998158,13.2128743931243,14.04305543924084,16.648706099729843,14.55938944482184,14.800966297810325,11.751592592393855,15.279850210875145,15.981504550841295,13.828966465695949,12.607982761170206,10.111636076683425,15.794639943863782,12.075869805729292
2017-06-04,11.981035277036474,13.297701442673771,11.15505425075355,13.412680427942956,12.382299675401452,13.64888099599222,16.50663372100964,14.506148268216617,14.51541178053839,11.50939779461302,15.14463474347994,15.72276159566689,12.968176324855408,12.285259291736043,10.11499759502452,15.613510742579422,11.44815386482326
2017-06-11,9.432198332390117,8.509200930722486,5.5543117731571625,10.080322984073844,11.79965774259419,10.819518966871184,12.58628339878672,11.07429964300874,11.813438762190756,7.044501991186153,10.966462852222064,11.19463808067404,11.414138265558192,6.665117347009295,6.688064799312222,11.246858293996166,9.592112220683187
2017-06-18,9.655406782832692,11.074174500731772,8.439653581079384,10.332842700538182,9.996486662230078,10.244512725827622,14.690177639441307,13.234101555068772,12.527505847339292,8.701593128849067,13.344248416619898,13.714477811540874,10.548345004039383,9.505500360208863,7.372963913547881,13.615460668291368,9.568429135408683
2017-06-25,12.045514082202889,10.855980146922535,8.348075654089925,11.708378852832883,13.794646043586871,12.3667899693915,15.168266521598436,13.497701305042613,13.640902367589993,9.943669481942573,13.35328789417878,13.339142996024572,14.200506005968366,8.503689393819819,8.63759156015516,13.477669898777792,12.057746767033782
2017-07-02,8.69856561503662,8.535482388442514,5.964055952818497,8.606312588566825,10.506882806251353,9.50253523761548,13.242373366397604,11.267511256081717,10.997691849673098,6.950837528075357,11.290082071147442,11.834740825740472,10.403637498041835,7.067582320261246,5.913096598963139,11.74832647327341,8.560588372364197
2017-07-09,12.993596409585331,12.266270752400477,8.946194531543124,12.636032350006555,14.738620963474276,13.304512316042238,15.245119575856377,14.090734585601014,14.282958518735583,10.464732696020429,14.04796624534574,14.285679686101618,14.658448510188393,9.449447736940131,10.005395580159414,14.143473548665204,12.982453033287891
2017-07-16,4.700171990207417,5.179977028354652,2.2905412437964463,7.325698528616201,5.726384860930135,6.460309931286821,9.828892344288503,8.080279315663624,8.858627327151028,3.329751342300355,8.009558538441018,9.21813432611224,5.537788115945217,4.408636755465896,2.3572551162522606,8.906082649753518,4.262349347059296
2017-07-23,11.248995462439694,9.442642586826008,7.332300084400939,12.424091358979544,13.412484232184626,11.941918052761713,14.144691336606751,12.885104723348247,14.152368243659778,8.957345074824191,12.296460140938366,12.134355856080582,13.026506021676376,7.968734580629844,8.175407280091406,12.42415476778482,11.505983235379755
2017-07-30,10.850566249096255,10.287570735793128,7.683188684873063,11.936750659630412,12.794107503488624,12.031479024212024,14.949147399590938,13.630210163066913,13.900621862560802,8.690115306052904,13.190943872360958,13.605666201069669,12.674841289354566,8.985261945607496,7.816679037326619,13.588236806910563,10.504003968521593
2017-08-06,11.20595850017847,10.29803203799323,8.035301598279796,11.01961745889414,13.493329805590154,10.887482479272204,14.615895691140402,13.002009889429264,13.082410347205084,9.138931665967634,12.93689655039734,13.53667655659493,13.044498209327344,9.160139325771777,7.3680184728925235,13.469547689777531,11.354955721736918
2017-08-13,10.961681656242185,11.83771425905004,8.878664830562384,12.206633005823408,12.403013242429312,12.539486734103052,15.326681743210328,13.750995470022223,13.889700862992768,9.637617878490142,13.954587738235276,14.90435287830322,12.482425777148096,10.415740203895162,8.888171831000944,14.52327531191234,10.877894181768209
2017-08-20,10.46678323251707,10.273201131172527,8.34035136610825,10.908974644683656,12.363420980934915,11.472408459760356,13.289893939960802,12.097691036818864,12.679017144289968,9.02898687130957,12.042682709425558,12.546328631372786,12.578917095790038,9.725025847159124,7.566455570079424,12.522968624435991,10.28702153751471
2017-08-27,14.509886362377742,14.317477205923115,11.987406395131122,14.349467787714232,15.65805665163708,14.635527467175342,16.31753898709578,15.373642155040397,15.726564049487475,12.888141981260045,15.716429015981172,15.99918075391867,16.01669796001037,12.746891703679244,11.595757766908347,15.773094809918485,14.486584248247173
2017-09-03,16.082545107395955,14.300398308585192,11.638296581308929,15.453332944994884,18.07209833033609,15.327413113420995,16.93594207986103,16.119998018834497,16.642894773800545,13.398383196883314,15.96514551319601,16.240166454623655,17.825166944371226,11.746574133528426,12.797749232395793,15.85899979354351,16.057622749529116
2017-09-10,17.359631382513843,15.732204879524865,13.94660671135971,16.485488304070063,18.28251688891566,16.69981742426849,18.10424025621776,17.15443049245066,17.130114900622583,15.58655925542619,17.468481631093212,17.73391644074268,18.602361321909545,13.693180735987736,13.91051932238177,17.43592230354503,17.173209439712075
2017-09-17,16.012186819982343,15.967813870037542,12.835377661020434,16.034086878810612,16.913091569896277,16.207115324307594,19.111606242010264,17.132254731809937,16.9167874871868,14.020112498404607,18.059284354701187,18.458683366081463,17.20704966990644,14.19287536698082,13.05092954911315,18.26317810872296,15.9949641549041
2017-09-24,14.98044408334268,14.914221078348058,12.589282274457766,14.797541429599129,16.6767693413001,15.605404146849882,17.916604589790367,16.13121055256237,16.01161090175233,13.493724310760154,16.793264199128913,17.12517031954948,16.758314669362367,13.384446708307845,11.645989397812166,16.939698189438673,14.85501681505188
2017-10-01,12.701117546862156,12.094979281872828,9.82212261880724,13.735090811337743,14.577671272678783,14.53195284262894,16.611420475706762,14.502647532673624,14.84581154153305,10.852116974051812,14.617230210572613,15.311499293602385,14.387271099569256,10.677075272546157,9.916744893960164,15.151181189281369,12.487752300388408
2017-10-08,16.318521653056298,15.944871320907492,13.838031594480364,16.38841740148408,17.574970997147524,17.35829194264062,19.397193697381645,17.05222653475675,16.876531797845768,14.784618661427794,17.70862290023209,18.186478276779702,18.13726810322765,14.544396170996183,13.18011828348798,18.159067575712257,15.966695828579184
2017-10-15,14.620073425263511,15.628844644977592,13.454711111012877,14.79450051628408,15.828160036766112,15.619348263955333,19.058188274372423,17.024674584029558,16.0771788738945,13.71723156543899,17.524799877018125,18.07892860942131,16.14197290910257,14.185275454081516,11.912740299369132,17.91567342761911,14.293836900166102
2017-10-22,12.37017292681808,13.913698831092576,11.041667336262533,13.679058057921273,13.522488368519316,14.527121774938571,18.40255504585912,15.812984359543046,15.2840684440038,11.364000050906254,16.595755353324858,17.54801277844411,13.722884397709231,12.586595668026614,10.215693879317042,17.218982914889164,12.114333188437389
2017-10-29,13.473250571978753,13.925387198991103,11.518284141224049,14.127955941217284,15.068255651094224,15.01959751563643,17.370276123024635,15.777381879385416,15.617071348627022,12.033511205250557,15.669535105981868,16.147564764614053,15.230665297121616,12.54349354448458,10.690499697671228,16.12925375511035,13.319616707508771
2017-11-05,14.51694999974667,14.363809816872896,12.58167852166488,14.994672809328351,15.883775120219152,15.61634567560223,18.240839479963565,16.371658079469356,16.057009288242885,13.357635275719538,16.58033976121382,17.56014871854345,16.1726355911682,13.352850547174622,11.113482518702694,17.198116606695542,14.201347506592532
2017-11-12,14.887400051494977,12.992346187390243,10.887194187533254,15.010875196683974,16.30821240380638,15.758287968629425,16.97918083368863,15.193182450579355,16.062019071000428,12.639872933667744,15.214578718127626,15.855519190631464,16.427186802087146,11.52746471096321,11.364261761483617,15.675795592440553,14.83281405274116
2017-11-19,13.619531424042496,15.67195457690306,12.38620825012701,14.663147786543483,14.6230141027692,15.21999558518752,19.159276350594123,17.10404958799288,16.02938704667959,12.47515299108353,17.807372358247832,18.052125408964336,14.742642713789774,14.420440796858529,11.556841831901108,18.15614312129012,13.523883897339235
2017-11-26,15.239620433350789,15.903915365621732,13.874764170811677,16.21251522075562,16.502520143323967,16.89797882315735,19.171379450806374,17.851340681794404,17.305840957887956,14.359546642603837,17.818234865593187,18.189807940686165,16.607065259719906,15.034052117803986,12.664245146666628,18.09480769760221,14.961251834653458
2017-12-03,17.324536620573344,17.836415804271255,15.79665614316817,18.07757868511336,19.127810471857323,18.47077101998348,20.67822157189728,19.192998831612723,18.80125752073912,16.41789475924789,19.42715128778896,19.81874514268737,18.886480953702595,16.3105874644658,14.920935323168877,19.56378633682042,17.104841542051165
2017-12-10,16.20646339156299,17.413768457197175,14.30027670382184,17.226229820932662,18.636454959166304,17.723833602060836,20.66166109802424,19.08938889144303,18.30051675747985,14.716978943656349,19.43425619282248,20.04301292491409,18.023367951735565,15.60233788628044,13.946292982650531,19.706872092767703,16.07999874832174
2017-12-17,19.026251806408897,18.81127396829601,16.98474666854398,18.74910329778989,20.41301527948048,19.346681960607896,21.66949365020841,19.32292642766779,19.13493806928572,17.713718580046443,20.41686148705421,20.79139870389132,20.652416580892435,17.756604556184445,16.134737522508463,20.7822565687146,18.801329111474544
2017-12-24,17.80981256295969,18.50042038787403,16.801824029822633,18.74311575577373,19.14821769324697,19.25727949179278,21.370675011904524,19.489934231646647,19.32682324855528,17.08498051410585,20.088627938274698,20.85770881015335,19.185305450873948,17.667649070217433,15.582346004338127,20.56015492791999,17.96060129574367
2017-12-31,17.402959439438433,17.862112972019577,15.477659555484262,18.50336461833545,19.48783738484301,19.110270150379783,21.08784701733825,19.46009181183654,19.08573670676543,16.13259215617743,19.758002050820885,19.995369152881388,19.18861877227842,16.27048977646943,15.272063480920314,19.97186545616493,16.98413323199331
2018-01-07,17.251657354632247,17.595921127018393,15.706512287854093,18.30529265176682,18.63379871783479,18.70092522683752,20.897833648993043,19.17148877428724,19.02837168960422,16.210414182214553,19.50778632886482,20.020954029258046,18.94535267307032,16.606565061085394,14.741831239577632,19.86486776654268,17.009611955550163
2018-01-14,19.132316159772444,19.69652450008433,17.65491497442589,20.14084956901414,20.13160535020356,20.71989690567076,22.6499460014588,21.0363547347428,21.05023701550209,18.11981799873378,21.52310837914933,22.190181940392343,20.51775329361551,18.61121516535298,16.655019618838242,21.86439950125558,18.83273837637066
2018-01-21,17.998386045527116,18.29497619478433,16.315041075370537,19.206093810853503,19.511827991239944,19.19029116415763,21.30405302019925,19.702267510054945,19.82088752268812,16.96408094839519,20.12445572774648,20.43775843802809,19.514719095929703,16.949231327028205,15.735745336486184,20.27949575248763,17.904508915230274
2018-01-28,16.69961231555718,16.78095638421553,14.576971570685991,17.607031676031294,18.64607752525392,18.180152877110466,19.990621605697942,18.60587984159395,18.42621497958607,15.404727779705963,18.770691497604567,19.634217439636068,18.49094263835304,15.390453226537064,13.595206725801283,19.208699532451,16.8785257108128
2018-02-04,16.601178139793365,17.121692380925488,14.5756022001434,17.81642783965383,19.1001336939859,18.688003026994195,20.493424201498225,19.304175687022024,19.096948671247628,15.35615998848485,19.206929375289324,19.622351762098123,18.779824939013448,15.18772597816748,14.527889519362702,19.446072714669363,16.595521288740667
2018-02-11,16.09120108752944,16.699060678482056,14.652652823829822,16.525201270977657,17.493692561840675,16.625013044595413,20.00008201043043,18.414318947730123,17.73019216205276,15.185377232537627,18.60754623908501,19.359052383032125,17.447125628187848,15.691410120174163,13.168361091981364,19.048990132057504,16.134760825781807
2018-02-18,16.10457415071387,17.099931484600628,14.451805817308736,17.815425579036987,17.37761798776758,18.470087044027323,21.273293258844937,19.0323996600857,18.609681183577987,15.06631452187108,19.600929530255204,20.21443952190266,17.56447825100431,15.688079841909646,14.147738842239326,20.09592869790333,16.130284526598743
2018-02-25,17.775565033253553,17.745596888222927,15.577179496650054,18.293702737206505,19.73151566698144,18.765146071386155,21.194142800378383,19.31920499380533,19.29313849563001,16.471256517854396,19.901242179375192,20.67646899056242,19.54534890752962,16.453822340850166,15.225649306642609,20.35009891226333,17.765791035726707
2018-03-04,17.21080948180367,18.27216012238948,15.956774295275467,17.80868989938781,18.23576755862515,18.28256603373524,21.587189955196987,19.06144381931849,19.07323632548233,16.292087745881055,20.02380829105129,20.633157807219064,18.512718306545125,17.14312665227566,15.01871595885834,20.490672206692032,17.116272056841787
2018-03-11,17.031250009819043,18.1861658975768,15.351883026383678,17.607872332845414,19.47474623326457,17.437847331377224,21.93952560980883,19.85625967248694,19.395171201858968,15.896786839943232,20.283007311304925,20.786793252528515,19.18261760266131,16.71111972500885,14.916530258998442,20.75374375397445,17.37674256347903
2018-03-18,17.72932228495869,18.856486761239548,16.51292589224855,18.98262346784274,19.243654248980924,18.351209905617026,21.811935180130224,20.149358714710583,20.24858800305779,16.696378804433195,20.33451042670708,20.78839603331533,19.16072892958593,17.632704080401272,15.788334963437135,20.729351247126807,17.992936431236988
2018-03-25,16.826174539642135,18.3629818206657,16.015013587295005,19.33528159203984,17.10255878965207,19.224005389857936,21.009831815002265,19.08893779308765,19.912918477142394,16.071941031379833,19.78180882590157,20.74012016414632,17.796635161035308,17.164996060732566,15.604469528602598,20.34279272374341,16.532281713665657
2018-04-01,15.44857713583967,16.67501773610552,14.006679388941553,17.69521628391175,16.96593034858619,17.475102187737228,20.095173749562253,18.413650424015984,18.964136867373888,14.430200503298884,18.61900788261777,19.68373840003001,16.864153113604512,15.713515396404985,13.963095946416486,19.33159827812777,15.04932890683814
2018-04-08,16.20416445590968,16.379244471918035,13.672073516574915,17.97688269899005,18.99750476797628,17.943271862800824,20.414398426912268,18.763245152064734,19.51395072395788,14.748437730748424,18.629832350330435,18.658103868325124,18.38253023173358,14.231409932201826,14.366907981067529,18.78621420141769,16.10115796857767
2018-04-15,14.179068198382009,13.9723725201987,11.540657534468142,15.782325490599588,16.620671089449075,15.693025829555753,18.015497338320007,16.512028732299804,17.36478582147049,12.525872475116676,16.36582217030711,16.169950878523753,16.227851280374416,12.181239252841468,11.951157409522772,16.43084074046514,14.110690760805278
2018-04-22,16.107725720301254,16.07378203121584,13.385663695534248,17.8151154702618,17.95498514422481,17.913201642619445,19.084661878580253,18.56662374620313,19.22741157434692,14.51539985508699,18.014856733181777,17.57260087622465,17.685675551072052,14.005616490719202,14.182773278782497,17.928483942483503,15.835137531121145
2018-04-29,17.040830612182617,17.232417320645947,13.782847160772617,18.16840602812313,19.641753413428383,18.18337631962014,21.21304759478777,19.44983541166627,19.38482997935346,14.845790546039629,19.664416743356945,20.10743677134141,19.116821325883905,15.152650803315764,14.600700987473768,20.035746068637195,17.054208825540673
2018-05-06,15.396905093886526,15.422654697381612,13.32330363898967,16.54428743038859,16.65558001167416,16.873045170169082,19.03537417709306,17.279048581804545,18.020543021931807,14.222519780707172,17.31540422976275,17.836016819483508,16.705014278529696,13.74778116216384,12.999764758114411,17.762714008995697,15.03186172230867
2018-05-13,11.803662999716504,13.019048962257564,9.511433080856843,13.227741013680182,13.534928364898432,12.71453653369938,17.11034438074852,15.902641368717344,15.348779443192155,10.207292411807416,15.667072935228225,16.530204192004753,13.727740920188344,11.404772980674531,9.632312507349104,16.225950765516426,11.901994835976964
2018-05-20,6.230046384583108,7.148336456465062,3.7478250253486127,7.831113637203262,7.930252544620494,7.997943603854382,12.174993059030427,10.410212639647645,9.88923229536665,4.840952445471112,10.28828325023899,11.59104222364503,7.357621624432936,5.558823234816997,4.149856350043399,11.023991045886524,6.325839822183079
2018-05-27,12.915399075168134,12.78431902358781,9.96746307870616,13.091525223993122,14.743045263339818,13.105386628454102,16.072997251683002,15.312675245210723,15.456833854346826,11.166182138788418,14.851292270809024,14.174333117400218,14.43152173881825,10.189255416275344,10.71361955267296,14.620526261525612,12.869140358948002
2018-06-03,4.979738434155782,6.069343028101586,3.154992630974635,7.823275545168491,6.879816764376942,8.012271273857223,10.636687937700366,9.42552799856508,9.694264134315596,3.736658165908101,8.706194118400672,9.978643944963933,6.742818490188554,5.112999932398946,3.2367253305825288,9.579223801245195,5.200690716344391
2018-06-10,8.560759911819467,8.504576942496207,6.991688002710759,10.303684930716242,9.50559839365837,9.671647109120048,13.02049744163936,12.253520569615551,12.18609877761796,7.453698010492914,11.035140336437143,12.652626461738524,9.918418068453152,7.874164162344455,6.680694554260453,12.08027127437629,8.442039220400575
2018-06-17,9.654364753413844,9.321786842620703,6.404584129721905,8.970462156548386,11.512767451679505,8.86859190479362,13.354087748958486,11.854890785217286,11.19605915840358,7.535635682943836,11.689742816578258,12.297628281894076,11.363541840816556,7.720995224649651,6.932677394021019,12.235844793151736,9.890948919433791
2018-06-24,12.967045466105144,13.2155332799151,10.899402007447373,13.370067454519727,13.995410630475318,13.11461673955046,15.702630268241505,13.888642265517989,14.115593996066636,11.548814285190357,14.430454107177203,14.607828195525627,14.306047508615324,11.542212683077995,10.595228998036706,14.702075762291477,13.214684307735885
2018-07-01,13.985423850276756,12.219695128611663,10.710954664868384,11.823874199674243,15.830223574098348,11.853765235444293,14.652665755491563,12.407797337073786,12.58402636933,11.726596737337058,13.544094983220615,14.283428228126382,15.9207936778492,11.281590698168218,9.70888341004462,14.0378964119928,14.505529600976288
2018-07-08,7.0515634634626725,5.779181117378573,3.772924376147557,8.407925537654332,8.290685547801145,8.773554234891325,10.26440859953099,9.044986542850346,9.34326287235066,5.173492967344913,8.455231771634253,8.347955710161727,8.249242079994394,4.386186485616973,4.349017549870646,8.633796397487245,7.1189965409731295
2018-07-15,13.72358020821747,11.539107844011108,9.506511540781004,13.502054366327467,16.107673223772196,14.015401162696165,15.473975109289407,13.7771820608362,14.120875483622992,11.14786691526192,13.82567645233947,13.929532659021673,15.821124503741393,9.550680315065252,10.539989954992766,14.042538496379514,13.780825882748454
2018-07-22,11.635485140053,11.337506839969777,8.866329663394295,11.807716074089209,12.10786478083545,11.849948153072344,15.554440034026651,13.014136541044556,12.751920192908866,10.050548289704512,14.092087672592758,15.138056598262326,12.871464593760296,10.289094575743077,8.708308537475634,14.789569041033785,11.610953618574015
2018-07-29,7.791999787744255,9.345289265550278,6.0733365120883525,10.567909218016124,8.880270044155953,9.877745855422248,13.81864203795052,11.910003651457949,11.625638434098423,6.472995238041315,12.145962269688065,13.467133866487488,9.330267353407663,8.76873550294273,6.225090865599508,13.083836103838715,7.758668369842026
2018-08-05,5.58967721048009,7.588899847922294,3.5405709402901784,7.654113725892135,7.202199979502567,8.055587388987401,11.747382116734808,9.864801798486088,9.435328185441676,4.351516111495123,10.548222703025454,11.034738700666194,7.07856122430227,5.993040804481808,3.951704491652285,10.92416910835908,5.352386481357071
2018-08-12,8.833211270998804,8.184518329878607,5.165329798937056,10.20771409358297,11.360215458845229,10.206547926138112,12.15316247801044,11.104520260203968,11.475199641546858,6.965025512118173,10.557326401260507,11.349285464723796,10.785409481829198,6.11005196450584,6.449161386811512,11.087126552708693,8.959807543741725
2018-08-19,9.328268161611668,11.594505457735773,8.834697112639391,10.314794238124575,9.428500662195868,10.271965792740634,14.627632391348524,12.608735725848703,11.662689768871449,8.779316640409762,13.48445273147517,13.976820103884386,10.094281709792533,10.882596066500955,8.112539543412849,13.985552903490758,9.31691859995901
2018-08-26,9.863810438907285,9.024289252216628,6.720694361371917,9.555659495471488,11.995601750673142,10.302502851688724,12.636137721837434,11.111906871052533,10.874265777738126,7.974263659210119,11.205901199605044,12.433326808268813,11.8926577627889,7.798741143637606,7.069403346806543,11.959910902258468,10.001951052011506
2018-09-02,9.785592053694462,10.367212799058033,7.231789889754504,11.52753254558359,11.25547964779383,11.775215799130375,13.874502421120512,12.70133536202567,12.68720985112125,8.239621468952723,12.59787524045804,12.524336827090488,11.287878194831052,8.523466903605762,8.141107176734982,12.767870553085714,9.622047738726891
2018-09-09,12.659252592648931,12.887645594346754,11.197262714050888,13.395662517774673,14.195312310818125,13.728840727296728,15.885614731568982,14.182873592129,14.300911160597828,11.7601983072519,14.541993723287211,14.769328144361388,14.15023981005989,12.027442975906595,10.139165615581712,14.799908014659543,12.563581057957238
2018-09-16,13.056435685667136,13.51511007483834,10.047319955284234,15.730491622572854,15.098418473667962,15.956174821006746,17.463838524443066,15.5076619428164,16.036883070510896,11.3028265858662,16.003575565288596,16.7289636282908,14.95102581646452,11.238981490744685,11.540433852306707,16.39887864435722,12.724025635706449
2018-09-23,16.641707357752736,17.005985618908525,14.242331800993924,17.96535381958598,18.47817841183248,18.107722255407303,19.86326114776878,18.43709679640733,18.60068615821943,15.196243989320116,18.672834767923728,18.841890053607703,18.32421882824548,15.099486704631245,14.392219226867484,18.836503607419605,16.486615502930718
2018-09-30,13.854627724012968,15.509568964240394,13.071492461261226,15.866496784346444,14.928598633348985,15.533547958045087,18.79354864793338,16.55525666298804,16.61027590869224,13.122391680094198,17.47870723674824,18.1014085702819,15.171517021407492,14.533670550521109,12.045774912437857,17.912748696986014,14.10091370263832
2018-10-07,15.442541984057335,15.077918763862234,13.278303363414178,16.27175215312413,17.074622286945512,16.36771752199151,18.4152510896021,17.074149005939436,17.03302883308694,14.098272287671293,16.843946555166532,17.33420317256547,16.97634013371118,13.891929033956464,12.459723491089742,17.24575400305821,15.360640776446568
2018-10-14,14.684627287482968,14.883949744930144,13.188473788636284,15.475481004942033,16.20528602105966,15.838277738220135,17.784029123734452,16.497420231707686,16.343399443505092,13.68471825699436,16.413699060910705,17.441380467376298,16.12041288361126,14.05917592231681,12.08420194461816,16.96304825187429,14.735618986530769
2018-10-21,14.796788495479865,15.025262476792976,13.135453962496983,15.954669687009996,16.205259584304052,15.870329511978756,18.104062172136224,16.475711666949383,16.81432654386397,13.873437781167649,16.645306263547955,17.043746923821953,16.1026402191766,13.681765044211962,12.244142963925894,17.029056829015804,14.410166426167658
2018-10-28,14.627615059664812,15.007434857171228,12.703145062912856,15.874788698695957,15.930870849586784,16.114548108752633,18.461255093010102,16.84028766334831,16.792251785673972,13.52332795457443,16.719003629478028,16.81315233893793,15.820425765394706,13.430916774683336,12.371949698315618,16.907746637870652,14.36716244516347
2018-11-04,14.986010026133966,14.91292386166831,12.913558035903836,16.195138013079053,16.846021650103975,16.456783514378767,18.90761976825948,16.935598351614814,17.256252102189336,13.92524190265497,16.98367884004271,17.743618737655186,16.491522778875577,13.452844233677045,12.145987741460688,17.51399084453247,14.535988777474254
2018-11-11,16.898131223258826,18.07262426246204,15.476070591487394,18.14657891080493,18.975972334426213,18.31355586352649,21.17732763151385,19.44068221203693,19.04873327173132,15.95406806482373,19.728019174352863,20.13903645749362,18.51279144949895,16.847193404342235,14.821649695901636,20.116936220814807,16.778106958075675
2018-11-18,15.269790316794063,16.13900217521928,13.765185572768909,16.132312733502616,16.93306073853036,16.282915602626332,19.25673251527392,17.76766581745891,17.480182767147653,14.317919555745592,17.91589661387654,18.32074275363809,16.727905224649145,14.85199143870527,12.966254434996817,18.39476014863255,15.023237864604855
2018-11-25,16.483873000322927,16.88958482294957,14.714050991511916,17.35649796326955,18.151636679908417,17.709226912666626,20.035043449513072,17.88952711675074,18.074115743842377,15.4579913731501,18.73201704644537,19.38712680307681,17.877085599199685,15.806468399041815,14.005865907588657,19.339242242786984,16.215508327972536
2018-12-02,11.587450250848995,13.938791273245169,9.875069412385455,13.396319180727003,14.180292343405068,13.561340294596157,18.003222693507244,16.465530569893975,15.386636324824654,10.26608021723272,16.71728390697793,17.578291907143402,13.655270701669815,12.931155427435336,9.478473489010543,17.38929326193673,11.763113557489092
2018-12-09,18.115818832525107,17.55467767654451,15.20558872705238,18.309477103608,20.648366679622896,19.00088753939596,20.93588938865995,19.48575427513618,19.54674443060171,16.155726313725097,19.4020798893718,19.76443983088285,20.3459245348529,16.218737077656403,15.384554561664617,19.97686927705828,17.87381113957202
2018-12-16,18.4689897490591,19.298040031624247,16.377903942524487,20.15152705425308,19.894503892041595,20.522619581283905,22.439236643710565,20.70647338916729,20.836461773590564,17.051145781011762,21.41269623727509,22.505241638245288,20.01260284291272,18.02092134976132,16.568179557881166,22.054503633084828,18.223344910176937
2018-12-23,17.542535591616442,18.58195223279599,16.196464054121208,18.440475248155145,19.20481531325311,19.19567834886038,21.23116837437577,19.636206686837333,19.70859763300349,16.492671651700753,20.201087091289043,20.644997499059794,19.05863750303114,17.524086660106615,15.35602062807058,20.630059714419968,17.32864152196283
2018-12-30,20.48252753033141,20.816022385920544,18.537121965701115,21.03735568835621,22.031256159705464,21.402904822252587,23.756477100161007,22.37633881061108,21.67395758768817,19.39739300349164,22.701269166294114,22.792957236503334,21.80238374872097,19.59846652181525,17.970961145250747,22.971676328177555,19.949006042069183
2019-01-06,19.49302462230472,20.44224932554688,18.2883521399883,20.882889439662296,20.62842175379936,21.43259605446991,23.517219576821727,21.895268539825043,21.26448389042147,18.75326845428673,22.274428797800308,22.88601574550741,20.84770049091472,19.24253754074224,17.763698406260836,22.84895228779713,19.06264523418766
2019-01-13,19.507321903911183,20.12965221242356,17.777236434983912,21.647742220333644,21.074787683437528,22.02503693088448,22.88300860657984,21.93921242156586,22.23846173706353,18.428629812963635,21.756209273565386,22.4191672435668,20.91010486757433,18.98394784599036,17.630922189306798,22.23260257295433,19.31445298104916
2019-01-20,18.65313738377398,19.77386050437813,17.46671296731497,20.01260017071452,20.39818406263869,20.51686009170159,22.938295436670067,21.34885593265682,21.32243080568407,17.766619098736275,21.895019782260384,22.865171188292795,20.329364806068448,18.838028322815376,16.35950568347803,22.57597917679938,18.61378147402864
2019-01-27,19.941043112422204,20.186947351833904,17.294570682105913,21.329178289288564,21.90865360093417,21.843683618376154,24.21414325258127,22.70585790956175,22.592230944250897,18.338643171655853,22.684330059233165,22.808313791321297,21.792569871114488,18.291580376438247,17.92865689580224,23.01523024228688,19.48901638252073
2019-02-03,16.693781407183202,17.463017490118553,15.260434865739988,17.04632566798301,18.48179118638565,17.81402908850514,20.542731660448084,18.99558712055157,18.719257231561173,15.628115803640256,19.31910218573236,19.348100379470868,17.900531650049803,16.257560937924495,14.252849900845996,19.61450583500872,16.532673495156427
2019-02-10,17.758495080425014,18.053056501376343,16.281597706101696,18.06538861422312,19.200269415323863,19.052558433748736,21.232866809945065,20.137259593319584,19.452555840262693,16.671209930703128,20.26133352420031,20.916629283576,19.059062560092528,17.35078388247322,14.977793404981906,20.714974655330533,17.63508679346254
2019-02-17,17.35102164883411,18.2438753225656,15.753826047428545,18.47353923462686,19.023174359302534,19.440400895618254,21.70821092010587,20.163123620764,20.0229622118627,16.27170818219437,20.40089662560137,20.6584223749824,18.88452430305334,16.848519638115867,15.346059196341672,20.709791963581,17.125506296954708
2019-02-24,15.956301096323376,18.12769313865125,15.372559043931664,17.759785731633503,17.191365131177697,18.47377675840753,21.040489613836083,19.649471519767463,19.56872963951992,15.340570143559116,19.887711700835784,20.8084389231597,17.073579341748506,16.781972414899073,14.781855078669404,20.364858233532093,15.942713362830029
2019-03-03,17.83841086722709,18.830020431262344,16.131227238154985,19.51491478369349,19.525402454514577,20.1137174854254,22.93125820437951,21.764405001355453,21.54114220426973,16.719702006727292,21.354280953180226,21.699352079324644,19.33907173130964,16.950998384017552,15.998068428820684,21.57248993442483,17.65453531928461
2019-03-10,17.117805704340203,18.14120139394488,15.985444674369184,18.28765515628315,18.5785328309506,18.97429591931278,21.39734255954754,19.98387218921216,19.95342481206308,16.21196117765858,20.1068974350438,20.596244637214262,18.45211511228996,17.211152169560084,14.755767153935444,20.452702442027345,17.17574576226206
2019-03-17,15.63068540123899,17.292905840029846,14.749788902878446,16.751499313683738,17.093851210892772,17.625434254433966,20.83124596175925,19.14779481318089,18.44886737700311,14.827159846191062,19.34121147172276,19.74023386860151,16.923179365953423,16.18310441619849,13.553547062433877,19.676482840760112,15.482522592390325
2019-03-24,14.604312551834717,16.425741076215246,13.69879054684711,15.585264577752064,16.2169722338944,15.953841473298336,20.050049879113025,18.15186242834314,17.60372138909865,13.726607017495631,18.640978880878137,18.853484460928367,16.063416094393343,15.233473066006152,12.595856396039403,18.86128477107756,14.504649677687896
2019-03-31,17.596449780801702,17.930920723913065,15.48463129806857,18.360858075675512,18.83073655487783,19.146671539414648,20.85020164289558,19.419279044015067,19.745675902543933,16.23873702264878,19.5317724880202,19.14278911323239,19.05612757859543,16.324680343464895,15.391181352597435,19.48402831792365,17.30698775409688
2019-04-07,15.12872613074697,15.245510947221378,13.107499477603104,15.657896845823243,16.823300910119567,16.50693277287821,18.527634117415623,17.07788293021066,17.36758119672712,13.827652733827469,17.300786144702464,17.588931948669515,16.740587555763806,13.880092477062544,12.253888475495744,17.57502497618912,15.116928793349356
2019-04-14,15.298403138512963,15.336650093989586,12.413718769797836,16.745769011122842,17.911907523583693,17.402420744779334,19.43393489848768,18.13093674845509,18.368589041051106,13.329803736057004,17.721431880802303,17.831242899367755,17.31528505579385,13.418336234264428,12.855201782878122,17.903440936437555,15.20187510505841
2019-04-21,17.04871784735524,17.736988800675125,15.456433483638271,17.829616286924907,17.866219171853,18.511317059186744,20.87631617621152,18.900967833283666,19.14227162135324,16.060639296125103,19.62059304291036,20.29506829613945,18.14398602445153,16.689870832463615,14.735665242317586,20.128570026614195,16.770676304387916
2019-04-28,15.13846057415622,16.094338457213283,13.372917725115403,15.718806442760282,16.829220415308775,16.138460668664486,19.83613572523824,17.794197874688482,17.610727297116632,13.726512432634763,18.405190038474608,19.38168795860681,16.721971376522166,14.77103663264502,12.652262448288106,19.03105647130021,15.227407916215553
2019-05-05,16.861296029011104,17.412764345913303,15.426875259988371,17.01499037089802,18.04358915855583,17.813776892584723,20.61669530951941,18.91194298880441,18.565859533336067,15.961626224496364,19.29800316121155,19.82514706326302,18.014384830320203,16.24131497631065,14.309002737400474,19.664492791879432,16.555002375111744
2019-05-12,12.422381853965256,13.718886295615482,11.407316024682114,14.99395950848148,12.921171620366838,15.257780087347044,18.28526027835145,16.82277443328461,16.528204369218383,11.629649033294353,16.24472672350995,17.79046187696431,13.280636343716656,13.11584191365727,10.525121530318255,17.251432355369374,12.439234726512527
2019-05-19,13.144442285810197,14.298516932326846,11.54354511665473,15.820980365787236,14.733505481971273,15.643853689559483,18.164756193800503,16.588578121631173,16.861590542205395,12.278161567027174,16.60756869378028,16.869996245659262,14.390224025976703,12.119104794282237,11.55535019716278,16.82585643835497,12.897484575963084
2019-05-26,13.79369591316508,13.664655893596253,11.71511945189262,14.73394760418506,15.389717218524698,14.62027667081187,16.76596866196168,15.625941189357215,15.795074011248383,12.552228529622235,15.440668987092517,15.830071616365585,15.39036628730509,12.325809617452014,11.095758879911292,15.80290570044471,13.759298987465728
2019-06-02,10.781256688607703,10.751206084609288,8.262551094434276,12.411139078793072,12.622711111756272,12.459074345027773,14.85466481645323,13.24524273017784,14.332354355231654,9.178531682933812,13.281732788746492,13.216103312140204,12.568376859182557,9.360531041779725,8.004314469532977,13.470156412068649,10.534516075550703
2019-06-09,14.2443685605259,12.839521928636758,10.01996289594256,15.157197868540171,17.087003947892605,15.31116027905674,16.528716899215652,15.847709189080572,16.55148535185364,11.717086484649451,14.92283898473302,14.863289776516732,16.655725979897046,10.055117650328295,11.132860856296295,14.885876817945862,14.181545064777056
2019-06-16,12.245760097159996,11.850257295535316,8.733880400763429,13.116566575708845,14.489044694173431,13.293171620583747,16.60394225662721,14.847883161074156,14.963739930300328,9.894118783712656,14.983481493037498,15.388531223461635,14.375764480428806,10.395535144873838,9.404443824184971,15.380134502269051,12.423099584013949
2019-06-23,11.663537490015017,11.662403226915451,9.531518820650088,12.331743375176474,13.204620581569715,11.825537896064256,14.758637850903211,13.052536875984885,14.137110395207564,10.064127822560588,13.361772173101253,13.750709876859926,13.234529966553206,10.335264639746876,9.155225030831964,13.838011135093852,11.869917729794176
2019-06-30,7.925594344140634,9.300199161015591,7.1011320861335765,9.418872531547787,8.921431167204235,8.790152262383293,13.294826410254656,10.813709109603584,11.263522076338472,7.162277821648375,11.707057833361937,12.647337871581076,9.048254986023926,8.493616059640674,5.929064424317649,12.404812480838796,8.07745938754146
2019-07-07,7.299475824203883,4.019565958458224,2.099032821809706,8.673658880981662,10.314201347866296,7.95677676202401,8.99277200573735,8.183300809984082,10.194195722763784,4.448259280288448,6.757350964566846,6.9760556948795465,9.563169688072676,1.811933862582751,4.25443936600452,7.047835755138247,7.143839148819608
2019-07-14,9.293089778880509,8.833943584072056,7.039209560683689,10.336389632806892,10.570195276767215,10.146343717243685,12.8180162482637,11.655952986060798,12.12623223283286,8.089531548782192,11.007035772521776,12.13155721268564,10.750007001589625,7.595050893426177,6.854782207647999,11.711423411527958,9.45069020135062
2019-07-21,14.01033539139933,13.322405250850265,11.44735688621636,14.604818984156564,14.802627497474676,14.758561600742809,16.03461586699194,14.797598801154592,15.767283876348149,12.673171304610506,15.047017684540192,15.326312418575236,15.25277954777235,10.897178723871544,11.758961534764332,15.075874677609558,13.791723457950786
2019-07-28,9.168482379410104,10.34080555920662,7.886906688998205,10.795085735973856,10.099120931480655,10.83184042523113,14.234412540847288,11.858780413479,12.258734460679518,8.333172377102555,12.555242332648405,13.592228980077245,10.372976935278034,8.814828109590254,7.185417628466322,13.25277942827303,8.829651924638414
2019-08-04,10.23957863568953,8.457378493919808,6.992196486286072,11.0965575934166,11.428953126128032,11.220806672919826,13.27946466468166,12.069694113545603,12.841231057088669,8.722620280239525,11.051781584690142,12.032509163383525,11.740601082451096,6.97850989035858,7.590210501844985,11.778461258238778,9.92177011976345
2019-08-11,7.727215089699783,8.187862119059574,5.249471808283754,8.737007765099406,8.407554178393214,8.848934723603678,13.409273182337902,11.470691025535784,11.159013879275834,6.173550867189572,11.671570732892851,13.01587051458436,8.95981387063343,7.423465156347609,4.799811788824085,12.55402745239422,7.60268541471656
2019-08-18,8.946384990230644,9.970838443302652,7.718487049376106,8.891355101196538,9.977712828525345,8.852313977564316,13.275524181110171,11.584460980056168,10.836555803358673,8.152471019124823,11.568810439832284,11.920944449715217,10.2672280482804,8.49831161151821,6.361225271075641,11.919669971540715,9.301237204646808
2019-08-25,12.476291359468163,12.070645952021389,10.133028110361987,12.692028804549148,14.725362592763496,12.629441461968147,15.561609090243412,14.157402272410208,14.599044012230204,11.22228911220692,14.158377450885194,14.632626867679894,14.316352674859832,10.17856214581434,9.729403452941003,14.412968714876415,12.390090007023671
2019-09-01,9.139721550689854,10.912119873551164,9.177243411276546,9.853430270793892,10.11586466619123,9.768572382331662,13.82110862898757,12.501671871086218,11.784046942473855,8.730493820960664,12.37062425530834,12.745301468995702,10.393451402546356,9.987830361312303,7.240938694440897,12.67840783610036,9.65748793481174
2019-09-08,17.434795061747234,15.279501736037004,14.506281207066886,16.10423074804601,18.969896120287416,15.945975093767911,16.836560588536386,15.847478333014948,16.572831348896962,15.926172824490592,16.058319623542555,16.164688506216372,19.022810709522496,14.097461388334722,14.177862416862208,16.17939727506992,17.45415216507616
2019-09-15,15.67550601615562,15.477006883763556,14.139617224340432,14.8417135817664,16.830435702749575,14.873840699017894,17.77233984032456,16.022339627154462,15.987630019215922,14.589966551391294,16.77638801475624,17.238131246798122,17.15976142515086,14.34788022760256,12.639403887812817,17.06853109236566,16.11739705836355
2019-09-22,10.328638918151269,11.081456724260407,8.461435612049796,11.309128932654858,12.010951804550023,10.700758187160222,14.787537836124876,12.785619903663536,13.07821359046518,9.257852358276317,13.050672119520442,14.255232784625976,11.86410107299628,9.717828173386422,7.535559107268812,13.840076750738511,10.187098082506433
2019-09-29,16.90658495447657,15.859920518484708,13.83928968214629,16.09019967771712,19.358034387330143,16.205008098057338,18.60602409707562,17.453169796931277,17.442635149871766,15.024612473422414,17.413618253732658,17.628276729840795,18.974143368857245,14.386373768977416,13.185540204104443,17.572364226712637,16.781394867241545
2019-10-06,15.195634511753704,14.704376867839269,12.48286507546426,15.160008758306503,17.271481132789685,15.758266517707892,17.700583524676176,15.721442876047902,16.07804325648717,13.46234346589302,16.53501902163287,16.277836239241527,17.061105331398807,13.094392884046512,12.314302244694138,16.570381500483027,15.166718479758002
2019-10-13,17.236574575554297,16.75417659480943,14.81814540077758,17.306991172688345,18.84601757139916,17.070176165076298,19.61242631016945,17.72216934897683,17.81591813578298,15.79333087376186,18.42342353094192,19.049587085240614,18.781404880943445,15.435671119855996,14.088118131463425,18.836179190185906,17.137589840876124
2019-10-20,13.436940306095238,14.729928173235994,12.074143429614848,14.35836331191517,14.922895490108465,14.071271264261568,18.06536966440629,15.923149304575736,15.686994105635788,12.284289950594992,16.725823140660406,16.973080036132483,15.054243951230436,14.013437073363775,10.808402164388466,17.088739854249003,13.783643342092672
2019-10-27,17.480604020785183,17.431655419660782,15.50430560175465,17.993081423498335,18.895999084659017,18.510994723404696,20.77176920943636,18.44990389192259,18.846579971612083,16.266620684796433,19.25624438694545,19.867534584754885,18.910599971830155,16.276854523378347,14.587726444372125,19.72209308945269,17.229083680078347
2019-11-03,17.16983207987389,17.485249913323408,15.303863307492543,17.20381727388927,19.09196309739797,17.53044642322005,20.55829841680499,18.488982853084416,18.044017969045623,15.862541810734063,19.17331815777403,19.91157783523724,19.029096208484013,16.541508800671135,14.33906361281915,19.695104147356787,17.21285824441524
2019-11-10,15.940521108904706,16.18674019303149,13.771529991434228,17.234663130272,17.3884689915542,17.431368988606614,20.305196684234,17.71764621140121,17.786644363589946,14.605689110450188,18.42545157015582,19.443765668534848,17.623656854666336,14.859549028768718,13.073617142787812,19.11572355393561,15.626021121068783
2019-11-17,16.881935392107284,16.442874995376002,14.111597361560406,16.79884244430633,19.671419899698368,17.015826458482977,20.13862027093204,18.185811822569217,17.764363442848342,15.122569564222887,18.412921198725183,18.775872125137205,19.219219030100408,14.930339854368354,13.783677470796054,18.77508828038105,16.65608573216955
2019-11-24,15.2674228994696,14.536058430986872,12.714523760534115,14.991914896737962,17.259221622627987,15.361571064019907,18.28107059523246,16.697643764049975,16.326246898001653,13.770247482475735,16.5029561162511,16.749884688950612,17.052714310097418,13.529938157386916,11.330065662905096,16.86922551134561,15.211599727203904
2019-12-01,15.3260106132144,15.522626585035184,13.269983407133116,15.230407489197596,16.563904999451317,15.583828706385392,19.367158394860805,16.97729100264512,16.329020676547533,13.935585819025544,17.758336008575572,17.910396029685707,16.882580956897222,14.406704216546864,12.03942736106676,18.02340210767175,15.16066040889915
2019-12-08,17.083723751888005,16.846304766913214,14.571583979301147,17.15070791613488,18.163677372992435,17.45826599803517,19.83056184640779,18.683562652290643,18.54840538413091,15.570938445585783,18.583130675476863,19.01015574977083,18.80074806379075,15.232250550258382,14.175812315176952,18.838911161030804,16.507998150313963
2019-12-15,17.40339566627218,17.74204416925719,15.825890682816189,18.010221526736306,18.02838308064696,18.47364938213098,20.824739055800368,19.32532083139791,18.993189852764928,16.616896415319967,19.52424831968365,20.06338807514736,18.514638437727704,16.715690601471152,14.71044035642528,19.86815234033096,16.871236383432972
2019-12-22,16.60308584804854,17.912731817282086,14.501361513941715,17.671845602137704,18.70381433923186,18.07842659305881,21.8134081704276,20.103185738897945,19.08071216538461,15.12202595698954,20.41798458016796,20.496781878715577,18.72232891509892,15.864476822467012,14.377061738303931,20.53324740460241,16.38963518952424
2019-12-29,18.804140638353896,19.230124755708903,16.872495485811818,20.19349946152596,20.65613773326182,20.16421955555409,22.744483536255952,21.526805954970325,20.9029102026833,17.534499132458883,21.176430846705586,21.27349807245712,20.53332078226745,17.61814812477936,16.80441004165653,21.30916636144112,18.60358737228373
2020-01-05,19.25173517052885,20.05337843051089,17.45487942352904,19.60909662076405,20.80592094748925,20.44783157240623,22.94867050126412,21.52007825876212,20.891390560657776,18.020950470786,21.72325570490453,21.5379246482952,21.121229902657763,18.43735603254021,17.181589592281405,21.737686412908324,18.683229464404985
2020-01-12,18.366114296047844,17.92646532983922,16.13034198764371,17.693427716692288,20.060486856343392,18.22618299530893,21.15952586293568,19.81878339049104,19.24638099726399,16.99377239461154,19.61075602031889,19.863897526681903,20.1032248436254,16.696857138400876,14.71818148064573,19.90867555584693,18.219403996300507
2020-01-19,16.730618997276828,17.010742850395154,14.659971903146843,17.62973446079663,18.89254133971332,18.43546263867824,20.60661770790033,19.021826616262462,18.5373826409506,15.397747511268332,19.07392490106228,19.25024346585544,18.8769784949461,15.732162798635096,13.914118667075044,19.316754175025658,16.489933229842272
2020-01-26,17.474309648786274,18.434337656126857,15.159514258366936,19.125575111025857,19.45581381802732,19.53613392082421,22.35212645794838,20.575835375600047,20.34769468438136,15.846426373257543,20.98266120431743,21.27727018469428,19.467009192728167,16.907957872195258,15.260940651237693,21.227421297719097,17.36477524186723
2020-02-02,18.25618397529828,19.30659596447243,16.892807325432546,19.48553957541784,19.974256022782967,20.666950665232147,22.763458674572647,21.004067170774785,20.715184377830788,17.340856752728182,21.205681119646343,21.601460891271216,20.069384538989272,17.953692944190415,16.429952333129133,21.60256246951228,18.17284327761504
2020-02-09,17.203246425937962,16.872100236319273,14.997250808269024,16.863576019094104,19.23041259968925,17.70551181483913,20.71110400653093,19.101252877371653,18.38095223973642,15.940590769957636,19.164021126222814,19.142990738233788,19.29505001071797,15.009097029863725,13.940240945565616,19.277251032700512,16.972657514710956
2020-02-16,17.3008982450959,19.34600584491738,15.683846801598726,19.441897846403577,18.734733758724506,18.89887315610201,23.019466272248472,21.386008014431248,19.94592786161867,16.214916132432403,21.80433569904013,22.233410360999503,18.79420963953821,17.713280156425775,15.80025455090719,22.0509561363265,17.170696127125513
2020-02-23,14.62781960009915,14.764052996503269,12.443743052266822,15.473083215100424,16.431674958687196,15.587183833275676,18.404498912155105,17.23623511673568,17.23644151146398,13.438015779306436,16.8507433986251,17.284911100433845,16.134145124538524,13.354681365047464,11.977036541957393,17.15352312599376,14.74563180018628
2020-03-01,14.57671107533969,14.93260682569638,12.237892711490472,16.724714798586707,16.921667185825033,16.755059652193477,19.017643964672924,17.688222928232957,18.028331332010765,13.262122092552742,17.3563461196371,17.585140643415425,16.49578344223582,13.35503278799476,12.61077049639506,17.674598766632972,14.613754689532792
2020-03-08,17.53704140637372,16.87798573772536,13.585147812393988,18.095358713751747,20.62428607771257,18.488296239992827,20.27642925696192,19.69512438935119,19.620205438766927,15.156450577876432,19.008338017484327,18.23121050040356,19.780765106319,14.151928797511651,15.15084742259129,18.75522758349513,17.303715245743003
2020-03-15,17.343279354974264,18.288229978923354,14.773002708286128,18.84545060992241,19.251441748031063,18.90669025386776,21.707797603774,20.448877710119472,20.114753350819623,15.759004045793256,20.547530701046902,20.93864099034723,19.23690745269009,16.38270762677149,15.405354976424308,20.7854078147276,17.09816421909795
2020-03-22,15.22275790284499,15.47103500569553,12.579291389384098,16.053843019973666,17.649259812208918,16.567439328442823,19.14884453264687,18.00721483106737,18.055301469366142,13.790401426021374,17.75712486366173,18.00374727429084,16.95382410955245,13.30227197693137,12.680295070491049,17.858071515704786,15.083785341756364
2020-03-29,15.465076666234236,16.48868096433977,13.36192272570457,17.109057095079194,17.516153404043834,17.66816418818372,20.485747734937306,19.24797332961838,18.395109756118863,14.232565749482712,19.044556744893388,20.208387002148072,16.924031589942548,14.56064346820694,13.558490989237516,19.563896722289684,15.241415993865289
2020-04-05,9.84178638212776,11.17580380546513,7.189697575865325,11.640241053842365,12.25249586415944,12.099976770359268,15.945571537963156,14.28758331100662,13.701053541000576,8.028941748246835,14.77338889728893,17.04663146216914,11.746082362981378,9.868256935924231,7.977088114635769,15.758723025685889,10.193678074609238
2020-04-12,9.733141665906674,10.113855336012364,7.148793431119572,11.56151530962615,11.56923653336475,12.024551848186949,14.09668215092695,13.124837279877104,13.567311257998773,8.180370888238011,12.654684710812258,14.528284236748584,11.268391868322512,8.349991690277534,7.934597170631502,13.404889463211926,9.795885493009882
2020-04-19,12.544553722347224,12.316323284401314,9.12543258100034,12.988096494050254,15.820046885820071,13.079963750360552,16.39949962349049,15.568506005027077,15.53196213530001,10.645455108852836,15.14559943954666,16.464622025862536,14.714780113411685,10.310927291420262,10.473276009303463,15.761380089239127,12.604066688738104
2020-04-26,14.547886952777011,14.786198980518495,11.381873227477392,15.504045888781548,17.702452834670762,15.210418347686412,19.58585554517741,18.02055034786076,17.440471074352526,12.724792605444067,17.990488805399313,19.150213655435813,16.624912434102946,12.59965549781476,12.277219684805765,18.54482044585763,14.672694549406316
2020-05-03,8.085117347759015,8.102765470107734,5.100841327589385,10.847524271834464,9.894414394718908,10.283716770979735,13.08489437492526,12.647822772682488,12.686824702003465,6.2900800735797615,11.375425091037505,12.80989353097674,9.632945176026997,6.080443176394827,6.5446253347270495,12.03665651127317,8.157241841853468
2020-05-10,11.013692394340056,11.033604571305869,8.341965037314576,10.995247042250066,12.857859738573689,10.755818410576389,15.2438693644354,14.386595394332687,13.428384829407335,9.256425467599495,14.163667815897888,14.982490698924927,12.575768007735029,9.60318271765654,8.538506234131557,14.619194114744776,11.184198845428918
2020-05-17,11.673780149167722,11.434249153904824,8.861204239258008,12.336556653891291,13.714228313115685,12.118881380235829,15.855952349070558,14.730134280563949,14.667837851201485,10.09963633158612,14.262658823516976,15.205838090968582,13.153903003364915,9.458991790317857,10.109011582425348,14.800389276791924,11.53412855073127
2020-05-24,7.167814988120335,7.084694422384315,4.09036005579907,8.700779346128305,8.837255359313648,9.07301705254858,12.25357646497276,10.471506586322535,10.758919619300828,5.579060129695588,10.217168873213067,11.755049603647295,8.552564413851293,4.673985849315582,6.024789676296369,10.935287769993224,7.042778771842586
2020-05-31,9.159552650562125,10.625894195743715,7.689585892098503,10.626884233383905,10.51535717916877,10.009583023063923,15.052831822164553,12.933816703697303,12.346544050190548,7.708975398097988,13.23479558915803,14.57980991566599,10.552313411097728,9.750364089417843,7.2370785989694735,14.104592835599895,9.512330363863562
2020-06-07,13.64092642368037,12.657995242681077,10.704485237122428,14.395862626177925,15.349930165345189,14.596996821645298,15.996489939119655,15.010128156984006,15.382964307314731,11.733086761661268,14.486926256320178,16.27638216738431,15.262585975948909,11.464151759085372,11.153405649694758,15.39061858742671,13.84696436153268
2020-06-14,12.17424890771029,12.323398502904976,9.660398407858246,11.65982875369844,13.887305415003148,11.748477686939706,16.11246679545144,14.687805452718363,13.777709178495313,10.631260469606138,14.469154310020018,15.745305345386186,13.732182476051063,10.785604951124112,9.66241618030992,15.20304647397155,12.381571798151072
2020-06-21,11.804694408001897,10.89384943081626,8.228097653008184,12.408740638622216,13.515094511602472,12.85530878678252,15.319746189840332,14.025013427486668,14.176348725177068,9.663380486490489,13.629980758980755,15.641824113069518,13.495158398933851,8.544507450485684,9.255644382841185,14.481865097165342,11.726795715623789
2020-06-28,6.03809101578505,6.874897840943164,4.465945369973051,7.901232805990038,7.253301769958258,7.501469936610188,10.728629789269007,9.58710520360377,9.389280651413532,5.1689240107788414,9.329661830059894,10.762044616143982,7.223556885272839,5.789782961414036,3.7558957404959377,10.144407634399176,6.042765464985145
2020-07-05,10.313385859112634,8.671045443015313,7.761953436915814,9.980265179560297,11.115619553538448,10.233411980718564,12.501676421818855,11.518406666223104,11.404317181870896,9.174405572653086,10.749216814577837,12.257245583354305,11.31774079201304,7.601679614517685,7.2464354861876785,11.605843546339209,10.434462537341364
2020-07-12,10.325633826556508,8.77076929432751,7.053817620188553,9.069404471488228,12.807387826356246,9.043470567104286,13.136051572794122,11.074039580481392,10.459096223407528,8.358338153134316,11.708025676347477,13.426721858207106,12.188247318433518,8.368900029282822,6.4163123563064834,12.650988682375496,10.752478414468689
2020-07-19,12.427905889091344,11.870667811904124,8.947265878438737,13.741325405381971,14.858446666172572,13.992088297005632,15.878573317569476,14.627461208987546,14.868891914763328,10.29671705801656,14.088126198244302,15.176600512789909,14.521276027539525,9.107252359862,10.50341438770409,14.55998494247168,12.396387056199046
2020-07-26,7.642287032484547,8.381519821406936,5.904782202355927,7.856611240300395,8.927917498469265,7.692531454363691,12.64586018542854,10.411502157062678,8.939758574542703,6.404375629430412,10.881623761891287,12.937193924526,8.83254878516363,8.11339660609811,4.689876581266455,12.038305085699152,8.068766629117519
2020-08-02,10.257084866748354,9.344376658325764,5.32134185624313,11.096117832830975,14.23151307561325,10.92679247923646,14.205368003066706,13.103600973401752,13.1922578242427,7.552478549987312,12.814545842785854,13.68224214222232,13.075527078856831,6.781546416186417,8.360165426570862,13.196266450527364,10.555489105355708
2020-08-09,11.697897329293625,11.61695815886516,8.972830197297055,12.30016733209292,13.686187569076798,12.02580504742675,15.21817643857906,13.667795499083285,13.413673666825268,10.049938020877816,13.76335895670441,15.456684020009003,13.396722817513014,9.93441781301389,9.180637697575037,14.436282807366958,11.921296754937286
2020-08-16,8.228072671663194,9.482431224287192,6.872206070408318,9.1480360521181,8.979800349646018,9.30034629757033,12.598324350990984,11.272603044447962,10.336887823800518,7.455326409119992,11.371236589563877,13.16952071967472,9.208136868407829,8.788285060319497,5.668519540483249,12.17315415206954,8.155301588163223
2020-08-23,11.973956802176692,8.21986441870234,6.844547957049711,10.607306477924189,14.844643274472434,11.315723993603326,11.539258335491658,11.216362493564557,11.822986177502314,9.306324202378772,10.278420824199529,11.288427573972635,14.181023303606333,5.657761637948462,8.559919922072122,10.407829112502691,11.845845942388005
2020-08-30,14.353531571121904,14.021714269479451,12.681514375275388,13.471878114200775,14.966445320010802,13.21824584320245,16.52891722364954,14.383745396106274,14.36435779153484,13.583547145362914,15.35858149012446,16.387408939011976,15.08131728669391,12.765615076050723,11.584105595253485,15.856029172699513,14.348075706682437
2020-09-06,16.697335888827016,15.34281848488586,14.22053072065406,15.50322412593024,18.331259731007545,15.566840439382815,17.244537806719453,15.657746247625967,15.942189806361489,15.3638090690424,16.364931550789706,16.828462855192527,17.97108046704738,14.265496463043489,13.034641704913136,16.662181525780966,16.86308831410267
2020-09-13,14.135115792852572,13.51211835682265,11.194523029022758,14.51654708811215,16.447088956656412,14.243603351033332,16.97976256111968,15.175704127968135,15.063665124068288,12.591252531055924,15.520842936131864,16.134261650537866,15.70222935161075,11.746546692087756,11.314524456323758,15.895376196112885,14.193191408147069
2020-09-20,11.307866510123668,11.695061338989971,9.662059428317418,10.31318083157142,13.284533471376433,10.506485503459375,15.54465142352936,13.266831890948405,11.9025427674594,10.244135016397363,14.175266240272688,14.215151486049766,12.753668362109355,10.526819443485698,7.799255159785162,14.34036030741354,11.653299025448186
2020-09-27,17.338939491232697,16.241311875487693,14.393171368389924,16.976889342069626,19.650024683717263,16.63241197458412,19.53726076732224,17.456645976970727,17.57034075936693,15.472879249682174,18.16406000063017,18.88047014606609,19.176464978332223,15.122127758451825,14.068103235102766,18.64160719309768,17.733852155125046
2020-10-04,14.850755379160091,14.892071757997789,13.284515187501274,14.848820558616092,16.070882315109785,14.42551920128605,17.70136136702824,15.142170883277794,15.385084558139807,14.007033935145667,16.36552911568514,17.49027412728158,16.041258111423506,13.959266270485424,12.146852649513194,17.03939347911021,14.752742702106255
2020-10-11,12.795329852453987,13.191796701854225,10.466521960819518,12.69994426341284,15.752348235587029,12.577550536417132,16.401925707002423,14.454478792215324,13.9270702024262,11.23309036180863,15.083741667776398,15.237346510360185,14.864407971098617,12.004484891797132,9.59086719245056,15.440670448273364,13.02004703742796
2020-10-18,15.93647411277702,15.28617385709718,13.779412234897832,16.34728655219078,18.34591576472465,16.77003221990519,19.59787435503812,17.694115871578067,17.626658522686146,14.843231116961038,17.836165523116208,18.28144372312849,17.731263588754366,13.950657604898348,12.635410535941496,18.190291873162973,15.712244278658432
2020-10-25,13.809490462834615,14.463923038450131,11.45990952815011,16.32319708807128,15.8414550614657,16.54427739981672,18.278694831247577,16.666646642313378,17.127823191379612,12.40673808386409,17.065187850555816,17.389882247081662,15.5307944336453,12.804338735415143,11.51227289703891,17.233906676857906,13.627755312585444
2020-11-01,10.811737677919051,10.72324283875382,8.607201528633816,12.075418920744031,13.273276875409085,12.167261938637592,14.511942866244746,13.433362474317676,13.121972105041175,9.549004784048744,12.87555167994974,12.480449670087296,12.590027005515964,9.101626276356644,7.598615040580383,12.665726476919394,10.7360302087753
2020-11-08,16.660792764396128,16.617450580413916,13.990506048210978,17.5052832194737,18.48949486727541,18.021616221394776,20.17487409719573,17.827135716227744,18.148433911123856,15.10273711995145,18.45987371634611,18.96674495758715,18.45466245739616,15.282132987689256,13.92435464282347,18.84624844007996,16.596963796975476
2020-11-15,14.346794492949847,15.408395603521546,12.805318339059284,15.81732767252695,15.352738635968844,15.962208652128124,19.16389556250836,17.14544015314672,16.96475105136341,13.319714892701707,17.40341202624432,17.965610722647202,15.596008718704166,14.012343295723449,11.876594087871348,17.82526380721837,13.952554100607284
2020-11-22,17.143400233991667,17.52417121970577,15.076763688724656,17.868451363983606,18.945313223550087,18.1333948574778,21.77650419407614,19.05692596980504,18.72230071424271,15.945545497975818,19.51171424419849,19.886317272391924,18.701022106708244,15.60264817197473,14.408463891860348,19.80121687013809,16.723677567073278
2020-11-29,17.06523589155082,17.54735077622094,15.305029654989438,18.93951363081024,18.34930350814017,18.56222693984573,21.14365157858623,19.39521077787721,19.786613629522154,15.987055330630495,19.47644601054005,19.800458440240824,18.465317542028245,16.2453022176775,14.86351536613176,19.66070889026918,16.943990312175284
2020-12-06,16.796611595644762,17.797861148553615,15.280021298111492,17.217583637861978,18.185616763585767,17.32432152221562,20.640203815159925,18.57986406697855,18.306880694312827,15.62433124098118,19.19818404887145,19.13378429669897,18.31086738321312,16.263341653474384,14.166968164372747,19.268969007667497,16.62211816265898
2020-12-13,18.31061503264281,18.21497778292658,16.392053502158138,18.788195681004296,19.501659336838344,18.9953629850881,21.45630993856981,18.88440147102653,19.44255138143401,17.044958734136866,19.915180559695028,20.85518581205301,19.9404843451894,17.318144088778325,15.65146848237018,20.45634845278268,17.909530074769915
2020-12-20,16.472239262348896,17.481428416807262,15.106727033562647,18.201659851130984,17.85545756991575,18.176460591369,21.18501430211192,18.770062802302373,19.18326600517079,15.635328896804651,19.297082207419653,19.72385736424325,17.76732497693949,15.92827645865268,14.332326940271374,19.56892784700935,16.19726339504725
2020-12-27,17.278216945005045,18.06848149513131,16.134379783772534,18.00900274657068,18.4901414754036,18.53458703530801,21.351791782212327,19.131002750149023,19.07255796537008,16.520243079375362,19.7401683510124,20.6197613615874,18.25765488414691,16.97677380735807,14.793972762169192,20.21563023643718,17.101950391604895
2021-01-03,17.889063544254967,18.08501248573189,16.047352437964562,18.558825708570936,18.756542744414176,18.96825140507525,21.856682285275472,19.59498150714032,19.91377702571175,16.84132230938889,20.17626296121837,20.576832061829272,19.017434120178223,16.6981107857466,15.272453792639103,20.419873692984684,17.332893077253974
2021-01-10,19.49583392345767,19.62930307815324,17.963719356557174,19.78368582611992,20.319775453591504,20.13375500393036,23.743398894373943,20.62271934459736,20.544980665942223,18.523609183904693,21.679927591431195,22.352845554403217,20.8021600550206,18.64866524248384,16.42345565716866,22.13774049538689,19.00681695783877
2021-01-17,17.930885222887902,18.662042996014105,16.720748029774867,18.86110612040474,18.162134935730567,18.875860842651992,21.637232093699826,19.452127227287782,19.54434969560507,17.160464622574796,20.24171984123461,20.987395366247128,18.74589814734735,17.702709928255192,15.453768017032983,20.65013337368601,17.521501307860216
2021-01-24,18.448981143946508,19.51961985224091,17.471324057524036,20.05823598731132,18.726672044778027,20.590612615244112,22.945397357551418,20.48824028659177,20.514720661066285,17.885159760680054,21.23180104045125,21.676455181563963,19.356093555803923,18.367126295016508,16.72452488510731,21.56333966637777,17.850789862501653
2021-01-31,16.795860270889264,18.113226992235,15.188113445926792,19.55113495815368,17.33800664431602,19.778162522972625,22.789803719034,19.984967365017187,20.45227877547829,15.80636686039722,20.71444187081737,22.07023982281955,17.967950045832335,16.521145262074743,15.272441738113042,21.46955424418888,16.46094642045363
2021-02-07,15.341924837964228,15.673268849915788,12.861861252636643,17.424449939103354,16.623974045500063,17.514191553859632,20.0482600743152,17.836562086823697,18.65212170345209,13.982373685482784,18.183329989280537,18.88572128121101,16.73367000270534,13.77644595148821,13.20332515811208,18.49954681060552,15.030222894046505
2021-02-14,14.773230627543525,15.178775764477532,11.788965635418151,17.046795389481954,17.429362175642872,17.04025932076355,20.23539623227133,18.3000784891302,18.605863132588784,12.930562330445504,18.18317640477961,19.519547680960187,16.994212029063107,13.669543799365233,12.893631510319867,18.940654461631105,14.585909646155054
2021-02-21,17.706179839763863,17.551424136802332,15.684442314936614,18.665831821305414,19.593483554266896,18.90453081241446,21.2899145454429,18.83450396352,19.699276280263163,16.483591232042347,19.567664486608464,20.713624861683808,19.40600126774615,16.700965669629696,14.839277976910711,20.204776844166496,17.547177548678416
2021-02-28,17.275739705393825,17.927923858801186,15.665393535712171,19.188243495566503,18.78519582360167,19.578668188097545,21.53649873983756,19.08791912921063,20.07824893007073,16.25112776171638,19.96453433016162,20.39225190154947,18.77140321050372,16.784781293336895,15.376967853306288,20.30133297392067,16.954745909595747
2021-03-07,14.401395311686985,16.671217219407623,13.092709340769948,16.94601000348727,16.528511313488536,17.029093860199094,20.14678930610679,17.30187544438746,18.12574212658429,13.332038110769505,18.93095942080279,19.55475384848458,16.088450242193506,15.41946948692645,13.055615350442515,19.24533559758136,14.565574376730906
2021-03-14,17.531974501591392,18.408030642629434,16.237113294288346,19.44660225510597,18.86203155192863,19.397461003778524,21.81008509088188,19.60164918131643,20.65695321070005,16.72033166778101,20.266602434430805,20.831090762608778,18.831372768262177,17.259749472919637,15.595285319156227,20.59691362324993,17.295710129879236
2021-03-21,18.698398143321544,19.218179663107087,16.886313538267853,20.36510108198438,19.97622025727696,20.19531774091291,22.646980786115016,20.713259649896003,21.34773979728236,17.563777536321414,21.14727794597675,21.579160497516312,19.882688419238946,18.013036576570332,16.70428428934787,21.495410478744954,18.251313879162154
2021-03-28,13.92957233124565,14.762777444904549,12.015264899940115,16.235910793145496,15.262960336545412,16.441208937606913,19.60858649484618,17.30089323712634,17.564412166461086,12.820329746593908,17.530858871327847,18.63736570877528,15.165444647483383,13.302886191874942,11.670878986196902,18.01670787385765,13.848420535779065
2021-04-04,15.684379726149706,15.723225359723514,13.681358792661246,16.468995441993076,17.925976200513183,16.757371436061394,19.2663692607824,16.9116149129496,17.94632618114673,14.516085135521047,17.5896885842988,18.245182661997337,17.24680253529641,14.284876922302486,13.101858156958247,17.956497397674738,15.522510794616457
2021-04-11,14.81514293223888,15.098721753305464,12.562431601157948,16.936896968455542,16.242369160486273,16.865183519734074,19.75442415354204,17.699358407057723,18.138487936232657,13.654420215984295,17.741736720031472,18.781322186205266,16.066253030622327,13.424912077945637,12.441925572073908,18.19837389160276,14.730677147759904
2021-04-18,12.635005225546111,13.378106952476095,10.060856330045684,14.905412492297948,15.156194727126092,14.980913289878972,17.896596588824302,15.946444235962703,16.125727470606975,11.298065131104837,16.14422405127323,16.687406307282153,14.46757337485501,11.801857182571055,10.327265801472253,16.449190492499365,12.660639682548709
2021-04-25,9.842273855147983,10.450996546348785,6.965554025073757,11.782890268024945,11.6168207169285,11.610506349855717,16.254448490309645,13.598764756190311,13.759385236788637,8.482196712654808,14.050097296248268,15.789129850999364,11.445039950742686,9.06068395417247,7.639449858889467,14.97883356620654,9.819363491554466
2021-05-02,12.050862301884164,12.684442287569109,10.131197333441651,13.132012349863848,14.239844177141617,12.603746230998096,17.133705923230586,14.59905026671174,14.976053917711264,11.023852075715167,15.304852473684202,16.42594818413418,13.785547329652264,10.95602418247022,9.866921395285967,15.850376978312456,12.059103113943031
2021-05-09,9.888805150065185,10.613538123905531,8.194925666701613,10.185340701469352,11.847136356317057,9.619027873263857,14.849752253763183,11.489645924753958,11.45216567548987,8.950258322588102,12.93625741232009,14.848024476249265,11.394366220617846,9.542905925053308,7.525704851669737,13.884623686161529,10.053277214903718
2021-05-16,10.302187638546664,9.845074289007735,6.419876062351724,10.788818717712449,13.580871510735095,10.56797046428175,15.696904741292792,12.060274755056804,12.266201533916648,8.229465636949572,13.51813646663319,16.128051615146934,12.461547285433442,7.837885467818381,7.687868549461338,14.58413961955479,10.114123701567276
2021-05-23,8.898553181185532,8.090347999893524,5.782542438028973,9.111911157057396,12.026825546247707,9.03420173707616,13.082929436041386,10.787086963096222,10.682893641540916,7.37820331975231,10.861649394964244,12.986692626521272,11.07525034300609,6.300360776852562,6.141902923009621,11.8229238935646,8.951996075496519
2021-05-30,10.998501088475017,12.07841504967289,8.797621218948738,10.22451975161121,13.104683499085644,9.768997231045285,15.9426958428875,12.951717461672697,11.96933869326418,9.53698182132837,14.465857085521089,16.053693559291872,12.690516420773095,11.059234258163386,8.081602448642872,15.282978419921635,11.208954179383351
2021-06-06,11.932915440243953,11.94372515764826,9.967616966792516,13.128673809624852,13.148011351231732,13.21862422054492,16.26454291329787,13.75482017789568,13.879115990230016,10.678712250947685,14.25790315211077,15.610776086380538,13.306478628780852,10.957044948265398,9.086995328486438,15.00935263176487,11.813237168557562
2021-06-13,7.646714708826563,7.647915385679395,5.083483265899617,8.919899680075192,9.131302975090586,8.695371529310368,12.068876858702902,9.420892652040951,10.16140836185672,6.435354123769917,10.133574262841954,11.911897254440024,8.940077832306674,6.393385071314793,5.114852754560271,11.022288582796218,7.591670289836482
2021-06-20,10.799911681289377,11.154405973867568,9.2795792479587,11.245880769122214,11.955851666756155,11.537247592724734,14.832691415058278,11.19892481345635,11.806534008970466,10.015453736613116,13.364184467926686,14.245915893595814,11.938717627617384,10.840849076706194,7.771094368383472,14.086857775186136,10.8171457890873
2021-06-27,4.147391842215525,5.384121762918256,2.7730558120051416,7.005382294012677,4.70848836164665,7.407865325763264,10.454243810114288,8.144951863598514,8.316826670662063,3.6322656916150633,8.22391912710099,9.950872608914851,4.97619695570248,3.840156167686623,2.870179165130464,9.026123074402784,3.515156748079547
2021-07-04,8.416318576154868,8.462045283841173,5.386183362252541,8.786259261979943,11.2926125462897,9.272861855370657,12.8092528501683,9.810008682275749,10.18362686032185,6.59868689328935,10.849538824155731,12.28891916287877,10.571681059005178,6.955957897953898,6.131510753052632,11.814407174134674,8.063490855404629
2021-07-11,11.235725666105056,9.743463522971055,7.347875042837495,11.981850799350513,13.605491074167473,12.438161652981083,14.78689682518428,11.946767043076552,12.941957209674811,9.327625746131613,12.265869365626084,13.818451673194083,13.227056079849774,8.045347433294003,8.538041443171142,13.135826704320143,10.896092102534046
2021-07-18,5.582568804423015,3.930443602298368,0.8798650860151782,6.8818027804650015,8.283867538901807,7.077658854089342,9.574000366922718,7.327760184585275,8.131205580355836,3.15802019438942,6.918349987913519,8.866551197764043,7.458856786827783,1.3976711277014473,3.1951303602097783,7.783616643362548,5.255246042723282
2021-07-25,5.367704156436209,4.404528706757499,2.2732384806728616,6.146472235864383,7.299279891610763,6.852615720363503,9.426946181945134,7.425719789405923,7.110759893359357,3.678054178391319,7.079010909769959,8.647663238395578,7.131326376413746,2.5071364744972886,2.845467342350518,7.748507478115845,5.046773115178003
2021-08-01,8.237962661102472,8.644537505310481,5.612785154670979,9.664094835165,10.284140225783885,10.038168095560453,13.601479116056126,11.15020243149299,10.888312544374784,6.749279298315702,11.643852626503287,13.251780378208004,10.020636697993774,7.143799869260347,6.05065124191683,12.576783423787694,8.15932562457262
2021-08-08,10.912512057536356,10.84209402995323,9.353314957157531,11.044467106461523,11.696184432215375,10.61205034627264,14.255581333060308,11.611069606558068,11.9110340673163,10.007068979726734,12.440012720859412,13.465033767036994,12.248034387021452,9.817103329316213,8.03950564616044,13.107972358770798,10.878157472353418
2021-08-15,15.655908897576646,13.528078294766228,11.821130615478085,14.732427181232543,18.37380058618937,14.633817849472225,16.455810727600454,14.380601146499831,15.267463276297612,13.38755945091977,14.937848234795904,16.05729287525393,17.936623557654126,12.062591921070796,12.118153824802766,15.530436560599073,15.238899252164073
2021-08-22,14.704888319263434,13.290125876347393,11.2099849710236,14.036538972031504,16.27035630040483,13.581564606233298,16.564294061577353,13.870558180623242,14.767924209396902,12.812988034249424,14.988422999856793,16.606923557034722,16.418140601007174,11.753059722144092,11.333764649793,15.987605960868343,14.184111675804836
2021-08-29,13.451207782004024,12.434655668893097,10.69102765948982,13.2653824417364,15.278481224393245,13.684481107743704,16.29232254250752,14.08928021740604,14.375113544165504,11.961911282469638,14.5835219717645,15.964366572243826,15.24656646868437,10.821694547685654,10.34167062446486,15.223852517786794,12.944279166244756
2021-09-05,11.91968448373802,12.546347321986136,10.110488952211078,13.50200529325576,13.822201950474197,14.231174766633808,16.93548783060413,14.390031485867189,14.62293404002479,11.03605715442696,15.208151319016626,16.417429426609665,13.426121733363532,11.919242965028744,9.797564090691084,15.932168135671,11.810652199781163
2021-09-12,14.71516123026648,13.398422011942753,12.105872814276626,14.226091204654605,16.02048505137886,14.630113940441468,16.89556516363739,14.53278099951806,14.871656823764807,13.06467830370462,15.35138956953437,16.675793285318463,16.273147944778092,12.771678990604476,11.132048316588891,16.16908618755303,14.640436583773466
2021-09-19,14.036782685700835,13.599813217039046,11.70705659895104,14.688850221179782,16.228651084871668,15.095424692603151,16.67633856003208,14.629601947239466,15.24514268335764,12.435215623896354,15.294007527570187,16.412531450430983,16.017183180481307,13.00794284712622,10.846356632737647,15.932488988290327,13.964149388984206
2021-09-26,15.899633383045172,15.1277148840524,13.821965964790351,15.824981917937595,17.802708170486323,16.520435482992323,18.24765749227896,16.438138399495706,16.86079322848535,14.525372950915411,16.794358330268363,17.247354977857068,17.58457481907141,14.57269593289024,12.454676289927152,17.138306388183114,15.676360900189998
2021-10-03,13.822265145094391,13.643407867915595,11.930606141805436,13.934496971822922,14.94791458519541,13.938662010423618,17.156237613355454,14.48060732110754,14.739621307985187,12.407162664711676,15.522856362247882,16.361905042694588,15.186233071286704,13.22252179211102,10.20856315111488,16.148762852245113,13.979459128932492
2021-10-10,15.20006246579046,15.152758031003255,13.524592644573843,16.343270791428427,16.1455207100451,17.075748552840345,18.92333767504456,16.193290246245148,16.888853231754787,14.188030264374913,17.128533141231124,18.004586155523832,16.458329285433855,14.499891149040074,12.654435770277862,17.75180970992594,14.84832037234242
2021-10-17,12.34792947585058,12.18219444339972,10.281821350767853,12.953537115738506,13.955810886414117,13.545771082702595,16.3983612672233,13.579019795950355,13.92156768451698,10.973167180746826,14.276287834365649,14.736273466094808,13.954845202935708,11.114321908131862,9.478262969655493,14.680742847942792,12.110406888784423
2021-10-24,14.29784825225594,14.213753115393711,12.010598351073243,15.246351537959915,16.598960577868073,15.80284515648428,18.39470417923552,15.535576325206014,16.27090523340931,12.774268476713628,16.464267337683474,17.365629203878644,16.122000015840566,13.297616631983768,11.448443638505893,17.138544205816757,14.198352420105127
2021-10-31,16.864120947348106,17.179380673081127,15.209099653662046,18.13569921964691,18.30698847894224,18.32126462413537,20.826982325784662,18.32268990008862,18.734491045927584,15.816250340876886,18.98947867438907,19.50997448353112,18.24541354087329,16.186691141902195,14.616071476818025,19.42824733793852,16.426632216677188
2021-11-07,15.17663002136898,14.36984132246168,13.33100781444966,14.95796850323677,16.877332741732424,14.69208118016502,17.817585227788364,15.051997265010687,15.789933127199832,13.835220732758632,16.141829571579443,17.37407781235934,16.937027356799504,14.202820524284384,11.447223426002791,16.918188697904522,15.18489116542744
2021-11-14,15.888274125304154,15.333208018020269,14.01651542675421,15.529343491508843,17.672888356963412,15.848201754163744,18.76279333242522,16.254695604745447,16.54976428884816,14.478711326693524,17.071786409848695,18.01024939750404,17.694840756162254,14.917852677230927,12.683338967440244,17.663675345553344,15.618069982271631
2021-11-21,17.470555229383393,16.05208745439932,14.393934087829454,16.53150250230517,20.27878266030289,16.577533172057553,19.213771233405733,16.981072127602317,17.783051252831683,15.435734813205304,17.617757056595448,17.910813516683653,19.76339864362621,15.158377964410755,13.757605752781828,17.975786518910628,16.9770528364053
2021-11-28,15.531509070476204,15.902653798874,13.169129737204118,17.320891976356506,16.999191546069525,16.10176318646091,20.51706670533116,17.77776972832618,19.07446557155093,13.832993608760082,18.516110082519003,19.480696715434608,17.23520123084079,15.304323203581614,13.222085034005818,19.240413520200843,14.989959402547049
2021-12-05,15.212575595811527,15.26383156461248,13.226336375949865,16.03287050979478,17.38968088854515,15.859056051786958,18.665335257616405,16.89208414350237,17.440724321540788,13.615816233799078,17.170509467186864,18.157467367835444,17.330105178604718,14.434082144090768,12.876532159693642,17.764924667119516,14.816579023140138
2021-12-12,19.8393290825332,19.816717308467386,18.34229909326508,20.462291931822183,20.950271373497475,19.546143379604185,22.97020949983736,20.311906619381595,21.20346072508631,18.703483739237143,21.33929809306091,22.106167284304885,21.16968261136972,19.255459376743865,17.325042842928404,21.921684123298657,19.86831823513514
2021-12-19,16.577807044737433,16.52608408653406,14.484353611293685,17.760430310453685,19.71862717154818,17.11241427658454,19.96764114090722,18.397974078686207,19.15280608514984,14.940787023580784,18.29339549902713,18.69265369970522,18.93179821507811,15.377963849948149,14.050913228324683,18.48576411155805,16.494242804391046
2021-12-26,17.883740498752665,17.195146021812455,15.67153478197641,18.78064794199808,19.197602135794504,18.125039303164684,21.28129462528507,18.904666087658374,19.719711408223187,16.495780634799612,19.33046137161585,19.783277489747,19.26561808494067,16.55812744326303,15.082254415533685,19.80552098522448,17.216331771763187
2022-01-02,18.072180171117207,18.72501787600487,16.400485688220535,19.703516464857827,19.629954400899056,19.042744300233505,22.3542796654882,20.46279244014196,20.824200516344284,16.83915229052875,20.73388126092556,21.575677474554016,19.52431924186618,17.69990220200086,16.05191952818648,21.202267299659564,17.766658326043594
2022-01-09,18.11464836361172,17.532616793728078,16.03494745921327,18.73031955957413,19.317697349254683,18.150793268260195,20.82115504206444,19.355678893250303,20.18709778552419,16.739889070341366,19.41723977043515,20.056844796131884,19.827430894476105,17.017494970034083,15.368069805658974,19.88935846265281,17.5855685976959
2022-01-16,20.723455006858405,19.98992571088551,17.94989438086563,21.502607274623145,22.33575166127666,20.83853859330696,23.770696868006755,21.723336698854123,21.929697318553,18.898288324525574,22.08668174743652,22.704610585523746,22.787169274215994,19.02303354741086,18.20246118753682,22.57130995002045,20.216159956795828
2022-01-23,19.89148266864713,19.497562819198247,17.79942259623503,20.893736778270632,20.79589675604018,19.982444604851565,22.232942608980675,20.51136807528409,20.83363800459412,18.54346078694604,20.924571877846983,21.55144286477019,21.28963670583305,18.629206588346587,17.454826686962974,21.377890721225924,19.54143331699937
2022-01-30,18.81233776735677,18.527577924830062,16.95147893993645,19.96168937285741,19.76453866683316,18.865430971830506,22.20289526736424,20.133772726678227,20.617098940795184,17.558771891856757,20.5644440077084,21.23479153203836,20.168444338912668,17.99228704103048,16.292102473697092,21.130599139487902,18.289482530557883
2022-02-06,15.872293666216091,16.753412124698855,14.200949115677016,18.09365826561337,17.42413475776407,16.940134929720806,20.98261215943985,19.02513987305876,19.55239979394961,14.615332284847986,19.29178919441256,20.346596016074127,17.50144437105039,16.208787570888457,14.103266690731392,20.114103362051708,15.526500349096208
2022-02-13,16.317724452515826,16.356999866489662,14.230461572479545,17.905764789808362,18.784836875695284,17.040258545059345,19.810977938571405,18.122651789281274,19.12817557590581,14.693681399921465,18.362168167576645,19.28140121650182,18.49857226762072,15.824366940497216,14.199553574231468,19.04424493420148,16.258902738679133
2022-02-20,18.76326891139361,19.542367302786825,17.193663998208642,20.737893497660043,19.927974966347083,19.71749465652721,23.14371215219748,20.65895976326682,21.445222766898617,17.576323257656547,21.392559533717822,21.975255236150115,20.161553209812947,18.550854050787628,16.974936298047798,21.984333616880058,18.39645504116048
2022-02-27,19.638609114147368,20.03621129745613,17.8283536834006,20.85637059523945,20.8945519075316,20.81701943681047,23.587238534198907,20.963704223632813,21.440347985045552,18.46805789205167,21.76745191797033,22.746354910241305,20.928416900192907,19.094217574780387,17.30500314873806,22.455637366337783,19.41551049250477
2022-03-06,19.47802721855724,19.539148918347067,17.734079748101223,20.83288023017701,19.92853898952662,20.71149502635156,23.509535024882062,21.01266614294672,21.709767264162725,18.50629253247994,21.72264114148689,22.76572601236102,20.409755141578582,19.01658333588552,17.485183664127536,22.59153251125388,18.856143101206367
2022-03-13,17.842354710651335,17.95894631038088,16.076532485322183,18.20060198363804,18.12801345554129,18.0948252954078,21.75095075490524,18.82732655166032,18.84177885410137,16.721506263595597,19.985701970517376,21.077452582490416,18.76021334931657,17.546918067056577,15.079505950506842,20.86034385098869,17.500075595398155
2022-03-20,15.485154475944844,16.45598898310143,14.201547977241036,16.93028435252962,15.97428050842398,16.029101222024767,20.245223331729456,17.55597689195113,18.316322400378624,14.56992303721682,18.57002631431018,19.805659697704883,16.58083126535747,15.985238637950612,13.223161715997096,19.48080272263977,15.30538558188796
2022-03-27,13.186916493694444,14.414900817342405,11.655614353008998,15.08507799960318,14.205677766962287,13.884849246404348,18.79264294649352,16.390610842023577,16.88466242101561,11.905810710952036,16.98621205086316,18.44116152071889,14.340775652741836,14.2748474586043,10.925465594943937,18.09603792813893,13.325121315341752
2022-04-03,16.723874387900647,17.310218549740597,15.186040181868249,18.180720340637933,17.637975573451495,17.245283342849948,20.463166712324405,17.98955189246636,19.13614542190343,15.619907264902569,18.88569830114191,19.663318694441145,17.847103282751725,16.521933083860688,14.405338450013456,19.55087235295843,16.356838097790824
2022-04-10,13.432080252290234,14.47694314746206,11.673150542571465,15.862626316291946,14.433929141938997,15.913289148068026,18.562431377155093,16.073155800212515,16.46735842820483,12.25154863460528,16.765659047411635,17.7808190741629,14.841813312534198,13.58589478184406,11.801562137817422,17.58812567492521,13.294660725040895
2022-04-17,12.061601119612174,12.767062675724151,9.81882643720801,13.9765105673245,14.238313391859844,13.861306935510424,16.722698350689505,14.066253540237229,15.238537937694336,10.729216751285293,14.973871377226594,16.02053937886282,13.964411420711684,11.925918767609804,9.99834362049328,15.857035226318,12.077909866754576
2022-04-24,15.803344138647445,15.401083778979173,12.87710016093216,15.349344052019577,18.45753090898696,15.367320555364149,20.38776464990555,17.13789339040781,16.839712580589403,13.997143662552462,18.0867021345989,19.541128976004465,18.21903330478889,14.617486923166448,12.56905417636457,19.12927892576692,16.01271306729381
2022-05-01,13.085378986221176,13.42040411571958,11.36195546266984,14.627780461595172,14.00103296622976,13.927070126723756,17.583730800506327,15.25534440127286,15.878383629009443,12.098514813808274,15.870696896804878,17.057819943543716,14.139635279371932,13.044586210322558,10.341860932116049,16.811958617193593,12.945459964461726
2022-05-08,11.217754281165517,12.206869992111796,9.382446382568276,12.289111772463436,12.431949167936311,11.66059566249872,16.547322909964073,13.783056613872578,13.918546247388988,10.142029915939435,14.71366833608388,15.849756252412206,12.501224712055162,11.41177194449663,9.16221759107365,15.672840756679468,10.981718746157028
2022-05-15,6.896888947087979,8.078278815060028,5.15437680541041,9.555531654329528,7.735001299135955,9.45730723039831,12.73868650597664,11.42598766351675,11.696693151431074,5.768853267078593,10.856116091327747,11.158314952310526,8.04914919842164,6.774931637581318,5.729625471756561,11.206621151381045,6.526707772456733
2022-05-22,11.18898541126472,10.6358404010852,8.396594470755229,12.313837503393492,13.446795083080548,12.340194175602386,14.932268473566795,13.18149369078797,13.482158331488442,9.473873353379918,13.02700661993646,13.159876033623584,13.315093416965144,9.598210756987228,9.06333947623962,13.4480285597874,10.981098881789617
2022-05-29,8.915306334329848,11.18927290393854,9.022785611880384,10.094060621800876,9.284733772630783,9.405335824001709,13.954291924790809,11.818646153289004,11.50154076956956,8.540745455985396,12.622758005811022,13.650961956887874,9.90829028448083,10.716298772074463,6.611861920764548,13.439270370393816,9.738857796731985
2022-06-05,10.762892040506754,11.992251226007305,9.541063933004398,11.808235606976917,12.272464257447831,11.731055510550393,15.363942176885576,12.705958216283229,13.154603453998227,9.536283954994753,13.684054862678826,14.82513726560896,12.348371176876157,11.119871842611152,8.140684579803525,14.533386182411778,11.06356643545981
2022-06-12,6.261252042409536,6.203597881074653,3.5958363293226348,8.09075038436623,8.160280661085286,8.622422808078879,12.086972125417637,9.16755515389628,9.90420062213028,5.139712849403527,8.917787049446272,9.675597299462702,7.448100707475743,4.524342254635653,4.605093494894073,9.60666840813631,6.26340791068951
2022-06-19,12.03442328194087,11.00006773159194,9.037701103363611,10.90047908538864,13.879016614683817,10.89095878048753,14.393156421427822,12.493252767587638,12.280871973345656,10.268218502083831,12.859016697128098,13.668107850211008,13.907108037628262,9.880935385994258,8.759025668270816,13.644628574236966,12.488962916993708
2022-06-26,9.50045750162623,9.08560661580771,6.506041991784706,9.237216951946415,11.776152796784125,9.385234635462329,12.916617140478015,10.533927417730355,10.216976331404744,7.353370296539418,11.136984313205208,11.891182789584054,11.395833827353812,7.807163653611476,6.121414751180595,11.946090716438515,9.827086705242529
2022-07-03,15.03734775184818,11.90497415025097,10.100723186423531,14.3479353033361,17.260926424530503,14.909398185700525,15.302399746530606,14.041724376926174,14.95452268716174,12.870920030016734,13.623620718588558,13.32194776226568,17.80383402040106,9.657435499447155,12.035153427689195,13.761358447737424,15.015289709574448
2022-07-10,12.412457647164048,11.532463912262337,9.22075655149377,12.268218132002014,13.727667163690755,12.59309230716072,15.842206084693483,13.577095653236688,13.457580341984846,10.806534228630625,14.048383581070674,15.349601248203903,14.26838263811752,10.352212908431198,9.497837028914663,15.232942493461117,12.76319927989312
2022-07-17,11.942766725940285,11.924937989666008,9.79678478331934,12.948526273171106,13.456423716400394,12.64153936562851,15.179698905166315,13.364436672260236,13.984802959016626,10.930982253280613,13.746456130139238,15.240275804565924,13.405901896907556,11.26582265673865,9.72794590993434,14.92117018429034,12.147584856359789
2022-07-24,11.674481801544838,10.195604940086032,7.63215911568216,12.26341965014026,14.845916995112765,12.885161098212658,14.683330010394664,12.134286242274497,12.7702942732029,9.575435625688836,12.449708970181357,13.302267170337975,14.155191585364028,8.95801673909162,8.80774555083385,13.432855088183556,12.317882695609343
2022-07-31,11.323981554505142,9.91264299568591,7.629864953319479,11.761221962315696,13.381505774886936,11.37328712053434,14.543204477160042,12.142729356443729,12.99556106177328,9.60766600033832,12.391399336067629,13.362403384437458,13.066433979737711,9.147795601800633,8.152221041339129,13.433163292020735,11.481161655441449
2022-08-07,9.651483628433798,10.258313509192805,7.720131583941543,10.483973569813228,10.592170518738175,10.722840617215466,13.979035291310302,11.28149119265668,11.897406628687088,8.598296990947059,12.193230620297518,13.776258303470046,10.90671709145358,9.909604399865636,6.791787918376164,13.48127482315332,9.79946965429018
2022-08-14,9.948733927353622,10.34769389357394,7.472083180481709,10.2276368185523,10.893267441819455,10.603887669521564,13.858007745214524,11.694414215645232,11.914075492062912,8.231457317237512,12.250294912119449,12.551793806315109,11.341789938193031,9.462862562793584,6.9924309263456825,12.853449637176006,9.964313414218934
2022-08-21,10.840266215448365,10.342800314746686,7.190181087368657,10.662449130699748,13.44796694445663,10.924186636582306,14.706615025378529,12.179663961583918,12.82476826656588,8.7300809959727,12.70968364740347,13.523814957739528,12.762863012354348,9.411679130134535,7.748145248941042,13.604500125765568,11.201897886885464
2022-08-28,8.710273221192674,8.497914708880726,6.674023333014698,8.539256878551983,9.795425132678051,8.66027848294036,12.8594410787866,10.372528323631782,10.829706103367814,7.318333706584904,10.871568378638392,11.704900701090974,9.898834921448389,8.879330650166557,4.667932596932662,11.846677572060006,9.3195041681557
2022-09-04,10.873878433744268,11.296948164129562,8.619308341787047,11.22283680275792,11.88176350237086,11.434522184779436,14.645475078949774,12.186080270247023,12.645905535281756,9.35027274345252,13.087600397547602,13.993286873773744,12.337610411137687,10.53044950476172,7.984381485892846,14.00257132617928,11.359868881998036
2022-09-11,10.893387056225516,10.875344712596965,9.176655311867952,10.539567884944736,11.194112712061024,11.116512871156788,14.286679148326462,11.228988595690046,11.962604999308953,9.504724566794351,12.586801417875083,13.66108408128476,11.679102662447336,10.593041741145097,7.089114002134966,13.608429994601792,11.310151182416314
2022-09-18,10.040912555144711,10.023573443579522,8.429510014503533,10.02774178272202,10.733209837285964,10.95123373188721,13.776599989688084,10.70563059385721,10.861416604070978,8.856436615853799,11.957779620942611,12.708033144634689,11.091027461884105,9.831970137478006,6.590786753031639,13.003237642187427,10.101388137295562
2022-09-25,12.058494415675964,11.472030799017784,9.52585097213921,11.91159776704652,13.504290036498665,12.726877207614894,14.975182213519126,11.908147710824942,12.530465049053124,10.42442590259728,13.254257321873784,14.1409704460288,13.618457975534858,10.8631826464159,8.323777875966895,14.254171121377068,12.107749614432816
2022-10-02,11.99492800404513,12.870467726609853,10.420856222920218,12.798971852376347,12.872490582864964,12.619786865769512,15.579213706814514,13.28420502897981,13.722586974239164,10.972433263190824,14.354558128505555,15.594643998981486,13.018873024170924,12.468169965053388,9.147846536675408,15.370504300888271,12.085100301192456
2022-10-09,13.302932402955673,13.516141971799607,11.534702688376251,13.711356859831582,13.61407524351717,13.697114196983543,16.643765438402358,13.868218247797584,14.254842937342572,12.232331086599652,15.166246667672027,16.24262265824886,13.956907038522964,13.211755814267375,10.05133311807664,16.175418250948017,13.175828649027329
2022-10-16,14.666326748665083,15.06808010398198,12.766077195635493,16.184884576570422,16.037653599025408,16.660880755273535,18.4152549599072,15.763311784917658,16.29631490296814,13.501664795140714,16.825586323098186,17.903939912903983,15.958554474083153,14.207588558476296,12.299036855612629,17.798500777690613,14.427297606301112
2022-10-23,14.763544956536215,15.66096646902658,12.502429620714024,15.513499340840749,16.430462189200718,16.010763867941602,19.147610644904933,16.02711156919405,15.730036836314342,13.335721504031202,17.579866018749417,18.57881399499117,16.105838961582847,14.588908860086214,11.928713432308337,18.59785301298078,14.601085655130143
2022-10-30,9.7579548957265,11.2425513404773,7.989361394266164,11.757690401659124,11.188328979105352,11.624722437201932,14.774392934304286,12.053552827711227,12.900478338775336,8.5870872442312,13.370365952000473,14.212474365440018,11.260340021844076,9.878093957051863,7.32352422237741,14.005017353363932,9.475374072709815
2022-11-06,12.056992203725963,11.946054051171489,9.28458500564257,12.97205890927996,14.205921928411412,13.722151430417211,15.005964910323698,12.913295043350816,13.74317623211213,10.2215060128404,14.066569323353953,14.148151832128148,13.850482767613236,10.936633799922388,8.871420194142928,14.29811937888308,12.025604380108918
2022-11-13,14.719955324052693,13.447579597613451,10.822812355823398,15.306618311575482,15.873316545295856,15.873308205082916,17.739482234587825,14.693762606831342,16.26291501965308,12.52498914688591,15.948170501329168,15.771317753187729,15.979015925676208,12.026148010724896,11.514856029722782,16.111375877768563,14.170002039230738
2022-11-20,15.850560643651466,16.680826952716686,14.031262816638153,16.213559853179117,16.98723532904703,16.450046277260995,19.925587367733435,17.013952189358797,16.868108095254918,14.662841414439796,18.66037250039897,19.171018037513257,17.292021262599693,15.475310178061552,12.814396587689796,19.066336419017816,15.359726365364466
2022-11-27,16.90074078180615,18.00742216252569,15.358257613567089,18.70101727616219,18.06981029411672,19.272881288172503,21.359854472969435,18.585757122287504,18.856636353434883,15.965991714271569,19.88096117374701,20.847957194654768,18.28222915656778,16.680227888776795,14.796678824299534,20.458923377169555,16.51907651250896
2022-12-04,19.78778424747816,19.828897973367656,17.630789593034013,19.52076808611552,21.30046048647911,19.601602517499888,21.97665988043516,19.149043643505543,19.75801787777656,18.26559632218729,21.36819928982557,21.643702052031564,21.148676603457183,18.429144893656808,16.66314223185415,21.52134252947604,19.455632738026004
2022-12-11,16.970089310998315,17.635133543502548,15.1451046892046,17.019371989227476,18.397469641984085,17.545285313285916,20.173835821123927,17.59631284441267,17.68780542306471,15.77937244591214,19.128946907902176,19.77110002497136,18.453861556918465,16.392777613136765,13.467400468823078,19.503656292148296,16.628962597114377
2022-12-18,15.708686703420517,16.01230166512512,13.951376614574848,16.06132619650591,17.176131031762043,17.04171206377341,18.689999294002963,16.158994866903726,16.592282949361778,14.429361132052136,17.593499957328234,18.378566457897502,16.972936131319024,14.925821693414374,12.43617848125431,18.02604626022906,15.258963201245209
2022-12-25,16.832303892845047,16.773395150455077,14.802754832456465,17.077588810807182,19.08253665432764,17.435118829881823,19.94056691094668,17.12393441386037,17.589352059037715,15.4770100387599,18.76986253829229,19.705253410853462,18.55736171877062,15.97513300786624,13.899347049361165,19.285144624878047,16.66350795509359
2023-01-01,16.548228670117783,16.641431402804248,13.993179181665049,17.589909069594885,18.23925282106321,18.045270281562164,20.0113620980488,17.88332439967564,18.330242004879768,14.97460350062367,18.600515062571603,19.144449061781888,18.24372609149536,15.194579943017995,13.691465784802087,18.95839312491818,16.026279119789763
2023-01-08,17.03203182883244,17.232657031972273,15.127695178393251,18.267761502947124,18.25560372534017,18.36122567067582,20.894889959440984,19.08893204478474,19.04371660889478,15.651053844340336,19.22790182865027,19.96764657311041,18.47068127057728,16.532791975887108,14.557761401734965,19.795220261217327,16.823033170880013
2023-01-15,18.690804139067307,19.216394030971568,17.144124166882982,19.90356756108148,19.61288541233336,19.91295328717128,22.47994925607398,21.12357925514122,20.770227805509023,17.400292249578726,21.13928476804263,22.11082251309706,20.1035877249876,18.597829340944944,16.765049059515658,21.788052851906496,18.39919698720351
2023-01-22,18.658934299856845,17.771413210358446,15.163342171680007,20.012066081875844,21.193986923759905,20.34030896018677,21.70544815063477,19.86975643950624,20.647489944316167,16.324759442572923,20.061690535277,20.341612060115025,20.97729675373976,15.675145855334897,15.920519287056074,20.29108059056351,18.298046733491184
2023-01-29,19.088626262610788,19.674204721633814,17.058533256838782,19.887373949800217,20.00396295373833,20.41581955962506,22.5372914072376,20.411213011803568,20.378010174999496,17.74925684312063,21.3264168462712,21.93832293353633,20.43622479015336,18.376796250292376,16.70384774223002,21.648299876024577,18.46597052905759
2023-02-05,17.054106676747285,17.28043614318376,14.652803659227532,18.17827218629065,19.30345631139884,18.80514155821144,21.095856902898227,18.43432823726109,19.36097372581348,15.284403212024872,19.644007118852624,20.339471585667035,18.99026785946261,15.970949185427632,14.520871844988966,20.03716313162429,16.90451810366381
2023-02-12,17.241681729197655,19.117207774221264,16.29444859021516,18.71295519244104,18.065934814055,18.72514922339637,21.72454999139636,19.83316089283337,19.81164715014792,16.519462623531826,20.87822249771713,21.011318484406587,18.3862017807353,17.241764164838955,15.347913414103472,20.856807167516063,16.596271219600563
2023-02-19,16.062599480382264,17.076506394567268,14.923513093455872,16.664168432709715,16.795377925446438,17.139378796826612,19.749555821321447,17.445629601168942,17.489205210642805,15.32259946411184,18.774931399027505,19.774065872408308,17.133094805087822,16.194825115815235,13.551693938663568,19.23819527560717,15.453674426297292
2023-02-26,17.631113543320193,18.72890595789912,15.983906053714025,18.977358300061457,18.700022064254163,19.31132688240041,21.21146825451197,19.40413694307401,20.061646313116743,16.479354161111253,20.4570159119445,20.80195014110473,18.93647835981892,17.121982519363385,15.65085174456702,20.523255111186707,17.119490375415978
2023-03-05,17.740756488981702,18.81014322065341,16.182106731841284,20.054553383872623,18.77279099069817,20.531339010830244,21.14113528526908,19.909651520468973,20.63029783905836,16.811777639442678,20.269732770052823,20.92482157601822,18.829002553431685,17.114594408585518,16.15431865144425,20.48821953178152,17.06328917770694
2023-03-12,18.7976016507339,18.563894192547178,16.649283310958744,19.51277369828452,20.035114644104954,20.671537792053616,21.44357397118393,19.40406374299681,20.259119137392585,17.270129765380755,20.39338918083158,20.46664336299639,20.121526583741527,16.930632202154477,15.71306015732374,20.40282375798533,18.308779997967005
2023-03-19,18.836611503493067,18.763532710736243,15.942153485136531,19.39636457108316,20.9727498752642,19.98875858670189,21.44538535738129,19.56711561574564,20.261690960938218,16.92004270253219,20.8195083419998,21.11940484933776,20.65602086593746,17.333236081070897,15.93745652315732,20.99148419598544,18.63440936980543
2023-03-26,17.194728329681826,17.508241716986777,14.882435432660866,17.621186710539316,18.38568040902839,18.056643679949,20.45284460862941,18.28371048171799,18.8403893263606,15.759650922867523,19.5510880301009,19.907234919360388,18.49430171403185,16.114864335779057,14.120069610845668,19.729828545258705,16.84371673900162
2023-04-02,15.160969861839424,15.16397946297741,12.571440277209614,15.968508071842647,16.91901003246745,16.288476772136516,17.89920399557397,15.916724941699536,16.720956244347377,13.4458248400715,17.103391118070267,17.50811416697952,16.69728966201134,14.034477270493928,12.102559696993348,17.323976143465583,14.840473435638406
2023-04-09,16.711617656349368,16.383993317069276,14.010573385876686,17.132127923624857,18.16796232134567,17.592326841759405,19.01025256610125,17.093488024426744,17.811428652350916,15.020094254690028,18.21359288434445,18.18559553938092,18.18159704318838,14.793910466214156,13.822171446961743,18.135976399460883,16.33139986105042
2023-04-16,12.486330392584687,12.778643097196303,9.967647809313798,13.437730470583553,13.812266205788363,13.78736605822196,16.00843248283898,13.830902321307692,14.482208527230936,10.79397755653437,15.015669756637507,15.862355559983987,13.822000996026292,11.410233236274374,9.89558768622762,15.306588900765796,12.170323305695527
2023-04-23,13.604792603501329,14.00662457790456,10.849777059842763,14.218506500124931,14.5746526809907,14.853048071744668,17.173772316979942,14.794341440572364,15.519762072777796,11.97496165253046,16.23040728630958,16.822479922816438,14.741230166556752,12.170914687891464,10.872337950249516,16.435223079240952,12.995979796201391
2023-04-30,16.26222987033839,16.501965996553142,13.71577230764895,16.945557619844163,17.98408564561213,17.410215177744668,19.729821191237203,17.16081841852758,17.602529289671125,14.569005164842638,18.61724190484909,18.67425442770164,17.784023578562795,14.996284659596643,13.719853349491304,18.73793769022724,15.996264861921738
2023-05-07,11.156170421585614,12.630713942462702,8.875466067704249,13.265332704143864,12.9052054661455,13.52859689830353,17.111464703395832,13.903451984702766,14.331142295829936,9.624265678017428,15.55354094154391,16.54124889091019,12.731496024776147,11.43886286607598,8.97150418770454,16.138313951324346,10.997174116639757
2023-05-14,9.973780527078048,8.772391523633683,5.130743930481553,12.218513224096526,13.695857625462937,11.641296618693582,12.710395726796143,10.219381216965711,13.376515141205314,7.461393381532856,11.221375378282554,11.404179719580474,12.022915158952989,6.440495936824345,8.672176234034623,11.4013150125567,10.083697945602498
2023-05-21,14.33418623360888,13.41956289083973,10.730896481816073,14.475536784955432,16.30472988309373,14.777946769193944,16.615007086328447,14.49194832739892,16.007011817626058,12.049632882374611,15.415389479599993,15.40553053370062,16.027478456497192,11.319146416524111,11.642939797541343,15.46378549624329,14.034310283043956
2023-05-28,11.5480944094664,11.81731491988656,8.826274836814394,11.305731324212893,13.632613331719206,11.77260110675905,15.08478659304516,12.076212249607233,12.882133051373954,9.686543096171189,13.880208197919838,14.27614437087848,13.147980681717629,10.35279823293033,8.874853209396983,14.15319846240975,11.347645081921089
2023-06-04,12.390500107940715,10.247403233290225,7.637410609195374,12.728250929287505,15.414951699297134,12.787638072648411,14.014171060945827,11.607552758501722,14.099265414907975,9.756176828667606,12.654599037830964,12.33077439529234,14.60867624025087,7.962315507684246,9.45870338615467,12.465511312690031,12.137292623841216
2023-06-11,9.377957567438347,10.263096467009992,8.773169726106904,10.799955078888509,9.206147027315694,10.835666228752183,13.195709581625358,10.633577865129942,11.691305858281726,9.017103691605266,11.675774721665816,12.725596647699565,9.995092855457171,9.504800177394142,7.269253241013572,12.307730406931002,8.911887224793755
2023-06-18,9.88968394867395,8.090810721235744,6.6748317675772455,9.81183351789202,11.973698292195047,10.197328082076064,12.282845554129374,9.722045665778124,11.141922740320403,8.01036175056303,10.428502704157976,11.757267346600637,11.588648999059522,7.5288780619138596,7.227652501841678,11.373877665301356,9.475670438249798
2023-06-25,13.055108550279144,11.651411832014382,9.04013837727172,13.05512429419018,15.488160504666546,13.330512972872228,14.78107113740882,13.099643417952896,14.387757373649317,11.106373023128617,13.435459266596544,12.985911780611843,15.139223345458277,8.980229056773092,10.232915221108383,13.236208941838512,12.518758487508624
2023-07-02,12.47339083145024,11.720210573058138,8.746096918513105,11.87852387626966,14.724077569211875,12.65673812660011,14.025375121536475,12.72071116880937,13.536404056325118,9.921133400484734,13.066788158581888,11.731508537122824,14.3645184260998,9.336327555625864,9.295864015164303,12.627972990099464,12.10593703911311
2023-07-09,11.179213447460338,11.74182480370312,9.291018847247194,12.379728662470976,12.32036754857338,12.38056259541898,14.813395180438071,12.554795354867911,13.268619768073648,9.94584307654502,13.334602643917131,13.9535699179873,12.520728836188445,10.552602409137112,8.340820640576831,13.778669667103983,11.01868147123856
2023-07-16,10.58142378953126,10.776910408219294,8.707460577972398,10.425081162935212,12.044657729450286,10.355273999455967,13.403419010840768,11.17975543356561,11.705597628352692,9.443636034149153,12.317612560899745,13.14681112734134,11.971626049763447,9.866153423805976,7.764053967107609,12.833794788838366,10.513309009955575
2023-07-23,13.46843450870293,12.505662907923716,10.200819984197404,13.32378197958072,15.54521257377924,13.496161453205335,15.675652626304515,13.319879322299707,14.179411582750816,11.659266871461988,14.375758481128909,14.498066660528876,15.461875595181144,10.851082797101425,10.275362696655687,14.487554531507996,13.275728222816138
2023-07-30,12.160050608169772,9.982373660815549,7.106108767857251,11.818563571643262,15.685165925523602,11.9828229103923,13.022432702623371,11.077806199309114,13.167012918485351,9.360286348716212,11.867969409727944,11.754834177680411,14.792918056134551,7.847750726121662,8.944210062771353,11.820771296663526,12.29283688749586
2023-08-06,13.607783442758684,12.71702539285363,10.558143258200564,14.109956402154197,15.089130541380028,14.656364588817269,16.33826423455953,13.65867177641237,14.723263390610128,11.916177520869956,14.61647324665284,15.219447802983204,15.193518747233972,11.063200995343731,10.443051052047556,15.018905512740698,13.355568054872702
2023-08-13,11.135564032055084,11.022271369057677,8.105422104473334,10.67126721640428,12.926730535367437,10.63700642426195,15.813479023146558,12.615992361043954,12.19983386060263,9.169065110729033,13.813256181163704,14.89486328932153,12.87508670289544,10.223089259652973,8.198666843038902,14.5648865615785,11.245781973847803
2023-08-20,13.189083682984458,12.285884125654633,10.208618516507356,11.604998269606204,14.5564457397828,11.60855604537512,15.703455341105562,13.121931924696092,12.9803924490561,11.617623860978169,14.19138941579051,15.60980713142539,14.712670438538188,11.40717753960202,9.511434210664936,15.06636204878178,13.275946632871086
2023-08-27,9.443784184130616,9.724443027586824,6.867437196602945,8.620178535935425,11.693816314001246,9.094454350158514,12.914059196894788,9.920119716347038,10.201095623979365,7.507358608886819,11.868279007709388,12.509110817048104,11.405549738858197,8.16855632404966,6.503010496637155,12.214604336688195,9.582678962589275
2023-09-03,14.497020933772298,14.009718050580544,12.344053924242374,14.337534891707556,15.61648355705662,14.7073666647441,17.574300268301116,14.505114192962646,14.816269801320864,13.475368431099891,16.03961412173845,17.197578570270796,15.632212484205091,13.504415349050808,11.395115139799731,16.7309355409178,14.29843393426057
2023-09-10,13.442900953759253,13.030081482711376,10.244546901576795,13.357273254720935,14.76042822958539,13.595997112905046,16.32340316383206,13.587952960249666,14.126348759796752,11.3779107430118,14.983796690243148,16.24689941457661,15.051189412021271,11.594728515607638,10.091556627243234,15.590057768700408,13.147602807640064
2023-09-17,18.618019673508265,16.490243907676323,14.711149945551036,17.722224130516963,20.983327142756394,17.913687081257198,19.33422517915509,16.9984049110908,17.848426706870242,16.596075391608498,18.121901891138645,18.098417294957244,20.578683794235168,14.968549771416454,14.92675710787,18.19042636177078,18.491715291118364
2023-09-24,15.788586332991317,15.117371961760368,13.282426341826024,15.03959095265184,18.17698891439939,15.271398807584548,17.77877079432629,15.303720602803416,15.464052443868262,14.101277443635851,16.677365723316804,18.160170413734456,17.677965706379716,14.779465328906433,12.119339644722237,17.435287160182888,15.933758050283652
2023-10-01,14.968565960495011,14.53502959889898,13.400664203867196,13.6084334112349,16.421405702586704,13.682597999253634,16.967527495181248,14.290886690957205,14.392147902173305,13.946657699996896,15.9680630415549,16.845521394775886,16.363704801986575,14.674788955836416,11.411131004056882,16.506616351655783,15.336556977660187
2023-10-08,13.421673542744404,13.866549695478572,12.502169048881363,13.4464742683229,14.492931150666523,13.857807234294013,17.42532863839375,13.947412027631486,14.029853412083217,12.797016486005925,16.12344843381411,16.967218764066054,14.63997399853003,13.788361696183657,10.532926105011288,16.708937103734325,13.287767734810348
2023-10-15,15.28339199915509,13.89603390215811,12.56068272831806,14.770678206568672,17.34918154300715,15.161610582467056,17.203365932053106,14.380235768603038,15.284752090849755,13.69898946641937,15.835301092899208,16.70120745656304,17.12421292779989,13.504357696853232,11.220422854224791,16.387900932894294,15.07602263653696
2023-10-22,16.44022598168411,15.755497188710455,14.19368101414475,16.18561744122278,17.974639329973808,16.675937513893942,18.6840369861258,16.12692026509867,16.671619038292572,14.986733535277429,17.423162523905436,18.124537516797005,18.084029988432484,15.113694052475452,13.243907790045023,17.848865410119824,16.032995502261137
2023-10-29,15.259816913531091,15.823075699653703,13.659585555465007,16.496420650964694,16.566740043775667,17.07428922370901,19.137792781907688,16.588542208981206,16.9903155222331,14.305324426249792,17.829563163162828,18.789670620324475,16.46956817523853,15.033342816021117,13.063901162383011,18.429366339442783,14.95776304915909
2023-11-05,15.706299795914187,14.334854426922831,12.171903014606148,15.494204417580647,17.844473635859174,16.017292979447845,17.403391509987525,15.290739950204824,16.330736851272288,13.253750865853675,16.05313316980998,16.478936294982375,17.89439676259015,13.155081575078176,12.228945804027097,16.37221643182863,15.493971376084891
2023-11-12,18.744975449649218,18.70594128210153,17.0138675487454,19.175000681763603,20.0862003992788,19.491909002552006,21.331015995570592,19.07733886916916,19.470144031099142,17.48490103076896,20.12451792134867,21.433247597069755,20.023751096835927,18.381635401717844,15.992631781965644,20.964198868335345,18.849849996541067
2023-11-19,16.332821452019296,16.35167662573776,14.345473125325755,15.687539287975858,17.84583823897943,15.91210294107366,19.305587829723297,17.051721180011697,16.805637400677526,15.021816084704062,17.9907344223617,19.32471335737532,17.783785674562786,15.73043204203018,13.30078611934481,18.7338567909196,16.304605297643864
2023-11-26,18.36081503226184,18.335739281640123,16.28535575282817,18.04673395838056,19.91431797671371,18.53647923929811,20.64746317293484,18.54412187601065,18.736637861994616,17.036649846655177,19.835556389449483,20.26217655608596,19.80039495206708,17.612720226835815,15.415816070544691,20.139395286425685,18.031615226416573
2023-12-03,18.49203929876576,19.29119515368171,17.2055284052479,18.76345287405309,19.5463073294221,18.722654950204504,22.00708338123021,19.66347768015676,19.32244918864301,17.5728056551501,21.10386095088281,21.999258110786705,19.53822705736492,18.661360292695093,15.845771109848188,21.46636814333921,18.33398260838901
2023-12-10,18.16793482153265,17.909990968988904,15.672382074642098,18.603210007860547,19.72776654241352,18.956052789970407,20.678862468841817,18.765700591941933,18.82914419230183,16.71004700633887,19.51289067123876,19.784854521327265,19.752604085966425,16.680089591282556,15.4309376824824,19.69837210556299,17.604220072214172
2023-12-17,19.232034236461192,19.43399289015259,16.93536115052326,20.134276436907907,21.07379909377024,20.2463211749358,22.86988847804834,20.554438337350824,19.788607172770043,17.619814682865037,21.51864698831137,22.261374712633,20.902080351781663,18.29275610062932,16.616583572356447,21.996759130996736,18.623425235645467
2023-12-24,16.988469548513837,17.662662734863346,14.875590539338214,17.627029915650684,18.471473236422817,18.002521847512575,20.898847290795327,18.372270561317347,18.367764447766508,15.73242556257645,19.840335778240515,21.07370904449504,18.46182215351856,16.57183967902814,14.27922473876225,20.55693093018056,16.449537691722984
2023-12-31,17.389232434207713,17.777359754546108,15.50543219237171,17.701201156491326,19.254560796708024,18.05094881438227,20.33531464223612,17.77707760748925,18.22734563551304,16.08075976398584,19.397833200760218,20.455365296644025,18.964784883624336,16.816895453600623,14.39102243084817,19.893198535866933,16.921533240783567
2024-01-07,20.12629879149998,20.27685153814776,17.9730037360881,20.05339764129548,21.044962145327464,20.549884265914383,22.87556131101558,20.73269130855412,20.67793827560784,18.64955807268553,21.92669497403232,22.590588731585807,21.47400459267458,19.34255565104392,17.119389578567244,22.28024025859198,19.702740105014605
2024-01-14,19.358526956467404,19.9943594525872,17.67621656678478,20.18647852114269,20.949754213775027,20.565759923927573,23.20993387316824,20.635846051302824,20.833737978030097,18.23357342869144,21.86622311150357,22.74784295835263,20.66294115022343,19.331371131884897,17.15739750132679,22.45729391168941,19.04405800544348
2024-01-21,14.96863029362152,15.884119254439623,13.0677155724858,17.03907365174521,16.36990698737449,17.713896685125285,19.576598954270256,17.325875380875228,17.705943861586242,13.407635040841036,18.27501129877,19.109852583903187,16.545436841640694,15.293168617417608,12.489775386439035,18.84457082431144,14.735600453502729
2024-01-28,17.035980371894983,17.320650450964727,14.667068864776692,17.072443591696878,18.780284845590767,17.285297034176466,20.3066641749168,17.41309321812221,17.99359500664788,15.38262079537116,19.480375411293725,20.25539626586791,18.57576943640544,16.473443662313592,13.998067627238008,19.93123906652521,16.642062625473724
2024-02-04,19.94843181281169,20.01704818861825,17.358512096523498,21.38385509735062,20.995313188396143,21.69493146231122,23.379414689089053,21.248991807714685,21.805595332629064,18.2784961672548,22.08916637536252,22.17123686335479,21.290237566679146,18.453167257169323,17.66158711229626,22.268290241637107,19.17825085968984
2024-02-11,19.71282500189704,19.397424178336983,17.356184521923048,19.715993675447645,21.025249637911536,20.02319094266364,21.962829511992787,20.02761852809361,19.77551299485209,18.036284077690475,21.19000841115976,21.35158007999636,20.9073720070386,18.40227790307188,16.510645333154322,21.40412268293348,19.39493878639612
2024-02-18,18.61290078181558,19.210983161478914,16.501129556146466,19.32733017915771,19.76522419560317,19.619763892283004,22.24678657353793,19.75859220380907,20.16946985110378,17.067118585713132,20.973501451500567,21.41243153183929,19.9215273838706,18.17898156928789,15.930446919749311,21.341776357005017,18.097325480530525
2024-02-25,19.66798142392663,20.419402544432355,18.32506793985985,20.91099148421061,20.92013902473591,21.33380379056992,23.40651712890269,20.9281953989995,21.12275977890552,18.77603085049092,22.13031446448652,22.65461820155141,20.89338720719326,19.310624051292187,17.718675634999414,22.475623405143008,19.08550492258406
2024-03-03,18.919496094398053,18.885826199802,17.28821797188976,18.89698505401611,20.09054469285763,18.880724856598803,21.250881639931016,18.785623412689603,19.17906926896008,17.811526816660965,20.292871341457616,21.20570723644164,20.205132735742104,18.5018991206916,15.998949904408525,20.83794652412549,18.676429251133595
2024-03-10,18.946171517537827,19.440980048576144,15.880472800111816,19.18956888005847,20.93512364266803,18.96846863048264,22.46286175341369,19.58903550333791,19.66838193919561,17.041173248376833,21.416060621913893,22.026615898564177,20.42894275216062,17.722872424984242,16.393370197354038,21.84750724538665,18.1833182820734
2024-03-17,17.550203102435844,19.83014137658483,16.466507369263994,20.107991955110005,18.922394197663053,20.424163825723657,22.944098336356028,19.82264635259455,20.152714151692248,16.597737302125772,21.722587177557347,22.68747479960604,18.930514569448228,18.863583505884858,16.052372240440096,22.4002294409765,17.376182926954286
2024-03-24,16.544583281341513,17.047912343987015,14.539310212461103,16.572200939768837,18.6426076867861,17.072453339280926,20.3208378883562,17.439522070946634,17.875788000931713,15.117355287678464,18.7945053100586,19.12869277218924,18.114539546856086,15.761651416894802,13.92330352256626,19.16277790629467,16.227232954894117
2024-03-31,18.78997847533748,18.98541331240364,16.226444260885785,18.45643275834265,21.021804003429622,18.862262468080267,22.401995872964665,19.05839761312906,19.181613798943985,17.167411837454456,20.841416216103028,21.28812969084377,20.322345288103616,17.709369870009606,15.766240547720535,21.265952630985502,18.384984606359847
2024-04-07,17.682606031842518,18.48581367057524,15.583057938789835,18.22122577116603,19.27402138586489,18.63774697415464,21.66190156297156,19.439315757256047,19.20756827221925,16.280803511998247,20.27824601590376,20.64238394559876,19.0810900047479,17.142759597862856,15.398518383574755,20.550472013171174,17.24429183507544
2024-04-14,15.196664573296308,15.26470439520472,12.715304776325414,16.64641808044343,16.553101524787863,17.05487636310867,19.325519481136222,17.509878551681318,17.534869133376326,13.638950908680195,17.583338053814778,18.58643091078396,16.475439384637195,14.14224531134457,12.630946973466608,17.95682651329414,14.629036236323437
2024-04-21,17.169570861482562,16.150339078801526,13.89659243742766,16.59870086965107,18.824245990778586,16.69525484627585,19.574448716188662,18.11501147480754,18.016783308376304,14.790058563477013,17.999588906094107,18.099436324240383,18.82753494531492,15.03543978224265,13.990126718012462,18.109366586763564,16.780098298167925
2024-04-28,19.24798487757777,18.6473895080054,16.86096205453272,18.042724975517817,20.655197387796964,17.9540778740646,21.05283522536386,19.032350978603613,18.71480813371692,17.833743048196972,20.005095717194795,20.91396932524812,20.789158132545737,17.352767244270304,15.92889274054049,20.324904749771388,18.882642850721624
2024-05-05,18.257033475731028,17.4221439727588,15.362856336050363,17.8035858245123,19.278115785713112,18.0847381324228,21.219993530139977,19.15849896814916,18.751432586789363,16.442820053400954,19.46811551758737,20.537362878855987,19.543593621161914,16.1250391912215,15.349137090022694,19.96761076604317,18.02782436008402
2024-05-12,12.852968887932972,13.987847848233384,12.441900451731238,12.275623690159549,13.279546661433429,12.381382361648935,17.203313524451964,14.3043011966309,13.152812718178662,12.41679649639988,16.11907136760233,17.238967677011004,13.655496402136608,14.275245954832824,9.859269995885825,16.70574333243174,13.360406001623106
2024-05-19,12.020410009332606,12.295837819449176,10.30531666737906,12.591885631283125,12.35657187482324,13.237864604174248,15.567983482738972,13.731398258456936,13.670257238959143,10.984931454213315,14.332424283543707,15.736220949743638,12.948618835924217,11.45039420963796,9.33549716512257,14.929746179897956,11.81760319127548
2024-05-26,6.518980444781722,8.57604494430363,5.3242988534066775,8.9470106448446,7.56597262413567,9.123211675629191,12.637471724529656,10.560652238920136,10.454644810663511,5.585731360118489,11.187016675585792,11.409403342763689,7.523431313544167,6.930415847530751,5.033772152379402,11.17829711189942,6.545908575591373
2024-06-02,13.586626378112165,11.747342236514791,9.253063976182911,12.016143074702647,15.530039916472642,12.25669365990883,15.40839278941252,13.775960836038962,13.621525919833994,10.9932120675043,13.826755722673424,14.32903396344249,15.136347340801048,9.741176362371652,9.6123014477413,14.067999169784516,13.189639120410396
2024-06-09,16.662921216957358,13.443433019906474,10.643683198710512,15.21810348402886,18.494075968563777,16.444112220479408,17.411404865476204,16.249271713851332,16.309166379170872,13.162905261272522,15.909026221073034,16.010315523635988,18.695957518912653,9.926112559363451,12.45598200791372,15.705624587848462,15.81330542615803
2024-06-16,15.641527121898598,15.11533770734059,12.733011108642144,16.110783425115404,16.8750390526456,16.478043105764893,17.98531030426915,16.80298850121436,16.86560394246051,14.033462922940506,16.801795909931133,16.43476770251909,17.047011658031504,12.97384397833537,12.97467505745186,16.67046077564038,15.18328229372071
2024-06-23,10.712965624059336,10.627636911645371,8.686850621833564,10.55071205361968,11.573459580066377,10.78380832739625,14.666504092536234,12.418075996126449,11.891981620144705,9.6887933831113,12.85094259270342,14.336289494506754,11.937962791174074,9.826311704619014,7.406612634199321,13.631765225628818,10.82171744204596
2024-06-30,9.368918066472776,7.136385965766682,5.427969450112878,7.935836335111943,10.505182919790796,7.8348244443976895,10.61165948789947,9.580546798334494,9.464661917224555,7.412065501355213,8.80011783244806,9.349052707782652,10.549920894291873,5.61280153445873,5.890999300656219,9.311080679268288,9.22242200495098
2024-07-07,7.135219356728337,9.13090367179944,6.753182341699168,8.368683110035603,6.766511119444401,8.05850432738374,12.52848119707914,9.731957410837149,9.1979589228994,7.063719334564809,11.13308110794464,12.25700180357036,7.565404453793088,8.576575218947168,5.363610514960384,11.759829967222569,7.090788667414067
2024-07-14,11.0711017287069,11.307010656735027,8.602920971195996,11.488532787987165,11.999526136103247,11.4407130809671,14.42194947000843,10.999079623160425,11.991363482465951,9.697499538835713,13.309595541520553,13.944869558766204,11.935724557596744,10.096631563742925,7.815605432376665,13.713722422164944,10.897790299271636
2024-07-21,13.268314757402338,9.850910589893235,7.290271264425716,12.750866140638076,15.715203661463333,13.191818870632805,12.922149268948305,11.096285269848712,13.250089654717192,10.17842741382672,11.722781515327885,11.595060318949407,15.16406767432754,6.639197747321481,9.962905703438706,11.53199309612207,12.60939870626136
2024-07-28,12.929304214978307,12.75638794238125,10.232890650986992,12.096307714780172,14.772673394395897,12.34961968437892,15.665955212651468,13.373382598827412,13.381352470812264,11.317045306462138,14.46131997541948,14.476392775533014,14.57607777146299,11.161334293087716,9.655167753912975,14.5846940057385,12.67159043103858
2024-08-04,12.792537186596844,12.872862198141846,10.35726343199756,13.834642189599217,12.986381662853733,14.111711428125544,15.054793045055066,13.417334878599489,14.461533789998631,11.592151079859052,14.382128294618616,14.33087312661091,13.841498841189969,10.46887295015914,10.65945618050956,14.306301677297006,12.196541975129325
2024-08-11,8.810509978420793,4.724720664433579,3.4700508554000824,8.198806009299698,10.168349496970611,8.211771735813626,8.542908036674078,7.068900566534563,9.401073179133018,6.142353081595911,7.215980273407775,6.8598968353514085,10.384049429166271,3.0451738917879494,4.941327731886762,7.2063314233507425,8.383870799907777
2024-08-18,16.092690524907646,13.718338469706618,11.961376373812278,15.150509267335847,17.59185415581365,15.092536802917833,16.001469595439232,14.553210221327742,15.568866739534348,14.165646778853322,15.38532303731679,15.556629544641128,17.736773362030853,11.976921555360978,12.522384686402257,15.419068418603583,15.467550243007526
2024-08-25,9.223552228861337,6.647978738681085,4.523834087093424,8.543437018280938,10.886951814926087,9.27894906678562,9.925957232105487,7.9914027258328035,9.508470204245087,6.257484832885429,8.83536091738449,8.881463209252473,11.072322989637788,5.025891257219273,5.720545023672554,9.073234032744764,8.882272034401522
2024-09-01,11.631562455740674,11.996913689031786,9.245241485450157,11.926024334061712,12.524192051213376,11.392271875874876,14.868823941177943,12.14367915401211,12.898938088501035,10.225586213330718,13.930056331684064,15.155224810392063,12.634045332555145,11.016557994170014,9.39531927521158,14.49565139815299,11.669958811564586
2024-09-08,19.46871965548247,15.773573795615482,14.479294818803709,17.178933904284523,19.73022710332864,17.42532775147388,17.86162088911318,16.586692500424075,17.35187885579298,17.195787708188067,17.3013155346825,16.951644207268068,20.49277142484216,13.959567810454102,15.75253866793477,17.162446968242847,18.52344331008726
2024-09-15,12.545037600984909,12.858989267715256,10.848128102157853,12.43057281488464,13.706424365124818,12.9637378860778,15.361241337856816,13.062220444121918,13.454361435018638,11.31307094491373,14.23468817508582,14.796083060878948,13.854076545671148,11.888304404699149,9.51713136844364,14.57102191798141,12.205501427226311
2024-09-22,18.10907678223638,16.016187097980527,14.314749635418856,16.80298108146304,19.296397109635222,16.653324165246044,18.44190389282849,16.00512229225852,17.059748060782592,15.3687591263092,17.28407752627418,17.890025838044778,19.8077131762928,15.083429912073507,13.877030957781876,17.7533582829216,17.61644120679069
2024-09-29,14.919389373700744,13.580609095884538,11.862506854185089,13.548329096464885,16.766533327137957,13.801313071944383,16.98160579392236,14.147410590184196,14.673139042117125,12.71533211733815,15.229701631719417,16.353864524563686,16.65227558345868,12.960335954546126,10.655179059697875,16.00914418020827,14.87820177450977
2024-10-06,15.712919135811706,14.928736395419024,13.494559807172369,15.400601360059918,17.275908491330885,15.85506708127958,17.430456684212643,14.977544512562936,15.899705404404791,14.204777820574286,16.11120461302918,16.972740605192364,17.14868070075871,14.167512318151102,12.479344509044804,16.644361979340854,15.449702694088302
2024-10-13,15.058086985633487,15.479621171951294,13.57421016270012,15.245980840353738,16.413234439626788,15.47863160505258,17.845893395537885,14.823935655618644,15.651034854396212,13.828868020103808,16.39579228240174,17.519657479463564,16.56557646497336,14.73403010728758,12.182131732006988,17.05154575527064,14.635643320263556
2024-10-20,16.910828332643252,16.950617207647127,15.008416319274229,16.97679456358864,17.80956490952204,17.683881184002303,20.01521714435722,17.329427074085583,17.380764236188913,15.399410378678173,18.58621241829612,19.89425139671388,18.25690990157109,16.088266469670888,14.113399396371165,19.20911347562786,16.329292393116297
2024-10-27,16.064815715166286,16.268317305965464,14.127522886169624,15.765370847213836,17.60126482443312,16.19254086714147,19.15202034875185,16.15806937527347,16.02170557705157,14.46745027278218,17.66638244942669,18.506429615689097,17.60313907645384,15.031308732676234,12.906909473830892,18.080753231235214,15.70404401686635
2024-11-03,17.206231015375987,18.05500722388977,16.020374626000585,18.236958666926338,18.31459911199608,18.721357458500016,21.044223184835804,18.113914585113527,18.049175026365457,16.19857531055154,19.65009473412584,20.764659430460146,18.314061428128984,17.387173915692454,14.894234986398285,20.282227129852235,16.712587310297472
2024-11-10,14.57445495990866,15.045114388852232,12.928869177624517,14.229323174981843,15.83194296135892,14.765043203434889,17.81082561203759,14.544304843258548,14.182938287402784,13.179699253043658,16.750862484060843,17.716864200293855,16.089941744638686,14.644506228220148,11.288745651759749,17.358752024850265,14.18838622981326
2024-11-17,18.146121886706258,17.60390479122398,16.112846254350448,17.154908222811564,19.66115021299733,17.702197158351982,19.832662971652287,17.568570034472973,17.40756587366302,16.746851385779536,18.53097479023459,19.374804906767974,19.625409459515428,16.86692527088668,14.768887244486226,19.057091041087173,17.722889055781607
2024-11-24,18.000598735637492,18.091289348439624,15.69492943263625,18.91643519912447,19.582546046360783,19.37218399489708,20.17572590908573,18.287018327093744,18.79866797863388,16.347746935952767,19.34253931664801,19.546944449854024,19.65344293605407,16.478921762322265,15.699045755408871,19.428846172623903,17.25545791474314
2024-12-01,17.732372983542188,18.053777034348773,16.48468395536096,17.250410119692486,18.72393122291141,17.39724438592427,20.66200576092689,17.833412563769844,17.428657471083845,16.77498789176898,19.43513300181467,19.853853414643485,18.96541515096274,17.451033744691244,14.835789689785654,19.69260176380553,17.469834446585725
2024-12-08,16.534623951218457,16.01416486056883,14.523625214330476,15.946380236319134,17.719886587779666,16.237309482873947,18.66107734368772,16.030713405361425,15.871945923321867,15.029837617992149,17.56296957354525,18.24681168810698,17.86093385799511,15.437020616565336,12.991196074332995,17.87748484042293,16.085795798391665
2024-12-15,16.413184302193777,17.06224182165508,14.612023679366024,17.647989388023102,17.49731881913214,17.68623315597593,20.29884640885512,17.212362030326545,17.420166081878303,15.029505687301688,18.465029537316525,20.176563216669543,17.61447133152641,15.77472619214075,14.056221459061806,19.21420332503645,15.835416241797477
2024-12-22,15.913787326297244,17.35615411038592,14.872136737566242,16.501747822477704,16.81109787710149,16.15235458162914,20.14707657616617,16.888817416104402,16.699371263239016,14.93520214640786,18.46999382332806,19.65279588288053,17.24828777718268,16.53766528372242,13.611498661082615,19.15357379390769,15.585715093381324
2024-12-29,17.683288,18.160702,16.011482,18.604884,19.101355,18.534767,21.368269,18.92843,18.865009,16.431917,19.526654,20.233802,19.288767,16.999243,15.464084,19.94638,17.375474
2025-01-05,16.361153,17.408156,15.110235,17.456978,17.870918,16.918583,19.846708,17.043576,17.568603,14.993762,18.388107,19.469618,17.990281,16.644377,14.255688,19.027809,15.991702
2025-01-12,17.725015,17.273325,15.753447,18.287764,19.171455,18.207308,20.621406,18.300551,18.508701,16.226291,18.694746,19.565727,19.150363,16.207688,15.239006,19.175317,17.275538
2025-01-19,19.212038,19.822739,17.705176,20.576861,20.121953,20.43226,22.902939,20.101364,20.638202,18.215352,21.246836,22.479649,20.27337,18.835264,17.363192,21.928469,18.742618
2025-01-26,18.967297,19.568045,17.83065,19.674733,19.942421,19.741382,22.128677,19.416713,19.703664,17.869262,20.531435,21.338322,20.231801,18.608385,17.053065,20.989331,18.473786
2025-02-02,19.23013,19.922392,18.106372,21.228536,20.555226,20.845185,22.408314,20.464784,21.346244,18.373266,21.024489,21.923615,20.414309,19.010864,17.666606,21.460034,18.830406
2025-02-09,20.303327,19.207003,17.340915,20.704207,21.24527,20.577388,21.826286,20.513576,21.125845,18.257715,20.411599,20.909232,21.451928,17.710954,17.750374,20.523495,19.650908
2025-02-16,19.724405,19.803671,18.04789,20.321854,20.71595,19.889129,22.506323,20.678715,21.268918,18.343823,21.221896,22.23313,20.813581,19.052414,17.351865,21.548874,19.456896
2025-02-23,20.345427,19.784343,17.789206,20.940088,21.581253,20.847498,22.820316,21.509702,21.789977,18.540325,20.986826,21.321442,21.601162,18.251722,17.807044,21.014371,19.726406
2025-03-02,19.888718,18.684495,16.850728,20.582929,22.008055,20.389331,22.311805,20.95222,21.005481,17.820452,20.278963,21.147147,21.667657,17.295757,17.136075,20.68659,19.550995
2025-03-09,17.269802,17.967077,15.844364,18.081628,18.254234,17.399772,20.534478,18.898771,19.29269,16.177239,19.024617,20.221015,18.542002,17.108057,15.203959,19.470071,16.861387
2025-03-16,15.563241,15.5149,13.910126,15.72096,17.162137,15.329234,18.108514,16.873379,17.232867,14.223713,16.577118,18.059367,17.178109,14.685395,13.00636,17.044951,15.384369
2025-03-23,18.252977,18.001576,16.130185,18.879854,19.212413,18.398419,20.873126,19.66448,20.392213,16.659264,19.283361,20.36329,19.537788,16.945992,15.89623,19.701871,17.600723
2025-03-30,16.874759,17.402105,15.578939,18.355013,17.795699,17.977141,20.06816,19.136529,19.505388,15.772149,18.709871,19.774988,17.936843,16.714638,14.960551,19.175215,16.556287
2025-04-06,13.745017,14.474985,12.896415,15.962956,14.558117,15.563231,17.655981,16.104244,16.884597,12.990057,16.117187,17.627433,14.915833,14.196113,11.969639,16.861182,13.40033
2025-04-13,15.914788,15.910552,13.917423,16.240591,16.956601,15.725734,18.626748,17.029402,17.756881,14.361573,17.593646,18.006849,17.046798,14.666611,13.515524,17.724047,15.341378
2025-04-20,13.983899,14.141488,12.834327,13.164778,15.186927,12.472081,16.202251,14.559803,15.182253,12.93669,15.272917,16.01305,15.24413,13.689817,11.151304,15.608531,13.961613
2025-04-27,11.224017,10.819772,8.716927,11.88413,12.772097,11.531355,14.538378,13.410026,13.092415,9.584318,13.404679,14.616523,12.660988,10.146793,8.747034,13.939548,11.031611
2025-05-04,15.218273,14.059789,12.207004,15.0422,16.819077,14.767427,17.034004,15.591178,16.566265,13.26156,15.542302,15.803746,16.860572,12.33526,12.470005,15.772122,14.715569
2025-05-11,12.381172,11.409899,9.447572,12.542279,13.54461,12.31343,15.3461,13.598836,14.406738,10.50641,13.729217,14.650383,13.664676,10.765014,9.341286,14.423692,11.957714
2025-05-18,15.055208,14.480475,12.683188,14.716584,16.135687,14.038467,17.103998,15.811624,16.437824,13.328772,15.895965,16.586399,16.454991,13.308357,12.127954,16.135286,14.727424
2025-05-25,10.015946,10.999634,8.712853,12.351815,11.011146,12.15392,14.084797,13.169878,13.755074,9.133887,12.975285,12.726108,11.191682,9.504942,9.064191,12.819606,9.559344
2025-06-01,11.579131,11.430886,9.454524,12.633304,12.388366,11.989849,13.762405,12.772192,13.76579,10.166006,12.773785,14.203465,12.817104,10.316385,9.070567,13.521323,11.42313
2025-06-08,7.715306,8.148614,5.548567,8.875404,8.726085,8.801615,11.27381,9.913007,10.137974,6.076311,10.153851,11.025413,9.006919,6.389013,5.261696,10.430018,7.524306
2025-06-15,13.044591,11.676606,9.507317,13.398181,13.877817,13.471179,15.160536,13.623763,14.40646,10.495356,13.76055,13.422298,14.679436,9.868486,9.624453,13.766836,12.600079
2025-06-22,5.842131,5.572052,3.211351,6.64729,6.324617,6.695793,9.4623,7.728631,7.916891,4.034006,8.484303,9.292816,7.019183,4.846802,3.079556,8.99222,5.735445
2025-06-29,4.522086,6.31842,4.054254,5.438031,5.718237,5.90434,9.834392,7.523689,6.728811,3.371679,8.703743,10.66191,5.797395,6.542314,2.596002,9.701951,4.458054
2025-07-06,8.597062,6.98313,4.880148,9.090284,10.267758,9.331018,10.023328,8.287024,9.716574,6.405646,8.927304,8.349434,9.623696,5.146796,5.116887,8.795776,8.2736
2025-07-13,11.066754,9.30594,6.885525,10.363712,11.666112,11.153231,12.739334,11.060053,10.957408,8.639067,10.562275,10.624487,11.787679,6.345709,7.781907,10.508798,10.270343
2025-07-20,10.927865,8.975282,6.529896,10.58254,12.013455,10.617227,11.431839,10.411143,11.107994,8.059863,9.973561,10.813719,12.281061,6.853375,7.262622,10.331633,10.456265
2025-07-27,9.612781,7.930115,5.626609,9.384118,10.708219,9.480848,11.22996,10.166226,10.01121,6.829631,9.277253,9.638838,11.225657,5.95716,6.758842,9.589784,8.8921
2025-08-03,10.61133,10.839046,8.322948,12.372094,11.804304,12.45532,13.242215,11.83935,12.585892,8.657037,11.87707,12.081699,12.048418,9.261029,8.82466,12.14656,10.116205
2025-08-10,6.504553,5.705202,2.968109,8.029005,8.184245,8.361241,9.382215,8.759582,8.488516,4.036465,7.433577,7.028534,8.133514,3.419226,4.326698,7.707867,5.890211
2025-08-17,13.657225,12.812656,10.584795,14.327085,14.691937,14.786816,14.917449,14.076689,14.571439,11.364091,13.80577,14.370767,15.209626,11.019178,11.170801,14.21873,13.041041
2025-08-24,9.522938,11.26667,9.105567,11.91796,9.9633,11.723262,14.407223,12.290621,12.386979,8.818983,12.682825,14.185011,10.32113,10.515434,8.605491,13.497286,8.818951
2025-08-31,13.927019,14.578804,12.498962,14.853451,14.777678,14.453538,16.972572,15.120256,15.196203,12.402876,15.536958,16.355684,15.114288,13.402203,11.792701,15.944344,13.405126
2025-09-07,10.858437,9.922581,7.665237,10.405655,12.231587,10.65388,12.718634,11.094295,10.745459,8.436511,11.081079,11.828205,12.462936,8.59123,7.665931,11.50286,10.665716
2025-09-14,13.103631,12.572169,10.216455,14.419443,14.986681,14.549854,15.544917,14.35521,14.670055,10.724166,13.775475,14.327323,14.863689,10.931033,10.792215,14.097331,12.728791
2025-09-21,10.305375,10.52152,8.182745,11.547471,12.187788,11.335435,13.202359,12.167268,12.09005,8.510387,11.726443,13.055365,11.948069,9.208936,8.244672,12.344536,10.088125
2025-09-28,14.628079,15.44565,12.978645,16.289272,15.85479,16.179177,17.169744,16.083312,16.482743,13.027757,16.07212,16.148583,15.901346,14.00983,12.855391,16.026455,14.184605
2025-10-05,13.040757,13.895278,11.602975,14.319995,14.407843,14.450764,16.123567,14.991527,14.714795,11.774879,14.876914,15.246027,14.242704,12.66997,11.376007,15.027365,12.658308
2025-10-12,14.006347,14.928533,12.245395,16.12074,15.372477,15.940929,17.084101,16.460978,16.597844,12.601314,15.866083,16.005874,15.209754,13.330933,12.705282,15.953803,13.323318
2025-10-19,10.421623,10.986453,8.129591,13.649142,12.958172,13.006507,14.651202,13.190418,13.738029,8.352557,12.666756,13.672869,12.236427,9.180141,8.918752,12.982813,9.829247
2025-10-26,14.059786,15.144312,12.811732,15.749724,15.158513,15.545842,17.281041,15.724131,16.076216,12.559906,16.088146,16.724096,15.154754,14.246681,12.670632,16.424234,13.558763
2025-11-02,14.760319,15.667222,13.370874,16.963996,16.405638,16.815016,18.14645,16.656398,17.07288,13.544164,16.864998,17.892137,15.961052,14.875452,13.2535,17.377356,14.518837
2025-11-09,14.368089,13.548334,11.854336,14.593333,16.210056,15.017191,15.792666,14.400473,14.735488,12.610547,14.55602,14.814139,15.7135,12.694061,11.566852,14.867089,14.005235
2025-11-16,14.994387,14.747554,12.927093,16.017384,16.156028,16.202253,17.267107,15.335176,16.003975,13.66092,15.770033,15.833222,16.097466,13.71568,12.640328,16.023797,14.400319
2025-11-23,15.861247,14.994042,13.540052,16.483883,18.012732,16.885326,17.159351,15.380347,16.33348,14.393541,16.122339,16.999023,17.404863,14.339784,13.013887,16.669203,15.492299
2025-11-30,17.025975,17.219194,15.4828,17.877443,19.331743,17.548673,18.828254,16.984602,17.796415,15.947105,17.901137,18.628452,18.584552,16.253727,14.992124,18.244407,16.7633
2025-12-07,16.491553,16.589623,14.670554,18.920846,18.143875,19.074761,19.6043,17.474927,18.651735,15.380028,17.97101,18.687531,17.874789,15.300977,15.080076,18.37112,16.207927
2025-12-14,15.825584,15.981522,14.268285,18.257366,18.025134,18.477097,18.716436,16.742546,17.844966,14.778029,17.205794,18.608634,17.397988,14.988542,14.62079,17.853692,15.403158
2025-12-21,19.998522,20.657145,18.60688,22.443685,21.348878,22.752636,22.833095,20.994541,22.094744,19.038748,21.478465,22.094348,21.065606,19.20711,19.018239,21.737639,19.315029
2025-12-28,19.486967,19.891333,18.089415,21.233121,20.851846,21.413809,22.218643,20.278532,21.112818,18.651794,20.97988,21.913716,20.536243,19.044357,18.179748,21.523771,18.930276
2026-01-04,15.492107,16.134296,14.059399,17.961434,17.666494,18.240765,19.038362,16.533991,17.575869,14.38565,17.440779,18.552208,17.027018,15.2687,14.204401,18.061643,15.177599
2026-01-11,17.861127,18.535947,16.29749,20.964858,19.356175,21.178127,21.332073,19.586994,20.833646,16.798172,19.679486,19.996082,18.937702,16.995255,17.304739,19.822459,17.110447
2026-01-18,15.090342,15.168483,13.429587,17.598075,17.165722,17.96835,17.916773,16.147818,17.140254,14.008401,16.447883,17.478391,16.538477,14.281449,13.352798,17.093817,14.785444
2026-01-25,17.734343,17.578666,15.618159,19.561559,19.772222,19.940449,19.305921,18.165539,19.424675,16.271213,18.395207,18.680831,19.16292,16.352559,15.94262,18.645668,17.292593
2026-02-01,17.302,18.014143,15.867509,19.610041,19.2059,19.704351,20.496425,18.980957,19.730316,16.460225,19.309703,20.138034,18.078525,16.786036,16.339621,19.938191,17.303925
2026-02-08,19.088352,19.301327,17.532702,20.596347,20.54818,20.728469,21.497598,19.92667,20.614614,18.158776,20.203264,20.529554,20.208933,18.059797,17.538314,20.380037,18.81171
2026-02-15,19.14562,19.644812,17.712408,21.098955,20.943433,21.24085,21.926828,20.366798,21.062178,18.257007,20.787402,21.532797,20.307878,18.724761,17.796155,21.242768,18.803155
2026-02-22,16.674883,17.120491,15.556498,18.843197,18.350931,18.951501,19.283915,17.885326,18.860568,15.880921,18.230004,19.244224,18.03778,16.507848,15.114097,18.947266,16.815959
2026-03-01,17.479313,17.657169,15.797542,18.853538,19.870223,19.058622,18.731804,17.799677,18.802413,16.428033,17.911367,17.305889,18.750089,15.909779,15.836289,17.685226,17.281929
2026-03-08,17.202113,17.509154,15.817644,18.907765,18.922687,19.017116,19.546291,18.220824,18.958898,16.306517,18.51577,18.961645,18.21775,16.773409,15.342088,18.901246,17.238204
2026-03-15,18.429856,19.681429,17.57224,20.616955,20.605203,20.651104,22.09748,20.449193,20.823962,17.855971,20.785825,21.439243,19.372645,18.707036,17.569658,21.218476,18.444511
2026-03-22,19.884408,20.203588,18.314413,21.454204,21.368089,21.49815,22.189069,20.948948,21.755237,18.809322,21.198071,21.208345,20.834003,19.266368,18.14618,21.276448,19.560611
2026-03-29,17.819306,17.876602,15.94282,19.385951,19.485956,19.570885,19.553356,18.720678,19.603659,16.62957,18.69857,18.71049,18.625981,16.686648,16.184396,18.825996,17.090464
2026-04-05,16.09629,16.529259,14.585059,17.75641,17.397508,17.95349,19.133272,17.135535,17.913588,15.249566,17.839821,18.70794,17.036172,15.706111,14.451002,18.501691,15.80775
2026-04-12,15.607301,15.982386,13.986643,17.623033,17.205027,17.909919,19.509034,17.239105,17.813863,14.736396,17.458519,17.692027,16.612613,14.464412,14.466252,17.702854,15.331698
2026-04-19,15.42788,14.20332,12.528996,16.563853,17.876634,16.988153,17.42821,16.004247,16.604193,13.632384,15.736008,16.318346,16.551218,12.675092,13.044383,16.149419,15.08472
2026-04-26,12.657044,14.136694,12.079311,13.908902,14.135939,13.345021,17.672202,14.947021,14.818734,12.143427,15.847603,16.882958,13.586202,13.880574,11.251767,16.633257,12.936095
2026-05-03,12.981984,13.768091,11.840197,14.473402,15.051124,14.320052,16.918094,14.812686,15.028212,12.179442,15.03099,15.757499,13.957802,12.444473,11.415885,15.408398,13.251175
2026-05-10,6.089213,6.414864,4.335617,8.416316,8.409943,8.64127,9.976139,8.25404,8.555896,5.226313,7.966363,8.511369,6.980035,4.825293,4.503374,8.279598,5.894535
2026-05-17,7.86942,10.01992,7.977908,9.785888,8.99413,9.318267,13.410953,10.772528,10.613914,7.994943,11.7188,13.314306,8.345439,9.847561,7.160254,12.63018,8.003567
2026-05-24,11.712716,11.641196,10.427429,13.189947,14.03772,13.507511,14.36412,12.046739,12.871088,10.947383,12.965159,14.190233,12.634019,11.511479,9.5105,13.71575,11.989175
2026-05-31,9.692833,11.20648,8.421093,12.003664,11.144267,11.951565,14.035753,11.794012,12.351722,8.972034,12.400363,13.142967,10.104662,9.420518,8.588982,12.919319,9.078659
2026-06-07,11.298454,11.68741,9.547625,13.197095,12.421282,13.201364,14.364883,12.550525,13.287449,10.278898,12.973736,13.687022,12.176969,10.577367,9.49743,13.598701,10.896791
2026-06-14,5.826236,7.500969,4.945533,8.400996,8.196792,8.047998,11.652426,9.295797,9.287047,5.635266,9.630437,11.183482,6.399765,6.68822,4.394377,10.577279,5.676058
2026-06-21,4.473088,4.474438,2.365651,5.739613,6.929326,5.596633,8.725356,6.625465,6.664383,3.465072,6.739852,8.870708,5.322553,4.071606,2.406691,7.953524,3.972044
2026-06-28,11.139029,11.72209,10.236158,11.808034,11.871499,11.268376,13.729039,12.259962,12.614324,10.63349,12.907091,14.479867,11.947143,11.713673,8.964363,13.824925,11.289466
2026-07-05,7.856783,7.306459,6.032948,8.628815,9.229077,8.96181,10.31998,8.094586,8.855586,7.064244,8.950052,10.539018,8.46082,7.171362,5.523331,9.931601,7.568618
2026-07-12,9.702849,8.780205,6.950893,10.719314,11.806323,10.939735,12.343987,10.275916,11.009302,8.322156,10.537416,11.466464,10.961685,7.431123,7.760335,11.165063,9.158214
2026-07-19,14.318533,13.325633,11.841751,14.775298,15.882987,15.126456,14.682374,13.436973,14.556523,12.807414,13.984083,14.905447,15.800673,12.276459,11.322507,14.577894,14.161387
2026-07-26,13.902579,13.053114,11.150669,14.433998,16.766588,14.662013,15.481481,13.685733,14.568204,12.363126,14.11617,14.488207,15.582162,11.815397,11.151477,14.477539,13.950392
