Semana,ano_epi,SE,ALTO URUGUAI CATARINENSE,ALTO VALE DO ITAJAÍ,ALTO VALE DO RIO DO PEIXE,CARBONÍFERA,EXTREMO OESTE,EXTREMO SUL CATARINENSE,FOZ DO RIO ITAJAÍ,GRANDE FLORIANÓPOLIS,LAGUNA,MEIO OESTE,MÉDIO VALE DO ITAJAÍ,NORDESTE,OESTE,PLANALTO NORTE,SERRA CATARINENSE,VALE DO ITAPOCU,XANXERÊ
2001-01-07,2001,2,17.88661228337036,18.317104649187915,16.021659645023025,19.642047699008668,18.99838122502686,20.379086844249123,20.8131726267734,20.29217072524034,20.145072378990932,16.719860085486292,19.734688115635997,20.563441293258872,19.27934486065132,16.979438228856257,16.417639336509033,20.04409569630184,17.575998152041368
2001-01-14,2001,3,18.78308372301177,19.785691916052976,17.285839531838416,20.989456181015285,19.67386831908999,20.945163756263764,22.148951566601635,21.52245543195056,21.575401507711693,17.61868364711714,21.179546346292867,21.292972297359988,19.97148820884439,18.338742168609173,17.843874917550707,21.324225252155223,18.27772252835996
2001-01-21,2001,4,18.57235415960678,19.047539607802435,16.72842220891971,19.98959846581732,19.636375648899488,20.382186487067774,21.408534992540545,20.55570782153637,20.545613896356866,16.95782450964534,20.504267363940485,21.00708469997519,19.929105407022604,17.92564895155876,16.780374888826984,20.78643471854074,18.24795088292453
2001-01-28,2001,5,19.566307193063864,20.278036847551743,18.06903790285234,21.04937729949043,20.45808676628604,21.191551746088567,22.449974171274256,21.45462333877365,21.558680194697963,18.25221073292238,21.670022640806256,21.94289450375539,20.856668549614984,19.18756090457797,18.078731668739252,21.92026338745237,19.113086588620497
2001-02-04,2001,6,19.96788822453915,20.62131694944174,18.415679088819317,21.561415717715303,20.76959502123445,21.60481698663385,22.827127362131723,22.165720639910017,22.19164317181432,18.77066028024268,21.919915844145272,22.010953846646128,21.163227208332668,19.39695447341321,18.472809341952647,22.11171673888563,19.49215383478252
2001-02-11,2001,7,19.10494114226509,19.41432368780758,17.524352360533317,20.582652134554724,20.14843035626641,21.31952933086852,21.83088214195852,21.03557745004629,21.067534138778417,17.896593556227106,20.779353276372472,21.48631908694368,20.31774788013296,18.546878854701017,17.399308105171,21.254869972423094,18.72475989616785
2001-02-18,2001,8,19.004215701973425,19.55569210947196,17.15221743850234,20.800687321594783,20.107784062293085,21.577405497527646,22.0563699928039,21.368766132701527,21.307981629194344,17.76968913888234,21.066636553677647,21.484707241109763,20.327681377587638,18.128689777629383,17.593182403648996,21.28851311267472,18.540870966615703
2001-02-25,2001,9,18.814931829003296,19.206958516574364,16.733125637565553,20.83649093480337,20.32927981983018,21.426131423989474,21.74373344777277,21.314027813007304,21.40634718893092,17.39138084214235,20.685041989082897,20.850286386083724,20.5088439171839,17.551569274823848,17.4145212194139,20.83585436050206,18.33442592235267
2001-03-04,2001,10,18.85002658357952,19.5670440446085,17.116620239792617,20.700060634385974,19.74042535410556,21.1936041440436,22.03133147103446,21.242219462208933,21.297142807051628,17.514377862717893,20.995568918665764,21.37351221408484,20.15342007272492,18.26859183588847,17.272535379465385,21.28552659290411,18.196142899058263
2001-03-11,2001,11,18.799591413029063,19.453669721892137,16.967778392460037,21.188096020902904,19.791069029349917,21.680476810941368,21.811365950559384,21.346441263966742,21.643593054694907,17.322889526461587,20.62147980149174,21.237123463674376,20.06658222500422,18.01637042837743,17.463662102951307,20.96759947685346,18.48460745040297
2001-03-18,2001,12,18.78260761859948,19.28977844913377,16.684942507384196,21.0524847024963,19.589803211429576,21.687373300009863,21.83698526276791,21.29108943790585,21.530664402911334,17.372561123293348,20.746793751902395,21.10045380862254,20.119348614372345,17.604214811306203,17.400091249148435,20.97146561281088,18.17673996323845
2001-03-25,2001,13,16.000312749943674,17.976644581060672,15.527840296568444,18.973297195775167,16.410359810406327,19.04017309731345,20.549347385373128,19.64623510137781,19.661614275258582,15.341773339412075,19.537139699366183,20.07505422525329,16.641438227362613,16.966790476286885,15.30716218192501,19.93208192425931,15.618583175371278
2001-04-01,2001,14,16.09796295264206,17.263479270406368,14.362238133810427,18.63868296004477,17.04041207057295,18.824906848725817,19.984410905977036,18.97506563558207,19.218422249571915,14.742291427972749,19.071906407674152,19.535321891147174,17.29576144991694,15.63482571101066,14.90861058194963,19.20476196983323,15.668137085726965
2001-04-08,2001,15,16.95210543501178,17.329491899465953,14.940276996372225,18.226260100092208,18.514763424786526,18.35534206228367,19.704129530459035,18.87292326642321,18.929197473768617,15.437233241524284,18.73150596123237,19.37253421593227,18.44588742845307,16.04605549297929,14.980089316968886,19.04253869327314,16.83563766260995
2001-04-15,2001,16,15.3406948177971,16.23892081825972,13.701460495604383,17.565680424372356,16.10963966332922,17.56130396598708,18.780868880602775,18.28724590251972,18.317800121531327,14.288950260900409,17.55836494330204,18.16330345878704,16.326180574056263,14.70921035128051,13.987248057257666,17.859404840114763,14.856900429147272
2001-04-22,2001,17,17.53452209340099,17.859293953442116,15.722549724917338,18.493180865333198,18.134892892872816,18.011763626697594,20.332123531196974,19.292663945780173,19.21430233733295,16.37249293343423,19.49507315169165,19.49947333657195,18.61129061779921,16.52564054126083,15.398053919140384,19.59812528419868,17.24794927247451
2001-04-29,2001,18,13.824092133778558,14.512563122742211,12.123928878512546,15.792505084758714,14.694636478854672,16.0024944962682,17.43764332640623,16.686544932699825,16.55093020375694,12.876793365510698,16.31424273556961,16.440754569444373,14.845111290460393,12.87263705157743,12.400672648964488,16.55982092915216,13.61556296849829
2001-05-06,2001,19,9.13788010070683,10.066908417098812,7.367450345694332,11.818006969633558,10.145587178180168,12.701204826472807,13.128811819560328,13.06807120286025,12.6560874708478,7.990593327848395,11.618178689221798,12.521604051487143,10.165472965903264,8.415385787176623,7.752557617760484,11.96394681743913,9.013732450027671
2001-05-13,2001,20,7.291436094114678,9.368668219300982,6.170133345721565,10.279697993681545,7.674120907603504,10.90594089967097,12.880795503844324,12.147926608618205,11.415658758577768,6.263367305322225,11.560691220832595,12.741685670019804,8.112369317805905,8.110361799403146,6.2242141109982105,11.998220634087192,6.99131988370515
2001-05-20,2001,21,11.683208668093885,12.303832698224197,10.20503418616944,12.695862894966488,12.819667626980232,13.144206546601794,14.854532861848616,13.40970858883548,13.331037771445198,10.633768830980571,14.024879065839755,14.989740189195002,12.632637059826648,11.471258818419216,9.578411886531798,14.375766989302962,11.61043927290369
2001-05-27,2001,22,14.455563699876938,14.619748332098858,12.036825934446483,16.45595911429042,15.041165473988812,16.316231272242092,17.374469159295884,16.74310474395752,17.020841414681154,13.131380915239504,16.293658760202913,15.95236929279132,15.508265681248377,12.440984781051652,12.71904965108689,16.238606831798815,13.760394730015264
2001-06-03,2001,23,13.989804701148469,14.805357729194006,11.531325725717892,16.92795689900716,14.538244562974954,16.26100073633967,17.68531430636481,17.0511933254886,17.57536318157517,12.098769226009852,16.444447124365603,16.84926726683131,15.16399232393066,12.724117299809398,12.61683228836666,16.686903933023054,13.37209543127898
2001-06-10,2001,24,12.834268051991897,13.426430222830538,10.64895071386762,15.46127905448278,13.367844203946152,15.273722646165844,16.235221237204858,15.681936314570438,16.083463248907933,11.565429679990752,14.980944543483456,15.048627195332571,13.82012626195046,11.291751411907466,11.19488196371837,15.040918255038925,12.252470776719868
2001-06-17,2001,25,4.077500079589461,6.333132876261974,2.912568902165465,7.458725439295883,4.447321571040207,7.788143355567176,9.847041153004149,8.727087522605798,8.461649139683308,3.214576038721576,8.424221662319068,9.73239332292922,5.046107429680216,4.822721615203718,2.904840609533934,8.985127297866136,3.442826474612614
2001-06-24,2001,26,7.0981844204886695,8.918582842675352,5.646089138028467,10.37297525398788,7.308461687990155,9.95963707332292,12.040378425976275,11.224168666740516,11.272732779704429,5.973777746054667,10.618149265272791,11.783963038272292,7.774478656214637,7.389630747445262,5.94596847675703,11.18421228804467,6.665236831675321
2001-07-01,2001,27,11.97199048529567,11.437446445544392,9.245977831606115,13.369071883814676,12.366074741371996,12.42243551133989,13.90849205217278,13.223514823665868,13.910585581673102,10.578735724074766,12.721909668332056,12.98446826279324,12.944266631796554,9.654917669050958,9.767072001126152,13.001128244306711,11.332669288642965
2001-07-08,2001,28,9.450548692252797,9.719396976329117,6.960728457995823,11.48923004737922,10.113853879101978,11.126669359023047,12.56493827691926,11.504184093227634,12.019581619074202,7.798623772922598,11.279736177642624,12.356068887157903,10.64195895873902,8.075010060367728,7.58166734255012,11.903860696374554,9.052310752418808
2001-07-15,2001,29,13.55168476497498,11.671114019747735,10.58953530786306,13.759319384183202,14.153894426556183,13.450757534807714,13.460577809080789,12.736968231201171,13.895982170758185,11.869614039819073,12.1499055523893,13.589110434858627,14.762789694959132,10.983574083212766,10.146704885247988,12.962886247616224,13.129040589551078
2001-07-22,2001,30,6.758996306929348,8.671472315912816,5.924715350820835,8.787304121823539,7.470332449714314,8.378598583557737,11.511318452851766,9.59324679591439,9.663144711179044,5.913470471669637,10.611497199793398,11.763476922505626,7.618995252320664,7.951447469611671,4.993842564586041,11.16737129893555,6.502515067228409
2001-07-29,2001,31,10.484334162149958,10.244833123582255,7.286831033208672,12.903702036610673,10.785289879907598,11.898761318610594,12.690117731038754,12.217635910294272,13.21254510888848,8.5212248233896,11.441185228752367,11.883409105542537,11.683393466196463,7.895772838903879,8.791351044445088,11.701442608394734,9.784511815907177
2001-08-05,2001,32,12.272375964750196,12.529770200186446,9.576414135143413,14.78841163572811,13.200589859070908,14.321514354249224,15.008199919764571,14.39533932029427,15.290750410225527,10.494848901428975,13.895987693159094,13.625822102605811,13.58337480497176,10.271081755743417,10.62298032560282,13.929892026748208,11.63674748554384
2001-08-12,2001,33,13.24932112258067,12.87356316255354,9.862387815617629,14.954959777139484,14.47899394384761,14.75936457610652,15.713123007348957,15.160856470380512,15.646027930795332,10.9584948018914,14.614192946958337,14.04642306505188,15.286304472035884,10.4989377190862,10.804692422530934,14.49306516031463,12.7120399549001
2001-08-19,2001,34,11.289286919081992,12.186100496539174,9.67899203575493,13.212720870616891,11.573574123340212,12.849581006564382,14.749409225174707,13.478460424844322,13.862515274792502,10.372407126748522,13.770396858892395,14.208815980150373,11.98410120295742,10.742250935758674,9.293897173543114,14.055756489591356,11.05137297470936
2001-08-26,2001,35,14.713991397135969,15.129120300573582,12.420858050619696,16.85019512971242,15.632043603435433,15.692900577874106,17.45513498678847,16.917256768957362,17.523561819192246,13.225332774515229,16.08435067180947,17.201476031557892,16.037346765341447,13.492947078760684,13.09060303580758,16.715790937091505,14.150078880819027
2001-09-02,2001,36,15.131563151051486,15.41924316135805,12.82659363725488,16.837550790536973,16.177644625846582,16.653372581707774,17.822613638274525,16.97758217303784,17.404070648895086,13.66134276191617,16.85319540180685,17.073713859136536,16.583409360016635,13.70175125648912,13.466646965714254,17.104632706091593,14.504958057017982
2001-09-09,2001,37,11.076587819991731,12.1107452459681,9.669756147008927,12.34432357052962,12.50638424141331,11.764815383282714,14.701497670165304,13.396474131299303,13.253591560804216,9.831485848727189,13.79027859658906,14.645826712451536,12.327536286074222,11.204431905452092,8.964659912389205,14.18455218895541,11.180120280650106
2001-09-16,2001,38,7.935320146142131,9.300842293861834,6.327184405809181,10.484291141941435,9.20082274637427,11.104992421590838,12.524108076234604,12.289249833218465,11.911533600663486,6.850543421956096,11.192146456706055,11.59916008675516,9.08825560414653,7.577606650412106,6.570170960636547,11.339329692015674,7.595342183008669
2001-09-23,2001,39,14.145383861841228,14.95460681518766,12.893795067161822,15.378265609343844,15.193443543993927,15.697453120807268,17.305802620534646,16.43160337472891,16.378140107059664,13.30038614509076,16.41622382902996,16.605784201557746,15.140901272821612,13.906247838665292,12.105118715800426,16.572606730601095,13.888954540468612
2001-09-30,2001,40,12.766780567291928,13.29151947971092,11.165474685822955,14.694292258648645,13.802693205352714,15.623922735874563,15.823608373413975,15.418994338791087,15.661785363684434,11.609900222988578,14.407187012676552,15.385174969778548,14.143596360121917,12.192196661085305,11.121272147520282,14.98981375423663,12.17918042834557
2001-10-07,2001,41,13.899590466473551,14.79681356070138,12.936319949040923,15.498032433646069,14.591757933181096,16.18235881049354,16.853247770415102,15.966919923757576,16.261128903368444,13.047849860046522,15.901595627590693,16.654299507243934,14.714537355430338,14.041790558785188,12.349433505141686,16.30886432102748,13.495061313366955
2001-10-14,2001,42,15.34474191702471,15.683925441079047,13.374095089581548,16.65115340266909,16.79290267187608,17.236857363923022,18.22626519272696,17.590571152823312,17.737539391228363,13.824146941756773,17.17695256022664,17.282199994573052,16.816271752464267,14.386241267498274,13.147345983100436,17.37169407025242,15.16788845370722
2001-10-21,2001,43,12.968348982404711,12.914757441610162,10.589805789721572,14.0925186950536,14.072744695280852,14.266798474153497,15.38730693071994,14.795195403160989,15.020457766060725,11.341410373407758,14.321962965102422,14.589712663480856,14.44006276913131,11.376823754380425,10.718837400196088,14.480040720064348,12.680843456093513
2001-10-28,2001,44,15.429634852759165,15.071900584804478,13.321206442317608,15.70626496984845,16.280499445606743,15.79544767971358,17.178576135774396,16.31735129121062,16.5796455590459,14.275611282065428,16.3947132283991,16.25731267312145,16.60356721546659,13.783267481977118,12.706292675076206,16.416509387544455,15.149233722943825
2001-11-04,2001,45,16.29955153299575,16.19019160392696,13.781234844448084,17.34174639128503,17.51408921375176,17.592578896531112,18.68507621031113,17.98682611192976,18.241124294975265,14.673903191183497,17.824764062625505,17.526548439601683,17.785716356918158,14.403724852691395,13.958713514033468,17.760827609470915,15.899303835357298
2001-11-11,2001,46,16.20442280223164,16.400154595181885,14.713043510755185,16.447541225524176,17.274834364630575,16.27202561770013,18.612406452612696,17.477474983017164,17.5650239886603,15.070808256704977,17.848358695125167,18.366569060199662,17.31765816202495,15.75199584749597,13.51916641960429,18.14958909626343,16.257997631705354
2001-11-18,2001,47,17.439674726017348,17.486130005769386,15.459193869830234,18.16197014138812,18.29320299598925,18.249021331315795,19.875179101704852,19.17308616440017,19.23222225472885,16.15120504731134,18.812392645996887,19.38567728237965,18.482928158233527,16.29282010436577,15.129025115360268,19.144283315206927,16.958275357989287
2001-11-25,2001,48,17.280513024544934,17.077153754895175,15.3907452776248,17.065598230986367,18.231987696237518,17.17529497797118,19.406514940734507,18.318201072494706,18.274488024515648,15.97837130639899,18.55530039304263,19.15911793773065,18.77322098831413,16.307078821554363,14.218755154574067,18.89774567553675,16.962990807073133
2001-12-02,2001,49,14.638038786221657,15.10484524423888,12.74843109828133,16.305416297344934,15.877077191604853,17.40333243778774,17.751865587151084,17.214397299134884,17.291499794812587,13.62603089887192,16.75058540575432,17.097786150209988,15.955687503556948,13.574373335059,12.900304231319735,16.898736461034726,14.239045168190312
2001-12-09,2001,50,17.65999764671964,17.744451756162174,15.614412713072,18.298407960505717,19.019882731575333,18.17488968847955,20.803502408130523,19.354545217736977,19.064813703473533,16.049562984698266,19.855722863333565,20.437767003103087,18.996611654988588,16.75769607965117,15.077583549396586,20.607317489653884,17.495906671745114
2001-12-16,2001,51,16.548114894439813,16.828387733207325,14.34155252451588,18.607440186398367,17.933424251508395,18.666823960332486,20.201259368362653,19.391875199156924,19.02194937334602,15.377435059327512,19.04849236228249,19.6335721183016,17.60879068116884,15.429312164810838,14.71623749619247,19.571410862200416,16.562438270795056
2001-12-23,2001,52,15.518138793444544,15.519179351802576,13.629251948477634,16.374908873013087,17.29113945724521,17.152211787004113,18.139387289219627,17.319843072767384,16.800528737196952,13.755520106166502,16.997421981349135,17.435690536653258,17.26115351662212,14.203938429847176,13.04990063607334,17.604276735488682,15.599014645959487
2001-12-30,2002,1,17.3254563664224,17.86828140256756,15.44051468594474,19.159102252551488,18.96989489907605,19.279242770859017,20.455706843829365,19.504536709475826,19.62838952088776,16.065819467817033,19.384545521921925,19.92517636085778,18.6109774259987,16.364704177744738,15.159966988036272,20.04885203591065,17.0362522306468
2002-01-06,2002,2,17.11164904438544,18.43549018221369,15.661087010323527,19.991821379888624,18.201693018130424,20.043031555038315,21.34844199978576,20.1602126024915,20.264153773537355,15.983712890955406,20.285244864922067,20.74295637228418,18.20547257242976,16.822750113064185,15.868457358132154,21.133845738002236,16.724543354260632
2002-01-13,2002,3,15.24861478866911,16.025761491962587,13.552301778556398,17.915553873493554,17.027171151890393,16.874626076206123,18.94511396891869,17.98572130376643,18.375109665081222,13.83836559074668,17.743622157274388,18.36153544377124,16.83481363163952,14.74727318982244,13.342504918905544,18.651218083973266,15.125364274670172
2002-01-20,2002,4,18.064476526228464,17.94625149047705,15.892267548731184,19.19962610801061,19.50140563476359,18.9571285910588,21.081604465451253,20.17688977625463,19.61736171446201,16.510241344889586,19.93138430211451,20.30462937342189,19.3765117652628,16.48410766852152,16.236606727706697,20.53606630164816,17.64024830699931
2002-01-27,2002,5,17.525007590363845,18.421712490032984,15.9778660170886,19.92299712697665,18.84715642936136,19.234354803460903,21.88909399961244,21.218078757942497,20.7547074773307,16.46669246750822,20.47759726470683,21.27292659019203,18.684239682083422,16.99939063947381,15.88960819019234,21.28033795888643,17.449382859741583
2002-02-03,2002,6,15.227029958747073,15.931490239812367,13.681159089705323,17.307934565203528,16.618975240508334,16.809237672862245,18.77172757585264,17.963813742105064,17.888293955890635,13.90910453549654,17.57560778283454,18.226446798226903,16.462533120483045,14.681247706652911,13.4187618134769,18.296716494103,15.122367657098486
2002-02-10,2002,7,17.000849639126695,17.7649803400548,15.389871455127407,18.69624898405302,18.7189747120697,18.78425987592228,20.58945083062086,19.688903035250576,19.27326119342662,15.909856483558166,19.58413884381711,19.855578400696704,18.399810978804773,16.368186503471858,15.147923892275507,20.06039380187391,16.585840774032306
2002-02-17,2002,8,17.121971044454487,17.18417426263854,15.363355482164057,18.55285525463876,18.58673342204288,18.78813565743936,19.77061720978762,18.84210471859226,18.982553332752445,15.877320368995278,18.715569770284542,19.100473152016693,18.434152714534157,15.887801746629563,14.850131898005596,19.246292063867976,16.535573618752615
2002-02-24,2002,9,17.839958631547415,17.191377183775913,15.270351317675638,18.491579775299343,18.313502900429253,18.662212757223514,20.18567264323332,19.6956799796959,19.185324383341868,16.068108078599376,19.0147290324752,19.13259070131657,18.54017381042127,15.308231175629857,14.99642127498148,19.35938941709216,16.869369220219532
2002-03-03,2002,10,19.301375463969308,19.675944219520098,17.54442415558985,21.710202840112505,20.685634837514115,21.69306305967549,22.417396278492564,21.524863635967304,22.032917537801183,18.179759676732687,21.29099185993145,21.55236198959968,20.762117015809167,17.920840258837973,17.763169928706716,21.86315987394747,18.891528800491376
2002-03-10,2002,11,19.9410160118702,19.66973264435969,17.800862090187785,21.41430551949001,21.07274298593788,21.97335775171621,22.099155976542924,21.52758285027046,21.860223926909985,18.618388355113524,20.7954311123142,21.353288100414844,21.048404364051965,17.82337839498697,17.736366136422706,21.42404095300723,19.2869549864386
2002-03-17,2002,12,19.12433091093675,19.52553382509553,17.09646224848655,20.860611404691426,20.06272299884426,20.747062986268347,22.675718396467644,21.183573174910112,21.470105298111356,17.54242500223647,21.080604653957085,21.63139976002778,20.138344766550546,18.10701624791425,16.78575649390132,22.19714990007434,18.44007554079966
2002-03-24,2002,13,19.148439436805752,19.30648512067571,16.93931882277779,19.334821533589132,20.651460284749103,20.28768790918888,22.15393277159933,20.99854045768837,20.011542857743056,17.63358359878592,21.28679905680867,21.203614561384256,20.55581791336472,17.81363108340204,16.75012865758063,21.42316782404532,18.51543550671272
2002-03-31,2002,14,16.354356816069654,17.744546615746994,15.405089206577088,18.58397220855668,16.1732269854655,17.976206298346995,20.52088941012457,19.131121912374123,19.226598652841524,15.37955807137677,19.286264069462234,20.320527730926347,16.71704109755262,16.815687653572134,14.456192811981108,20.420429946391785,15.842044159408529
2002-04-07,2002,15,17.594454235091632,17.112208523984147,14.971975052367297,17.93157526992616,19.161793532325635,18.624149434201357,19.951733858870348,18.538966878915765,18.383895349595875,15.778991610716917,18.92888698577881,19.50503804291677,19.00636368092423,15.843504610578671,14.839401856700183,19.72584087274779,17.03997109007
2002-04-14,2002,16,18.008594906928458,18.07409518461492,16.351676731905055,19.196405378125963,18.836482247805083,19.05018995965003,20.569210780952837,19.284708651753217,19.59984509958913,16.885305326352373,19.59251957352543,20.167425394700864,18.75640679510404,16.918239110819094,15.727583544480026,20.35548052255888,17.46455195007941
2002-04-21,2002,17,17.70675063286662,16.75111153791708,15.16299440634388,17.114974564030057,18.634315166007493,17.025442290336773,19.66142292968038,18.474391285289418,17.760826460769263,16.048673313299634,18.566189958316425,18.89031414587221,18.56092064721244,15.214407986126544,14.20979793385924,19.24038156744552,17.228663266508406
2002-04-28,2002,18,14.107452397487643,14.652751898714731,12.242460527140796,14.745509716726485,15.101447123055276,14.440619123795164,18.001822079583437,16.31900819803213,15.638609952422732,12.748257686102216,17.06411239326774,17.839283736246937,14.893028385390648,13.648218068484033,11.823304960452573,17.845375191675473,13.762302568337988
2002-05-05,2002,19,14.874947738156507,15.887847836337873,13.516744218046092,15.68664374805632,16.212613494020317,15.695908710916685,18.25946687192333,16.91268538487422,16.70906603079719,13.697025358073487,17.58678537426573,17.96535880610628,15.85067799560812,14.761835321683774,12.874352265369229,17.90997214793226,14.787315777369908
2002-05-12,2002,20,15.218866083152507,14.893188247294312,11.906585060397184,16.010742359218142,17.433344594643437,16.33000103325764,18.6684343766193,17.41955587709105,16.897496726414925,12.92100598010223,17.504446454894488,17.879316338952982,16.895238507208216,13.159635470608832,12.33114741193734,18.1278414306342,14.943711731311769
2002-05-19,2002,21,11.79462043597738,12.078589338991945,10.244424414613547,13.108954308998015,12.634312164862893,13.03658913031815,15.45380196974507,14.484165686322497,14.184123501152442,10.83298388482213,14.150198055448987,15.247982723051004,12.447255545141152,11.17205411245288,9.485970670589335,14.954069678797415,11.596386918481793
2002-05-26,2002,22,12.5679256955936,11.861895601886678,9.423437365199362,12.391318232530642,14.210015707065404,13.030939319419124,15.400986501843866,14.54697792350472,13.350161695200404,10.385277956757689,14.06369726337912,14.247322077378428,14.0425225243145,9.992580763473782,9.68058564696821,14.651908635626569,12.127056276059214
2002-06-02,2002,23,15.975704800668373,15.294525585194894,12.828326667846571,16.307808306955156,17.27701480083339,16.487081509299262,17.705855725457994,16.87756328979096,16.65455884336259,13.942350727098464,16.52902447011048,16.293047712176957,17.148025320303486,12.643580178380438,13.428151697458862,16.836746788771418,15.42783457763754
2002-06-09,2002,24,12.749027768924275,13.610571156686811,12.06413365997037,13.21345600131012,12.356099899568708,12.36391341394746,15.85238017980281,14.34648513422384,14.019551524444104,12.427379213114287,14.883975413764196,15.307496697433557,12.756532639610262,12.575298804844326,10.782974938948852,15.43409931869656,12.59796066393428
2002-06-16,2002,25,11.915110448152404,12.25784553444462,10.522149164907256,12.208214379492262,12.24328319908159,10.953492477593736,14.778800316524226,13.675774246314903,13.50216337752669,10.7108718870193,13.685621770222982,14.372615450476058,12.315294861333252,11.537716941207025,9.229148631439356,14.117889247528494,12.08990533075564
2002-06-23,2002,26,7.340817501953056,6.626270022155887,4.402030969099757,7.019325206677119,7.022034167581625,7.363079515509932,9.91313193768871,8.081356166926298,7.892409124836296,5.080390611770317,8.728756790656547,10.430908521230652,7.346894680130436,6.132027224632041,3.890085844268744,9.893684116594947,7.151541604667981
2002-06-30,2002,27,15.078411820312263,14.372506249433895,12.423645069880514,15.196820916164487,14.956512049513336,15.053620889533594,16.700587414444016,15.367849390599636,15.440006195449085,13.731599188226417,15.516190167216513,16.037993530057513,15.486728044090125,12.540050184674822,12.442388917302202,16.265033249752396,14.54899274435326
2002-07-07,2002,28,5.4547610812205605,7.289993282701416,4.531438764472291,7.957731671986127,5.550463729395327,7.795448112978745,11.030429361860538,9.197513864566751,8.568838458471802,4.521448618917819,9.716186810571909,10.887247421028157,6.087047328244765,6.044293260781907,3.9983419524822086,10.70100963372307,4.767559428019022
2002-07-14,2002,29,6.859832922617595,5.886162560631727,3.3399152486009096,6.596269161928267,8.113627959321288,7.544465585104747,9.78136633853523,8.692597066582024,7.4977536203809905,4.818149252602971,8.18478479860149,8.729960028052009,7.773079839452353,3.902682429629916,3.996727702991557,8.942024251486224,6.505567627615042
2002-07-21,2002,30,13.403794821318206,12.587518948481788,10.996685481854213,13.31785713207154,13.79634583216963,13.09570666721889,14.702606187269916,13.582116500061828,13.655724050480792,11.845230729024776,13.440484290515188,14.213747163345872,14.141478795342463,10.752038496400134,10.449493743631816,14.133028461508555,13.178531896714574
2002-07-28,2002,31,8.520594532118496,7.824073785848454,6.361774123762177,8.241834618860766,8.950197941281017,8.078568386141704,10.566207743942217,9.143271819523402,8.639436448390237,7.1873350042862345,9.302130967094785,10.20496509145855,9.300396111480978,6.258737510874377,5.532605136569452,10.183290073782963,8.12361764907837
2002-08-04,2002,32,11.30095003900074,11.08110453299622,9.139613728028223,11.346189860077132,11.37372636795044,11.32000074791632,13.217156193346742,11.895295067700474,11.714970242253957,9.99983911559874,12.213882872759005,12.592329636416986,11.519768190660072,9.18714872716112,8.56748060937733,12.679763774349263,10.474021130494997
2002-08-11,2002,33,13.549809867657595,11.87903939813439,10.413434284814397,11.948072715174584,14.014180601657896,12.119778574203432,13.80904738757075,12.297846510750908,11.989205363212031,11.650122628839537,12.839860437236307,13.658962626984176,13.87866400751828,10.217913953221077,10.183767444396471,13.605327809626807,12.79526541753599
2002-08-18,2002,34,15.581828913940274,14.724643301607957,12.687221863466547,15.067188697201864,16.746042687128774,15.00782990424943,17.28002988909841,15.89867395723021,15.443130189891898,13.52870591874868,16.18073529330167,16.44857066532351,16.869861362523555,12.796288581247332,12.12419966518721,16.7584738498098,15.22939551487123
2002-08-25,2002,35,12.84410783621642,13.462819239732298,10.863472568322411,14.905226414402328,13.62546351783634,14.807467296777087,16.909745691816592,15.645868654622662,15.434787764707888,11.417335746258798,15.442273905370143,16.19476185718958,13.77796164580754,11.644319506374613,10.710772207173289,16.44050641255836,12.470719785060522
2002-09-01,2002,36,5.474591612509012,6.037790025602272,3.1087977451990425,6.880539662426426,5.757047511532429,7.468223711698671,9.425997006997424,8.203225776003553,7.337205557323949,4.16083869850944,8.068205299728362,8.778492502767765,5.612781596402404,4.064416182244017,3.32690327732111,8.96833930510131,4.677742185056049
2002-09-08,2002,37,11.925682554220446,11.868405902373004,9.748762822616598,12.101160631648131,12.130979391665567,12.043483038206356,14.7171623574749,12.860683749681945,12.404440030659714,10.315793009724205,13.740520499588603,14.569497936819442,12.573350794296928,10.297864648538187,8.970413392895649,14.539128027316874,11.627280818002244
2002-09-15,2002,38,11.671604722930043,12.853433664546593,10.653314008158503,12.83087416667314,12.157534009875588,12.743376638591675,15.543951740765364,13.579888180819424,13.347676995449104,10.740435515801735,14.586910458767052,15.454256024964735,12.165664835095864,11.55160086788016,9.753036974252376,15.498828912201228,10.884954316918098
2002-09-22,2002,39,9.610297396376328,10.27947895842066,6.968302175230757,9.2413657165709,10.711211642188376,10.021073770952654,12.867440995252514,10.935870847330465,9.54072125340628,7.519486885907545,11.90584906004208,12.694459678027828,10.28820653541668,8.299545279688925,7.348131141499478,12.749479320884452,9.064031147571264
2002-09-29,2002,40,15.649431914743154,15.18695052244516,13.18632842844952,15.951763720739455,16.51725853963043,15.876196138340228,17.922858941659285,16.49354330731677,16.344780364848397,13.885066632613018,16.864766665867396,17.441650718370216,16.437138735097346,13.530881359778142,12.700469293412862,17.592872552442458,15.41456607345622
2002-10-06,2002,41,18.36001438769288,17.627994301476708,15.83468769711526,18.97575654586156,18.95823901887297,18.841956875038885,20.21139553615025,19.033016675973865,19.25757066237717,16.80783456785204,19.223604407867825,19.641175487292102,19.090902110324407,16.01917679941036,15.643505649892887,19.85870358901948,17.869921185578296
2002-10-13,2002,42,17.031148812332056,16.56242824058289,14.838114011996383,17.294722030560177,17.92308406561591,17.47867333474767,19.00548012124554,17.70025569767147,17.5024199551099,15.586192806338298,17.864311740924787,18.66041726243464,18.086343138374417,15.232065796333195,14.315484963161808,18.73976491155457,16.598216554867932
2002-10-20,2002,43,13.73553942038439,14.277085474050883,12.11227717670383,14.865788079443432,14.13892405479595,14.304562126194035,17.335932870647998,15.804671337325852,15.323673075192598,12.60463014576915,16.183799699064974,16.975017697984637,14.4878343297708,13.134394800988495,11.383543156222016,17.07700374215083,13.506173022352462
2002-10-27,2002,44,15.51025408544749,16.1508570332517,14.336172761384004,16.901373762459983,16.038500646764838,16.783690099090222,18.68708009970084,17.06821246159541,17.303887303794664,14.766677548029827,17.701276238346512,18.32839180388541,16.218800243723805,15.033561448028165,13.490704082920017,18.56897419819393,15.049958762454215
2002-11-03,2002,45,13.45563722485281,13.98731119190452,11.556004583676938,14.943359556652249,13.907517920945152,15.14369128262828,16.746636368442903,15.283444748915636,15.228642210801755,11.92440832371921,15.710272590835372,16.474524594381492,14.538670532491674,12.71343318398026,10.790679463763547,16.55283253626814,13.01862491687353
2002-11-10,2002,46,13.50727296397186,13.875924158197984,11.670098859436658,15.633639781248002,14.043477058057697,15.967328044591875,17.15195769818809,15.852831187557864,15.766375628469511,12.33750398971635,16.006993389542487,16.80193079256947,14.390668097610178,12.707234078449932,11.423505291195552,16.844486456794517,12.845020117142772
2002-11-17,2002,47,17.76166449611865,17.15633639242095,15.498429346211523,18.737645945378716,18.553773332930422,18.866079606604853,19.964359394662928,18.61154118079644,19.0601856209294,16.08737680694786,18.852721020256805,19.715156386804708,18.60282551920092,15.976373747964123,14.761661951354082,19.72117796709393,17.46750628530497
2002-11-24,2002,48,20.18804290948227,19.663305319194347,18.075657055456237,20.321779035386584,20.88472956185161,20.294977428676845,21.937377590479723,20.535207738504784,20.593717506020504,18.90442354097141,21.035202004899197,21.810553365640565,21.11076595976546,18.320976616603183,17.353782446348244,21.823497369098103,19.72232841481417
2002-12-01,2002,49,19.187030875698174,18.789152659332828,17.310965280778234,19.846652760392143,19.934865899301297,19.820342526626096,21.62697364428996,20.497148783795243,20.382012238474505,17.85087101907376,20.47343374475256,21.043312062471703,20.11939689827702,17.523216009800453,16.571022375782725,21.39628193103171,18.858933468713275
2002-12-08,2002,50,16.24915114394179,16.864355957075983,14.917656634905324,18.03301741111846,18.003445702248552,18.40852200325238,19.70286132434367,18.76543672437792,18.49765893857773,15.1596013231138,18.67668134268228,19.074436264860665,17.819862440285995,15.476082843332174,14.481600232998511,19.34241426620931,15.806204840822042
2002-12-15,2002,51,17.60970210169887,18.173740623856403,16.26187449508572,18.709177782138187,18.870810687321363,18.63446787118605,20.92742797584645,19.518873547640712,19.11995082078848,16.623521650870014,19.88063374143658,20.3538709239497,18.40219214063814,16.783736475381072,15.529084882458214,20.663793899775012,17.242876194879372
2002-12-22,2002,52,16.785123552594865,17.033174951447602,15.521326498321018,16.92027047986076,18.789377343822284,17.256428606875307,19.283543353178064,18.396112410805443,17.60225145037627,15.577715051992133,18.353950855535864,18.79889688980226,18.721042553890623,16.322389762676135,14.320418211041634,18.750912014985506,16.884569955321975
2002-12-29,2003,1,19.68807532704475,19.654142577002556,18.03171129023595,20.18115281491053,21.22791609915868,20.307046546592368,21.848118784823853,21.00690209822221,20.73558177313459,18.536784161866983,20.864642793069155,21.23635116484608,20.86076144914369,18.71033054309538,17.460322594418635,21.39984422373912,19.43023490263124
2003-01-05,2003,2,18.59755066217449,18.726936885288783,16.74490843944668,19.68299729483468,19.97186884043572,19.67064532104453,21.49819639889909,20.58029233610475,20.164090078170982,17.267816185817143,20.327482086445865,20.82572769411812,19.46166208075741,17.743335448379423,15.9639961230729,21.07882760228943,18.099917284561936
2003-01-12,2003,3,17.549566538944514,18.14590159763913,16.010410019858497,18.96254920675641,18.909861559694917,19.36192562098362,20.94494620008997,20.111987818433093,19.55587283692481,16.314794863302875,19.73368187776376,20.0582133881808,18.60589206817067,16.6236378247435,15.760341086234853,20.402709453306556,17.518323179203865
2003-01-19,2003,4,18.07879538517661,18.627506948991627,16.706132559196654,18.820966039385112,18.82046625121799,19.12814669320636,21.39359696613456,20.753885452964088,19.564324244594385,16.884075519875008,20.116829912590266,20.77901936862668,18.85246014318871,17.820664322418708,15.506526165886171,20.57303705607375,18.00206079444474
2003-01-26,2003,5,18.12038463975472,18.433846585531988,16.478177307555395,18.57069313526153,19.944307156442093,18.9897146384535,21.330083368818546,20.63201563797988,19.310149142420222,16.718939002909195,20.070961773034306,20.35672458869749,19.55623983600425,17.257708294758647,15.83216277434722,20.67364788242049,18.11119160690719
2003-02-02,2003,6,19.75960589130259,19.84692524541924,17.732658203873047,21.746423159326827,21.134075204325462,21.8896740971078,22.949682958619587,22.6012092164275,22.300246707147345,18.379216598043023,21.50687565493893,21.64733249222172,20.80552398652184,17.98606272577815,18.13678560231686,22.14340144267521,18.84306738061725
2003-02-09,2003,7,17.738292146680283,19.28559280560215,16.395795709175033,20.34932184787024,18.938676571510705,20.91211887001224,22.22735275402013,21.3730856967282,20.871463165357856,16.57965059462763,21.061463157026285,21.591411965876578,18.913091383385385,17.74686899928647,16.67849239628736,21.744858232263017,17.27694620340661
2003-02-16,2003,8,17.511461618784313,18.36882349473835,16.14616139673404,18.364895393451057,18.78819216735976,18.648276375680968,21.81840597992388,20.587255120710893,19.177453259432617,16.62566612273689,20.44440738215591,21.21488645455908,18.49986033365993,17.290354804554898,15.574141693758522,21.47121373081394,17.51112983425994
2003-02-23,2003,9,19.822490549762584,20.13786401829994,17.784605926608446,20.878440167222703,21.641001367463087,21.435245184978157,23.57097220351328,22.561893007352754,21.59561382487796,18.38180281421331,22.149088343500576,22.79696206198227,21.14899162159924,18.563851373866463,17.83539989579876,23.20322422691987,19.59821978155172
2003-03-02,2003,10,19.011130695023898,19.954656534865972,17.742913125993514,21.382731460389635,20.25487897521385,21.87610888389087,22.88146600639855,22.4518601563689,22.064404873931945,18.123789381793166,21.427615382867454,22.10126139597109,20.138745538056124,18.547256211966545,17.714131296700497,22.11585780179197,18.652485121292568
2003-03-09,2003,11,17.559767088528,19.293291355755287,16.591950738546377,20.40319103144464,18.919468170267667,20.828879862064863,22.333746907314826,21.59168067833046,21.058494636923832,16.73828363472217,21.06294604545032,21.62309816519848,18.799923260699828,17.881927078120267,16.69896833226354,21.450112228990765,17.109569768057355
2003-03-16,2003,12,15.672967757344091,15.909771171460022,13.388983170967135,17.088947933344613,17.008471050587165,17.45620772215697,19.58708565158677,18.839521872780544,17.870199933210696,13.963240169164704,17.925381920554422,18.666914762512373,17.00447887067169,14.59999885491151,13.389885856225902,18.934630326795485,15.330812116196212
2003-03-23,2003,13,14.801957585790138,14.297146839373656,12.156808491819394,15.755764992464156,16.10194094846374,16.237703655984262,17.378177147912563,16.578570261373148,16.295983461017943,12.924755918698049,16.054713430858794,16.799926387653198,16.127473492419856,13.19689305459835,12.134692311775137,16.725208403779572,14.575103610673684
2003-03-30,2003,14,16.05004660902183,16.24875571529494,13.711653031177402,16.919530763512565,17.49134981817532,17.263784397522915,19.728608840408548,18.447972867891387,17.760165032575276,14.484244234516328,18.425641110242704,19.063435058388105,17.404851744994232,14.95079343499145,13.515956815137429,19.354597155128676,15.55929641453725
2003-04-06,2003,15,10.044488012100278,11.249462424946238,8.10265657281918,12.462769868118423,11.99950496043919,13.321503116050431,15.2338630715195,14.187777481698372,13.187962287092862,8.985684282465915,13.652539060022924,14.916506151626054,11.443789520779172,9.73394146029733,8.811376863432287,14.713846243990846,9.534889070171552
2003-04-13,2003,16,12.06850249273283,12.647179538507196,9.375027243765244,13.09942202163594,12.837956613827243,13.802403527337152,16.157942374315624,15.35142833623019,14.081248019306162,10.046851034239522,14.738343831264611,15.503932273612833,12.738508709149013,10.724219573690432,10.244190670271662,15.57305477276707,11.573356089726936
2003-04-20,2003,17,14.598051574392825,15.69472935408163,12.78631629812686,15.986693996758689,15.430226115629818,16.23507019052788,19.303237603635203,18.118512560856807,17.076282910871413,13.44720099854657,18.01306784823859,18.55967925115416,15.431448805746426,14.207950619590768,12.806134342257012,18.653574253015087,13.961015312658809
2003-04-27,2003,18,15.765298130889656,15.122949187181144,12.98524249901048,15.711658720459257,16.760831808179155,15.971774752075609,18.90285407419455,17.66426276417522,16.730342810867818,14.133701085776126,17.43638965020448,18.30454879629644,16.621609308544734,14.053583896155407,12.15581509050936,18.573447154692705,15.358825081924223
2003-05-04,2003,19,8.098854366263215,9.156947537907152,6.476768116773285,10.783692121505736,8.361769197959534,11.178322181431636,12.859386249464386,12.317930660990926,11.477155302368732,7.085103985161025,11.266735057500531,11.614270718592518,8.425962612895892,6.723335472406207,6.959095929910177,11.814324180207374,7.454403709529866
2003-05-11,2003,20,12.561853931677389,13.401115747911335,10.371305848394968,12.466257472832998,13.252168394211576,13.49518551452126,16.44174075057138,15.147461995211517,13.343549899159113,11.023287045808154,15.240585612012191,15.731564317430768,13.169286761965072,11.81570160374794,10.97511141950956,15.862742005962216,11.81037926963076
2003-05-18,2003,21,13.64755593058072,12.988201591760111,10.498617443450277,14.350372403150514,14.26723278830618,14.8842523186977,17.149445386391687,16.18068212633009,15.35507646792089,11.917623683491762,15.503679098814596,15.975520675073094,14.316237109968563,11.227398414974113,10.840575840351985,16.57657875613457,12.703325504883924
2003-05-25,2003,22,6.421569483927624,4.717503247738901,2.535508797458557,7.542456129477138,8.46919259876785,7.993263861080548,8.863942664844302,8.751592825728578,8.240982833440524,5.049775000833419,6.763350466009859,7.394404074895091,7.50496172214567,2.604931359122193,3.895529226463004,7.656637928490535,5.911214972361722
2003-06-01,2003,23,13.517602336299312,12.04543554503272,10.502108923819812,13.13016590759868,13.6196673998208,13.182877026316127,15.02117572929004,13.998943971410975,13.828995741976684,12.09143285595794,13.443131848124716,14.534528919950008,14.19068829985659,11.057778091075916,9.808551369159089,14.226006332442251,12.847891502945894
2003-06-08,2003,24,14.843833984708846,13.739476515031829,12.091899368756623,14.064647020328612,15.699201528096006,13.510954911490971,15.680650296781222,14.406462281214726,14.509466820733651,13.370066421774832,14.591645343169509,15.413762217262043,15.661072778885892,11.956733770411995,11.563120112422574,15.30356964066537,14.542542552048303
2003-06-15,2003,25,13.449277433496032,12.726167909372082,10.802885393812897,14.139344639721372,14.57627242516801,14.245330854732554,15.490385419773292,14.28453769163652,14.48412811686148,12.253658516200508,14.205005309282445,15.00114644377058,14.363421127142596,11.163746119583363,10.787028312338489,15.040505274867824,12.69188796188632
2003-06-22,2003,26,11.619099475242,10.836274020961604,7.693767624823731,12.855155835549036,13.2281277527375,13.515673384549842,14.395704049758244,13.04198344565057,12.994773028648062,9.827330496769788,12.805703337367994,13.857831789155536,12.591511002838844,8.311458244218061,8.97194107892398,13.984395700891424,10.6576807415389
2003-06-29,2003,27,9.19717397837105,9.658747982114615,6.417274774971956,11.567952043953396,10.14538549406276,12.206792135496396,12.774670164369631,11.989949424793194,12.101056282301004,7.945620315013237,11.285990219198782,11.71133209752908,10.104082177964877,7.10664897885868,7.772533219970871,11.703698666828252,8.4764812124386
2003-07-06,2003,28,7.939234529069338,8.935472237847762,6.633694667729426,8.980726130091906,8.569870004602754,8.690653244232426,12.403376800325802,11.109887538823214,9.92488769363838,7.006520380989906,10.908600465250222,11.988952527631003,8.522297626843095,7.768187830983106,5.633367857367871,11.705646052985742,7.7816747553506
2003-07-13,2003,29,9.568730504816562,9.933553690404526,8.31739160119694,9.95488617090242,9.175115206433968,9.310075447519468,12.432393351379703,11.203521017347065,10.635812208260576,8.931625812005407,11.266719154258826,12.055544809189769,9.0376738718923,8.613199991343942,7.46530376767802,11.778202052219038,9.210726852044262
2003-07-20,2003,30,14.951624958671657,13.243588083588492,11.53214112847065,14.5274894961289,15.039948207197323,14.341472611003862,15.487984996495372,14.600346851101168,14.846689983823296,13.699951605265804,14.277946745472036,14.434016874215674,15.04483459999202,10.971034317748744,11.8091651778197,14.795231326452203,14.01576948551476
2003-07-27,2003,31,11.491915340129014,12.325936132910918,9.165017751433094,12.079489140993076,12.70909108875594,12.366829655498764,15.618893295265844,13.61745997168801,12.775366361827066,9.84020771674552,14.485229771271417,15.424379041574072,12.15951888303499,10.646881590542415,9.368059185435182,15.504758190968731,11.000621302429876
2003-08-03,2003,32,9.23903221912212,9.679562296630984,6.5164569804598615,10.423003086376758,10.726942407211316,10.61695062485134,14.073331500628948,12.925924884127332,11.68095496792616,7.319581704413261,12.291856226260528,13.300288817631907,10.174942880063444,7.94286281570975,6.550899763447323,13.220325462972117,8.745755486089909
2003-08-10,2003,33,6.112036081968281,4.897288532590053,2.904472242601169,6.523507515145909,7.068163258490254,7.1613634516373565,9.29957657027175,8.00103487466837,7.300466862326733,4.089910361710496,7.114555498325464,8.571792022237238,6.8817517426454655,3.0296678996435205,3.214590445078301,8.611094213745133,5.49549949707368
2003-08-17,2003,34,9.601256768215576,6.4153726409429686,4.612613850181464,8.974903594525088,9.983376507579088,9.733160337426028,10.105964212306386,9.729312259748385,9.333284602006588,6.523795476042916,7.906605662515154,8.640340993185893,10.076574899284996,3.9640242599856017,6.430579410694043,8.701109223169823,8.504261280568143
2003-08-24,2003,35,4.522672922915013,5.579240298538066,2.597231826849923,6.879250919535046,5.383908197228597,7.411953609422365,10.59165720341852,8.90086506261454,8.00036685317463,3.721798617673537,8.603423980200963,10.179538348293049,5.385782707036692,4.397264256466034,2.320400099672774,10.198158496979865,3.606352414885621
2003-08-31,2003,36,9.929163092658634,10.32612532796636,7.47497524660884,9.556528391227836,10.307984387406943,9.874122431532909,13.072286767097673,11.788728986219926,10.222040190388778,7.976739479398567,11.921539693064505,12.43850841098076,10.267158870991592,8.689414505530214,7.703642681976939,12.396998777781448,9.354355003955872
2003-09-07,2003,37,9.59260025555256,9.336762016388908,7.206238164876348,9.884295792806716,9.983388780488692,10.020315618742078,12.342328168212848,11.100487816178951,10.690695595018084,8.03892008579756,11.024862115620534,11.527653191931488,10.05393160827832,7.620389135283919,7.012972063944733,11.556681166889616,8.750011344723946
2003-09-14,2003,38,9.81302714501262,10.035442595669965,7.371581227565723,9.87639523652338,10.686659363620288,9.619406463249923,13.441899402496071,11.886191970775654,10.946811615370956,8.101385236188719,12.206738830335212,12.98147205972286,10.261558750881653,8.954501117790079,7.102107153602807,13.147328327313328,8.885568452652572
2003-09-21,2003,39,16.06595190212687,14.149582615793388,12.683760554153729,15.050069642918452,17.511366436871487,14.767215701757404,16.68403298792269,15.498320365014012,15.499279080071794,13.785671848279954,15.607329286847795,16.109340976190694,17.20746652039782,12.411505020226135,12.095948293392295,16.243345217695442,15.744542351308858
2003-09-28,2003,40,13.668319136326224,13.533662985636989,11.679673186846296,13.974921288944424,14.659693156058127,14.282907466937525,16.10087385817102,14.93159031508805,14.624189855534503,12.148782127753687,14.942515649836816,15.580662514000249,14.571833582918618,12.444953670131865,10.89036994588085,15.547405967040538,13.183258453148072
2003-10-05,2003,41,15.320600324309163,14.618642873601363,13.345489611113718,15.182168391488846,16.066336882370297,15.112990504526262,17.558487794837173,16.171166143788923,15.840055481561707,13.957929337118554,16.342547249484372,17.1313549064883,16.23028932575093,13.630485356349364,12.009007807611932,17.211095608377175,14.822152861366376
2003-10-12,2003,42,11.2621752433335,10.95623626078624,8.793200468953565,11.070150211453438,12.037618107305113,11.553647686309027,14.021781498767195,12.989800584966488,11.738660214231905,9.560665485695324,12.62652803891665,12.950170762455366,11.891527611776668,8.937650262955673,8.351348709353653,13.28010941298274,11.072451816736208
2003-10-19,2003,43,15.396255516484285,14.598214896248855,13.049311532948856,15.222370454243247,16.715101695960755,15.505124141810944,17.683974013036607,16.50724490723053,15.93132559054052,13.77485509074311,16.403257521096766,16.889348918215603,16.475845512736257,13.407360574120723,12.096725166920896,17.13870396026193,14.865661257682143
2003-10-26,2003,44,15.170929838791778,14.910927545795564,13.427321261818047,15.228778788021634,16.415478268700298,15.8495964654164,18.36599697524535,17.32158065350025,16.39725032944502,13.86827580491657,16.93242142086937,17.52610093756827,16.214686321015524,14.190175629718812,11.748848176927227,17.55703022242059,14.91271915654288
2003-11-02,2003,45,11.729584726434265,11.494925867774082,9.978424371822598,12.738541986261096,12.94398482158218,13.064007379220104,14.608751527769572,13.695578064361175,13.46771987310361,10.373397383030138,13.094836948857164,13.676252289281058,12.856813506270006,10.193111747255616,8.671157719169402,13.708681296928988,11.298871929754783
2003-11-09,2003,46,15.683085113878876,14.870826646971553,13.231699713374413,16.526342677218572,16.654224805881324,16.67781689912656,18.40789690379151,17.381191046083128,17.31843154910959,14.038297788632867,16.778425333923074,17.69319790971247,16.1372649899781,13.63441467171938,12.653362620626408,17.663747561654464,15.12611414994191
2003-11-16,2003,47,14.540250030723778,15.153188035940564,12.901502396432084,15.417243597053345,15.377731623956665,15.911146649982935,19.018519332040505,17.685946753365656,16.520737250490434,13.469626302257836,17.758076021268767,18.07832514307891,15.17443582634208,13.548153518922817,12.28814579555426,18.22496672665769,13.859193807020985
2003-11-23,2003,48,17.23715756390546,17.546169163575808,15.081789445750148,18.460104553472423,18.283306675253755,18.28287052463841,20.6854877082669,19.526803601747982,19.207094841040742,16.009332043784006,19.582316733025884,19.98693940581658,17.963889262851136,15.692423301956424,15.02174737889403,20.2158832326094,16.476179336280516
2003-11-30,2003,49,16.433248602131926,16.88214725827866,14.705427488396415,17.8660223427273,18.073271879172168,17.85705717619475,20.31348457280818,19.34542730405733,18.79186802507613,15.20477101505138,18.99770160031009,19.819185817338063,17.63683551342791,15.601695509451297,14.26036114705324,19.80688296838749,15.91851389568771
2003-12-07,2003,50,14.859808341263191,15.286540391856928,13.081225286253597,15.252349170900525,16.4854183338202,15.305105721168076,18.61901062501068,17.50737155864765,16.32693125450448,13.407028595427697,17.4299275278529,18.15416689767349,15.95370664007415,14.281327800879048,12.087394381339106,18.243667690254707,14.884872871589147
2003-12-14,2003,51,16.329829500755594,16.464837453004396,14.53062654366616,16.7602937633083,17.67103144788989,16.68170406950333,19.57771451132638,18.56812012511414,17.783119982702623,14.866957195161834,18.482943090628755,18.823467933264062,17.687594675189278,15.502630984212365,13.192085387016943,18.996247692817345,16.351949200154635
2003-12-21,2003,52,15.982102666582382,16.03709844790542,14.05691297136796,16.58643540740013,17.815007293074327,17.05764242979857,19.450125196584807,18.46307054593965,17.59267350978814,14.782783783461031,18.360296453335582,18.618667462444048,17.53340933866022,15.260969602405954,12.996010762644056,18.834620063318894,15.90632359422442
2003-12-28,2003,53,16.869188537008515,17.144708976054243,15.29555045765062,16.262898571434476,18.71096403558196,16.301211596455815,19.71961887237282,18.565851482044568,17.513282476339324,15.761679509359215,18.914426548450027,19.228955899930064,18.369237942124883,16.355077699375187,13.885654543543746,19.34093521625795,17.047954834375098
2004-01-04,2004,1,17.282394141610833,17.423359046358545,15.612378513485114,17.52358970471791,19.048960075124292,18.44850169860565,20.35291372860834,19.44979221789868,18.41651790995887,15.98926997747947,19.296706053498504,19.479636899223223,18.79234391934163,16.19048580710106,14.689336481510198,19.6700417057642,16.968081625324054
2004-01-11,2004,2,17.095745108762763,17.36742671923851,15.266393119503991,17.630061752739408,18.696220896316404,17.89984536876703,20.8316914639042,19.690789607159505,18.69274051128768,15.543521625252756,19.787937657244797,19.93027760333449,18.379032079777662,16.35830985749716,14.064124763973991,20.31655191395381,16.960989295954327
2004-01-18,2004,3,17.44844659660467,17.846321045462766,15.505795497014232,18.599654995259783,19.33051982374213,19.137707291729512,20.82354191371373,19.97376826645492,19.375825342600127,16.007551372386473,19.71984007534011,19.82255116948541,19.097210289428595,16.116650219816535,15.128896171976017,20.173511505126957,17.097233299939138
2004-01-25,2004,4,18.032733827637585,19.07209353101279,16.41382206152685,19.566413137174788,19.286753730717454,19.289645399979797,22.204655705666056,21.119421033983105,20.41554070825446,16.764794088455904,21.231425680845845,21.25903794064997,19.13159334337389,17.607239803967854,15.935771731461884,21.697216713265195,17.48988280591939
2004-02-01,2004,5,18.13910413616873,18.549077265298187,16.19351317550402,19.33673873827571,19.370019300702232,19.54764948173533,21.897789415743198,20.80769361966616,20.27631559857184,16.667791594000043,20.677259185923127,21.27174172311459,19.462541928162445,17.37561516748571,15.420354316103058,21.43004490018124,17.69859678597463
2004-02-08,2004,6,15.78893176438419,16.392005977854293,13.724601815417474,17.109236165171577,17.346444573250636,17.560956622336057,20.01602637733037,19.17465013281092,18.19326288592792,14.313681056448525,18.69570367738798,18.94170433877292,17.176301378080744,14.679770145106795,13.29244762959178,19.24305757757736,15.26850216279454
2004-02-15,2004,7,15.472227334669348,16.7016877909459,14.233224151614715,17.052642559721356,16.523815372447277,16.895054078316903,20.303907355483695,18.97408739907401,18.029272595497027,14.706357804674935,19.09692711437935,19.757153061200988,16.27453113890983,15.878801575658064,13.545280662624842,20.03102036045022,15.217371833934935
2004-02-22,2004,8,15.115621430533272,15.710808717874066,13.721113688985966,15.38367710368974,15.671332486376418,15.848645364916,18.89290077276202,17.656371479777548,16.439422874301382,14.11594835362901,17.871371713448397,18.62616114089431,15.587219807171913,15.17111577183822,12.179103767001694,18.5548162684282,14.791553246043122
2004-02-29,2004,9,15.8893633870698,16.65257129435346,14.191276683993538,16.13292209875016,17.560049968327,16.674802276925536,19.832084911557743,18.37392788428765,17.222549761344776,14.728024482190676,18.74196389681333,19.43164290250793,17.38751501374263,15.59965916495102,12.92091381552707,19.41923977950781,15.500827466059889
2004-03-07,2004,10,17.731289734711517,18.219410905451664,15.874092774361555,18.8703561936106,19.16145191009092,19.18735633638988,20.897684597760524,20.08928919655936,19.687446737009484,16.47909147640181,19.766626283719944,20.16568923189313,19.187619842617668,16.69323729336568,15.59193072161655,20.106454364007696,17.248427394265434
2004-03-14,2004,11,16.02278454852994,16.474088111665964,14.413511891013876,17.65336297381492,16.96817455884706,17.95992589088941,19.652951348974824,18.724463661986515,18.53041107733889,15.059202074602297,18.46652237615544,18.86249535038786,17.07574415575123,15.377194802375191,13.605853146227028,19.041440265752563,15.45326781658471
2004-03-21,2004,12,12.79626705410244,13.917990542169829,10.820929715986685,14.292558083931604,14.175987060117686,14.879638259475298,17.235456441651284,16.58793378210687,15.386423570069317,11.318098715641634,15.780747966023236,16.458245484334117,13.682670356684213,12.159690299145453,10.534974483603945,16.273185160761944,12.542114841327514
2004-03-28,2004,13,16.83785495978985,16.900762333290412,14.280262177034936,17.493303386938006,17.489136379617484,18.1738677227359,19.889871563925336,18.863096803442225,18.167037583143976,15.32996642442066,18.66716259382504,18.92313176409575,17.411030020953145,14.869416615403498,14.481341702712356,19.2497509417002,16.10732653455914
2004-04-04,2004,14,17.647628024431423,18.387548742517986,16.173636655629792,18.751043597857155,18.777210459366803,18.91206218837311,20.916634573533308,19.996484006906485,19.453300393957445,16.865809031895232,19.92681688911471,20.235574498652127,18.740270590690116,17.0417734107624,15.41341081006761,20.243495922499207,17.05857135150632
2004-04-11,2004,15,17.078754704891484,17.944736217384907,15.222707647714556,17.84180487195651,18.3140036719186,18.2437121871202,20.87736070260362,20.035966534304933,18.69227044689679,16.04848074618019,19.7687222939033,19.96888630088128,18.13199920083565,16.208339082048397,15.086745578276052,20.200884542819807,16.508735142628137
2004-04-18,2004,16,16.5776272703782,17.015168935759487,14.995603186108944,16.5112102939969,17.564008504527308,16.53516611936317,20.42859840949145,18.9494870574753,17.574250197923813,15.423882954836696,19.32889636811756,19.907555918166583,17.593105848231367,15.82650803632778,13.71627930324355,20.11113157850889,16.3283252060574
2004-04-25,2004,17,11.690945450403516,12.827117511966842,10.432673400550575,11.930509122354644,13.069062576392772,12.519783416463296,15.97515129278422,14.44221471712187,12.832199510996125,10.788218643051165,14.966391947362329,15.519201038340032,12.723671118264951,11.94026044465168,9.293330038061947,15.592910973759778,11.667866130723466
2004-05-02,2004,18,13.501303594238202,14.405164567646445,11.980436607706087,14.609497613850095,14.390706028433575,14.880697555983849,17.193155477762918,15.920547340194902,15.387250565269456,12.335614624388173,16.198305546979366,16.854040054619475,14.644030709064149,13.213563839059882,11.359701692612882,16.850251808091855,13.05061971787815
2004-05-09,2004,19,10.863080445096914,11.190321350148492,8.56010717931001,11.966001727751324,12.614904434393283,12.77750993357969,14.260723291958737,13.464566162406625,12.790527335351692,9.293598682727534,12.830173949865037,13.97075687135969,12.45963935226087,9.545763851297105,8.748173818677857,13.6358591292469,10.561616837817704
2004-05-16,2004,20,7.263405798638344,8.548658918088941,5.690438204458994,8.529179353444349,8.348730129281474,9.05464675589111,12.448600098968594,11.393200239701704,9.700684492368756,6.5109751645572,10.9845123769917,11.553614332990824,8.231707431404748,6.640201949110889,5.375865145896722,11.657944475834617,6.879779587216133
2004-05-23,2004,21,8.892816561989804,9.894560136012178,7.756124135288605,9.187793549682413,9.489113668615424,10.10617431848666,13.138248162783963,11.889770583487175,10.14962925311404,7.94970287092625,12.007667446033263,12.615420474517698,9.72206773583033,8.757642745924505,6.287580674569368,12.717911347950972,8.124692854775251
2004-05-30,2004,22,8.777363596735773,9.316312592548094,6.581675403183715,9.661340953338714,9.749556575679144,10.17246678314307,13.398732196485335,12.147004879790469,10.881761572832229,7.159023173077974,11.80627696256101,12.68303506200847,9.613124367813343,8.015859975897847,5.843704995176242,12.71108471390786,8.288501395530135
2004-06-06,2004,23,9.163102043795002,9.66731236509677,7.17026973267837,10.20310700507391,9.917342703753626,10.710575271297149,12.711253605500604,11.797849988565815,11.239180696920403,8.024741540073142,11.144487951121809,12.430808460616037,10.163639720342331,8.267232032269415,6.803759521704012,11.945717269427156,8.344592834900652
2004-06-13,2004,24,7.775622046668865,5.768247538982933,3.5476498095568245,7.38540495281008,8.584173771582384,8.23371249517879,9.591210062232728,9.125767197051609,7.980797573311688,5.580296384738454,7.835774445224119,8.834021769443934,8.268211285119813,4.434614102596061,4.665203810944324,8.58521219825558,7.262535345482055
2004-06-20,2004,25,12.879413414492417,12.469987518497623,9.373505702776091,12.599964507988522,14.021579883612144,13.663192917174507,15.815340183914229,14.585845351281106,13.209859122968702,10.827099762027256,14.339735128559592,15.14394374549228,13.844409564287044,10.4973748569013,10.258361687174306,15.19693991815974,12.373100859778267
2004-06-27,2004,26,15.04735908974705,14.652869174221175,11.981257501702023,15.230856089364917,15.788002530880808,15.855277983224838,17.78842123604377,16.677643669921082,15.717067135290158,13.20382545125766,16.45570122689912,16.93502180788395,15.70408678146863,12.7722282470051,12.023821333120368,17.076741420126243,14.303639303320502
2004-07-04,2004,27,9.741544578679893,10.61484500022331,8.22752022743225,8.959924942680766,10.80969621268667,8.704588884705895,13.374825608278504,11.358895241873606,9.861277369370434,8.459774219815454,12.32588372168603,13.681379129301828,10.56437046946706,10.149578006927044,6.575628515037678,13.175811218888796,9.757697174169948
2004-07-11,2004,28,9.443976310536057,8.310225447040121,6.991076690069637,7.895562719729026,9.741180861287432,8.381628907785453,11.605192593860906,10.2924982255465,8.516913246301321,7.877567763738879,10.259994542134272,11.3993631002074,9.96306095098264,7.357962659521446,5.449108702594819,10.993657172076157,9.100192120534713
2004-07-18,2004,29,7.698461266864987,8.272214657970585,6.350899998868791,7.239092926893915,8.194420631685405,8.64992497786592,11.308649432902431,9.709899345249324,8.31023303916543,6.917980464692861,10.099930454848648,10.905227034561076,8.304635046992063,7.044355489446279,5.271976987358118,10.840349160995036,7.406658740699131
2004-07-25,2004,30,7.601241132620832,9.182590315336869,5.98033836105807,7.6957936726865315,8.340821671362367,8.97765174243441,13.023813942778563,11.512956450078391,8.947717801698733,6.561238811442501,11.503015251489945,12.57588936633498,8.154414914519629,7.122355809643848,6.11789430368093,12.397845114280566,6.842869190353589
2004-08-01,2004,31,10.4210724704821,9.670720741184535,6.46442076730432,9.39666413586764,11.534745935507832,10.710731849707232,13.57871905012659,12.142852232796804,10.283548919188767,7.75755471681717,12.077228868575324,13.052212395758,11.356038505966598,7.807208063765671,7.081793099074615,13.004665195591995,9.528481839641406
2004-08-08,2004,32,5.279826505610688,6.056119588964275,2.680914746837057,6.083570779744714,5.762574860060948,7.428279982723938,9.532668359773153,7.937420330666876,6.75798794904217,3.87406868178343,8.12782599038376,9.004713946596953,5.734026026714263,4.147063890275249,3.25034628397469,9.013447082205994,4.2828917731493314
2004-08-15,2004,33,12.588017521370949,12.8174516310824,9.272790726879157,12.508289557127725,13.009365225791226,13.666896595457809,16.292406666035554,14.980245333089456,13.174176124677263,10.318910058089129,14.89560031643162,14.952018038603176,13.254809011363616,10.495962103506676,10.368326753227144,15.539317076920064,11.688398397515083
2004-08-22,2004,34,11.181949391481652,11.411858188572214,9.473588589449951,9.557646207866217,11.119719080356736,9.917012802882544,14.53167511909418,12.381701072222228,10.370156487373457,9.897662980618172,13.357076227097284,14.565049929760214,11.487353254929472,10.964009460366947,7.39120777513113,14.361927131384084,10.680020745713112
2004-08-29,2004,35,12.63871632702409,11.844904167311531,9.14755853574257,11.413521018766223,13.69167555852081,12.18142131672863,15.0144440842787,13.34915052760731,11.834337130451388,10.76333068299481,13.72086677509985,14.93063830750972,13.016998436460163,10.704491750025024,9.489631625779475,14.761873665154562,11.95087541724151
2004-09-05,2004,36,15.505014437966365,15.400759029998452,12.59917053143959,15.605664389474052,15.71417938912912,15.729172308932862,18.308491798601068,17.275672391420837,16.43876596999495,14.042121089349584,17.274967499935265,17.3142001224014,16.10149401035088,13.36031239014819,12.97357846903129,17.627909962678373,14.929128303682065
2004-09-12,2004,37,8.712069005119295,10.866541513501964,7.700286145747606,10.85050170052619,9.529437074301246,11.142207268428926,14.256798663570304,12.985247748981823,11.873716984709649,8.06618418723043,13.191027278404732,13.607158854322613,9.432928932679664,9.22720199967261,7.315958635975327,13.613708764839544,8.059185334132366
2004-09-19,2004,38,16.729080241926237,16.05465196800639,14.29277081265318,15.58384568066824,16.707940950118374,15.77181933315871,18.57344923214037,17.25410499225963,16.295463532151075,15.085350185733276,17.56037639518837,17.69787975141623,17.297006805891236,14.574331179031232,13.2985767202761,18.087908308100094,15.99125630322171
2004-09-26,2004,39,13.78013697431508,14.401240221218767,11.887969053415675,13.491686487481708,15.019547307517776,13.948669694412017,17.376779097509804,15.695197026636691,14.387944591022052,12.231857879089423,16.37368158447794,16.788551618468087,15.124963442791383,13.128661868786407,10.844942412758927,17.071141047020483,13.620585143405473
2004-10-03,2004,40,9.779783520152362,10.77384243934139,7.704627871407592,9.714808202570394,11.130159378757662,10.774497977861872,13.754970739603738,12.36603082904568,10.839349179351863,7.968286368522387,12.776425786864706,13.594002360603556,10.817658141312911,9.777844552235214,6.754087094254334,13.33001037679773,9.398296042433325
2004-10-10,2004,41,16.012714733334885,15.9733733159901,14.510052576885885,15.957027679397946,16.356265200057972,16.36650222793049,18.23885029050421,17.132955701258275,16.688542351097514,15.14742137127974,16.983735992794948,17.84045057348164,16.674359093301543,15.018389208966864,13.467189891284931,17.610553230091547,15.584238987405987
2004-10-17,2004,42,13.22963554610617,13.82541261324242,11.607167477721966,12.45612546978962,13.83546908849438,13.120937795405837,16.971701980679793,15.131693771164135,13.39497041795585,12.01892313672936,15.53329844866996,16.601094855131166,13.915318422796185,12.916269558996,10.04112012947476,16.262662228772786,12.725203763442542
2004-10-24,2004,43,10.987076213154246,11.422180040812949,8.803154633229248,10.51188174635172,12.02917767488718,11.260339745530136,14.74483433270246,13.595403232574462,11.64018214192176,9.387981805275745,13.472400457208806,14.858808447408547,11.83012523706355,10.45861755919447,7.955929534057914,14.239175817971129,10.698980964900992
2004-10-31,2004,44,15.995910400282613,16.83930909404877,14.561731013134716,15.900140339419956,16.92939069763455,16.458629023921382,19.43324726872125,18.295368046946336,17.044161563283545,14.763299282812028,18.460674543504588,18.9325681362512,16.940449590388415,15.892986235337434,13.583182807486764,18.89903007888047,15.688129669893785
2004-11-07,2004,45,12.962189473087108,14.1728432930863,11.431033318298732,12.932266821463903,14.044674190744306,13.634791623978389,17.15310353926945,15.938158819520629,14.251892948337264,11.602190404426397,16.0195027652757,17.1190615291544,14.212259406748888,12.82440205680838,10.434891718090428,16.676991294741395,12.676501366970031
2004-11-14,2004,46,13.458699983059208,15.076840772303438,11.894186332147529,13.97060006289255,14.712088484661743,14.780354872940435,17.906238091582807,16.342179032858315,15.025913204932166,12.491507705070571,16.731486064531072,17.57478050658645,14.533750791807432,13.73012289606539,11.327626463706968,17.351055343090437,12.76135805514302
2004-11-21,2004,47,16.13275353052441,16.799010726180413,14.186863515053371,15.449501427866164,16.739828379395977,16.275655793100405,19.47908375075538,17.917682968238733,16.372373249666097,14.68916325628154,18.38747301473246,18.86865725350187,16.660550385368374,15.369068970357564,13.32258992906192,18.822558382485944,15.47647918202485
2004-11-28,2004,48,16.308014368918872,16.17432783763292,14.419694180814377,15.155648898510703,17.303368066523714,16.276274608675887,19.47669935087421,17.874949018305,16.23742609901204,14.823175780550567,17.96194623806776,18.165929650360685,17.561747643938396,15.368554085481293,12.746246357189262,18.42614604069062,15.534721064760356
2004-12-05,2004,49,17.32106623532996,18.043398888126365,15.732149008638368,17.51118866886411,17.78901248892354,17.917785864232282,20.675136610648373,19.451059212127287,18.50475537846933,15.90713576122666,19.623798964859606,20.23637956943152,18.127124995338413,16.991400557919174,14.767663740187029,20.38510782611347,16.671181274552872
2004-12-12,2004,50,16.367691447529246,16.620038210964406,14.134047020401908,15.987158569551648,17.705418359430343,16.54029650301547,19.599711465418512,18.267639040761185,16.962647495904314,14.612845195560006,18.168555992093435,18.97149291899648,17.5982773709021,15.54281014418668,13.455218043450245,18.883301768517544,15.591672401865214
2004-12-19,2004,51,14.817698428376149,15.84210393017035,13.354387218167323,15.322630747443156,16.34253854490403,16.079118022894157,19.137498343998768,17.834333698223165,16.613907682452417,13.705331248829417,17.65615616422711,18.46565317914813,16.198359415798116,14.915426369754984,12.647510923841896,18.338376147873014,14.50460739984024
2004-12-26,2004,52,16.148534852105218,17.8509418328942,15.2538343013232,16.596005293585005,16.700286661228546,17.410155098717492,21.07174294474521,19.6553123375038,18.02544425658284,15.61362391891308,19.899177640444275,20.97322786850428,16.87577663425313,16.93006852591137,14.296728050987335,20.537251392222664,15.380782289325063
2005-01-02,2005,1,19.460779732565467,19.87341327250385,17.779059842506552,19.56404186572347,20.94007655693636,20.024756557999734,22.759744304957263,21.421385084870572,20.42624464800213,18.315232812218515,21.309385565555456,21.990132617179277,20.832272932796403,18.736916359771985,17.335948744442803,21.992430349152148,18.990397367194657
2005-01-09,2005,2,19.117492440124277,19.15546796875976,17.08524401333867,18.365344897622155,20.08966872993881,19.35459229261872,21.966852733067103,20.9306999533517,19.366066912149027,17.371710492467717,20.553206357914643,21.16191763248084,20.17600117134772,18.36653139509134,16.125772722024166,21.50662167991444,18.39680791479558
2005-01-16,2005,3,17.606067303985242,17.851474960221406,16.28052450559154,16.011481776123954,17.549681145380728,17.021373017260775,20.58489760017951,19.166797221295244,17.081475569544008,16.692634691939983,19.40796300632097,19.88397102664423,17.919157030959845,17.049987563135883,14.67911405535785,19.984757143457344,16.66662549972534
2005-01-23,2005,4,16.34377743685414,16.900372321163413,14.838201070953067,15.906332047212691,16.83678125541004,16.83423641258839,20.23403386541428,18.722380237827057,17.025013711821078,14.979009738252724,18.637687140625797,19.832612141765992,17.145914365886263,16.26349445704561,13.642416705570572,19.591813169580156,15.5423386244761
2005-01-30,2005,5,17.96146701017402,17.671080784502823,15.872924475513315,17.458232296364645,19.13213951158841,18.1612734162516,20.59293100785236,19.57486507861645,18.445386818477083,16.26062052697781,19.14741590673273,19.940256260154705,19.469804432401325,16.51180205630086,14.972212499665858,19.87499584563791,17.53308074172295
2005-02-06,2005,6,15.92948410839341,15.7613102606873,13.6513486280839,15.496481361843289,18.4530640079038,16.91856587899698,18.70646599082836,18.18512898729993,16.744492237815187,14.491865617217844,17.30251227457286,18.21924521402529,18.04763436869765,14.588005708242338,13.563334904530342,18.013578663133597,15.580619541461257
2005-02-13,2005,7,16.169155277954257,16.92619202538594,13.957361686303749,16.70492640421504,16.949837225794703,17.657713671602032,20.253367054219147,18.95636710427024,17.788059692793396,14.442559480398929,18.91492328643799,20.030008625791403,17.11479789317805,15.652737751090106,13.988778793676824,19.721745836291525,15.281363655614726
2005-02-20,2005,8,19.15245348759753,19.805481103437543,17.68868968290043,19.29091782087372,20.23158704784515,20.10621161933418,22.634809777618496,21.192142872996147,20.12288491086717,18.080266485868613,21.36836709191789,22.04593725538639,20.13830177388136,18.58158294570555,16.95051106393438,22.081390537627755,18.48423107293738
2005-02-27,2005,9,16.23996719645104,16.311398758308723,14.214553969247,15.2889712977977,17.17135315449656,16.249452430155593,19.778202229269045,18.1814562329379,16.352907340353948,14.677538943639352,18.224686901703546,19.375434190436515,17.228477718286992,15.08729759581626,13.010098292838515,19.19770028399861,15.78459042808759
2005-03-06,2005,10,18.083647336432065,18.059603055148745,15.4203654257936,17.61129279363723,19.08986993616021,18.905589518553192,21.020925833254445,19.84921163682814,18.50162768503925,16.290970476727654,19.552049656657427,20.60959002014119,18.948217380000816,16.74513624626796,15.352668297661266,20.444924386280157,17.286315457197535
2005-03-13,2005,11,15.981301140754532,17.499232015630074,14.69894660079807,17.237742705004553,17.356484960221433,18.46023773870873,21.155673752720777,19.771484875864797,18.28020797550328,15.224577696170527,19.4563180601442,20.840895089820396,17.16113932712658,16.00463118664493,14.849091194647244,20.40831441562003,15.131187061093888
2005-03-20,2005,12,17.066193515576295,17.812813390292593,15.40250053718858,17.06218050491242,18.294010940964007,17.921300365197613,21.280478452454503,19.696185875929796,18.328670490511247,15.664599432049505,19.521873143844275,20.73282794104111,18.090053976272525,16.913948340240466,14.550086759366463,20.439615460524585,16.82189513795138
2005-03-27,2005,13,17.466492807542956,17.74787940399479,15.438058490973187,17.514622967867627,18.888607427510923,18.734162223845374,21.213165210912944,19.83700006658381,18.69016127390404,16.13851143619207,19.424532441143352,19.92597569031214,18.858092861286003,16.361411755482198,15.121347981514743,20.10020374925169,16.97398779719988
2005-04-03,2005,14,17.400157690355062,17.544291069258506,15.828362332896628,16.016244837215968,18.46721052399924,17.03038420118727,20.77110866624482,19.061967127416043,17.08633678066754,16.12990927508497,19.078282943329256,20.13651989348172,18.367268623992743,16.586328673277816,14.417177434657974,19.788510710759173,17.253905720466552
2005-04-10,2005,15,18.098786701413506,18.618142726324766,16.080925588599325,17.468500872453053,18.54069563514828,18.661289363600883,22.63657461449981,20.690995457636845,18.653439677624785,16.621882361421704,20.75546794907871,21.94685686373646,18.62677979377246,17.252966547559552,15.541047771474997,21.91169319974,17.168893210650136
2005-04-17,2005,16,13.437147388433704,15.586462205915309,12.392186702619956,14.030296630802608,14.566318508433378,14.446256584795902,19.27884988812594,17.498307825559145,15.467180341657125,12.362601203510811,17.58190987244313,19.49345408102894,13.995606072620996,14.771983270075276,11.62778230748444,18.791780733082398,13.09929571383083
2005-04-24,2005,17,11.363308918828976,12.516127745734094,9.89859703524301,11.152237245014735,11.67923292771346,12.073475900917591,16.300399760810695,14.564965632550129,12.428671222843535,10.048505711206838,14.580258462749002,15.924624362081852,11.905889673122568,11.451260102516962,8.630682527688693,15.356913030964057,10.52740008795679
2005-05-01,2005,18,11.756820229489833,11.231273288157448,8.888398081407995,10.240398279258182,12.754049397856106,12.233765847587833,14.371731060239384,13.055955307205002,11.026152807672432,9.75772642097001,12.66981586026939,14.069829857253,12.709670904520395,9.998598115926304,8.887059703788765,13.760816898831184,11.420217197217708
2005-05-08,2005,19,15.309805930197776,15.310832985428604,12.670223984553314,15.268610535632996,15.489445685502076,16.44966670690509,18.853401134034986,17.567102947482812,16.220160717600248,13.728901372851618,17.34729119585706,18.16853160806743,15.95136743991071,13.683535637004503,12.76503721566638,18.207713621703142,14.695411048488154
2005-05-15,2005,20,15.801103686427211,15.850148673250732,13.568210526494294,15.212998612296014,16.76958794244389,16.306981769154277,19.512264162736454,17.810923891439067,16.37577062203693,14.193853198878545,17.64996958480769,19.308602150559743,16.86359494993585,14.424350152055313,12.961211329912514,18.719456118380258,15.430951248924686
2005-05-22,2005,21,7.426660433238997,8.108620359191,5.306688028991804,6.015017477884179,8.178853719897132,7.634824440132543,12.315056713259947,11.291579839780733,8.266720123020404,5.863572647989935,10.239944723467808,12.227360607800136,8.482065308047998,6.909400534997781,4.805540379545138,11.451588289145157,7.416784984323214
2005-05-29,2005,22,14.543322678545112,14.503045850725316,11.847543414335073,13.419881471565793,15.532322051346874,14.741817673200808,18.435576341590103,17.152518483942206,14.663664615784135,12.781215798063675,16.463039926636274,17.186875929408316,15.843946789222336,12.692605113718978,12.030369556659505,17.310754475528245,14.629366787938736
2005-06-05,2005,23,13.10374458047874,13.520993924344271,10.178383807958284,14.661913966848736,15.357264970515413,14.920211942959936,17.2403481430632,16.098821593941032,15.472553576975187,11.139396259835657,15.635561322133777,16.42412476269704,14.932716440510106,11.58833335556435,10.987691961176797,16.48532275071116,13.268663071879155
2005-06-12,2005,24,14.434651693935717,14.443555812083329,12.434870061561291,16.134865529480432,15.635872406045388,15.879239219802995,17.789242802834025,16.785972423305758,16.812089506660655,13.382776952835789,16.117560072069047,17.071450193615938,15.752134541286926,12.896421085292754,11.98724625214586,17.13417952587926,14.523792540609357
2005-06-19,2005,25,8.836061043168588,8.970444478332869,6.7655339583741325,8.696812353673435,9.97027043375062,9.189956956848674,12.529964530433231,10.66474656662384,9.618244178374454,7.272992425479825,11.121870476446109,12.780753445432511,10.04342643565653,8.112529995415962,5.747975484631602,12.345571828681663,9.120697007185688
2005-06-26,2005,26,13.978927330007272,13.26002670554464,11.0078468544883,14.278885218359171,15.699911236145336,14.793232378965792,16.365121986011026,15.156870170692343,14.80355514518902,12.186724494895463,14.6793746865673,15.650071065702203,15.79527531351362,11.735365397004587,11.135491386432872,15.32767330923659,14.184613580009684
2005-07-03,2005,27,8.142882997771796,8.467668886759133,5.774849183916939,9.42485470111881,8.079089935689746,9.69573771968925,12.640333260461125,11.71789720721059,10.82364545176407,6.743166500658501,10.216401183140745,12.362808828726614,8.233455179539657,7.439382913936303,5.270244839190862,11.381290708269391,7.568867217016349
2005-07-10,2005,28,10.50193939491282,10.388829577197903,8.031178606222875,10.732086916054998,10.940523190643065,11.421841659447708,14.093319384071638,12.686896423240762,11.989428706831662,8.945255772737605,12.143986822103525,13.362686724032995,10.909075551511696,9.117636766648827,8.051397358644612,13.196640177015686,10.17748228076976
2005-07-17,2005,29,5.980043272484224,6.96673942311232,4.472913768932474,7.047824301357781,6.645104857747596,7.838111423464203,11.172838770613378,9.904610472097026,8.8757431908363,4.9284584739479085,8.888713954898703,11.060794263194516,7.171692144801719,6.113331841582784,3.956293081151695,10.160310308060769,5.623392076264173
2005-07-24,2005,30,7.777141972091361,6.932877884236479,4.441782412956326,8.718271571610655,9.009554839857769,8.631908184466369,11.202529541605069,9.21231799794482,9.61463080926884,6.088251152108303,8.754616601642594,10.93065561599166,9.078177643788829,5.501729539604021,4.88645173830746,10.159734806669205,8.75089268526941
2005-07-31,2005,31,13.530658154874232,10.338534880548652,8.520060212398485,13.378973106543222,13.56879003677961,13.981029180332808,14.933061146527615,13.748048969120177,14.098452166801795,11.58235135443165,12.549511179573091,13.547634278988902,13.776435749871387,8.323927631385724,9.95934746403833,13.642770384622414,13.178323248004656
2005-08-07,2005,32,7.306180548637222,9.376793953147269,6.383939034979008,10.743394904193424,6.2497260430228,10.398260744382055,13.425118387961872,12.110823394478142,11.59973264347084,6.825266704516415,11.292986283983502,12.314772146410055,7.169261929151174,7.555811779179212,6.382415321929516,12.336764085549431,6.557123884679172
2005-08-14,2005,33,12.614174022944583,12.556280624129371,9.51459246815679,13.448541770378748,12.218928127091162,13.667299484194016,15.9461371613661,14.397739799796762,14.11961294107008,10.34084456575735,14.344569552202762,15.55235882782229,12.915738716548937,10.734684296167552,10.325954135255165,15.424520154755175,12.24727261580547
2005-08-21,2005,34,10.257460606144202,10.321237272036864,7.301989190644041,11.277063935995102,10.348906524087832,11.79155282378964,14.052369694668071,12.822399655998527,12.457516221617531,8.465869980936512,12.282802810710228,13.52811030429007,10.963957877462894,8.513392195335529,7.782067327033006,13.410524660827129,9.803002894406692
2005-08-28,2005,35,11.64059227513224,12.779646881798437,10.830695571154754,12.795802294143607,11.211131899203307,12.876524752171342,15.486838711941555,14.036400585669975,13.632834465303068,10.99872663419346,13.768258242792898,15.577497128849082,12.115308335043748,12.25165180519347,9.977563998119656,14.918793961026664,11.484627857764137
2005-09-04,2005,36,10.017759922081591,10.62805479167621,8.617430924840384,10.821654225034374,9.696565088036325,10.545860753249633,14.269486477354176,12.641917215570226,12.261921237826114,9.064672619607238,12.493265342712402,14.20257117484779,10.42150280834625,9.984884857518145,7.415736402209711,13.719203911648806,9.712319964025864
2005-09-11,2005,37,8.140383985512045,9.69758061508634,7.2833475104029874,10.075084166867391,7.734137428150982,9.60722741810665,13.34499622155904,11.361066575979258,11.180844229961329,7.436954827759209,11.87328492697183,13.455812437515052,8.903626974945364,9.251173277923982,6.08174074841993,13.187846849109327,8.318046013139329
2005-09-18,2005,38,12.000513863532852,12.856678214662873,10.289323124614771,14.71685737939108,12.902739397072953,14.64781359447936,16.887250102296168,15.4040506199428,15.549249416694714,11.039684514763383,14.827250894736418,15.865371232405504,13.344410805628565,11.222646511068069,10.279260603785945,15.61794476779706,12.348130194646007
2005-09-25,2005,39,11.257264803121757,11.858557157424976,9.098623817751866,12.318318516370796,12.364769161585786,12.494065725358448,15.80940605530586,14.209632246339478,13.839911390424009,9.761820995633329,13.584092152995982,14.962185427827656,12.593302192835273,10.604532054822624,8.365401006210169,14.506300290736668,11.718806216658928
2005-10-02,2005,40,16.081588635880358,14.919758444910109,14.082835100135028,15.01782082517942,16.646427743263725,14.910456491713358,17.472542415207396,16.23371206110174,15.94843603626856,14.537074150197016,16.100980260774683,17.019338391861826,17.04176756497976,14.344198846986842,12.369225212534603,16.696169575133204,16.032695036371443
2005-10-09,2005,41,16.331903843038944,15.884458253124375,13.725040024957936,16.3319795585814,17.11746412767118,16.045828036206416,19.090605176920096,17.598930770576775,17.159552867165285,14.636727979400426,17.406142181957954,18.1317020426542,17.193092135388877,14.768883449643509,13.02970728360725,18.00708835698854,16.129582019507723
2005-10-16,2005,42,15.087061902884503,14.750872587598463,13.24503571392692,15.007967961685996,15.357736521169574,14.811250372436213,17.890390201490753,16.123288853137524,15.93655274105632,14.045093815291828,16.284295619617808,17.17671188189977,15.717301341097327,13.757778733060633,11.830175206449285,16.93395866573207,14.576318084069015
2005-10-23,2005,43,17.005324342843036,16.0903676994828,14.808831393031175,16.407608744643984,17.437356230949668,16.285951036283873,19.287816851201622,17.67246972368909,17.3747240456583,15.80112874467676,17.509599095299127,18.577974967236788,17.610188790730067,15.118496683873252,13.133261564121968,18.253025082926,16.45522309249302
2005-10-30,2005,44,12.455322355223746,13.503289428601132,10.820935908100092,13.142205389482635,12.149981311301142,13.347892078807147,16.910880525327634,15.349546838487896,14.706861853832834,11.077822251582711,15.35727230253674,16.22622911499517,12.78286703442975,12.583277232287474,9.705138545184502,15.996971374855114,11.930963991144598
2005-11-06,2005,45,13.961796105138127,13.668804469139085,11.854959057196114,13.905114782708033,14.410310191811677,13.951484988248176,16.902731873203642,15.350818892144538,15.171977844723518,12.47997324539116,15.272239744508424,16.099120448541772,15.028306243042229,12.709345668872732,10.343319813735912,15.85494516413739,13.52108662597574
2005-11-13,2005,46,17.311939136402028,17.346557118999424,15.146145395822192,17.803676950080053,17.20268465941434,17.90869945786328,20.385311888536283,19.221438896377368,18.53328588564102,15.866037039976687,18.779950880075432,19.078364563759447,17.776309436812824,15.88779623856599,14.812072579529278,19.175583109697016,16.451808045173912
2005-11-20,2005,47,16.10174555269141,15.62325825670889,12.936203645623246,16.5509709588119,16.13256590565781,16.559454942455314,19.217823170364422,17.949364452114352,17.686940907032287,13.99927541831481,17.637613447610434,17.892868480271087,16.747998395941895,14.012318053356877,12.753485698695355,18.197977054842298,15.844739037382634
2005-11-27,2005,48,16.330602363576606,15.3023517385983,13.795608581434651,15.69505696495374,16.55477940003842,16.065371464271497,18.62656364774565,17.105453421852804,16.78079394211741,14.590749976605482,16.503407934940224,17.45319721319605,17.14672971416164,14.12202533998176,12.530749669508085,17.209735698662627,15.585054785736164
2005-12-04,2005,49,15.309024837793377,15.65224923863848,13.240220977441338,15.926177090122586,15.43003318540967,16.084191654946665,19.32267782639484,18.142475107366387,17.396128416527976,13.89842566650013,17.520838422073428,18.19192034343504,15.96943816254958,14.24658964026526,12.480185152162733,18.127763503684925,14.960223777596196
2005-12-11,2005,50,15.822948124417929,15.537198247177512,13.71651884466542,15.91303104304132,16.43494579334951,16.514275531204202,18.798877738307585,17.73412786954409,17.160930542096704,14.373556953983716,17.104361800817184,17.156984572140676,17.007420889659276,13.929959586263884,12.694511368314322,17.307027221425873,15.479248925360707
2005-12-18,2005,51,18.31975721116232,17.982801615302243,16.284783159406608,18.172938923041027,18.83087305948524,18.35795301145261,21.208783869840666,19.690986255298963,19.33402277018926,16.897435431271223,19.57963316285765,20.49558779621381,19.02693237208952,16.627549014829295,15.214203724255762,20.198853991036312,17.931561558715735
2005-12-25,2005,52,15.776643032579656,16.45075269599459,14.09523093943693,16.823032203174773,17.833961726117366,17.08921449310224,19.844387710615777,18.867970441843006,18.49587470258052,14.640507685186089,17.858361695855212,18.756733282557075,17.717306484126674,15.149133443738052,13.38258109234006,18.422082376573417,16.05886223116975
2006-01-01,2006,1,17.596619002147072,18.0327118551299,16.15105027907066,18.415520733311062,17.74441823952292,18.770075730528763,21.19297260028628,19.9887078763293,19.734438448269543,16.5607834833143,19.47117731003534,20.14673766292973,18.26989478310103,17.0880583724251,15.209817017224632,20.037145047271792,17.00531586418255
2006-01-08,2006,2,19.729016791286003,19.706183582989137,17.338287201621625,20.463130312306536,20.15097341812778,20.51278271423497,23.41182533575564,22.459987091460786,21.265069104920627,17.956550328348026,21.43665233793713,21.894882040203743,20.813367423863944,18.256887634422263,16.877990743563103,22.05116187616337,18.825677582517145
2006-01-15,2006,3,19.393093528894845,19.23987920401193,17.167340240546217,19.969978478692827,19.523582539674884,19.742191025035567,22.21387683545883,21.2431434056666,20.637898172651017,17.85075439993791,20.60824799475732,20.94324041248332,20.18406806489216,17.955061894799112,16.762052826179538,21.210237794193034,18.637674798219997
2006-01-22,2006,4,18.62942246396569,19.039657812382877,16.49628076197938,19.74360836971374,18.343112908849708,19.827055523601125,22.257032205342547,20.933853080551348,20.71826960755888,17.352421453752722,20.604033084555624,21.333918985330836,19.174941188120016,17.879702422757557,16.256599731831287,21.16158865016034,18.08526734200449
2006-01-29,2006,5,18.46543191666769,18.257749929102754,16.13282581336115,19.604329466819763,18.026583283323436,20.06638716055773,21.122994375645945,20.56180017892416,20.42339238448619,16.97201245010771,19.8622297625521,19.66165738607031,18.718040028133903,16.62438128727625,15.82027284819314,20.292419426128586,17.539583608467943
2006-02-05,2006,6,18.70918917563891,18.63941415540699,17.037215595871555,19.131604496921813,18.01103841949621,19.085852878280896,21.34797980416968,20.485015429211906,20.227385192467978,17.60025444663684,20.17066638996075,20.566982783397258,18.859149953113096,17.800681830112953,15.722356463592904,20.856624853354376,18.03096444908821
2006-02-12,2006,7,18.098425784166256,18.66182871464727,16.714816922303736,19.223967513867787,17.604755945156274,19.451406099621398,21.46148936880573,20.39083770751953,20.347672936501095,17.05305127056967,20.191855329042905,20.48424162312017,18.407114839001512,17.598223442044425,15.966393228152722,20.799757776428343,17.65368694436518
2006-02-19,2006,8,16.89062974996088,18.34104839164311,15.341522199872752,19.56763011784781,16.687086292410854,19.691250666074616,22.29088189372516,20.653283147440327,20.746192090432004,15.911632230499064,20.47005224682036,21.191031554959856,17.404111024495716,16.651488013922293,15.377972944705812,21.28867858170064,16.334521631667553
2006-02-26,2006,9,16.304067212795815,18.308324036567704,15.22127753818786,18.89023479535466,16.887361558960777,19.087979179244854,22.275417878398397,20.637177125509684,20.33595657068689,15.531428086610156,20.00931295337099,21.2176278427926,17.334460889970934,16.611896200900876,15.45929844102007,20.71373674314316,15.598239679542193
2006-03-05,2006,10,15.743564124579905,17.545225487589075,14.411456355185454,17.750801980495453,16.041136281389736,18.047482353072983,22.07788033666138,20.11137002523844,19.560431909654472,14.67371518861322,19.846337088052326,21.644331415387175,16.16559713687676,16.50468121850543,14.071314382541612,21.1165170800196,15.103390595662304
2006-03-12,2006,11,17.3848335678513,17.309179620193774,15.088403406033184,18.086801208200907,17.76288368753113,18.9928194583613,20.97951755023211,19.801032078235178,19.74605152145057,15.617586743040482,18.776288027577586,19.768556553719822,18.336363821876557,15.77469138019775,15.176913748014927,19.548328037597894,16.81177750173605
2006-03-19,2006,12,19.36785579126621,20.01527608940596,17.722011859372536,20.491377231620604,20.05549803281342,20.9469849599988,23.245625532055733,22.306883599417542,21.786597686737714,18.21882331170167,21.45427964776109,22.028741633474347,20.59308700119667,18.696131847383104,17.249153490096397,22.002487559607815,18.794424200957675
2006-03-26,2006,13,15.03270027843068,15.718602192173126,13.525822360640408,15.249108896369023,15.586756694943354,15.565128386557635,19.28147199758635,17.686688707029667,17.66985351652082,13.702738590261935,17.51809190940031,18.936245215228304,15.974324130643751,15.127333004011389,12.114472485944123,18.434527832001383,14.81591244399387
2006-04-02,2006,14,15.52723807257575,15.892946640819885,13.638906699318536,16.405681482383184,16.400746357520365,17.198455630122005,19.209305982895565,17.65063734327044,18.044282696718337,14.28388145079897,17.36843384581727,18.710036831724675,16.576381190863355,14.610944330904577,13.415932654415489,18.240737237575704,14.971672604347496
2006-04-09,2006,15,13.789412781998918,14.193899844501065,11.953211410762782,15.602921125434696,15.037106749042596,16.04370646924739,18.02026817610938,16.692692937974808,16.775051063754084,12.850301172923722,15.98987657125894,17.564509975299682,15.062586924284124,12.813092615937451,11.830110624823847,16.889618349168632,13.362358370238557
2006-04-16,2006,16,10.565893097120208,10.8471469963029,8.84349553238108,11.528335633022444,11.138501716842482,12.10697464777236,15.168479118680816,14.338246775540435,13.916126240489536,9.250636070463868,12.598645881140902,14.451883157308531,11.324477679941184,10.329547878494836,7.858116485962835,13.69689593529748,10.455762141316406
2006-04-23,2006,17,11.395797547839935,11.241563519180966,8.519369899433274,12.4619509854487,13.16089062016598,12.700648293071731,16.22242870831281,14.451419011896308,13.959040194808155,9.953090112308548,13.92753539353738,15.95755593024817,12.726321452372783,9.955581362935268,8.979160883087216,15.3878873071092,11.084577893311122
2006-04-30,2006,18,7.274484037892699,8.638743835471587,5.902226648821488,9.961496589439257,7.851503874265555,10.8008565623481,12.632716796140976,12.038837714876449,11.955236683153128,6.756434523348599,10.688917215149123,11.711332585933716,7.958681009911202,6.611515241552352,6.2025922894966055,11.635289662504851,6.823272590367298
2006-05-07,2006,19,8.168271334781917,8.01820724401901,6.270903376847532,11.52794226294472,8.559196871355848,11.95341143491492,12.717004737075497,12.0408417045296,12.635955879599615,7.310555601683188,9.933356358581808,12.158726329752056,8.811918097113091,6.636827583788505,6.865132933379771,11.297741543756771,7.597358674855244
2006-05-14,2006,20,9.062345354406684,8.062192980414517,5.904532464817761,10.257244260538192,9.733287721982627,10.62027457628778,12.523618712022076,11.521185361936494,11.819290886653148,6.981955005964358,10.059334228565165,11.708190242556547,9.775572826503328,7.0344104113010815,6.644942002077041,11.265819202430562,8.646811105812978
2006-05-21,2006,21,7.8687936753379795,9.220640413542547,7.072931419777045,9.67256314768678,7.144289217376427,9.07637597050906,13.156576073204464,11.276185744397052,11.120540636159667,7.272338726657313,11.13372377296547,12.752192880265476,7.460454736782316,8.778825124922504,6.01068118571431,12.295912354426376,6.990058652474231
2006-05-28,2006,22,12.718013978219243,11.418935686032146,9.574280498931127,12.606368636801127,13.783891181606966,12.445249434143422,15.31659844734926,13.502574792094046,13.77367957370855,10.980304222139116,13.403984311751987,14.826108156188802,13.695013439333117,10.27825675748486,8.919655660352658,14.31319198123163,12.270076209644104
2006-06-04,2006,23,12.643434496306392,12.8017064843859,10.1279377884429,14.024367583649498,13.359607042161558,13.873511359805152,16.855385955499145,15.15563462443166,15.054766708157532,11.082570196673087,14.480000497562028,15.282465941179796,13.641412984450351,11.195412446540196,10.42292756754012,15.356155651189576,12.25427580361739
2006-06-11,2006,24,11.016393047195296,11.249953754929336,8.684512115201807,11.158949175760858,11.865446225878577,11.122369517077196,15.023543010300171,13.045323196510216,12.387945693999583,9.689603878220773,12.918079536404962,14.474771458504978,11.956864926345562,10.108632411700158,8.1034768023453,13.939680995306624,10.62623260541746
2006-06-18,2006,25,13.693057205072549,12.90881175679693,10.783882997685444,14.0212091760976,14.72214011595392,14.213087112593684,16.044856435703466,15.124788086135668,14.991538085116334,11.61042423055196,14.51045418363629,15.017582011672683,14.74492309820698,11.073292880177169,11.027298936726703,15.279423060482497,13.251762233333125
2006-06-25,2006,26,7.678518851137836,8.678569455772067,5.915250432205708,9.24216260370754,8.287067387917586,9.936386200758788,12.450434807090645,10.819551746938137,10.924470279314743,6.501387525328904,10.832761466554748,12.069973320973851,8.5786888028664,7.331306538423343,5.542645033684963,11.637977312222388,7.059867820489117
2006-07-02,2006,27,10.345901963640213,10.08173900169096,7.221417861907166,11.46669349783943,12.155888622377114,11.79175432676514,13.291973797990003,12.102452057429725,12.603959286982766,8.989841944187111,11.710568144827178,12.247407024440095,11.9097897343654,8.138713084901326,8.015418963040595,12.517224583373842,9.919080056591495
2006-07-09,2006,28,13.319412782538969,13.167560123939758,10.3481717979157,14.11156438929694,13.160765102578477,13.936026946918382,16.34347766342385,15.224978595089604,15.555343129630192,11.35721365512423,14.939826592119228,15.98984832326678,13.755986358208084,11.439967643238123,10.52324640799706,15.878933788978893,12.524354856933222
2006-07-16,2006,29,11.057826349634,10.857311908878495,7.833761702307369,13.68942253930228,12.130956660015858,13.640292540787115,15.10736603917603,13.851329607777783,14.7087641546171,9.464862244469778,12.97779981935179,13.33456744209454,11.90425005474606,8.208885941054445,9.33426890813193,13.813605070580708,10.485836004311183
2006-07-23,2006,30,13.577410260989703,12.964007737158711,11.053342387225634,14.861278977067698,14.288395030334383,15.092159431413336,16.1040448169319,15.13274400166103,15.963272356940342,12.119778908412018,14.408003489589277,15.523603822343114,14.210266963625507,11.598017767855996,10.919529264043884,15.313207185898271,13.03675439736914
2006-07-30,2006,31,6.416466360386734,8.024770548666464,5.389686812630986,7.874562267746245,5.63055388084568,7.906371873164576,11.401068420521373,10.032929225958789,9.377657219271835,5.37611800841191,10.159586234216563,10.88053805648156,6.116258568975456,6.764525579849534,4.826076850779686,10.965104837940164,5.478676669359849
2006-08-06,2006,32,15.656995190309894,13.280399705809572,11.30450998033796,15.96538789215542,16.550089579172084,15.484085081780435,17.036130749449434,16.034801579760266,16.25177238318785,12.800003997922882,15.23524080747134,16.651961699328975,16.84621313547996,11.64182454548101,12.30506248216806,16.164003478570926,15.31268476668715
2006-08-13,2006,33,13.547216625287268,13.70049249287099,11.717840627325035,13.78408140334345,13.069823411197508,13.806530163248226,16.625618509231433,14.789531672836898,14.698722978394091,12.419736964362007,15.499985537178071,16.54819344188968,13.637456049790254,12.665480320096064,10.679873384874549,16.348805630976905,12.750226280599271
2006-08-20,2006,34,5.592983191998309,4.82844551806765,2.026834087024882,7.412264678449858,5.7667602006260505,7.702829949030392,9.014017357423077,7.867671725657079,8.518153298274411,3.796613800579303,7.2012860542768,8.893383416204118,5.98097418867138,3.3648010532422927,3.008052839425293,8.258024004807446,5.385830004661873
2006-08-27,2006,35,8.370320503776139,9.293625049944373,6.408985027721105,10.290772991875809,8.809351208627357,10.114399297817334,13.4999140108292,12.035787228547134,11.399709246863123,7.25867942401341,11.796315514989749,14.400932787563605,9.08133160915499,8.120488796585109,5.772424842788065,12.966665106510233,7.81790920031681
2006-09-03,2006,36,4.89959389688579,5.810327981549031,2.9867072033480198,6.087018076396947,5.15113098502468,6.8507546036093085,9.321330703729792,7.824503962900731,7.353233845645668,3.7062291664870703,7.842321693742431,10.903906861726806,5.377370614615992,4.50238848378831,2.598495750966,9.142491579755646,4.128289437920579
2006-09-10,2006,37,15.827963502557427,14.196814259994763,12.304860882560236,14.991528421640396,15.53291284729162,14.217197945372632,16.590776471285363,15.761709644763496,15.659682536078526,13.585340118247291,15.405288295002723,16.319931545668858,16.29238367725063,12.759647797349418,12.386107296692094,16.075214130304563,15.284945586620957
2006-09-17,2006,38,12.188358119095614,11.993423844197158,10.227957590978123,12.769027951217833,11.859584681993056,12.79768889966005,15.192416015936404,13.730815186934038,13.2949702035191,10.971764539572732,14.059546960277476,14.631207403146997,12.568755171934152,10.879086705408977,9.279847506930013,14.831395873351571,11.42023238274608
2006-09-24,2006,39,10.893124131162192,11.795585430253036,9.479082866696627,10.768383720091412,10.872759696556674,10.816544733759368,14.378024348712174,12.735421111119257,11.665736941208811,10.084314655935804,13.43571582191434,14.177960859154757,11.276011376767546,10.58105652540816,8.357321989389822,14.001602371611476,10.07360692519062
2006-10-01,2006,40,14.541401693719695,15.032562768789752,13.214122693519627,14.732385186921984,14.405728738983855,15.105515542637884,17.637392447224165,15.95057918944916,15.390727239112328,13.621409124947238,16.69833891732352,16.80281348369835,14.997443033461405,13.737622136129993,12.085367562540522,17.08046590838647,13.893929646664231
2006-10-08,2006,41,17.050412709495124,16.376780869864195,15.248852492859644,16.55942571447009,16.780477874637267,16.818803630126794,18.853921851333308,17.349780792137246,17.005973718870877,15.955482713014929,17.692642154115617,17.928576319044172,17.732554185344448,15.50799907258626,13.808234675193058,18.15661490266804,16.361847433439806
2006-10-15,2006,42,15.597992533729188,14.895359469883475,13.565125601632255,14.153741935888926,15.720620856295684,14.391773601910016,17.39126368097244,15.798039469037738,14.995544049137958,14.503063862717998,16.39433569970069,16.083824472607308,16.119918072085582,13.80972921947363,11.425489088966886,16.70983858911025,15.167128409979478
2006-10-22,2006,43,14.962830692031051,14.659150497745603,12.911352664047149,14.31216050613494,15.964885030473985,14.724160795199518,17.18368520542067,15.863835689495136,15.336364403629489,13.320193711764636,16.026009685962233,16.2970655407867,16.218645565298072,13.959877790459354,11.151882320965552,16.503190548219326,14.66986232947789
2006-10-29,2006,44,17.91221656332912,17.627405179334854,15.877677865861894,17.40608726654734,18.37561652397421,17.857298734412076,19.994889111977624,18.53147894623992,17.880617919033522,16.49065075199569,18.73700183686756,18.73401198811287,19.036492936859723,16.49813412506683,15.0356186097342,19.05636485448789,17.365472020485974
2006-11-05,2006,45,12.32027737115494,13.484039052971392,10.677021736789827,12.74690305548055,12.869491451144835,12.917111137198663,16.355253311357412,14.450512843937071,14.069678487609744,11.010950436608193,15.305615275246758,16.148908716649057,13.217261854285898,12.748678786697056,9.099132177887752,15.946662240298997,11.972172415642085
2006-11-12,2006,46,15.315186591375443,15.269158208293955,12.879152739270133,15.892476682152065,15.776928972968518,16.101221738174615,18.361603016756018,17.218721148998707,16.827689333204653,13.784445858108985,16.950347465250914,17.584436384494094,16.550554175174376,13.867248375141248,12.25517967091328,17.400420709598787,14.678071696160618
2006-11-19,2006,47,16.967706368543315,16.746125171433633,15.114182891524145,16.210134530351272,17.126459357828498,16.945955456914128,19.195487247611624,17.658265813852285,16.860264319029806,15.953222056475749,18.147387736597103,17.38075829451939,17.827796204209786,15.509777262317458,13.677311106837822,18.4242912038665,16.30105126514589
2006-11-26,2006,48,17.489427292822565,17.08841656825182,15.67215751565021,16.73718786097708,17.71502885458471,17.18065911002141,19.61673623132289,18.18172020998868,17.321326039308673,16.547212404394845,18.66593805453478,18.8589725532943,18.28043658760984,15.912630782751966,14.314864808351151,19.018494690001127,16.758128214396557
2006-12-03,2006,49,18.58591396130497,18.19425161510134,16.947714503507438,18.01712782893862,18.879215786847077,17.67090014233092,20.601599000980837,19.207069933011933,18.486787565533664,17.594240871403695,19.683094979158213,19.72301993922725,19.478891700391145,17.372315323772668,15.219227353167,20.1913202326825,18.046133607545634
2006-12-10,2006,50,18.519058626437587,19.0942499124165,17.200286764535846,19.433855845814666,18.77262574244569,18.9230622336978,21.37071102353644,20.50271336592637,19.894345914314403,17.819420337140624,20.473331969950625,20.320817255909557,19.11280104736564,17.65924389276478,16.386657190334365,20.634774646647056,17.86720657027314
2006-12-17,2006,51,20.232170055885263,20.638073614157086,18.69142360653408,20.01633924529666,20.76894506995189,19.541143229569247,22.852476136677467,22.03482588235434,21.26695358030017,19.235194406841952,21.963389161345244,21.69703783307757,21.190129002088742,19.477984975249488,17.718912961827044,22.07434458275364,19.804422845094997
2006-12-24,2006,52,17.62633957611241,18.693112774444288,16.01630395391713,18.99144759206545,17.854117575616506,18.848923252356094,21.446571466874104,20.59349739916913,19.829941729976703,16.524647410192156,20.54231649456602,20.571852966781577,18.453843482212672,17.475893425950904,15.606463065408162,20.606169661430464,16.90658153292304
2006-12-31,2007,1,19.362116267475532,20.28401444563225,17.95736062643056,20.580645153919857,20.180033180468357,19.893216452236494,22.769133793021776,22.053677508861988,21.452825260722243,18.298051889353044,21.85030308512898,21.392553401443195,20.558514727588783,18.777606310087744,17.486361507736497,21.7764521335669,19.042010259114186
2007-01-07,2007,2,19.49042801138977,18.63030079127883,17.032084628344638,19.14542606331053,20.274906013031345,18.797348852169865,21.359930110742333,20.510668576228152,19.77609121542854,18.01479001790788,20.358290024133986,20.20574554535899,20.666565992657283,17.424649585034,15.793962614187649,20.57887583842716,19.2190188931005
2007-01-14,2007,3,17.131376583143552,18.29302703292131,16.031230648958058,18.12400859310513,17.516750340634676,17.94914057939056,21.078480817833725,19.68484556421057,19.010895302617616,16.433777279741182,20.19911825502073,20.462669607763985,17.85756033451861,17.18198557771804,14.731599804867438,20.48109380792965,16.545201127419897
2007-01-21,2007,4,19.05925237442075,18.94993970389051,17.264318552922656,18.711071640253067,19.427664823835645,19.11121198784277,21.36059264469425,20.384769046832982,19.39852862908649,17.90951849773308,20.24386927782199,20.379853602046914,19.93525117152446,17.626828907693756,16.165585271825677,20.646459900469697,18.50320655701938
2007-01-28,2007,5,18.54920790707896,18.45251378118356,16.757784587467466,19.010766577152975,19.036584399524745,19.19388398915491,21.199920092657777,20.223540825781885,19.922976309072716,17.383560966989457,20.25697643147919,20.78687901638268,19.268258260483908,17.389117408468643,15.457715340735854,20.590031388687763,18.09776265216324
2007-02-04,2007,6,18.764291449096365,18.544523977267463,16.720557362608076,18.89142982165019,18.807284162452184,19.27238359659949,21.448532955292013,20.90933388598554,20.27541848591396,17.400660003666403,20.14265574996089,20.8877611802916,19.456358598466085,17.581823154263784,15.448337065343598,20.58199708755702,18.10472163678501
2007-02-11,2007,7,17.451827642079945,17.552854300053646,15.65327390317062,16.88215680917104,18.00564264386429,17.7179493394751,20.19713989569216,19.23892607800372,18.201033106988657,16.128168701991452,19.076163745236087,19.279405311111493,18.380993453692287,16.368614721732218,14.167882100268177,19.403088338221124,16.824806066214876
2007-02-18,2007,8,18.81044524792999,19.62443399988512,17.707191918736132,19.130720971595675,19.740899988847872,19.263059895931523,21.911361149379186,20.765966190982176,20.08093206569873,18.033666916451384,21.121104315555456,21.563016816933523,20.040201739454822,18.514026658828428,16.572713727176808,21.43842658324717,18.75131328793549
2007-02-25,2007,9,19.26779056976201,19.542296784773058,17.19990094657905,20.20515498377028,19.945375249087583,20.7003106567697,22.71795074307189,21.782835898461283,21.14005397863817,17.946017812422074,21.304007550854703,22.273045575843668,20.244941206972573,17.899841535784862,17.028355916647474,22.08985349576767,18.863056566516025
2007-03-04,2007,10,19.42376409994589,19.80866188789481,17.382340670689718,20.88663225514548,19.9039051499215,21.4744872924137,23.108831678118023,22.06931642309412,21.42125423640421,18.207482708586618,21.840479884622415,22.063137689369384,20.09613293386334,18.075677055401155,17.39828234906657,22.49206896070865,18.67522315837624
2007-03-11,2007,11,18.24103357985213,19.270060919495283,16.517455818172884,19.672091932523816,19.196913763649107,19.85647942998388,22.20382719901838,20.94818307752733,20.596187375063067,17.160801293208976,21.172987804990825,21.434558539377708,19.418273566772577,17.77824773135561,16.126363454224602,21.736933583149472,17.80520077792782
2007-03-18,2007,12,16.525223333096108,17.37144442712829,15.225397941382882,18.175581692230136,17.017882494640563,18.575403333784223,20.698943324408795,19.396453782614177,19.464802932366,15.85286484150838,19.216910409308092,19.50766287081325,17.187256298470224,15.813010424458088,14.581846218573215,19.66484229765293,16.309415801194802
2007-03-25,2007,13,19.444428936088094,19.7251639716915,16.747031568952018,20.695420233976275,20.356126015844563,21.060390652836983,23.050670406908758,21.35291090878573,21.33706629579548,17.890150824333336,21.87821462391775,21.896161827437,20.56111890837032,17.88702681020262,16.90861990250211,22.30296392870043,18.98439766133249
2007-04-01,2007,14,17.911193070724664,18.810378277988068,16.417732480784487,18.836820786907555,19.047441847495552,18.89385260578288,21.681005388932743,19.807645403874385,19.84627619554852,16.90473951129463,20.48770413089108,21.24109726389142,19.176426988771063,17.301757979685487,15.559672929556564,21.04066305291163,17.787847642307334
2007-04-08,2007,15,15.154445384306644,16.438585004318497,13.460217246569249,16.404743367717384,16.29613223806476,16.679143693302894,19.92812047685896,18.471615752183,17.840687493288822,14.186133082189228,18.3977441870289,18.6700356308662,16.2487789765288,14.876101928970584,12.895327030679056,18.942137529705366,15.314014954065698
2007-04-15,2007,16,17.06106187263204,18.183550962761267,15.608200390992591,17.87409107458024,17.77333611157274,18.27233904761237,20.76392420109785,19.351951503505955,19.002092259737378,16.13148338051829,19.49033583603896,19.588974127550973,18.123597392704493,16.37004250578131,15.341952197783195,19.746510455286437,16.914203778110107
2007-04-22,2007,17,14.02298891774476,15.21713786059097,12.191235866182762,15.12416762255487,15.144830365784514,15.593116585965936,18.81908876068738,17.620001219216878,16.466759046229832,12.847226482274428,17.29153852504053,17.851893648625705,14.95219600752974,13.68807728006569,11.767427044757964,17.931538357893313,13.75161317601358
2007-04-29,2007,18,13.623781916104075,14.27502846107808,11.635771536255897,15.066383116302037,14.254138768998716,15.296406667358315,17.5169185605063,16.631108576786982,16.713308649753635,12.191462722484388,15.977073187229436,16.722254328971925,14.895327328715084,12.680781056487517,11.37825095731073,16.460933535999516,13.63311053093553
2007-05-06,2007,19,10.066663689288086,11.2584901548652,8.551450872008738,11.382657217837512,10.591643444702946,11.959669470019934,14.213376734764166,13.3997443225167,12.786222955718667,9.095413052660271,12.756928152026552,13.557700954036251,10.810193687447253,9.730648240035451,8.0483473959787,13.377241242888388,9.92743620316616
2007-05-13,2007,20,11.691559336820626,13.389106498344113,11.177023113567214,11.964793227258184,12.962137195465743,11.658431705514127,16.443320307717727,14.71796614560214,13.294959484481064,11.060025321351128,15.329018009070197,15.775214549987464,13.220493706957257,12.234263404443134,9.710861468883746,15.930871664894536,12.72083478057481
2007-05-20,2007,21,8.182510012672061,10.0781625771065,7.364962728285852,10.49811695906378,9.595534311763275,10.465277818179038,13.82372008120701,12.176752373088492,11.850106912583056,7.726618047908401,12.210927447199309,12.824668565529054,9.426712683384022,8.54025234466586,6.462620324785236,12.794397139502598,8.485875083510123
2007-05-27,2007,22,5.187976439410349,6.626541863022837,3.7499434311197417,7.657800931838296,6.76204292036091,7.126979161413481,11.218968660421345,9.502212113467127,8.97224239173934,4.596394877935287,9.071047144637996,10.710319179408955,6.449270230146218,5.2082032775001466,3.2214233897962044,10.279155613624887,5.3439471449331455
2007-06-03,2007,23,8.349461912034869,7.722858957580921,5.697216487237597,8.553809324900309,10.34735266849961,9.28544385767658,10.982475533777354,9.015796914534135,9.372937369719876,6.898537486556947,9.001376437315178,10.29054449510703,9.943741373113683,6.805603486773616,5.717239132216971,9.970721967066336,8.454105585251215
2007-06-10,2007,24,14.085166942812451,12.534822384940028,10.287623749439335,14.717669643816492,16.01045750653982,14.702292637168362,15.721179005703496,14.631055332778336,15.288442769862437,11.820923859678857,14.109295669985022,14.65443927836868,15.65963097106536,10.954794379152418,10.643518219566207,14.81725206953672,14.305085210465998
2007-06-17,2007,25,13.671521130369133,11.730389408973744,10.446066930850415,12.93254164428938,14.640731205506114,13.138417885877296,14.66272099998185,13.640955221745877,13.69400372570508,12.014555016840538,13.018749166876724,13.857685270335152,14.956335883803348,10.510256678396692,10.05627219977364,13.760397888676296,13.520117140201869
2007-06-24,2007,26,7.743296260846012,8.559374032371332,6.6315778579559606,8.881647122048197,8.117888951813352,8.507979718721359,12.471723942992988,10.50403026630352,9.850376604354546,7.059507688735816,10.60663283253129,12.429167117712632,8.457586615932494,7.898926095241702,5.283456290954281,11.656801527027048,7.408652800916019
2007-07-01,2007,27,11.117243343338542,10.240168036174165,7.110005863176157,12.524764185860043,12.843130011456177,12.707076294234977,13.773952617589655,12.150577577615712,13.386765055927048,9.058597409416771,12.100892478150207,11.603940776094914,12.69902958050658,7.998777653985123,8.487611315388818,12.76199790596262,10.64141273482469
2007-07-08,2007,28,9.533073643459776,10.86937296517622,8.940284858261894,10.84942116623833,9.196350784411171,9.992075927776105,13.495792035806284,11.736006832494365,11.310464560635635,8.95065222333601,12.191878978927416,12.887090797372904,10.100706714230617,9.778131424036244,7.334874947942386,12.91945353039557,9.14019140978708
2007-07-15,2007,29,6.970762621942174,7.958562920088454,5.303831012035325,7.179602098961671,7.514846483572247,7.553947743915375,11.315305191295836,9.173643628405287,8.311766072728629,5.620977874950027,9.879852499693502,10.504331099697842,7.808015989060569,7.130000434187877,4.173031539234647,10.646984347625256,6.737520984722918
2007-07-22,2007,30,4.291439536608937,4.844812794725524,2.686093725138463,6.040483579749153,4.565818802415663,6.301204670810332,8.57981138604723,7.33324155250153,7.367643339993203,3.3120740829758493,6.235980611910551,8.106834229031662,4.847567401740082,3.79425597804122,1.6851290456360146,7.384900440441886,3.690151642355315
2007-07-29,2007,31,7.865894231710349,7.872233913524318,6.332680640859527,8.103715676703446,7.929974356816487,8.219314087867891,11.07250763584504,9.37371848874278,8.946071001968972,6.797636259996716,9.414089121137346,10.252579316055035,8.61979505032819,7.196790890020017,5.263029293708415,10.139548301230208,7.525366903516161
2007-08-05,2007,32,9.27540972671607,9.887852024993917,7.491777903068987,9.635416050397216,9.669439770926552,9.209927320173502,13.219236254344528,11.705920826676603,11.013840948065669,8.022809257925696,11.673319935076163,12.88473295458565,10.166133583282411,8.895759971706962,5.98515371350431,12.613692668086165,9.166689040365243
2007-08-12,2007,33,12.348738268995836,11.870006846466552,9.471500387420248,11.94734950328157,12.402872757061068,12.026151336758293,14.48148983769097,13.060272516027672,12.893626411833642,10.648744425703892,13.58498612193318,13.55233641519058,13.73629839033694,10.132632627664556,9.169248436939514,13.980237115385949,11.95895461477038
2007-08-19,2007,34,10.75282366947778,9.531847662191147,7.409356930082418,9.982843909057832,10.817115183056591,10.349089768402363,12.815775358294609,11.283231647169435,10.709623389747978,8.753610204389847,11.068584468251183,12.248200360655463,11.786723647108408,8.518541720482402,6.617057305133593,11.832052816383523,10.463272060827425
2007-08-26,2007,35,8.62450066158977,9.85708260510776,7.711562159850518,9.432031416467256,8.159223996472306,9.407707434670192,13.551758087758769,11.729803836872051,10.53752625805058,7.917275886031453,11.772472135741989,13.09673146481784,8.995622123530472,8.994660295796667,5.996230788243532,12.609840690739702,7.812241040150111
2007-09-02,2007,36,15.882265120399504,14.58335631335976,12.723809612886823,15.265534131299882,16.127739833603073,15.34671200318993,17.121606231778426,16.183941201049013,16.195355105540056,13.83079119930117,16.016183400670172,15.598271278679531,16.9910989249535,13.06865781316844,12.700090518832866,16.096766104203613,15.69123632181687
2007-09-09,2007,37,15.537302556031763,14.99820802613362,12.022966312113969,15.460340152184168,16.709702378109945,15.695859378829429,17.553949408906544,16.8097904165689,16.564189062659757,13.217345041418772,16.68115185989446,15.330456674580947,17.21859874228253,12.755805287098855,12.178090813705014,16.605593095320312,15.484262785178954
2007-09-16,2007,38,15.656080491447694,15.661049963823006,13.741093428238578,15.824973989100684,16.092479456626954,15.750752548453423,18.39604115277616,16.71961339034043,16.366703894740215,14.43774916270184,17.033202803805796,16.834653141042295,16.577475652731522,14.63059963857321,12.197155353736374,17.264948624687417,15.267550302001665
2007-09-23,2007,39,10.17787970631279,12.123024487673346,9.544168344936017,11.610829417194635,10.220113598312125,11.655659396676024,15.979497682943984,13.64089994851645,13.111223255818135,9.81286340797712,13.925833718807668,14.424833415332188,10.86917509420498,11.105411556335978,8.281180043761571,14.457274156074002,9.778235016646732
2007-09-30,2007,40,13.578640473855508,13.584308218600144,10.845597861822242,12.938930862716267,15.615888994415984,14.127751727208516,17.315388359759364,15.202754434114928,14.271499653851684,11.42974676377862,15.550513189902038,15.056332544496438,16.01587083072736,11.997825026842367,10.263410019030257,15.50153790154802,13.450860281517564
2007-10-07,2007,41,16.51655580822565,16.92535363484039,14.745375862984712,17.139519650311698,17.349420084413293,17.13360442526092,20.0718921071934,18.37107988134607,17.78021240980891,15.372717199765392,18.525247770367248,18.51582790385038,17.726780458766978,15.744529192750525,13.859992639095458,18.918784464408738,16.076107956328485
2007-10-14,2007,42,14.549329018807626,15.20698241384299,13.01024540949418,15.31953865289688,14.887732870749945,15.37481165484572,18.04586887637658,16.599123513853396,15.813540184334537,13.910705722491304,16.788478661409187,17.203824306755372,15.38956896218554,13.842290972644369,11.943337307467976,17.2433296491022,13.85059365622117
2007-10-21,2007,43,14.994004907448472,14.582484955980837,12.9229661041165,15.12840231259664,15.573209990579755,15.477760090330852,17.517987940818852,16.600395210067948,16.141880442251665,13.585383613680827,16.254428127008083,15.994039061255853,16.07426087828677,13.775939429660156,11.920786212938602,16.39664583150188,14.518944293662225
2007-10-28,2007,44,16.62076035429612,17.14462343665328,15.088332060278256,17.00718787738255,17.6538562167582,16.957307280414046,19.666262165102943,18.021211227813325,17.563483454709882,15.59273893036644,18.81995303661792,19.028272127526787,17.878868542122568,16.354089916955353,13.837076254564144,19.233080104372505,16.606584534169528
2007-11-04,2007,45,12.964141681847888,15.922955224763102,12.703878468079385,14.9331474957012,13.320285561700649,14.897518118682822,18.540116771664632,17.069363605449727,15.564493054279843,12.41478605439344,17.56178598445215,17.44818476268223,13.536374864430964,15.111308320784785,11.629587490338643,17.866956764937846,12.295766537080237
2007-11-11,2007,46,11.711700111128954,13.517913248747398,10.690005271331124,12.64811501119818,11.386892730972662,12.84415205104931,16.981572993642736,15.431750367152226,13.819136337758044,10.936321013287564,15.791068261216733,15.912611483242314,12.20414852589714,12.852818527568882,9.100469851315784,16.23583877623198,10.996387742279031
2007-11-18,2007,47,15.558075660597554,15.184304949571333,12.668930330420345,15.58660285458678,16.78966147170783,16.1025485476932,17.6018292952557,16.630866086637816,16.079784277600552,13.74873191996554,16.453437158658907,15.839204968146555,17.24588177931355,13.677314769245204,12.259252375563896,16.616050081943577,15.055198069852636
2007-11-25,2007,48,15.464400478004643,15.46789828444849,13.631475225633082,14.42723430196444,16.009683769954567,14.03723030630379,17.66788611120107,16.146132143194023,15.045232295056843,14.3023193920423,16.87109132824522,15.612218360695236,16.51823600562843,14.17299953561835,11.841072682270628,16.73729920247296,15.146662145933371
2007-12-02,2007,49,17.66450987880908,17.716321519697146,16.05268769107673,17.553171108166378,17.83588412212143,17.45027110935638,20.116283005250093,19.246859367667856,18.216419852643096,16.61231581298519,19.30384589851677,18.30084209365022,18.87282855630381,16.584012487069582,14.702268556582444,18.99334104280416,17.53910272590555
2007-12-09,2007,50,16.810451991156107,16.717692673079245,15.186639977009188,15.50392360346658,17.43867341895001,15.838871186304276,19.56722235888156,18.09612300823261,16.40547453493988,15.695639953570373,18.50009097474994,18.34323023850063,17.823320084096842,15.944484322355066,13.181230767322887,18.886834491722272,16.407110520128935
2007-12-16,2007,51,16.46125722268987,16.673457539666177,14.707356789308832,16.91057058033489,16.79621393851754,17.282531611861103,19.14205086822065,18.169348580496653,17.420616666864746,15.370706243375556,18.24437290786149,17.42697491607255,17.444390513261773,15.488229704790074,13.66345606927727,18.15522340599105,15.800647278680314
2007-12-23,2007,52,18.240595433395956,18.8414499454661,16.437698720087493,18.86120670891944,18.53402095966918,19.776200964644147,21.41135362007875,20.88014976897797,19.83300963493243,16.89752735893155,20.414968495554746,19.2687523589944,19.24481910720295,17.26866421814629,15.995902574943996,20.01826206065437,17.633026606953045
2007-12-30,2008,1,18.163867166143586,19.106570244343803,16.642757796564243,19.41799152039346,19.031050120875364,20.24990985998009,21.904211578146704,20.927359437818648,20.11316480935203,17.13110114484858,20.9340387071882,20.549607420867343,19.364990775649613,17.85394614536299,15.949788831050526,20.90609745316776,17.868975849485782
2008-01-06,2008,2,17.30541691111168,18.65102088730981,16.372726990040572,18.31494904557864,18.56650896728877,18.586001172796028,21.29827239144996,20.294499035624717,18.966985865815044,16.60034734996285,20.2171306444969,19.822073011064145,18.504781132038957,17.80424373235729,15.431977847776364,20.51276270424083,17.058223320788773
2008-01-13,2008,3,18.62619483977211,18.253913946497416,15.956557928828298,18.36224886065438,19.65892083304269,18.870581162942425,21.393324676825078,20.34845242587003,19.22308264413225,17.287474261628226,20.355029021093856,19.658844990229028,20.010522205396967,17.033612635091306,15.154821053093473,20.36245937869973,18.23650545315601
2008-01-20,2008,4,16.41238158089774,16.306400248745106,14.66044226090466,15.688309863919306,16.944062216735436,16.207663640399083,19.12263811294956,17.798017025241602,16.472076466405465,15.339950944495014,18.167769764821767,18.217036090449824,17.175353220530916,15.557280858609344,12.749296237405195,18.46744172680401,15.73032921279537
2008-01-27,2008,5,16.508615563735077,16.367677018586505,14.704532854305292,16.715650684776758,17.50926374171417,17.03729316780159,19.307845491014483,18.21578854102593,17.35450676975885,15.36476333927116,18.16354513292189,18.66395864846572,17.642799263295057,15.700028401379724,13.390664170719404,18.685726815240493,16.08639765235613
2008-02-03,2008,6,15.55780909082911,16.330838296459174,13.939343090277385,15.383209266832898,16.48523752041696,15.948412843652674,19.05286554831457,17.660094501941234,16.30480575654838,14.334918555848644,18.416063311192897,17.47474655500962,17.002872151297492,15.337034620217858,12.628840968798972,18.227431058417096,15.544086645876945
2008-02-10,2008,7,16.54498290770149,18.11640144055332,14.783722181920997,18.14697498792694,17.759283806993555,18.09702510416431,21.38319420327945,20.14373393715202,18.83003553345712,15.23180960965237,20.451903798157,19.938296923418893,17.946094551601924,16.575577270951626,14.418578135941408,20.49805858410501,16.22938892462183
2008-02-17,2008,8,17.80025674999144,18.166313201888027,15.778970997208711,18.416242328428087,18.887420977600232,18.659020538035502,20.836681071245287,19.720369588678533,18.95078912219889,16.316121950460634,19.90713433930368,19.462838525078045,19.310293195790766,17.041747178869095,15.053941508196427,20.080095802501223,17.60615184300672
2008-02-24,2008,9,18.085985657484528,17.760464243797355,15.96757716379445,18.50561105779239,19.27660092735714,18.635365498418818,21.320175148655306,19.614974813089745,18.947875630365655,16.62947502554603,19.672266353260387,19.779764405479327,19.419400282347983,16.843048931630555,14.98368466316835,20.06922316877809,17.533503431515552
2008-03-02,2008,10,16.227730413508077,17.379194012074585,14.341024449152975,18.69451569943201,16.717346273290943,18.269527438984877,20.606883023987702,19.991849847273397,19.229954706479425,15.096421704115292,19.23520726703462,19.16631999619888,16.991294081146652,15.94814786960072,14.708445088830636,19.625992448362588,15.3530085009706
2008-03-09,2008,11,17.33135946929225,16.912209570789134,15.46516818458672,17.3121596858615,17.66721760264862,17.437873764234467,20.18961456843785,19.10125423976353,18.13028306550476,16.150717440284414,18.911220568702337,19.173542658916386,18.1814850545758,16.377983851068613,13.814311543305909,19.44794887759214,16.852538563170526
2008-03-16,2008,12,16.25533237604561,16.748512441923875,14.250207227843996,17.395663303988318,16.9584287075887,17.94339162072927,20.192561002236417,19.01914396855738,18.166289230615423,15.057540055737316,19.04752434321812,18.947498414073028,17.41853717947559,15.693261657536716,13.840928876753228,19.236976754175476,15.78277557172544
2008-03-23,2008,13,16.868231973439414,17.547504010231002,14.945632497504844,17.994060216915038,17.872846129732956,18.075441884564924,20.36049805021147,19.22111506276316,18.364332979206004,15.826033830374511,19.297724635466867,18.94162115960751,18.00624941306685,15.96426809603016,14.397033388141956,19.588387689011903,16.472540428696295
2008-03-30,2008,14,14.154706770849044,14.971663752598548,12.171656857154597,15.215937781901587,15.243962810270704,15.074564820857889,18.058313008300072,16.765490967391372,15.938850924460157,12.90895921172924,17.008642945557963,16.880063659739942,15.290096053745756,13.214509026542876,11.550570080981602,17.329053408479037,13.565671710633849
2008-04-06,2008,15,14.884525834209976,15.57464196788731,12.611472805517378,16.524049022368022,16.082659935262978,16.432344988966538,19.53985781155244,18.396858465021307,17.289980732531465,13.279027819231205,18.38511032583394,18.03314270549065,16.36938143973185,14.032226949706113,13.240514944099973,18.728302274431503,15.06528681372054
2008-04-13,2008,16,12.455933261562036,13.196714033068876,10.345101757713833,12.751943475433755,12.584280749764998,12.90198591685203,16.52343455278491,14.802485221639856,13.42731361799744,11.184715005490588,15.378199388248063,16.28061406503148,13.446663619698706,12.227040324137528,9.349324970008722,16.195256466501615,11.664073375196793
2008-04-20,2008,17,12.687868006594549,12.677834435566655,9.822712143650072,14.245443849336532,14.698135427507449,14.871830640765843,16.73126103092561,15.455800166935118,14.84693434000482,11.336981318262486,15.608012017749608,15.519447117160274,14.030556603288098,11.04973647072705,10.401005129675152,16.025824104503176,12.792605018358667
2008-04-27,2008,18,10.545352919835072,10.737088397304133,8.748540569483545,11.48546955308744,11.361474097172124,11.896946496791667,14.576637604493792,13.676709300945332,12.541268318366631,9.320055234485856,12.957705006867776,14.520704697405876,11.769564473490918,10.206817754889649,8.064871422011317,13.890646537922605,10.24662712272608
2008-05-04,2008,19,8.362236868614088,8.183573881827439,5.892132493808614,9.247542321327188,9.47482736546582,9.910521515548,12.84801104743001,11.144448801759,10.042114262478226,7.095214458901112,10.87076849731016,12.367943738670036,9.335614024442137,7.232694902012458,5.711745935185965,11.810412642073958,7.780891226067375
2008-05-11,2008,20,10.307328945267924,9.519054750643814,7.422657543722253,10.276760185403484,11.598980870448068,10.75477140566557,13.06118204433786,11.312068476738869,10.72105219499472,8.92991754724419,11.568454749037178,12.288652276735744,11.109893567083423,8.2903406412459,7.304231550802067,12.296547715211334,10.233103015030812
2008-05-18,2008,21,14.703791259952183,12.434444852475163,10.34899445138574,15.418308097691764,17.11193342088859,16.21273378423742,16.330522781905906,15.845411740587906,15.939696984748318,11.983037790377848,14.48021815659164,15.104851553060938,16.34308317361191,10.509197380970154,11.846750762197834,14.8314642038364,14.834560184144587
2008-05-25,2008,22,8.463035985616491,9.224871286864218,6.408461857815177,9.391677447905144,8.90177507977588,9.576050811446002,14.639717053393928,12.246642479153422,10.160889895053293,7.1352819410834725,12.811865743414147,14.882405194310808,9.07562624326544,8.958644806725449,5.7597904061731215,14.11830630974294,8.799970572046192
2008-06-01,2008,23,9.890284727285572,9.720988645736597,7.669951385275494,10.92236369351546,10.935207974725436,10.972270827495914,13.662657882312295,12.006604365187806,11.841302819447977,8.724417210228665,11.67043569490507,13.28176864973618,11.140623770625435,8.969358939448975,7.386907843387836,12.82476850218502,9.699548513580847
2008-06-08,2008,24,8.680628816516856,8.73694375862699,6.12143757095777,9.72178547581037,9.944304772432782,9.617581498208652,13.21713244463195,11.278422021184648,10.773119215396054,7.140924400902438,11.170460736596738,13.032665520022825,9.999946892319038,7.8187419874280355,6.390649932087315,12.319961208186736,8.35086003267219
2008-06-15,2008,25,5.282951634094369,4.715801649446934,2.6141739440048912,5.723060717451429,6.597319870812199,6.810383697120687,9.534055306682086,7.813432949982679,7.342821311694068,3.4054442716194617,7.306366790321483,8.951479261625568,6.103146066838825,3.7738676623105527,2.769106083793888,8.47481063807314,5.635470505673287
2008-06-22,2008,26,7.797029617516997,8.124381178032868,5.870490713889555,8.77580183833128,8.563948818880217,9.207330566268784,12.245566737895109,10.646036318370276,10.042494416936735,6.840693681191809,10.65385179643507,11.669953055780212,8.740876640534768,7.537199126056026,5.404706919862402,11.559189657409128,7.815830985490844
2008-06-29,2008,27,10.106360842362337,10.36966685242236,6.787474572076771,11.876525159393038,11.764926415209766,12.226292916399784,14.27500233497286,12.114742813110352,12.321833269003552,7.957473939127541,12.614556332377646,13.589588702528305,11.261772479790055,8.367998853331741,7.592506141209999,13.458792190029197,9.7584452776896
2008-07-06,2008,28,12.02952331741804,11.28707877684758,8.829729667890359,12.508550668756168,13.86856750344277,12.985789535281892,14.572695757140226,13.010715200498506,13.608406823675228,9.98793698242196,12.87364948900231,13.783978615167008,13.602424409858967,9.739851782526666,9.36301831043476,13.6169927880722,11.791132814800644
2008-07-13,2008,29,11.7626300612932,8.945388961321255,6.425643347699556,11.071256177056403,14.227596995214636,12.31107405315188,13.735776778907884,12.6084085154843,12.659239594483797,8.70201671901248,11.730295668019878,12.862753052595812,13.552864443841589,7.5480285640946,8.460296923612809,12.562018593230125,11.77861563985881
2008-07-20,2008,30,10.530291724849391,10.055053656543496,7.350412226823334,10.811966470309669,11.62779199627044,11.53863566845387,14.125279002564987,12.47987788609096,12.27265482826009,8.882165870999057,12.49522401429874,14.172580584040228,11.709527559722252,8.811276302820712,7.73505714990179,13.392799278994598,9.954153749820678
2008-07-27,2008,31,13.389854034094892,12.7206174000494,10.046116960186184,13.397943057474636,15.013314009242196,13.97389776887734,15.437389551724358,14.11797487258911,14.071356430445633,11.299823939599122,14.31903928120931,14.879974218070346,15.11267880583362,11.345329317689933,10.418512824873442,14.81462280437671,13.300682076546703
2008-08-03,2008,32,9.243616141254224,10.41728864765879,7.766710356578639,9.702804043534256,10.825528908005296,9.40984910703534,13.912908898845709,12.113813522759967,11.1162044740703,8.385205290985322,12.279780623200653,14.286006987898173,10.47345180009783,9.83080693247953,6.710398037213643,13.489558932832544,9.268885681089364
2008-08-10,2008,33,12.5031289023322,13.203764624178792,10.94248232211068,12.747719897400764,13.973567417689733,12.895160857314767,16.041288017183977,14.220805128766344,13.56404931811204,11.39359402039724,14.510574717335889,15.366861692978684,13.871083650809918,12.179298140288438,10.024280219329636,15.229682638687162,12.228813169458803
2008-08-17,2008,34,14.200523699265805,14.013030341947513,11.130806574698772,14.329447113332291,15.801073268464014,13.908601546072743,16.666740033786432,15.181486589506074,14.964722084205912,12.487540785721906,15.574155464832918,16.457689019226322,15.835684028831688,12.0462658002436,11.503039991502389,16.01720302492205,13.97221448704239
2008-08-24,2008,35,10.957785590121492,11.467967428378206,7.473348180488242,10.805556219958122,13.031862659157866,10.959417761369409,14.16735998256561,12.998208835899058,12.381858412533589,8.55939692124741,13.483942877369008,15.135853183880004,12.865593861198793,9.991163804213144,7.921399954628352,14.265697440055952,10.940614031331558
2008-08-31,2008,36,10.997225304214496,10.36844217065555,8.7701784375503,10.464377634582066,12.08671350782664,10.866418253961216,15.177466745626823,13.152702103775816,11.999697535705192,9.527639029935187,12.87018525858462,14.340822072041968,11.988334451863205,9.700327722744174,8.031341404146357,13.84995280226616,10.750465500868875
2008-09-07,2008,37,9.25665668738548,10.705677615744726,7.846253121808872,10.389705221213047,10.436279743005398,11.053355090866676,14.462779305071596,12.257058899000096,11.555020684715352,8.17771948590724,12.661577857005136,13.997055257427082,10.60559094976274,9.816103507371396,7.184768120974295,13.558421886130557,9.19528375923473
2008-09-14,2008,38,6.94768146903972,9.025194581764849,5.748869987536874,8.351296357455707,7.795295818040849,8.243963471404069,13.605893307455078,10.482289826033952,9.836212381924668,5.933400263534219,11.716758064996627,12.927908851772628,8.084960203373294,8.277182378550032,4.909212917053564,12.68470793274284,6.771602034408127
2008-09-21,2008,39,8.95483509852926,9.979566095734455,7.464359805450677,10.542129894097648,9.749588746304516,11.163736814084048,14.567322628143575,12.612378185817176,11.854756106602467,7.991883698813156,12.351145909462142,14.105950776457464,10.07936310676074,9.189778057350487,6.198645687080297,13.416757609746227,8.370843797520486
2008-09-28,2008,40,13.204856246594757,13.852370016610443,11.302666506729194,14.257038806165967,13.931695794106234,14.88423265606894,17.76431614455954,15.492320941578258,15.116048596376542,12.061601053340896,15.856484254614095,16.9212028125547,14.193656311071976,12.566416240936691,10.636709083680271,16.588245423572634,12.736120598014155
2008-10-05,2008,41,10.68911652092461,12.283959117271245,9.540675717745613,12.153754203092484,11.73818499807249,12.016503883911684,16.03340592954319,13.822929666940269,12.741124620176342,9.831858359520291,14.18215996135365,15.16413950598786,11.772127522925151,11.16401688383651,8.20508237569713,14.780773452116785,10.230114367451629
2008-10-12,2008,42,15.445183227421236,16.10440549362443,13.632170798192538,16.18224094595228,17.34308885804465,16.4790945703612,19.0215067988582,16.9101554236474,16.400392782431528,14.286509721432012,17.80140406125552,18.403473573874912,17.17763073195822,15.044220253748527,12.759758304498536,18.338105662694883,15.606821813352024
2008-10-19,2008,43,16.070450824506803,16.42976723703494,14.600056597482029,16.255516011090503,17.103202503579883,16.72274471341873,19.359323418175165,17.193420734653227,16.59754640202233,15.169520237046234,17.848229078813034,18.55565070334792,17.308135057508256,15.336253642847192,13.28024112204706,18.363409005032597,15.816707478700623
2008-10-26,2008,44,15.26214817592076,15.70184733720222,13.280591391628574,15.48230039009026,16.757583231329477,15.79206372780229,18.63621650562342,16.444107145581928,15.724801793257086,13.988395218371808,17.37069206237793,18.133496617371183,16.69491160882486,14.517493925973934,11.56775339561266,17.860839664586138,15.189478457134689
2008-11-02,2008,45,16.067637480363885,16.826626642426447,14.535813933256566,17.313167712518148,17.300164128832247,17.723777812727015,19.985949174308217,18.11787799537956,17.509819170733486,15.066467630581592,18.338302732030037,18.988042813427043,17.307269298892223,15.40500135614224,13.835188485662266,18.870947261145904,15.79026675802678
2008-11-09,2008,46,15.546015425231618,16.175534650460996,13.520281135454152,16.45175916098413,16.554383408132082,17.024306272754643,19.59431346303868,17.19111838006354,16.57580931545937,14.066382317494758,17.843508955720186,18.954235112892007,16.587675293440064,14.788419156287752,12.472389004311486,18.462411596817045,15.122344375620637
2008-11-16,2008,47,13.704944718605152,14.468084510201331,12.237769498376585,14.55612236119452,14.123121546075398,14.45095056978125,17.968128499067213,15.367142223011363,14.630808335694311,12.9314313433704,16.187103204603318,17.275904708152833,14.444276213185669,13.227726040784672,10.577431452012986,16.82012502367949,13.216515659964632
2008-11-23,2008,48,16.32740643892816,16.684847435209033,14.890109861013418,16.68925585207485,17.74335547644151,17.330753071120963,20.46637194219205,17.77562952215021,16.791398444054412,15.52933763197222,18.416457316576142,19.599046058089264,17.906634267232597,15.295252726962078,13.528427212475524,19.091689173256118,15.748699824443724
2008-11-30,2008,49,13.88957254736273,14.853761528092406,12.239771232207262,15.442169562691731,14.77713521721626,15.529912622125298,18.92001566873,16.72228082037591,15.700057835961507,12.831370403313397,16.86235703720159,17.730701215183636,14.864637725601789,13.315575871016604,11.53793682083685,17.45298000044552,13.369333388991754
2008-12-07,2008,50,17.079424207581823,17.1589265561053,15.33241238166721,17.574836515244982,18.55026987585467,17.782465505170393,20.10123125804757,18.7085668796688,18.00002523317729,16.072474245279523,18.491091738118755,19.07957780071989,18.412856027426404,15.936139560377924,14.024007207369175,18.890992681574215,17.18830095018659
2008-12-14,2008,51,15.534054531553997,16.08665208877531,14.134602243750098,16.986011563312438,17.195934186945305,17.362932372123886,19.17648459453972,17.38648404257638,16.9603211305846,14.782068416157776,17.73200126251617,17.795901092878893,16.83308588031636,14.366138736013845,12.906001479273618,17.989982552724342,14.89267444482068
2008-12-21,2008,52,17.36084964192512,16.612996157298465,14.415084879485082,17.755414477416448,19.150414688511304,17.861208907118787,20.86375593513511,19.014691238898735,17.848361996988498,15.876240162264777,18.926740372232544,19.85593856184309,18.901458425411384,15.494171633944948,13.82381860769332,19.608483432090445,17.127636971820717
2008-12-28,2008,53,17.765047419485438,17.824239307375098,15.873345349674851,17.761950914348876,18.82359806825989,17.605807352250146,21.18841413714795,19.232498061935623,17.879601131446673,16.6639933194567,19.6418350698628,20.410991599296302,18.9207811806653,16.95437381104325,14.559979746181456,20.300935062177025,17.59811204527266
2009-01-04,2009,1,14.675590182516718,14.43369241818182,12.226834428765232,16.047170240254626,15.184992029965144,16.08525494044045,18.454218947852667,16.883915533090565,16.01491342458706,13.324507494208785,16.869904209318612,17.754825058651743,15.63767186002842,13.19008153353843,11.972390712585486,17.461237661059354,14.36815541645266
2009-01-11,2009,2,17.610878637551952,17.986404737175654,15.764025031515423,19.07784993307931,18.286905092455388,18.836571794065577,20.80599728131086,19.492793525101305,19.40971685995561,16.432685694892974,19.52995517119701,19.623718206451912,18.65148635444494,16.545044496684948,15.485555042275118,19.656010722927387,17.144969719118187
2009-01-18,2009,3,15.280380901989636,15.529099132968929,12.952914624269171,16.645937780539196,16.855652602313626,16.873624743948877,19.96869745615968,17.447601692397875,17.25888639513527,13.48414426820753,17.797790218534924,18.8512033516506,17.052680525540385,14.489081280666424,12.539279203362073,18.654235490847476,15.049550910522996
2009-01-25,2009,4,18.44820449465797,19.039681924685738,16.543799488758133,19.689009703340982,18.74904285899628,19.405349623435868,22.52904140705965,20.241355264837093,20.17098037510702,17.090293842976486,20.767753191530964,21.447063718523296,19.520374850416733,17.56796466780596,16.36937256498068,21.218225863581765,17.839860527984538
2009-02-01,2009,5,17.97485540088079,19.03253549960122,16.120759554425486,19.52057006245568,18.094612488651347,19.204635880321767,22.41427887007377,20.512201133331693,20.17649441922481,16.600171932889854,21.03449926665336,21.436161775152,19.150014984101404,17.594872349375642,15.743243217927752,21.35595016703447,17.30628232621761
2009-02-08,2009,6,18.18653930138744,18.53920701114353,16.13485393676487,18.805446596372693,18.85317536303946,18.581797339587908,21.7697310100144,19.32183083521856,19.27704468445302,16.649245307201475,20.442439208092622,21.159229750260508,19.568785627836423,17.24754975707247,15.43341488402828,20.83620125906808,17.774495952534227
2009-02-15,2009,7,18.93189339778905,19.028696141009146,16.071059628303008,20.33853549332846,19.58825169061397,19.90417770989613,23.00316490862877,20.89420834826185,20.86159459485466,17.326459392251525,21.213767116926448,20.86143969975392,20.506212981971533,16.594543628179373,16.67743095309727,21.151783437411613,18.21483411750382
2009-02-22,2009,8,18.22773876460209,18.58040809173828,15.961549136949625,19.894918624843868,19.52497115936392,19.76981988928953,22.07627612300239,19.978815946207423,20.269549216776213,16.919239661556798,20.481480907258536,21.042929280479,19.80369117361238,16.83470887066019,16.058328310801762,20.881150986583734,17.835652562164555
2009-03-01,2009,9,18.866678723957545,20.048462206875083,17.363928113241798,21.08170628121921,19.479940084066328,20.955083021019117,23.13398119311986,20.71507494641589,21.26789943672673,17.665637845531762,21.975710471677573,22.384582065829047,19.94976260211017,18.567610947096068,17.089369602244723,22.15206559436895,18.43287400736642
2009-03-08,2009,10,17.58442992378539,18.6063574234814,15.944833627292937,19.807549777485075,17.80172778270052,19.715813461264432,22.021532592551,19.806469067660245,20.221043930128364,16.6238694233889,20.488741122489373,20.617705198632414,18.510614783607394,16.97214748079144,15.687410584819428,20.68275954438749,17.01475783499746
2009-03-15,2009,11,15.441274861417993,17.207116456936667,14.271388642853516,17.073715473924366,16.01725701488097,17.00698523478465,20.670252179960467,18.40348607496782,17.909077655545882,14.892624275756768,19.239980463135293,20.322689762012654,16.46972178032039,15.812457142774418,13.75169549669538,19.866578029326497,14.972522929672284
2009-03-22,2009,12,16.02165440887098,17.552155994911438,14.613270273437095,17.948388529675345,17.752123045621317,18.30560709610869,20.74139714588577,18.84143047778637,18.640775269024992,15.127501932386606,19.42140199983275,19.518599024358785,17.705407874464527,15.708759943015217,14.54434832111378,19.48410233686115,15.778263333030146
2009-03-29,2009,13,15.904918962770754,17.397563942968212,14.553582433059136,17.679541210333507,17.26391579538341,17.845940638999988,20.62426336861213,18.730226208079944,18.54736172849651,15.136311084803095,19.228488917164988,19.631547722212392,17.28402772189107,15.78474810984845,14.356715738098467,19.4968911971598,15.606394698356365
2009-04-05,2009,14,13.856528398766637,16.271563362846496,12.834117908972813,17.288694640710236,14.676011997889274,16.923954028420464,20.44710752081245,18.30753330181172,18.04778040738488,13.719301368844256,18.820442165853656,19.331469871284504,15.113421393637491,13.883336194664489,13.36373087251884,19.124475609766293,12.95560555461282
2009-04-12,2009,15,13.073552509685893,14.691280297633172,11.61749531562707,14.92317817892347,13.495747890938308,15.05679450532184,18.086767977945318,16.016320224117923,15.677069934613552,12.504454530934783,16.64892925080799,17.369136291694126,13.712431810997629,12.457605858777509,12.00229583961709,17.006831065549314,12.59097126214652
2009-04-19,2009,16,13.223644137535931,14.784348438543551,11.925054626541003,15.264849957965668,13.533773007876423,14.801212512081348,18.05807443401904,15.9193848468731,16.124860997769233,12.680147383424911,16.722492417009363,17.814557247727386,13.85093183038778,13.62344894703547,11.326481115441815,17.455483300345286,12.893215979527271
2009-04-26,2009,17,11.192998764904615,12.745869550115264,9.748852186585912,15.1197630692096,12.174994248712087,14.664024643916422,17.764423851369077,15.443489443543667,15.726209682494458,10.603323648697346,15.049640219935991,16.9863463640213,12.12357684866342,11.256006448269831,10.57753962822576,16.0158092030807,10.57660141418565
2009-05-03,2009,18,11.155377569039048,12.73782458767962,9.771402154121128,12.956097416934512,11.919816677875644,12.892836780621735,16.288719235634318,14.263620875222342,13.930093039271885,10.415105332137497,14.672506879005596,16.29882313170523,11.949273208393556,11.687737809465393,9.295678415346709,15.755064650757673,11.039743316462738
2009-05-10,2009,19,9.843412829181862,10.918716133403372,8.403677041591958,13.49401964708453,11.608452267862091,13.472345108537906,14.692247850901875,14.07483815372764,14.38115662091399,9.241359670599346,12.546266198671098,13.372988816541485,11.240534713369538,9.473892015999468,9.266567778340365,13.205430730681597,9.058115545228484
2009-05-17,2009,20,10.029497170540358,12.051653228843136,8.251454409076349,11.602327134637603,11.52221562684156,12.000362114556507,15.152911205681002,13.863936756183575,12.82584140025473,9.06647906126402,13.922810450467196,14.254679884229386,11.545875466928518,9.975293951210034,9.188691701696053,14.37255134881126,9.65271296012755
2009-05-24,2009,21,13.294773508069444,14.11197396992112,11.78849160977984,13.31264500887621,14.450191017789017,13.16269030073895,17.30751834457887,15.123270812591953,14.371391605257754,12.178771745233355,16.042498747920575,17.082796050531847,14.544352771692754,13.314268048025658,10.231021759682925,16.73190793412539,13.285580226353236
2009-05-31,2009,22,4.091408757936387,4.744631109397803,2.3410018151485508,5.713980272323602,5.11472462884238,6.881719882423814,8.791066495044586,6.882657572418064,6.512438109815268,3.115282473601694,5.956211839887229,8.428450039294209,4.77095574077262,4.508711770489417,2.059101613737881,7.819395627294267,3.981986631440988
2009-06-07,2009,23,5.080084722935003,5.876166773122002,3.072642199212509,8.010997125923279,5.813337209178816,8.4076060497009,12.451813020789588,9.2291177349586,7.935871963463943,4.40574153775037,9.26655493825029,11.872551947591116,5.51152208612865,5.54908214749486,3.822265433420821,11.049073637348334,4.813513700692158
2009-06-14,2009,24,5.938759625188172,6.271165334593766,3.927792289876896,8.482932789073814,6.661868427260376,9.682299833653673,12.022948662671682,9.271226377425254,8.27069369211443,5.364480332260861,8.74010957649776,10.29009049022294,6.59077528936062,5.052440657179772,5.186699203628138,9.954309651529718,5.222531595400401
2009-06-21,2009,25,9.069436280423613,11.137663919534257,7.451922815038551,11.700776303098316,10.254758698246729,11.02330170450984,14.775571030708512,12.827196204197872,12.6180509671773,8.39695398289924,13.237068762510887,14.71686212842998,10.280683635284545,9.272812620282975,8.030093043030272,14.175241236117488,8.503107776699682
2009-06-28,2009,26,6.378461185109201,5.870772331126972,3.4081707699910244,7.556234811477008,7.506748957072779,8.10305829643436,12.967062654022572,8.982802788313332,8.031601514109573,5.418748051565061,9.500183857570995,12.610603252832458,7.543713210402308,5.200512077528165,4.139525299846508,11.533860829478376,5.817430736562312
2009-07-05,2009,27,11.048581842903618,9.06493848956216,7.427704549830046,11.980483141683395,11.392870250231772,12.0764840321191,15.441897853817954,12.792128335903216,12.794084968398929,9.377611682170958,11.657577975900658,14.56222013386112,13.124507386712034,8.435327011037824,8.644641718155675,13.746704918997628,9.573784571130965
2009-07-12,2009,28,7.282067355348644,7.812552873386757,5.011156467177113,8.400016898267149,7.22183062834355,8.616379524289872,12.553704147783728,10.306942246734325,9.143888074255852,6.240110995262627,10.541742454153118,12.589678284292914,8.017816273402063,6.92346638047181,4.833419034119774,11.975518343266677,6.518507902994952
2009-07-19,2009,29,3.9155231278528735,3.887617354295147,1.0892488074281517,6.453402158050309,4.435063476808684,7.147771009990761,11.563913909756408,7.92335437217316,6.51060048608864,2.5702501054689777,7.576832177731898,10.44811481606928,5.526541517752594,3.521256026421605,2.114110563726661,9.662947265602604,2.782038181377549
2009-07-26,2009,30,7.487233385002598,9.302328554806172,6.889317612258755,7.769830690608138,6.121117051092455,6.546255264042887,12.225638851132407,10.068329720063645,9.120184939901424,6.946029022386291,11.16577814523276,12.530338024514704,7.798026076586319,8.88706323998598,5.268735711645201,12.06289604452025,6.5717122766849485
2009-08-02,2009,31,10.924485180829022,9.698065198433678,8.1094653496408,10.171499825659252,12.61988536275642,10.149582399211182,13.44510957033919,11.705530325901972,11.511444516377908,9.088687162431471,11.869495855058943,13.694597009057306,12.567272614328097,8.029804265871793,7.687062590646618,12.741452621153888,10.744857249716222
2009-08-09,2009,32,9.651511163478345,9.30918697723702,7.32394278102357,9.42239335179329,11.373245872099428,9.61005977007106,13.546521325848191,11.567777367629011,11.212314559755493,8.200784566029654,12.208301542950917,14.411819956694652,11.05285226102041,8.253384030285115,6.96702138592438,13.320993301219904,9.64008762813964
2009-08-16,2009,33,11.454574428469977,10.917159328836878,9.79669012077741,12.07106659313043,12.25452476073688,12.113294792604878,14.292700178074073,12.885693766110904,13.034965277417998,10.320819090536396,13.015272756469196,13.327813555428762,12.472713132162353,10.353475676915084,8.504349286227134,13.478702688870364,11.105912655993611
2009-08-23,2009,34,11.104931868181264,10.64914439914069,8.40958152117725,11.185499177092597,12.39418362477018,11.328469485082836,15.218703445123165,12.725918514697582,12.689620429522371,9.394037706645454,13.339627529325938,14.55688124268524,12.231203798161513,8.860557115167603,8.275483297629691,14.06579898714786,10.957345809897966
2009-08-30,2009,35,14.647431455830654,13.255171818011352,11.600405163752264,14.651497146912982,16.372324645651613,14.5674998198697,17.205061325873995,15.47140127157236,15.72172561690299,12.888559186954735,15.724774524143765,16.764478295318522,15.849298515835324,11.595121378760872,11.995641825084828,16.260815797719935,14.839570006912933
2009-09-06,2009,36,11.837100539581808,13.703604734274371,11.812183423283466,13.47965652034396,12.042579765235118,13.210852201380783,16.940308429061844,14.70493206767293,14.298588408416034,11.43890770777004,15.43129998904802,16.101039264401336,12.4211721549163,13.11450234485984,10.207488650558828,16.02912499153451,11.448674464161504
2009-09-13,2009,37,12.707605749790575,13.828517103500204,11.611669771842651,14.11811938030379,14.21183497529838,14.321453144805004,17.316887065898573,15.185415068787412,14.885134497267394,11.711628285516367,15.968322440143272,15.829396612881972,14.1322508898481,13.009057735802394,10.19745708356217,16.128147235355264,12.666464512238926
2009-09-20,2009,38,9.76185360194173,11.098623590301605,8.798884495233368,11.163246166848005,10.368261044683676,11.290641602402026,15.363050488619344,13.1670772252764,12.44551832381993,8.943058114754468,13.519052207005489,15.526981382035824,10.512738063989,10.341024263224964,7.510987032065764,14.528136794581108,9.409742268911913
2009-09-27,2009,39,10.610200850659815,11.643997921109962,9.91742215266562,11.779527542136966,11.527834357551782,11.75885060947374,15.372750401844437,13.033592828032257,12.739446904794578,9.552033857365965,13.884551576308874,15.745021868908822,11.656758174472795,11.99474857633747,7.679936774062467,15.107554601829811,10.69067386122084
2009-10-04,2009,40,14.427863993699946,14.24260051723228,12.84681580018024,14.420854880696254,15.525481563599175,14.41545125600454,17.083584952284923,15.001580917556566,15.023372398197305,13.33419292715993,15.784263269829028,16.91005493816982,15.43306792748941,13.137775730416855,11.125722360162955,16.465124305680305,14.249955652859011
2009-10-11,2009,41,12.63959518516079,12.546459763289006,10.831410034314231,13.104560160211156,13.965440494585357,13.38379045680376,16.24925479944524,13.998553603036065,13.855614446147314,11.171211027455412,14.768342439230386,15.23220544009196,13.96518157163642,11.12330719223596,9.40096204483604,15.16339612147113,12.360295967593029
2009-10-18,2009,42,13.22192376460808,14.79156189959949,12.131624025270384,15.285625090201696,15.860619861580194,15.689553859764697,18.06515921934701,16.277773516766437,15.959172507321531,12.52287105835463,16.661964904075063,15.065781058326884,15.05521726194036,10.839958934572596,12.599936580175491,15.882300815003724,11.782691158535023
2009-10-25,2009,43,14.49120097731071,15.060627194609976,11.948713674519905,15.451647493101303,16.592199833105443,15.45380349447675,18.529566828780556,16.758401588340856,16.316205444634548,13.026694378514929,16.95580211366926,15.19944768646014,16.417411363262925,10.671107272597986,12.18744098051747,16.11905925567836,13.672474499179346
2009-11-01,2009,44,19.66086992978129,19.225233605167247,17.09615547718363,19.90488014760472,21.323123434929386,19.631737983978542,22.194470235974723,20.667762566603624,20.206616806657347,17.860699897139625,20.9678466070266,21.42582384274012,20.984033067254025,17.37332992493328,17.13781366231096,21.101818319869366,19.61681761574552
2009-11-08,2009,45,17.146538797032417,18.13783251146264,15.872166663117394,18.36280926068624,18.369277156431707,18.32134822590164,21.21205509508317,19.354642061010587,18.978065212645408,16.01630231285524,19.73060945535635,18.97942348278436,18.34862686216141,15.302022228516464,15.126484685505885,19.311859617027988,16.61232299624749
2009-11-15,2009,46,17.51458186317748,17.850931206237533,15.87904288225081,18.349192955664225,18.931484694660902,18.482765794260622,21.16591571440849,19.299104181264905,18.89885566005968,16.402330107308078,19.79942812981544,19.723029640485656,18.742820893475447,16.783723309618424,14.849125720598243,19.856183645543283,17.311787122664747
2009-11-22,2009,47,18.713524083219745,19.25568357459517,17.324484739667454,20.732832421859104,20.10492384971997,20.505142432842472,22.48760144981629,20.76921089370529,20.576323060373504,17.674145200255218,20.86008870591333,21.637914392826048,19.98144529593037,18.1283250132426,16.74350712012739,21.261711846592373,18.45057622955816
2009-11-29,2009,48,17.13746588079779,17.77881650273988,16.141093579455614,18.342566314197725,18.342955002689436,18.304994580675125,21.756146995388733,19.7477685903574,19.106607915837237,16.40889935606108,19.89868550156102,20.507839223445263,18.32057322682561,16.9257358193256,14.683787833406562,20.25293842173836,16.851193208900103
2009-12-06,2009,49,17.918273701170698,18.14167322532963,16.682396992393162,18.04988791829064,19.060172309706072,18.28238017525299,21.239900322071662,19.131695967835263,18.844006529992807,16.932043650018887,19.805153190315544,19.91651954548057,19.107324846923124,16.944768966022668,14.821844087167408,19.85648989630772,17.685842493473682
2009-12-13,2009,50,15.496216582515526,16.56252726664675,14.000888621373418,17.14457646721885,16.979005534767133,17.325856650658093,20.294528585828772,18.742767857638277,18.197265849887973,14.459682121319764,18.78533999042593,19.123962807205487,17.05630538730548,15.022179162403225,13.54635904255157,18.854381848688,15.37775181631515
2009-12-20,2009,51,19.29375311214492,20.00844180151852,17.913409174705038,20.74376258537883,20.887816679733582,20.76995439296217,22.96005274046962,21.864393877301897,21.15525463089317,18.249828065071924,21.59128804722906,21.215844663326955,20.88226810293308,18.40247386182114,17.188123975021814,21.31655576597688,18.962936499690752
2009-12-27,2009,52,18.687709885674558,19.658045839399165,16.959854049394906,20.896831005811688,20.73546665990732,20.87226575927538,23.505269225762817,21.891178559637687,21.38579364018897,17.293855911701144,21.4094163613918,21.808499544457284,20.368867960675804,17.92924753082662,16.86464684913027,21.595783709546588,18.54284039983209
2010-01-03,2010,1,19.71556214783029,20.181294014204795,18.46817504312469,21.04651915601321,21.360828562015783,20.896790983133798,23.060194777330224,21.52350622102812,21.45099502533616,18.83207710735978,21.68523454212007,21.743544545135087,21.07102230432871,18.840538261150908,17.503312713064307,21.63470888977648,19.402977928639743
2010-01-10,2010,2,18.635230671945227,19.05244250948241,17.50266565933837,19.886117173092703,19.59897116287649,20.09565241701969,22.185399870135694,20.75493613899528,20.495878431428437,17.77069705570508,20.76319129085128,21.25496839898616,19.782821756532293,18.03661467465762,16.23838816031408,20.905676593519235,18.4402808930996
2010-01-17,2010,3,18.25094159566911,18.8584890213094,17.180029225962926,19.41323418560482,19.04539054204233,19.781994379011664,22.21549671384405,20.48874000797024,20.01901667365356,17.302800719193588,20.77255309298957,21.12047420871868,19.313850033697477,18.08532696238232,15.796705303867592,20.96271053545629,17.983441053375078
2010-01-24,2010,4,17.646265295021323,19.1152909101962,16.84365598522887,19.633190560908545,18.76681885059281,19.897675267517798,22.244964688581906,21.0360363110629,20.71105426724877,16.933202169609284,21.011927042379007,20.89630077084441,18.694052302239022,17.613591834590235,16.115102350726183,20.86691149433532,17.323364976281425
2010-01-31,2010,5,20.711283329064013,20.41753590589902,18.18779820769681,22.26808262580917,22.56800503169581,22.44158478716012,24.37750202434751,23.204648360215224,22.786393889709,19.133075891114995,22.781319399416702,23.05920684691067,22.499012160945583,18.60402794397533,18.691670524617383,22.6666532841214,20.65461761932168
2010-02-07,2010,6,19.24043355792032,20.58668939086165,18.31004392561282,22.0174859279678,20.58759437817984,21.67095433975279,23.939109996873505,22.83869400618912,22.580311006295936,18.27297425725999,22.610546832064014,22.657567751696806,20.425988222181108,19.16281576424566,17.865130012795255,22.49794790562818,18.90968002206232
2010-02-14,2010,7,18.91854625196224,19.536380168979864,17.832188757310004,21.100462873776756,20.26687554162489,20.45447582873292,22.77014047272351,21.28525760006595,21.825455426703225,18.07541444089737,21.367002632504416,21.71916778646711,20.195775514403824,18.46879964805093,16.992556494995647,21.45187688480385,18.550140051186247
2010-02-21,2010,8,17.697900292189114,18.34849374584044,16.44231473606248,19.20260478059451,19.152628708732827,18.99701947319001,21.793448145118465,20.02839754971591,19.901236730079127,16.666465076472278,20.28403834553508,20.72131533250012,19.06278404766068,17.218042575185553,15.367334413516954,20.43171954481569,17.60231719184115
2010-02-28,2010,9,15.943501446698162,17.045774160417665,14.92742819773379,18.071924141475133,17.54016621813432,17.916540325071516,20.352629441909123,18.560405663329288,18.865614291973078,15.079810340439376,18.9657957118311,19.540998228798017,17.289484788091947,15.960036694791224,14.058876450680389,19.29616682123531,15.729159714398037
2010-03-07,2010,10,15.327003427453944,17.731526698639144,14.05627626979256,19.18810022303036,16.542471239780337,19.56380581334137,21.37634823412659,19.621934563277605,19.74239136048259,14.5358821785222,19.91151529287363,20.150408775658622,16.60341582150993,15.704977021558893,14.89730867791595,20.08649354624888,14.904160047155829
2010-03-14,2010,11,16.19943637430591,17.17702791533236,14.4286877590677,17.951351107585996,17.403173916080455,18.01483976887,21.33105387006487,19.701533538521115,19.02757964722098,15.13227957574267,19.635231446600574,20.114338341427622,17.427405406149195,15.856023673347016,14.190528715010064,19.90128885556574,16.08008137289083
2010-03-21,2010,12,17.143154761659286,18.666681970360436,16.289429835968562,20.689682504960462,18.054122701033585,20.32633621260006,22.13606833855543,20.572623892945128,21.20518209602968,16.42633523018475,20.70244678976216,21.23251796989749,18.19313020871873,17.33775490812506,15.958504144268362,20.94410773872629,16.69495728330792
2010-03-28,2010,13,16.56426838466099,17.493726292144515,15.323591778102765,18.0136279804366,18.50167362218782,18.29994151828525,20.47720561013625,18.872960019297413,18.95384772649717,15.513878573985147,19.24783155020181,19.80797463928593,18.0496344612372,16.49732201609821,14.496401564640127,19.48974225852354,16.525736723306046
2010-04-04,2010,14,11.357902610317312,11.058976072714785,9.482964433392487,14.885770139240083,12.612121130959537,14.828768014600993,17.466810701887393,15.935931396484374,15.971986590532872,10.27135278886295,14.51773030830152,16.66246089909597,12.54714179499269,10.83464559887915,9.34380948902526,15.97359789420947,11.114466712159931
2010-04-11,2010,15,14.487555921154442,12.548641382249942,12.46738456124845,15.661602941297351,15.055077079840718,15.4964038438932,17.93815991760343,16.01521537533054,16.522886335966405,13.513168292587332,15.770960848672049,17.75253476608153,15.080999111116622,13.444100752054204,12.019396461541035,17.115022552923215,14.182643493873412
2010-04-18,2010,16,14.689337886284983,16.73911658888941,13.86327136208129,17.405007898807526,15.790514136313686,17.442122098561878,20.10642138444995,18.375876970662706,18.166462023897413,14.097813259227738,18.717359956518397,19.046166908387544,15.797400317136846,15.23277466543399,13.640082870842724,18.957739025645992,14.734874999105449
2010-04-25,2010,17,12.548189774443284,14.159557527570584,11.353004796164376,14.427580257256826,13.50085956692078,13.884919082489407,17.370120198664097,15.737248322623111,15.35240680410904,11.516097083000552,16.152418493295645,16.7893316983534,13.527510188261054,13.167644707921658,10.599533448073409,16.60306778625966,12.577133660689196
2010-05-02,2010,18,12.504822454857552,12.944537003411414,10.620890008102188,14.506818466243288,13.876613705887076,14.001970935512231,17.308200344052327,15.560005182538715,15.715934297110008,11.111546007935187,15.595910046730204,16.241184230763317,13.777372814053276,11.422172974162674,10.39990684469761,16.029491178210233,12.436054906112489
2010-05-09,2010,19,9.191740979252328,10.08550981316231,7.586779857062615,12.410967480568658,9.826587090749904,12.44088582673435,14.475397346318635,13.199633090774732,13.364287376403809,8.018245012473203,12.803518284554093,13.973614582154308,10.029650385775623,9.153169185406709,7.403378694840323,13.48795222862826,8.736849012079265
2010-05-16,2010,20,10.840124132703783,11.615922375782722,9.481920365221011,13.967443202223096,11.78451398034876,13.805050614257578,16.190480374038742,14.595575839451383,14.74587224374312,9.870993438936324,14.120476501018972,15.677551642261104,11.911691284087636,10.815290982609074,9.123369325933272,15.14266058703458,10.599912000473616
2010-05-23,2010,21,12.10151227928957,12.95468982908009,10.489014440653277,15.255284503102304,12.663243988370294,14.957427973606103,17.943968225151043,16.082976973397393,15.869290695265082,11.120944592494128,15.868461937512157,17.02719595104536,12.747833683684066,12.142783439343372,10.092483731586656,16.632908104450504,11.812679197910338
2010-05-30,2010,22,9.466964601089597,10.59853428043028,8.447092901845897,12.003248514164062,10.055371148245676,11.875046139671689,15.706574039626052,13.411325137274606,12.786543054823309,8.292767071616662,13.151209805641338,14.770686102041982,10.271861457456492,10.017071544204155,7.053364919254907,14.305852625001435,9.215582849844449
2010-06-06,2010,23,6.773794917066125,7.279474558606585,4.403109735054788,8.309229122386093,8.149685563201114,8.495564741210742,11.892933333927967,9.664273587016316,9.114371783812686,5.170508126440145,9.893271155997272,11.000024249932835,8.206869036534579,5.92109428831462,4.2301761965038285,10.638373806052012,7.175706058338967
2010-06-13,2010,24,12.847096086622356,11.611843096676155,10.12265415707836,12.210450455901167,14.465899499233874,12.571845513052924,15.267519094506088,13.66048191243952,13.02964874349695,11.389765777791714,13.53321750731695,14.486425953733953,14.404514101941611,10.082438566489422,9.60950664754834,14.303318443596943,12.65243013657007
2010-06-20,2010,25,9.864132846491064,10.300064762136827,8.049523506316868,9.447134420985266,11.99763962112472,9.463523180174858,13.918576741010035,11.935567372557404,10.899003524836262,8.291295698710849,12.48645950622889,13.774525912302844,11.4934514010735,9.797775659062996,6.89578239586347,13.531668521186845,10.307472195104769
2010-06-27,2010,26,12.300516896266274,11.66116291398941,8.822024558853446,12.676081548134484,14.61772756767132,13.230972996396291,15.693846791548214,14.09702632284784,13.551374770423903,9.979590192822693,13.924086699547704,14.595815260133977,14.15705057276722,10.127958802871191,9.702231520430148,14.751839460458772,12.586051775117449
2010-07-04,2010,27,12.63104318007539,11.507247302832129,9.09256405902311,12.137107934270588,15.462062933813812,12.164073737891943,15.824617552687751,14.116551819095363,13.273971577213237,10.396471396340026,13.986718048987449,15.228530401810804,14.539409283045176,10.28697874218662,9.325877193427033,15.126623805021817,13.048011047178202
2010-07-11,2010,28,4.9124530854525865,6.504150676670106,3.744097607687922,7.405287407604711,6.355174219758312,7.444662861995869,11.820473183000749,9.637239913878505,8.476831915560533,3.926476651490472,9.61564866175383,12.21671866920759,6.246545604987495,6.717191446473771,3.1109069113959977,11.480859830188193,4.813067945066809
2010-07-18,2010,29,8.268604908824122,11.092585424116171,8.91378290704001,11.102711823014983,7.665231458616646,10.643605059791868,15.711036801685744,13.238671361749825,12.107710535045706,8.3994220367835,13.721281942557464,15.510585097289791,8.251704132234728,11.265847292727615,7.457111171112666,15.13874782554791,7.789789140063797
2010-07-25,2010,30,10.063826618967829,10.979076651749072,7.829181940130354,10.3948245793581,12.08169959846203,10.210388394703122,15.740434774504456,13.079055683829566,11.621250349248228,8.287309655188443,13.86124053558746,15.51077900678321,11.518450517336834,10.647321737185267,7.571593506426388,15.204873751287591,10.46263112469182
2010-08-01,2010,31,4.704559857627446,7.401557753589362,4.283502904524714,6.889800290976251,4.84495652463152,6.450449789199436,11.185476497727995,9.032623890468052,7.975664652023763,4.055105576767295,9.679865840812782,10.98183068817838,5.370738495500851,7.236819946393224,2.5971220407506643,10.746122217458288,4.293685420504156
2010-08-08,2010,32,8.887006707479902,9.895869277941902,8.003474737229132,10.586757901169005,10.18020935432722,9.925504983622137,13.337168846464015,11.60062838120894,11.415242841332391,8.132738779178485,11.752556103545349,12.822775588845309,9.854704174756083,9.368039911237686,6.282567833337804,12.906468249580398,8.584225249258335
2010-08-15,2010,33,7.638129483165275,6.965372371012723,5.124191020322036,7.5070835912511455,9.774893532674636,7.702805895909687,10.208706939185673,9.243630540339977,9.322870395421514,6.014802500957579,8.668748464316002,10.309687108042429,9.01115131746388,6.563260734199204,5.014631101465374,10.014213403377047,7.649623864423233
2010-08-22,2010,34,16.30445240393875,12.603184263589286,11.50486118812527,15.203898391553333,19.18529161076295,14.844397141052797,16.522934655058837,14.961936701489732,15.740371090092074,13.281372913225429,14.970668033913617,16.539164701240725,18.1664008247346,11.116126957173682,12.475869967718635,16.180227651054846,16.953337865377055
2010-08-29,2010,35,15.461254755655924,15.247051367627533,12.943144387022624,16.177188150939486,17.103303585998397,15.755339564810695,17.77287683681566,16.69824514067018,16.78276728837224,13.53292481676666,16.741900411828773,17.373525160663533,16.808824364282906,14.067980637982467,12.987157837163108,17.290981699575884,15.43678233308612
2010-09-05,2010,36,10.22935289336294,11.889286840394108,9.45780423497773,10.680285738337608,11.598972858807318,11.245880806921685,14.907684284466,12.86669664581101,11.756780097162652,9.16641016322931,13.774254514851096,13.775716255938589,11.440454536883529,11.166301789376211,7.731233873128374,14.09486909295248,9.769663260953443
2010-09-12,2010,37,11.78580549907807,13.255646541937072,10.330131510664325,13.277331445898328,12.753966125005444,12.962638972195268,16.895685590738456,14.265491187355734,14.357502569657717,10.417755664937006,15.384502779973015,16.246986141102013,12.72158142176374,12.75633665276555,9.476061412266322,16.18283309861872,11.50373047509926
2010-09-19,2010,38,12.64521932172346,13.708574679360462,11.2801672513229,13.384809693410284,14.540517810536349,13.565044192580489,16.903398619448826,14.93167348812153,14.80221551178486,11.497610497126026,15.215909962014203,16.118043325018046,14.229675978767364,13.080615861830053,10.125740055519827,16.04077148624129,12.406994276933592
2010-09-26,2010,39,13.397087710858008,15.011853746768,12.470038389461488,14.941511581341423,14.585071699253987,14.741956968565242,18.51976371298031,16.03369377928895,15.582392168138355,12.172678074230625,16.75764422808891,17.406066120795483,14.4842081456571,14.368552549488232,11.298690492289523,17.437959196982785,13.112506915295542
2010-10-03,2010,40,11.129132885730408,13.199138306605535,10.40570478875127,12.476361647248268,12.200542820197048,12.940218268214045,16.56212207805311,14.490335235843412,13.818048767847555,10.09362425552042,15.045470861955122,16.32144592778702,12.335209313506784,12.627619039884992,9.036331518906566,16.032431219888526,10.602757567022689
2010-10-10,2010,41,11.495343149398744,12.372859432244862,9.9085261572116,12.245432812543145,13.51452999905601,12.353751082524678,15.430141910519612,13.566360413935277,13.79253718344433,10.19827458051246,13.865228553045364,16.088383573084826,13.292443098708928,11.872618987336663,8.418175981866685,15.347302168082818,11.297995625159167
2010-10-17,2010,42,13.54529995838494,14.739469902856008,11.92487749676844,13.966315927959622,15.431220581935657,13.776863206153978,18.299017133240103,15.726694363185336,15.30808546771742,11.947809511416406,16.6919575654067,18.69186499947808,14.941497470421218,14.256259913872862,10.6799582549389,18.01483311065256,13.341554687029593
2010-10-24,2010,43,12.834701524584757,14.144108931647184,10.421838720286962,14.52913894184998,14.269757129632485,14.208838008698962,18.229667310464485,15.530924355890845,15.522460802193956,11.054142015455009,16.64995582299831,18.614552636673505,13.925240000242432,13.8876143860449,9.908014223851865,18.046021062100703,12.657688386999371
2010-10-31,2010,44,13.304751196116248,13.811440507994533,10.512747805205295,13.71166583186104,13.913090295742212,13.39693964463557,17.636512472747714,15.956421230861118,15.657301167452635,11.452111168841007,15.726415754706313,18.357145806849804,14.224073993653402,13.28864072894786,9.97179759665875,17.450427956777077,12.941479865110145
2010-11-07,2010,45,12.83736957883896,14.537408025534168,10.895312576877828,14.28501652535938,13.846669790746546,13.44918559600948,18.08642641517929,15.806597948941317,15.64789380019425,11.392385653891631,16.921576324066557,19.47106222707949,13.76269502207119,14.179232409975018,10.05948907218764,18.46996347498287,12.45154990661498
2010-11-14,2010,46,14.398619628474211,15.328256537919362,12.034223515266008,14.878298356419515,15.709706267632882,15.225187054932348,18.623654565727744,16.528522084719178,15.963863723665302,12.962761622043775,17.44032665764615,19.68348320475165,15.30178699069962,14.551212484392195,11.281540416803914,18.793552023557304,13.963022485897548
2010-11-21,2010,47,16.400282853665345,17.75834780664586,15.055787757528286,18.160772898367476,16.92915408687182,17.935331520119846,20.79053595184237,18.81898620060512,19.009948666081737,15.272137460612072,19.29924598958069,21.649811335972373,17.42195230377227,17.18283556646446,14.341524218570983,20.71098427669876,15.720196913516103
2010-11-28,2010,48,17.46702712904686,18.493786038620385,16.169130231811607,18.32009996260916,19.01822809604783,18.05313387616721,21.27335576760873,19.258997597137057,19.217768214686743,16.420560991804297,19.962144470214845,22.93198127695171,18.660615931146392,18.4964467498876,15.011536723646708,21.74198688872873,17.136530008598804
2010-12-05,2010,49,17.20157328842536,17.945906785505414,15.483532165148244,17.840146595523468,18.885193671587217,17.764041873632404,21.44309081141525,19.525315332784285,19.05803997875893,15.8426202499424,19.765750901523607,21.676599178674085,18.561363164062204,17.51323343615877,14.251636043797628,20.965317425662523,16.98853805187256
2010-12-12,2010,50,13.8376828608519,16.03840339107554,12.687487271155735,16.057346094222293,16.462105206786745,15.918710161206652,19.230530647077643,17.470549607214988,17.09749523394262,12.703726964806812,17.83616250273469,21.275760154518476,15.212687548523244,15.868812678027254,12.04824488606978,19.897620309355677,13.507816985932322
2010-12-19,2010,51,18.942952834808075,19.416341648427156,17.627910560702684,20.699897929316474,20.25649540306108,20.7583873311832,22.832303667207498,21.21039077659706,21.42874144574667,17.88234658343183,21.047031501670936,22.113791103311627,20.27345290055146,18.2794052595011,16.985044524170526,21.56929094497472,18.52042329086448
2010-12-26,2010,52,17.107963008463305,16.62244133298585,15.403125431226648,18.01585238320487,18.98612698513344,17.595038105929067,20.177008453680543,18.761756283648605,18.807289382949502,15.821404445828415,18.551610949958043,20.465860045502453,18.877719921495,15.835453344419816,13.4381658827015,19.43325686781374,16.959734286902084
2011-01-02,2011,1,18.293571810924867,18.765007798859813,16.956537637651337,20.489314022518343,19.4541488784406,20.20961693845968,22.192141096376467,20.89533367900106,21.329956495132,17.258570987542647,20.534010298427567,21.12360042767384,19.380415656851987,17.386044370170445,16.218034059850318,20.760785869889528,17.81179904102315
2011-01-09,2011,2,18.053763917360836,18.98917261115524,16.310365306664696,19.524172500485463,19.912477647172885,19.663446432528502,22.77821571416827,20.60418672635958,20.25432561381689,16.63669855656318,21.29900439373859,21.714752292376005,19.84800676397375,17.396526506119773,15.802410047618894,21.480467238304897,17.905085604145842
2011-01-16,2011,3,18.64535892393291,19.742036978064828,17.63339532489997,21.026653969571704,19.790569521426097,20.467231983690496,23.162571014537757,21.78928633454558,21.55908048969426,17.80201474298106,21.52317208789644,21.70978419157373,20.01534426442445,18.28721104717368,16.698789680185044,21.572835784135734,18.27649290413869
2011-01-23,2011,4,18.994409570976263,20.294830276513657,17.674923780859313,21.36158124321983,20.207580051803305,21.441043488000503,24.173327187407462,22.51229763130089,21.588560042782536,18.04924495576873,22.29499093753435,22.75696502798651,20.399119933139403,18.48179493622201,17.4788852660405,22.47502408708845,18.59162697445029
2011-01-30,2011,5,19.36616029579821,19.95212325765126,17.924556278611245,20.03304993680545,20.65303909222697,20.29910645306954,23.549362388366166,21.6384128322849,20.98651851926531,18.315816082219573,21.68148778114484,22.306686486195364,20.77671853363744,18.52236076358,16.567679398779525,21.91255382828983,19.022178128080547
2011-02-06,2011,6,19.103391647338867,20.201775729783307,17.994708887961657,21.078538955677125,20.16451446962392,21.338470073587036,23.24696062049087,21.741829076494493,21.437244594447066,18.313866082675275,21.793752990656603,21.973597562538004,20.497808559520823,18.751708373751715,17.308383635169655,21.81050195339375,18.70556387682809
2011-02-13,2011,7,17.948686113688936,18.689256701642265,17.1445445007419,19.179974125964304,18.880846666636774,19.49815081690883,21.808752488116827,20.319955627144157,20.17051165911083,17.18697536916915,20.198052881083967,20.965894354642884,19.122626424296023,17.553054874859452,15.497251697862849,20.5059636670316,17.672711341528878
2011-02-20,2011,8,18.7127608246478,19.631274157241464,17.65106660577187,20.96947688148136,20.053876120103546,20.735021351847408,23.03112876936576,21.432346204287043,21.50413136192964,17.924626682418808,21.27844708430303,22.10977335310368,20.08786756743796,18.247708468556077,16.95613773941448,21.594710228727752,18.37435103619516
2011-02-27,2011,9,16.068922639353392,16.088321141850972,14.53909031394952,18.394562697126755,17.238791080336497,17.78374415659076,20.241563685781408,18.611368056458318,19.21330551345288,14.891327178384376,18.30505376708456,19.98115879891696,17.340639521256374,15.29153968734047,12.975598371106438,19.068767788358866,15.855393797239522
2011-03-06,2011,10,16.38682490732986,17.575656894427627,14.90943437185347,18.97925903399785,17.55390536705712,18.64851986088501,21.33594291064204,19.867331243242536,19.908162688089213,15.306997387159797,19.50958052961341,19.964287967373416,17.455432682884243,16.14151532422614,14.580330641692989,19.818642784238097,15.99438541083323
2011-03-13,2011,11,16.12960557311658,16.978927108016354,14.949566792468634,17.079535291308446,17.29334028697208,16.45977752518623,21.02132392416195,18.89192695320427,17.98107452168623,14.991485409581085,19.05651610568488,20.038713028488772,17.329198890671307,16.043262840591026,13.167359322474624,19.572380715386977,16.0498539553177
2011-03-20,2011,12,17.004321997997227,17.399480394208865,15.350164829362466,17.325950638169335,18.56692482223341,17.058702699619523,20.971713029955986,19.072083556435327,18.505320992255164,15.750354904694015,19.23116124471029,20.257971967969624,18.539617705989528,16.416052279002496,14.250723413087409,19.76454960436737,16.67147326855004
2011-03-27,2011,13,16.656405580243245,17.10338884172663,15.13602458595066,18.412100449914025,17.956517031773384,17.7363531316416,20.216965522432464,18.932767137799942,19.00321586537968,15.489810639479028,18.520042062734632,19.50548346280409,18.11798272537909,15.842218892301643,14.18496499076518,19.015879925916337,16.612772922952864
2011-04-03,2011,14,13.111077846247255,13.338930563123496,10.957281216754254,13.910768588383991,15.30766895203834,13.342629651151876,17.112659879745618,15.237052105494907,15.380454467467365,11.588746013201527,15.561397275057706,17.323756424885875,14.867969613277772,12.541964499998526,10.1635921956602,16.424798263728967,13.270140217320938
2011-04-10,2011,15,14.352162599256754,14.490421642372606,12.071536489578085,16.422875637099857,15.693425327473266,15.78877052100929,18.40809524024541,17.178824899351444,17.266980515534165,12.77380330168356,16.497154377033187,17.716614033012696,15.82717944940545,12.989650854632275,12.202869779889596,17.09636207476054,14.08717245168763
2011-04-17,2011,16,16.50683780066295,17.81714072512157,15.50874296161276,18.40247292745681,17.04011428982659,17.695003671535655,21.20627107425612,19.484516725416302,19.21180245181119,15.695544067464342,19.61341471321139,20.602877038508414,17.423149964984315,16.114505262114477,14.903809778088975,19.99247513078663,16.000590826623203
2011-04-24,2011,17,12.6961545072774,13.744867338046337,11.330522527500074,13.444039879810244,13.659946181172357,12.676885252600318,17.58237151988394,14.946405007003191,14.745582479786732,11.55878138354444,15.894046970053669,17.845640035973727,13.692078249795095,12.549986243766902,10.31584782452217,16.84248191363191,12.539873851277436
2011-05-01,2011,18,9.989987651353635,10.19781424546801,8.014999792654109,12.904317755074729,11.322577748273938,12.089212895053388,15.305771774870314,14.206794149968532,14.518931065986768,8.521663763525785,12.86772746420526,15.476086739902549,11.504130728916772,9.240140221833146,8.096395484167992,14.23594661888078,9.99770488861115
2011-05-08,2011,19,14.694698751049458,14.777476311238336,13.140456441237848,13.743380113726568,16.591210226938514,13.27716507169117,18.20701027750621,16.286044266936067,15.271880319673722,13.3589999351244,16.464502247897062,17.83724810942164,16.398345448335625,13.584514059376987,11.203137815673504,17.13314524835337,15.024162989099713
2011-05-15,2011,20,9.055098891411662,10.244732537757612,8.028141503854462,11.790492414718583,10.68560312837252,11.61964412146707,14.605148134704232,12.7999800295644,13.006348919261924,7.9451740080379665,12.56465906209244,15.135301866300024,10.44101222141369,9.01494271074966,7.266348096153243,13.844559506194232,8.93409102930213
2011-05-22,2011,21,11.695826921377096,11.756317068645952,9.289171193538774,13.015903919225648,13.0299677587632,13.330685034375083,17.058092406470294,15.248277079718454,14.496516767779909,10.07604070790573,14.91247450262953,16.426404477451047,13.111510909202016,10.031060819527733,9.473990684875494,15.676699153131237,11.46910813474912
2011-05-29,2011,22,6.643250511419819,5.94333755950938,3.0618776591773997,8.890747604625565,9.795756346027028,8.703646679489156,11.504047015665574,9.730523331877473,10.181553709996887,4.099878513973931,8.786918488002959,10.515296435420405,8.852589126029072,3.942164278756879,3.7314158617746567,9.659662500053004,7.281798600989854
2011-06-05,2011,23,5.605460460274989,4.920010742538773,3.3561323111630585,7.3290329589730225,7.179016594353823,6.8563939891419965,11.016276668181574,8.92277566049006,9.281866619498295,3.993754628337543,8.106698317651624,10.779901132750703,7.31060662600985,4.242976427455641,3.3913184230053632,9.656527189825844,5.620747418416479
2011-06-12,2011,24,9.710777253871411,8.47062976667876,6.136074948860888,8.494742001451199,12.327927982957164,8.210661817548205,13.805234553167494,11.589160955354764,10.681368313190289,7.190837331107818,11.1987681828536,12.047091611954723,11.71296560902393,6.70593233263252,6.096351026828189,11.819553722374126,10.098871345468607
2011-06-19,2011,25,14.62180015019008,13.62262052106959,12.584894028826955,15.026332351423443,15.633026578354006,14.564738466319277,17.184105127962965,15.29705774827437,15.854160106345397,13.334639457535287,14.858348001752582,16.21762551515893,15.877649414953575,11.748029828118767,11.746308864785572,15.627216318582136,14.069507904129852
2011-06-26,2011,26,5.077685928943075,6.5059582710202575,4.579354803014246,8.018998721525783,5.788769076635536,7.760187159020314,11.16938308237593,8.949511143201358,9.00644875202627,4.2221611847491305,8.722156070424365,10.75798502379672,6.526547099977845,5.701473006321877,3.6352860004578513,9.880371070654656,4.88410818520582
2011-07-03,2011,27,1.411711223337181,2.1145386230399104,-0.5690909769541411,2.886651060943093,3.7757891640673735,2.9113490496362955,6.831070067236097,4.594988751535292,4.4971738947580935,-0.3517761099392169,4.7578947723685925,6.490367238091009,3.27900905688527,0.8184417129317716,-0.4238547854066268,5.463102823600844,2.1149211009397018
2011-07-10,2011,28,14.365384804542767,9.34479333520698,9.607226191311678,12.090044267120817,16.08864378735015,12.087145686303018,13.930169825651207,12.56234351777411,13.300025856891487,11.291749250499953,11.41453180086045,13.067924745641951,15.632553137867609,8.424737517900697,10.420975066931442,12.415483113137707,14.448756240448862
2011-07-17,2011,29,11.780450155682852,11.54555525454377,10.184171789392712,12.802808948215985,12.618248356438672,12.385514316411552,16.422401478269705,13.676781608284292,13.427915870793411,10.670555680621462,13.951335914000804,15.81464887500773,12.999701342067205,10.92236378884476,8.861793772682056,15.123916926449292,11.631543967923063
2011-07-24,2011,30,12.890984518033964,12.71742723618489,10.574957630966445,12.118630524192538,14.51431761133856,12.557599691810754,16.231300612580327,14.13180249003621,13.418285465053849,11.18718171092871,14.159993340958763,15.527712363117146,14.312363590512955,11.293830482677643,9.941838860655372,14.985955930735969,12.8931011957621
2011-07-31,2011,31,5.922111975486981,6.5164162888646375,4.590289186035094,8.076953606768733,6.759174169830531,8.01084291198539,11.176605531147548,9.405833057366408,9.215042373672157,4.816999284167123,8.942288098810039,11.183836340261598,7.10758756377292,5.581155126043869,3.5954317583632283,10.101720593446856,5.710315695589765
2011-08-07,2011,32,14.1243480672554,11.8815052621146,11.090565219428967,12.59609476796218,15.64989977073528,12.86945275266198,15.559451189402589,13.738166985945268,13.77618736950152,11.968120068881587,13.500505913903703,15.422780329969052,15.62217787518004,10.946190424761754,10.184343670914185,14.641081949969326,13.989599839696345
2011-08-14,2011,33,12.990098270516906,12.3659190414811,10.60253665028363,13.059642043142093,14.420390406332574,12.68783028644331,16.379895015638706,14.053069089914295,14.111862588068744,11.001164128729409,14.090143823004391,15.878493000554911,14.593479208044103,11.524164547408857,9.272973783100635,15.213024036758332,13.055213637268448
2011-08-21,2011,34,7.540313048252268,8.026655345202,6.502371952294667,9.211148364380712,8.156245200568707,8.666489677386242,12.561669683317405,10.295109414249271,10.166549121563682,6.837793150151943,10.260214421140166,12.2766324699407,8.760143351831031,7.264023904749466,5.22385377528954,11.339509822151198,7.237312907478558
2011-08-28,2011,35,10.071991029393258,8.934725667939766,7.407691832707854,9.877020436383429,12.009304195929245,9.821629615670776,13.62541921215224,11.357575199882705,11.262254185056031,8.140248051108069,11.066488912508085,13.265763519266544,11.685058526781075,7.849039773154176,6.592456573522169,11.997709245364494,10.431398349791523
2011-09-04,2011,36,11.993376676640455,10.33326222304342,9.264356611360991,11.49432793827284,13.404643828916514,10.830877416382425,14.1542991243368,12.45392991326072,12.632999136489897,9.900131989383592,12.318434780087824,14.533585698778095,13.854078002878138,9.847936407964031,8.130104750157896,13.441155581091714,12.202264873165328
2011-09-11,2011,37,10.686716390239072,10.432632673523829,8.21909581059995,11.482099056953473,12.241763792595629,11.02501909060828,14.688685837014424,12.199667289288012,12.530508252272634,9.275477534472206,12.534479203987948,14.073988125330674,11.95397580912675,9.46135870024391,7.662630506780628,13.45852927825689,10.670347426779507
2011-09-18,2011,38,12.416824273314408,12.068470969891498,10.277259444386534,13.372719324060848,13.650361266513826,12.865998074201393,16.824398421685128,14.359121412301992,14.541545881450528,10.765848613026709,14.367314204096278,15.9888481001327,13.916559135591662,11.64379462376856,9.364298743760548,15.366354681041145,12.323656790340044
2011-09-25,2011,39,12.80612599496829,12.132243215402308,10.23939469565093,13.367120097080866,14.216537030867345,13.20798566872242,15.459001646792574,13.729543685169965,14.232851336380271,10.928739769520456,13.99273727466534,15.29568268860768,14.130975776657634,10.53745308741308,9.738374877912229,14.59771033135879,12.770099428464784
2011-10-02,2011,40,14.154410963659888,14.83647558379021,11.97866607622013,14.961692802253223,15.022417348460037,14.732288267314818,18.019543397530867,16.141718299419846,15.819808008152911,12.45963444833144,16.677263791633376,17.800271586909126,15.555968167698978,13.332415670380556,11.3059521840297,17.23527094622648,13.978806976680806
2011-10-09,2011,41,15.44287686120896,16.63903204413619,14.133059456375918,17.39643198535556,16.332405577404778,16.801920032869436,19.668780518690284,17.945022931780134,18.020102376807227,14.391921890331735,18.210566955830625,18.714476230652185,16.9330048634739,15.203287268420857,13.345940331670642,18.49272353588485,15.30623155784093
2011-10-16,2011,42,13.191371295442911,13.542624283955297,11.71437839078184,14.370866287322272,14.818954097880514,13.527471244105042,16.326498787882723,14.997838097609485,15.57220998435571,12.147892552902514,14.835455590615542,15.654521343200354,14.888775601810469,11.933795999905128,10.206007486709597,15.300391760824244,12.695554535986602
2011-10-23,2011,43,14.161955304434246,14.09793928386306,11.73591497902756,15.111366406792683,15.747676722302778,14.655509636975932,18.716849713561835,16.782113455735246,16.179708682394306,12.471101375478996,16.826864234296792,17.8096844231022,15.77549581454067,12.965456080804666,11.352891040462898,17.520786477628285,14.034827923196346
2011-10-30,2011,44,10.866484208149952,10.719393511825023,8.591547263863877,11.822273636857668,12.543273550241103,11.820116854389047,15.887173533092088,13.91860170438692,13.833878799893853,9.104590273010718,13.23831677663894,14.62351415870646,12.652836957033076,9.933027054605912,7.694234177624566,14.263764596032066,10.53213646791052
2011-11-06,2011,45,16.892612678203804,16.330842057779147,14.314435392327296,17.333639151993253,17.877618535547946,16.983757849979277,19.50551794847316,18.040294737877783,18.010999345499474,15.154615492332637,18.02388177268949,18.746095269195475,18.213578747046043,15.031557275223363,13.67224473569572,18.46745867271946,16.374483865547695
2011-11-13,2011,46,13.058162344315182,13.092593054273236,11.665608147127816,14.154209061747506,14.987253325326105,13.528372849890316,16.588959907998845,14.86658675726358,15.282493950569467,11.958007374818198,14.812397362349868,15.813588542115657,14.635223357373684,12.346334825356486,10.033853822545929,15.644435354408222,12.839034525210646
2011-11-20,2011,47,14.998938121083777,15.605440203314904,13.202076308158189,16.5941269553843,16.63653972605967,15.759023834532906,19.093801320468025,17.602239184689214,17.33670592074758,13.478683050625504,17.42168673313025,18.901174340929305,16.727401726034156,14.731635959430507,12.498856410093406,18.25529681539816,14.742164595750465
2011-11-27,2011,48,14.429932288067988,15.574629202580402,12.78447277459193,15.917791741234916,15.422808060550762,15.391754580587342,19.750414703747275,17.60894439895432,16.917484387026374,13.218846351947503,17.633992565865125,18.763392564100076,15.576023435040328,14.140404225339235,11.913300336570344,18.38285974513761,13.926241723674968
2011-12-04,2011,49,16.52336463535461,16.477813013072712,15.13904966542228,17.31892705673263,17.64042519993644,16.81337734845921,20.29223981473606,18.432488650532516,18.049644383432348,15.272291568588756,18.489644014267697,19.07335363629693,17.97259906175974,15.768756730593283,13.459920338566578,19.03921986745995,16.15375763129674
2011-12-11,2011,50,15.145971732710317,16.35916516521592,13.25101194385945,17.66742861838568,16.473857504098525,16.43272611870882,20.07333542515168,18.282078211400417,18.45977905351822,13.712146982701476,18.34249775709012,19.27176668444734,16.358978840375038,14.632046242499946,13.289375063713074,19.020286668303427,14.826228844187652
2011-12-18,2011,51,17.460105952455578,15.567360933401435,13.38580001257327,18.878015513931004,19.2532907065244,18.074061077073736,20.94535793159863,19.622925730618565,19.930218570619644,15.003207780647063,18.561202340724662,19.865486449629792,19.118061583014526,13.924853390179278,14.44027811393655,19.49944597307716,17.38246037439516
2011-12-25,2011,52,16.694098815034252,16.242663147098728,15.099215189756915,16.59153087933858,18.256197270775264,15.674206565552543,19.799200191442196,17.420384555172607,17.66579864356382,15.36749661062646,18.034769701441647,19.054857607479043,18.42012158139792,15.84571686402394,12.862086779696195,18.78899304414216,16.496620173724192
2012-01-01,2012,1,15.763347867526296,15.868815633025504,13.149643597183973,17.226785212755203,17.46742035423183,16.519012248654164,20.7623725590831,18.200672110024986,18.290273438694424,13.933191018378102,18.74592103834276,20.087359721448543,17.517627265002275,14.589750507673257,12.765595536265309,19.65583909887624,15.931716908663113
2012-01-08,2012,2,18.32767349473912,18.821697226465385,16.97136564559395,19.81818637961433,19.408797247863365,19.45378486530201,22.802171151075,21.076617921606285,20.67476666743508,17.12447573444036,20.92937384601279,21.0983550079428,19.795245404409165,17.25438955719876,15.997411973962896,21.105084163568726,17.800034553856865
2012-01-15,2012,3,17.226494242939406,18.10475291270437,15.777535304837029,19.41019202272097,18.64656612627776,18.809052510304497,21.95613064779832,19.9897664934629,20.069067165576318,15.979750897136126,20.291933657493427,20.92102881711769,18.730799387780856,16.63718708334207,15.353278874604277,20.634681843498218,16.92323413242227
2012-01-22,2012,4,17.352800374172215,17.67224871731008,15.737621649240326,18.73237487389928,19.14819488624217,18.541664083031616,21.159041641057406,20.057710166534815,19.41221128191267,16.03328787864797,19.398279559973517,20.35493759967568,18.95027226094573,16.309547504701303,14.732985902941104,19.89552801322564,17.167873410844418
2012-01-29,2012,5,19.505631668994173,18.552422434028024,16.699521062219684,19.133065954560323,21.882687179006357,18.7294107311941,21.286664334400054,20.625689518420728,19.7013407807994,17.485979361796943,20.07669565192549,20.03736197659269,21.28694981865901,16.919336458228067,16.189584207316532,20.13298892228337,19.028904304992803
2012-02-05,2012,6,19.360492535693,19.60117828769725,17.66242941100722,20.770219409749625,21.3217659815429,19.762498254174584,22.96189592878603,21.28853201284037,20.91363552825092,18.078202408532057,21.40709561434659,22.112922264880563,21.13262739789072,18.28276901146995,17.14517411149516,21.76755979802977,19.1344939467078
2012-02-12,2012,7,18.12604298953691,18.327004525707217,16.23705068984281,19.715410124687924,20.01443362077195,19.262894933595007,22.378625697366697,21.162035319836107,20.597196474467243,16.501130841043857,20.5529163542248,21.08473955396051,19.8693917165852,16.53269915359974,16.117851770805814,20.85710756932686,17.785884512081303
2012-02-19,2012,8,18.372033939091548,18.836432841795084,16.697426377087435,21.11907190935952,20.01540788414741,20.0059141554274,22.96541035488118,21.31352603862812,21.12591886613701,17.04267482038826,21.05219551680924,22.24966856861372,19.97387172080375,17.644559176391795,16.686166798916243,21.647435451440384,18.109035811976923
2012-02-26,2012,9,17.880542871728057,19.513407555216155,16.618814763709732,20.92044925973529,19.147667531875395,20.434137496555483,22.87638807157733,21.594089538772383,21.845291139561603,16.94186613664316,21.43507485492921,22.260844647081072,19.155297970679737,17.995050696737927,16.58016588922812,21.944949118358515,17.50808184230424
2012-03-04,2012,10,18.5610737315783,18.27033905078099,15.962464352889512,19.077215014469058,20.632157955409685,19.49529076972677,21.25860169191055,20.71264346779167,20.4097384575995,16.671364742403494,19.83166520998076,20.042678956394248,20.108288398580665,16.206997914421827,15.744842095996528,20.07878122497678,18.15995263603498
2012-03-11,2012,11,17.918575548297188,17.859289009687995,15.507805631344784,18.77627977303096,18.99527268794446,18.68542424009267,21.2161746178007,19.981947145338182,19.622958176756555,16.38963636960436,19.560094384197544,19.60997689573591,19.29368251354998,15.809570663853696,15.284177200043525,19.825388484738344,17.48716975029588
2012-03-18,2012,12,15.64670571581277,16.265919269020877,13.297625559034236,17.708034464291163,17.185500477438588,17.745525067990965,19.89489447479693,18.720667898995536,19.20594545446497,14.023421524614262,18.43008947083445,18.80570506149868,16.9732469196025,14.2476142487792,13.514781775919104,18.786595740196987,15.366471473740118
2012-03-25,2012,13,11.50157408609967,13.052573197177734,9.294859407639864,13.901317802923066,12.785572529897966,13.556910898387816,17.41881195935842,15.858179317821156,15.940536633396336,9.81280912363355,15.783531555572116,17.048366741992716,12.243604612626624,11.799150840444527,9.504672669755555,16.714758158196677,11.17660165652432
2012-04-01,2012,14,14.98513735522021,14.594308665566352,11.611546201206671,16.244176445972354,17.05231999750935,15.959943408057802,18.84599093445536,17.716718564714704,18.074712667446548,12.669777959752809,17.3246039435977,18.076558143944755,16.32693522132962,12.714773709471157,11.911053661322542,17.8330426020165,14.851082404026124
2012-04-08,2012,15,17.678773861594184,18.17199599564965,15.710423629899518,18.09156108612106,18.901695120166973,17.986279008931636,21.77838470080851,19.930282891013405,19.707165760070147,16.296007703474324,20.018333851207387,20.22920997830414,18.920370431480254,16.549330761180737,15.219307127989104,20.237997680260943,17.387783882110266
2012-04-15,2012,16,14.997834899097182,15.40259833478216,12.868276952533671,16.53246033617428,16.020970413721905,16.121972147869176,19.1231097785794,17.99354744849267,18.279308688617267,13.450118220965424,17.58131188644475,18.700106803297675,16.143656518928793,14.263335037382404,12.39198046918376,18.31190291216229,14.70078984489338
2012-04-22,2012,17,11.242446848477789,13.533932839375314,10.628097042533922,14.48381218030339,13.00001019676203,12.434161578366194,17.064820881835228,15.499535109284636,15.793828662827524,10.22875976455225,15.343800908043267,16.72023921514136,13.134715636264405,12.333680476319616,9.695391555258636,16.126107503290047,11.767807077526085
2012-04-29,2012,18,8.604268911569122,9.443666121725844,7.461746006331405,10.6232315408332,9.336857250935056,10.554016632769866,14.054070930091704,12.603541275990477,12.569275591937997,7.826171484452131,11.944234969399192,13.622052675308884,9.303938356835868,8.259455266940437,6.978900329832916,12.815004569443705,8.240098922721781
2012-05-06,2012,19,12.50820915487282,12.296950331120604,10.0569537570229,14.745578486294974,14.344162902154364,14.209107742653236,17.06173380192793,15.418897879959705,16.071819547104507,10.86340335517686,15.1353313124025,15.897532738122656,14.19154713881062,10.774176478716145,10.31803364881232,15.541843908873558,12.767027071544105
2012-05-13,2012,20,8.495763304304125,9.298721022061954,7.187153624345903,9.502789037923018,10.294592172282435,9.15509977978936,14.571169297132132,12.131038319971656,11.510901588049888,7.473224731880848,12.326868167480864,15.190325337278876,9.900298047710107,9.154219049118607,5.9867604910336585,13.80625155760584,9.066232340997765
2012-05-20,2012,21,11.711980094320523,12.68623711559564,10.263755623386723,13.831296361628034,13.57857923133562,13.439056710693674,16.766395538263353,15.067904971234212,15.340607003923031,10.518144952164723,14.83576510953697,15.892441283017796,13.269979325960964,11.357633567865912,10.159675631113036,15.553793765327468,11.58342921765988
2012-05-27,2012,22,12.596823428435062,12.59476857195531,10.75397034228747,12.521281265786715,14.202812122822165,12.37038246851937,17.37474643106711,14.8417510689079,14.12949919607308,11.117772198098852,15.461818499379344,16.386596296675442,14.075143088705293,12.24216948057476,9.4191934973382,16.219460007729126,13.031927607451488
2012-06-03,2012,23,4.334134977833492,7.365640996997036,4.233880272880527,6.6701040652891,5.179999809543968,5.550409129765628,12.834403268797406,9.942979572469538,8.421730541436405,3.59090938872508,10.662702034975029,13.306245567342344,5.272412163971359,7.92774665105659,2.8438876853222395,12.353432863425835,4.719648416633555
2012-06-10,2012,24,10.766059368273464,11.60059670827536,8.97702610725413,11.221010314211956,13.592397811587524,11.026340015759953,14.906565649516384,13.151062415234454,12.809158482663552,9.31554959970867,13.28667244147429,14.822871452393237,13.274899861527224,10.501961075839764,9.538170610270251,14.277513468568804,11.338446475585515
2012-06-17,2012,25,11.136519858582446,11.872167130268968,10.101600700706744,13.427235736733389,12.121403142490005,12.460466815698105,15.90886239755258,13.93192881769948,14.333414729560657,10.365535011709875,13.789301939134472,15.290175404510087,12.417373424331194,10.970607510564069,9.084393112552048,14.789050929933612,10.987719946473112
2012-06-24,2012,26,10.87283332866438,9.689877203532628,7.619306705224376,11.328837666483151,13.309276239506676,11.381658889765598,13.986632650169616,12.730989837151068,12.976959700220483,8.965002969628111,12.282776047760274,13.81776418326036,13.02286445542192,8.054707827283123,8.3839296028718,13.139772135217596,10.982090568285429
2012-07-01,2012,27,12.627763288515109,11.034493312652687,9.688889324929509,13.911648980208804,14.810965255310938,13.487553105544553,15.758007385987932,14.365852217983887,15.10622429614431,10.903739809587648,13.788900095456604,14.517561510245432,14.538512901910025,9.047778929086556,10.029862416275895,14.37034781058474,12.697249751849316
2012-07-08,2012,28,5.369785075175409,6.743182951580487,4.289586873845708,7.505319296781505,5.98545233838034,7.024025204865935,11.399856147543682,9.282878672488325,9.100732963145829,4.592004174590781,9.138387372896268,11.625105681445078,6.143475993489667,5.883054890130696,3.2394234451780086,10.598002579814068,5.010292366829844
2012-07-15,2012,29,5.206046917110183,5.11784809300386,2.997409460284378,7.236159770261673,7.293915376232608,6.724438233111663,9.7106652148611,8.26126259543679,8.360316525933328,3.8269659788992056,7.766422388151094,10.015317349099726,7.144790347018297,4.5582649802142665,3.108847594094604,9.289131471555526,5.501516766464615
2012-07-22,2012,30,12.048958651347512,10.151149786611608,9.822939810333995,10.44887763900416,13.14481523529324,9.983149793617512,13.032070154351327,10.90891276520568,11.22943828950423,10.439492956725768,11.588401731268153,13.516714299142844,13.443932550754326,10.291879479669044,8.052070231300984,12.772152797116696,12.219366924460688
2012-07-29,2012,31,12.503624799475553,11.53492582657698,9.954986760123386,12.67592362137068,14.401187906611153,12.358773115212086,15.33092212955041,13.520899899965755,13.426660136933895,10.665286125026483,13.449683216639928,14.585812105965424,14.519242774565708,10.419676661821612,9.637305896042689,14.222484181771774,12.87262933209257
2012-08-05,2012,32,13.09647303719932,11.96168971570062,9.929840971329831,11.979525402188305,15.714445089429152,11.837481930756049,15.289168747103943,13.173363459450858,13.395607573178882,10.839186017505227,13.96573498465798,14.485693227248694,15.54398893113302,10.820254497580912,9.855146470801625,14.515101078205149,13.359904037331637
2012-08-12,2012,33,13.878669080893811,13.187636354330508,11.285573599289876,15.221146198965252,16.355321189547187,14.681093770718176,17.454457321945505,15.725131207007864,16.11989713321693,11.902849929271053,15.674091302780878,16.22980142089556,16.42066096246933,11.398942866625408,11.237536434838928,16.141669357359525,14.01005543627829
2012-08-19,2012,34,14.063972832766892,13.903625390677057,11.24948350200636,15.645801287321817,16.538996061159892,14.771244436924368,18.055382647945304,16.492541929467933,16.822771288877362,12.180086779782153,16.281242272348116,16.723476804491646,16.453646428796777,11.52716657225681,11.412357793834174,16.64832385972055,14.146011943123092
2012-08-26,2012,35,9.65799803224463,11.29853231667964,8.821929663393279,11.746035676626931,10.159494215077952,11.039240119693517,15.012255276604922,13.193154167571624,12.88893268392977,8.77634939916759,13.337747075960234,14.36678934354345,10.579993635991366,10.349759944588191,7.731140446186181,14.14369967585674,8.876465599009935
2012-09-02,2012,36,14.393801889210902,12.619585741303368,10.699367085916338,13.67823761559668,17.092059510271255,13.769276313953572,16.769812586703733,14.688382896571966,14.996279862528912,11.854363334192334,14.971279219425083,15.650417223773555,16.661636383837255,11.622514769075226,10.563297755572917,15.646959045395224,14.608892964866923
2012-09-09,2012,37,14.605548413103612,14.757741308923976,13.024333360666915,15.09552433093389,15.875441294259977,14.740376668853957,18.18203577703359,16.108742689157463,16.092236424612206,13.484908351211637,16.718236380738098,17.468121017085895,16.04847261436197,13.569847911159938,11.816754711130905,17.2020849817653,14.535370643569452
2012-09-16,2012,38,12.816462299845242,12.3598121482172,10.386485257186823,14.578732066920828,14.912278092763408,14.425864384748149,16.90570081427215,15.130692172855529,15.474464342085582,11.06710080757184,14.94929028176642,16.885853251999603,14.78914075974792,11.56029119065122,9.812980446060775,15.96354153384901,12.67551369487115
2012-09-23,2012,39,7.544855712003229,7.376769772915442,5.241784429804032,9.424552026249115,9.07313737438662,9.88919898196384,13.328306153633852,11.12460399057958,11.163944494001086,5.803423823602288,10.29541983253512,12.566782611399647,9.161633934178408,6.2677233730987165,4.479454603949905,11.68020616305551,7.251709376383984
2012-09-30,2012,40,15.043532673456497,15.36114937359336,13.57106042437143,16.53830227539653,15.847439282386944,16.44313225936399,18.675065429843205,16.965167465209962,17.153979726966817,13.798882725804676,16.939218483136333,17.128883001939307,16.09056367653217,14.25267923232072,12.712210597546235,17.32836355481829,14.567304876615417
2012-10-07,2012,41,15.62994673813632,15.171015531523649,13.613149102218616,16.924658484402155,17.142174027567876,16.450397294460576,18.55414887976021,16.994192696608504,17.328683593735068,14.257948425408827,16.9679369938838,17.869440293376336,17.15629751801951,14.29274214913263,12.279476399537714,17.48833316459581,15.416946897930856
2012-10-14,2012,42,13.135937468579067,13.278609074000864,11.330828195773297,14.99673550114745,14.476577754553649,14.53028779170995,17.6889123582979,15.796249021059507,16.05511042189925,12.014006091719672,15.429183692436714,16.83662263530927,14.399855735219123,12.063981548334992,10.134715886668564,16.30866405875249,12.997733782886495
2012-10-21,2012,43,14.958010021784132,15.550315857950304,13.734933338444533,16.72196899567332,15.567485850974425,16.466917452818333,19.090938376268213,17.26421190014133,17.346045506210476,14.128242447620302,17.57723386607645,18.28899914749228,15.939504392358788,14.528526198217698,12.659227139747047,18.0385104569437,14.452062516842249
2012-10-28,2012,44,16.803798950470245,17.20695574349686,15.110856118832633,18.38204077595756,17.906460586960097,17.745528622483654,20.64212597215836,18.965032075659025,19.03200466992104,15.716222090983957,19.03847866636334,19.662963246399503,18.025623295758223,16.009588597082175,14.214783176632563,19.436855174324048,16.73142825625335
2012-11-04,2012,45,17.106165337286402,17.170425778513014,15.40595807242203,17.802606788419542,18.30579704112428,17.728158727422493,20.8558090977349,19.21393966972054,18.62676133754902,15.836984718073875,18.906286446872727,19.961395471886483,18.507881284220336,15.955202458920947,14.170025823203032,19.46904902822117,16.737101221984286
2012-11-11,2012,46,14.954386063063929,15.153343337939496,13.510684525744516,16.108325996569224,16.2563466510448,15.871763201140377,18.950543147829457,16.899680157946303,16.9452658362118,13.708997575182748,17.01841675894601,17.91729947241811,16.42503935397822,14.340959663677934,11.280883729558369,17.62876951251245,14.979178299479727
2012-11-18,2012,47,17.15118951196069,17.058970475756027,15.054232001198848,17.24879448612531,18.7362467259676,17.33108580894912,20.070498980864144,18.635475109149883,17.98667220266831,15.549054224123704,18.91556227795489,19.417268810889148,18.89731664086861,15.500615078043364,13.532887735759685,19.1608666645804,16.783918792025418
2012-11-25,2012,48,16.353967715721176,15.5739996626433,14.254832537277885,16.280621958630423,17.785014992550863,16.227348968329117,19.66549048965944,17.960232305402876,17.643044155404525,14.87058581544256,17.693415374260447,18.91738746622502,17.88103612969741,14.772571700337284,12.40601894350633,18.383580248883096,16.030391121167703
2012-12-02,2012,49,19.29961972623258,19.45510284885415,17.563101747761603,20.12607304822831,20.295798680766435,19.822596358516503,22.80884045414605,21.54184457803701,20.3352412160362,18.20090543834914,21.492600048775284,21.502215609074923,20.59121733006363,17.89659325124532,16.955817119898896,21.4441489762756,18.790037354369048
2012-12-09,2012,50,17.928839188898543,19.12683683468589,17.260293922492014,18.79797897310484,18.85428864615304,17.90114216209225,22.39955408302062,20.88133541404427,19.925434486740023,17.286420096964886,20.873415759528356,21.184673417289304,19.015359453252845,17.917720709009323,15.385008322822133,21.09032291255585,17.658224899492495
2012-12-16,2012,51,18.565400121141437,19.489175248501905,17.77136099179868,20.413663973410923,19.261588654987555,19.86701643144762,22.803010100873497,21.4677434737961,21.090681173096893,17.818919962785376,21.36177072070894,21.956657458508435,19.55086376860335,18.51721175216053,16.434660157534736,21.578884934725828,18.06225547829085
2012-12-23,2012,52,19.335905126623206,19.284436830325426,17.78828665336467,18.98597212632497,20.864837722721848,18.90564681633712,22.75726123731963,20.83567912312297,19.824213860319556,18.15938497903779,21.22768635605321,21.83639915034456,20.7946110047889,18.06269007215964,16.020752472350235,21.558116868050828,19.00313462594127
2012-12-30,2013,1,16.76901772645143,17.979983370441364,15.878265030106933,18.137169639269512,17.689589338069663,17.965103963167053,21.31325916368134,20.17278396854153,19.583010290933448,15.971104522121504,19.77759690883356,20.36124830811493,17.883237335212446,16.846828331624657,14.380283752713426,20.067795615373527,16.33321008785073
2013-01-06,2013,2,16.256429110101138,16.672409745930096,14.673895557051544,19.040732636338188,17.94099186756803,18.891659859371305,20.94704646063268,19.599271443850032,19.89366589973584,14.985847354605712,18.82040978056012,20.6773850898537,17.836906135772644,15.670796522284668,13.774929743449505,19.711717323780995,16.09661106921913
2013-01-13,2013,3,16.342520213035083,16.951283574358488,14.973626092777064,17.691858642158053,18.052049119414267,17.547702376906937,20.672672216120684,18.779527666661647,18.941764338842344,15.182646442451947,18.896019103310326,19.986484823201224,17.95552028468217,15.704989554054611,13.81284763370184,19.49519790641949,16.241645089378252
2013-01-20,2013,4,15.962726552514034,16.705602173612064,14.484406676880534,18.417345218715216,17.640827966036397,18.119930000992508,21.13129480100582,19.424300979515174,19.50373801886452,14.835984636613569,19.04502595100568,19.978246015358486,17.690362670706968,15.101083071655468,13.60400697932821,19.599322356356563,15.70771938321404
2013-01-27,2013,5,18.010903921826927,18.248412628417835,16.587810266303507,18.895701480763297,19.16015790604733,18.665432902990315,21.880057087445053,20.286650370808395,19.88928481324078,16.86544328009452,20.063307359208277,20.3961196871138,19.151699303660155,16.599436989404207,14.985731260198136,20.33201841365568,17.542339509388185
2013-02-03,2013,6,16.333731191038627,16.96421609758568,15.150477832465864,18.40724127491315,17.301496807157683,18.132728587706577,21.23359568404039,18.78611111380837,19.12021642655076,15.405395129131923,19.150243707136674,20.4017060979036,17.408098778669437,16.094742633063284,13.70594538989856,19.95434507605148,15.915571868258986
2013-02-10,2013,7,18.359260992347195,19.223485182089085,17.24620908366544,20.60788635554768,19.397362520569438,20.579443414852577,22.950205488733232,21.200996517330022,21.508869363370472,17.420650336283803,21.082348281067688,21.859119705755436,19.6874536455368,17.832288419393667,16.339497970345796,21.54000459211913,18.010810133581856
2013-02-17,2013,8,18.35497453804949,19.237586292376648,17.054445265877426,21.242415551628383,19.163928344636208,20.78178150343926,23.402114712462133,22.19370682307652,22.22671400544228,17.4581767936123,21.32727666004396,22.06823492949864,19.50688883512637,17.74509471331748,16.38578712368724,21.86390005585732,17.914071783543918
2013-02-24,2013,9,17.03382110227489,18.217999696731567,15.875314046983286,18.472390944049472,17.994211328903187,17.937678113713993,22.760325312266893,20.352135607731803,19.831458156122853,15.819975190007112,20.57743878632913,20.98828153019003,18.39041442484469,16.852541691425717,14.338098084774398,21.005567770881427,16.891137379520345
2013-03-03,2013,10,16.996458488081412,18.644896840744178,16.238189835197225,18.52372366048041,18.02435017196802,18.427068943529363,22.379893372427265,19.97725152895048,19.617840563481103,15.947186767719728,20.70566252753848,21.39778105332202,18.39442897763492,17.596906731805174,14.868348552990582,21.247345082680543,17.03670003600519
2013-03-10,2013,11,16.402556067114475,17.606695085700384,15.537827782855164,18.325020624058585,17.52960674009175,18.237134875784815,22.583398007095383,19.859104528055564,19.25341620697201,15.35863341738054,20.177832936208485,21.16382204554473,17.739991806648874,16.705153571318675,13.873078279626196,20.91470514584894,16.33985613812655
2013-03-17,2013,12,14.101732111652233,14.978073899934031,12.902752402829408,15.96075312864213,15.856646631665798,15.730566933041528,20.317111980115705,17.49572088167265,17.101981194751833,13.155984728891482,17.803346632259753,19.109958862037352,15.533330074148289,14.12310718706959,11.591100395802734,18.775281404095857,14.25874281315148
2013-03-24,2013,13,13.38153637452782,14.224963684834396,11.885202536248697,16.18159601518086,15.082409495163812,15.763031210831846,19.244915342191916,17.007968542916434,17.197784940790523,12.244081310533968,16.809236282084413,18.614752140970563,14.77080360894958,12.978560611293116,11.160660581742675,18.01353479411504,13.51334490480449
2013-03-31,2013,14,15.679297487708132,16.6652872272646,14.174130513378236,17.546009441216786,17.170549724474387,17.89035417490484,21.66629919713857,19.257810276081035,18.73429691721548,14.517321170382075,19.40845881788245,19.958488266423064,17.107304652225096,15.339666005033816,13.633473781584774,19.935813713446997,15.654534699139248
2013-04-07,2013,15,15.00032091693068,15.74243167773493,13.755952346398963,17.190715744381862,16.6301840112264,16.934665759711347,20.159051058243733,18.23237652815781,18.45191539850254,13.850830345239627,17.865038295432086,18.62154309768882,16.259634843664283,14.585024013979703,12.427991073983344,18.53294433772914,15.45643156300979
2013-04-14,2013,16,8.633305449590106,8.377285943483747,5.331032329147224,10.878448825152148,10.502110191136268,10.748226179272669,14.845678120938402,12.463548400185324,12.630019000365074,6.45495304347962,12.12809974579584,14.130301087371745,10.664532996512747,6.665513006368077,6.26628036775867,13.24667528604108,9.226264888064238
2013-04-21,2013,17,11.657688354433274,11.933941144678892,8.819455673975973,12.750741459074476,13.732447272667084,12.532358359799575,17.411610928638336,15.349774111710586,14.72024244431647,9.485123788009746,15.228172056189862,15.953875264067534,13.521181312767236,9.93156646446225,9.175447131087768,15.830806427972425,12.10314745369626
2013-04-28,2013,18,15.97416624169859,15.46623745503456,13.203165182098417,17.697266317549204,17.59275963145834,17.274946733177703,20.160850597192525,18.26624586972323,18.77541240833977,14.003917273573988,18.10369556228836,18.47328320089376,17.79217428222126,13.754246780416642,13.692031074161848,18.539632731921053,16.039456160563343
2013-05-05,2013,19,8.060310491417058,6.5468806423612245,4.480141903196908,8.799080527254512,11.688143554393845,8.669565685927639,13.079821058334485,11.051450218101602,11.121870955609063,6.195299561635179,10.374143374017825,11.364586374509043,10.351079955754592,5.040519077408961,5.795400164782699,11.30559666749316,9.365190040711765
2013-05-12,2013,20,11.094383891178069,12.68975038137009,10.403911117441163,12.18242611203875,13.4185667420916,11.94176357624,17.957818273205106,15.189960560241303,13.697721468492498,10.062436847638493,15.806901834331036,17.15654264691705,12.550161023167568,11.816574020068732,9.247480236142838,16.768141864097284,12.049709763327698
2013-05-19,2013,21,12.964500047985652,12.280597969413057,11.375910435086768,12.941854596138,14.60189485373451,12.260042957050617,16.91502491864797,14.318022939508614,14.08575360742334,11.71941133800588,14.917633361320991,16.233868601508536,14.514229768031353,12.291217519022704,8.840337275252576,15.914475228221916,13.44679762153934
2013-05-26,2013,22,9.564114294764003,9.457677782344412,7.3819322233297395,9.561508002380531,12.271976905783225,9.83975881867427,14.88793428020644,12.644354089761707,11.829489258404116,7.9528405373356605,12.54251036520128,14.03750061024874,11.860835368914035,8.724085573108477,6.973362372484989,13.72294557911076,10.358781781800674
2013-06-02,2013,23,9.65116797450887,9.449961131315495,6.4939729776018575,10.815484242779869,13.087643111572715,10.596658823266146,15.486016540416127,12.891732801957566,12.57149673814643,7.675289041279941,12.838625272940764,14.455705700537589,12.252963910691989,7.945498326289877,6.897460884830803,14.01842529386457,10.500235391434313
2013-06-09,2013,24,10.43253923536421,11.30081000180641,8.126511992134663,13.066824492244493,13.073730175094546,12.770032472131795,16.26544557298933,14.041252225652917,14.113891369675937,8.805999719654078,14.215961806392258,15.567589614590544,12.602640192020814,10.274880875888243,8.380519345880158,15.295251527177845,11.24829075567806
2013-06-16,2013,25,11.994854055623138,12.399304227279956,10.38844260412079,13.13139033317566,13.480666148936102,12.910706985257612,16.8784013336671,14.47381381716047,13.989300857084835,10.64770064498764,14.982094993426168,16.10515836499772,13.679708760217348,11.371368098740149,9.074285202961432,15.798648671861264,12.27573709539326
2013-06-23,2013,26,10.577980346201008,10.954271290348029,9.150349489015715,12.094444946873756,12.335985527137398,11.892735006572966,14.850149132419952,12.869696650566992,13.042623164369168,9.347272396825163,13.079269631910115,15.01814232939337,12.288232446177124,10.643893089037803,8.345158943582001,14.31642355331003,11.17879592038872
2013-06-30,2013,27,10.530891952981056,11.070684546854958,8.668633615325378,9.491549261978694,12.160727310674798,9.46720542410626,15.30657892811055,12.570625969032188,11.595328508991084,8.97775893484916,13.432754756052258,14.429624195047468,12.307638704546632,9.976264442999373,7.202687377155445,14.274998608867252,10.986896902081778
2013-07-07,2013,28,12.046581214305824,12.128343478194685,9.721369680516364,12.84498100763276,14.582306358568935,12.300589760297974,15.965713234058969,13.747153929177816,14.040812187232149,10.348452698661452,14.203929380111362,14.410523063731643,14.251722681016073,10.419467647320015,9.273172993798967,14.709011111474087,12.580167005968224
2013-07-14,2013,29,9.626457341389305,8.66284523907501,7.182935960121459,9.754579486946264,12.379607263447884,9.388899808377989,12.940856613848718,10.630235209650808,10.892749492669523,7.9870368307969715,11.176212127693804,12.179808009988216,11.80078530403638,7.594889507682417,6.152443013860932,12.11351294806792,10.764382487198093
2013-07-21,2013,30,1.9116778797547944,2.822355115051463,0.7988526711129676,4.9969245386732615,2.934006522014616,4.773873042377573,8.4193844645781,6.282941913790517,6.593838151712006,0.9437376999278438,5.857320016029076,7.906679493799364,2.8983321609299155,2.6182293949931044,0.2445445753126023,7.304850138680109,1.7510088082111743
2013-07-28,2013,31,11.133765065071666,7.87019930274756,6.600355016941927,9.856637734742392,14.33669735924744,9.832207477844513,11.701464691940616,10.38428198876319,11.332480652224993,8.640752217766941,9.78847148325536,9.770223743189378,13.227565370931588,5.6704375404211484,7.631319130394607,9.993749021783966,11.950533749440288
2013-08-04,2013,32,11.806590042826135,10.417627297103532,9.713988564452348,10.820845725280895,12.7581975666529,10.575111009592868,14.569435728534664,12.216916161945887,11.866157355140569,9.85923561685131,12.254983282708505,14.233226648880787,13.268752136745968,9.92806713987727,7.880351660711684,13.502401282875972,12.288892113294882
2013-08-11,2013,33,4.579003873018684,5.670557656966801,3.097163995917963,7.647417703554744,5.168870854518928,7.695469157576101,10.8428390867161,9.001585765566146,8.755447049896777,2.8923917511316737,8.184085194889084,10.0294941679808,5.881995805269503,4.407533280076743,2.7166810522766407,9.557416216501284,4.14232851472505
2013-08-18,2013,34,11.53242098318564,11.305090169916785,10.1184189304802,11.139029128210884,13.379651018816132,11.320689313660257,15.54215138438144,12.819565644450002,12.040758846324016,10.459595689891565,13.497356415620612,14.33132848071281,12.82656946053376,10.238874847727612,8.81088547452735,14.310577704248598,12.552810494147865
2013-08-25,2013,35,7.152594689696912,6.671719600460423,5.130908150639065,8.567399303118387,8.042611044305595,8.482258747903538,11.309357063415794,9.679683097864125,9.768958914536553,5.743422335527074,9.122491392841589,9.762754612213197,8.14657905473442,5.351707777016522,4.921320317251601,9.839831309775784,7.560577221475842
2013-09-01,2013,36,12.497871478091795,11.562389313030852,10.1808043749013,11.618712430908566,14.575565921210254,11.820063756699728,15.64399518494008,13.401411476382965,12.458390785056784,10.776421910866308,13.89837035141982,14.787375894839554,14.14816148953088,10.737871805197832,8.855848933208193,14.604630892057475,13.512276691889186
2013-09-08,2013,37,15.49404844630179,13.790885640614068,11.511986913994129,15.458916919572012,17.24096404456104,15.649476178978096,17.12002262360153,15.567216635369636,16.09293539883339,12.78778806177918,15.984022129768933,16.12442028683151,17.09167199797612,11.576874225753826,12.592271905667925,16.183851503346066,16.168992895321704
2013-09-15,2013,38,10.78471170843338,11.772305759921002,9.640889314919736,13.559854513122922,11.23051377916936,12.96060823780536,15.870544130531067,14.039225936741024,14.054329594870602,9.785327983921638,14.095255486376873,15.32726625997744,11.77546564964254,10.964351011539666,8.794453765765295,14.974572565224308,11.361805921937576
2013-09-22,2013,39,8.925477967452512,10.362915551230344,7.943326537653526,10.966814741492271,11.212216113250754,10.887002194403376,14.054416328407934,12.113186972481865,11.79173966163292,7.78127536489403,12.307633714964895,13.623029499362422,10.74866270282554,9.345496952557308,6.304177950618066,13.21573304663432,9.312488760266984
2013-09-29,2013,40,12.003101303463891,13.34367475707902,11.230431329495312,13.657110495936305,13.887909496739386,13.136447159633368,17.079382354246977,14.663928192931335,14.395698983608623,10.954666784026893,15.16116807450464,16.338991127888146,13.580833150613262,12.69321670313338,9.449162735361217,16.04025649651156,12.397680027786931
2013-10-06,2013,41,11.362939988630924,12.006646588921294,9.296980761593174,12.390723321409451,13.759363602921312,12.865051073457284,16.61377946280877,14.329997219482026,13.697377029930308,9.498348292403334,14.33463770589787,14.827348687256764,13.321647335663725,10.939981199603428,8.16806287490957,15.02183428949106,11.708732107578903
2013-10-13,2013,42,14.70735626269798,15.344828792218207,12.977583492764776,16.410079543079647,16.51446801799037,15.795417653087483,18.916514721973297,16.865983106439764,16.955880536491854,13.249020261893255,17.26287184215727,18.024624525054765,16.341449799224677,13.871230546787505,11.861368531866033,17.856293795859976,14.610392485024796
2013-10-20,2013,43,15.792609985577402,15.851280389818305,13.609741528899455,16.45259311653319,17.620166316198297,16.278337968362344,20.0234363099924,17.433679030777572,17.172691383473797,13.865948860503156,18.10345731793028,18.914619336552374,17.460544574214687,14.603770117161536,12.268982408133452,18.754466237853883,15.81566626170896
2013-10-27,2013,44,13.805980651688545,12.871123043204676,11.31459604498551,13.541622795519372,16.342966530077728,13.83138860852255,17.450547171056098,15.31525370486371,14.586900891156578,11.807700999005707,15.191183209109614,16.400805527309203,16.03636458297494,11.885097024371891,9.41673331971744,16.053098010456957,13.74294682943596
2013-11-03,2013,45,14.2522841727258,14.451691428481388,12.71383443720698,15.105426706018903,15.667918995872062,14.84093713699007,18.22260084791712,15.816262288527057,15.673099974596802,12.71491674953156,16.69499580664036,17.44309073060028,15.679776622521828,13.977333474923464,10.400283391089127,17.19620669004735,14.14785213483312
2013-11-10,2013,46,16.228256315184684,15.560356114718962,13.51969001688784,16.888165221327824,18.35195072027244,16.66270975041727,19.592203045725476,17.926151826536504,17.312476301846434,14.142106542705282,17.795897587862882,18.687428476996818,18.32268329660865,14.14152966670288,12.869944329837292,18.230389563304804,16.24867810136224
2013-11-17,2013,47,15.656004911837584,16.255192105958205,14.109229750408996,16.40222775084632,17.46635385974966,16.621088368552073,19.845152454543044,17.44466483797346,16.679569905051515,14.184148942391705,18.196681229892747,18.7942592487181,17.716645307062215,15.454723149455486,12.1462546483892,18.59615079764051,15.5455496895988
2013-11-24,2013,48,17.103808053211814,17.48853355785931,15.694856880191372,17.97950458952359,18.25563690487673,17.866038711528212,20.64416791954819,18.268248725990198,18.15337264701112,15.89892585473334,19.001999740270307,19.712241654768786,18.559198709068152,16.248769336695908,14.017124539023566,19.408935229605657,16.691223488985045
2013-12-01,2013,49,16.900923084568333,16.59925708384402,14.576321331504817,17.32411069529397,18.64484183299462,16.97607760140948,20.520599226214795,18.247685317993163,17.91634883152762,15.33085417291579,19.05653627899302,19.573921192045805,18.59737307776816,15.422770848140257,13.528157563417452,19.320713664687545,16.82740241240941
2013-12-08,2013,50,16.83618895703761,17.394975614446057,15.5949703587191,17.094487251270383,18.297334531251806,17.322052378758805,20.86366205243258,18.67325813937497,17.893431676577215,15.64095219289224,19.345703333900087,19.68124911727288,18.580646514892575,16.50507927167354,13.46923334114352,19.53406620585521,16.497256454431785
2013-12-15,2013,51,17.058752901919252,17.19726001275882,14.902044581013016,17.58810088322276,18.85537282349356,18.00189255624818,21.117539380799236,19.177452548633923,18.61023336007404,15.273855470565096,19.61839859454663,19.655864601186664,18.99183750152588,15.52337508697872,13.35798510388563,19.638395438222272,16.740399876052155
2013-12-22,2013,52,18.17353091737018,18.633055253832072,16.127234431844744,20.13275360919181,19.658980244623123,20.10960333319704,22.576219642127565,20.590737437458785,20.644977367087588,16.63742255950001,20.905134820318843,21.28241588870149,19.653710295334747,17.355543801942076,15.500727075003796,21.066067712414288,17.909874160977388
2013-12-29,2014,1,19.43059773242612,20.477124319401884,18.617048764926945,21.43108752086049,20.407470059341893,20.93359101662458,23.955537534663694,22.043972056004904,21.66234156670169,18.76529668823002,22.359637584933985,22.75833429609026,20.513766250094854,19.232100134646885,17.120460244438156,22.44160552127487,19.03715242079969
2014-01-05,2014,2,17.958094099773863,18.69361701753856,16.293175462504458,19.43679642819223,19.688129121510745,19.430134009823988,22.262635155947496,20.27494652388932,19.889831721199464,16.62379137764363,20.843699792143592,21.152546949463712,19.74484632374237,17.039993932231123,15.37392099573939,20.900779808104154,17.793052151518047
2014-01-12,2014,3,17.48261870503272,17.98664275974607,16.11901983965152,18.90497270936057,18.509567146385976,19.25467841566913,21.490808942922698,19.681972686965747,19.854400113137505,16.36278783081621,19.830079809411775,20.75659335719929,18.85558622684258,16.72604135680114,15.029804254319114,20.1500321255738,16.954800677749347
2014-01-19,2014,4,19.59008094979069,18.87352650862004,16.47650683275238,20.225485509350182,21.82585407768153,20.610448130309354,22.999155178014465,21.40432158928413,20.881579915138143,17.494563791963728,21.26176593830059,21.499040883827725,21.708452055353,17.000956154548938,16.926927863589487,21.370969525988556,19.265997702863334
2014-01-26,2014,5,19.367417314644797,19.721456893217336,17.016130140637973,21.487295495612283,21.087356989512525,21.041093427395424,24.12918463392786,22.1187741732907,21.93488506421651,17.686501940136147,22.809407235017588,23.04175184357841,21.121200535748457,17.736608932836283,17.576625669815257,22.621234565331743,19.31837489598524
2014-02-02,2014,6,20.73110191855805,20.655720682286503,17.68587616300202,22.547570178906124,22.71081757704299,22.77237113500961,25.115650655229302,23.29454557344511,22.67387020797879,18.523517488494637,23.62424268516111,23.665955432984383,22.406274141952338,18.411862688098537,18.375124129293283,23.595550775994525,20.81244885375236
2014-02-09,2014,7,18.308155722599693,18.4468901284468,15.857610119901723,20.55694260909444,20.09934615524145,20.632370346147887,23.609483985789662,21.48480933548568,21.130543751725945,16.520428629103876,21.11976716838357,21.99483235505713,20.306044518717464,16.709394412310544,15.838705055054858,21.73321844500338,18.183675539140108
2014-02-16,2014,8,16.428043696871136,16.603861741673974,14.496489271825672,18.3515473476478,17.994329932528366,18.40064070737193,22.136892591203964,19.738001719388095,19.49389692668579,14.962537972543586,19.337189735478653,20.969249230510783,18.12120611327035,15.30007664809172,13.359468717283296,20.3771984525856,16.268300329578533
2014-02-23,2014,9,17.033338387193517,18.132412817432428,15.55668620758598,18.96518052759625,18.335997678896483,18.621434011668008,22.350921297212384,19.84429911229517,19.38489711167994,15.856929035637322,20.694859504699707,21.53823817579573,18.39429107596055,16.792069043007398,14.67052618402138,21.198031878984605,16.896737614731908
2014-03-02,2014,10,16.14144150722901,17.397628207704916,14.728413036045184,17.970816277322314,17.40571416633205,17.672761516988356,21.411638193158296,18.82055924353661,18.919694628967463,14.804393340819866,19.69531419101732,20.137400988298605,17.72589885129892,15.981531965152332,13.393987675857268,20.119362370142035,16.12508575485723
2014-03-09,2014,11,17.12508432960265,17.9212702083181,15.26855930905482,18.796096989086696,18.35647848568344,18.848760792647543,22.04086946537474,19.65465572505802,19.692657675061906,15.607734215675242,20.3281023925517,20.75932532564971,18.50379165627321,16.333348711253063,14.654573855472457,20.721691799723704,17.00445076140432
2014-03-16,2014,12,17.460366924143514,18.38367442535693,15.925756660518967,20.09647924701373,18.81682674978328,19.763544476630607,22.508087046987463,20.23038365500314,20.81671078937628,16.321636289525756,20.733673816532285,21.383984537458804,18.91985158294324,16.729468544528658,15.375889047545945,21.172593081300736,17.184390821868195
2014-03-23,2014,13,14.300322634526356,15.17091046772532,12.749332548139789,15.354893201873416,16.047685176332646,15.638949665477073,19.23455749934338,17.082457178041533,16.656922993128077,12.903599050369522,17.601671985939984,18.5192524699188,15.949466309492191,14.02279562585949,11.291824651206726,18.206485011106366,14.545689434054086
2014-03-30,2014,14,17.013996217548463,17.87051814095552,15.739229881350932,19.13157819566273,18.0937597146306,19.40509280642948,22.501490256529163,20.269941080762194,20.14355185913713,15.844535047747822,20.486178034827823,21.338453542190106,18.36868326268141,16.723488757107443,14.697520637420308,21.09144226305639,16.582779016134875
2014-04-06,2014,15,18.090047421449245,18.244103961916117,16.03129714002838,19.25092536636761,19.534199889724476,19.08700251487231,21.561217260777777,19.626459526458344,19.92864919875232,16.676455540115306,20.143517471907977,20.00833073202169,19.519683622485424,16.79194492571053,15.06094776719658,20.3418213122045,17.87439504016763
2014-04-13,2014,16,12.728026055000925,14.10088786311241,11.702938586394133,14.400904917291234,13.574924929242592,14.423299059751258,19.624912373178557,16.56598554536894,15.78015624473706,11.780338592148471,17.34089919746696,18.790700084758253,13.87870452026603,13.608989823888214,10.329476702158724,18.346434400972782,12.504879894924937
2014-04-20,2014,17,13.842324049469742,15.54705772674414,13.495217183679213,16.00482295027801,15.063149251027252,15.40066585516224,18.65306311793647,16.537597941609175,16.649797250146737,13.233106677255964,17.146769498024156,18.18821669396043,15.056676220249486,14.561128824277032,11.47636112710764,17.773012094068434,13.83653857637287
2014-04-27,2014,18,11.938687480401196,12.090914371171232,10.171596707976173,13.17232208805425,13.5576692767535,13.477979925148274,16.27735194659442,14.625075453968792,14.689236572810582,10.727259025262631,14.532723587828798,15.425677151692843,13.40988346876785,11.22384461197968,9.26983159319575,15.272425729934485,12.01539623512412
2014-05-04,2014,19,14.052533105533556,13.830889928061318,11.286630145934376,15.904918693360829,15.707338016179648,15.864155758301726,18.82523316197076,17.05260690243213,16.725099839809587,12.355928280222134,16.652846690586635,17.59585910087647,15.870863432589642,12.056894164430703,11.352658977453403,17.185161676425523,14.192590747560777
2014-05-11,2014,20,12.125996592115404,12.937093078454671,10.659622197460047,13.363672633611024,13.894781621626622,13.38050734705293,16.916373603197993,14.551130051303218,14.732928065637786,10.874454060877405,15.27670630170153,16.218579207469187,13.580084893694258,12.065419088015693,9.267091352030388,16.000848350226295,12.328435269970134
2014-05-18,2014,21,11.242253882237536,13.100836903809991,10.038282801540108,13.4486580558476,13.57551771653837,12.63598676046963,18.05913211722416,15.670493557793751,14.823120846440414,9.664479937676774,16.316406085274437,16.72099439924297,13.355979607832476,11.951499503829709,8.928824650124163,16.796473652416015,12.254202418250214
2014-05-25,2014,22,8.503041846104724,9.81796180846086,7.936573315639886,10.319744050857569,8.451320914318611,9.567935304445344,14.437905478407968,12.1428612533173,11.974480322895683,8.024241277954307,12.852193587166925,13.97973282189382,9.01502820653805,8.97642382624407,6.772007453128591,13.439023710276985,7.976726174675872
2014-06-01,2014,23,9.69255114061952,7.842222842580474,7.010850334812712,10.539568073337987,11.921238151327229,10.819535577926242,13.253876526223674,11.618425326656986,12.18621009343291,8.082064365576304,11.228553489998822,11.93577901308106,11.51318961059725,7.05614442201674,6.576930809038227,11.80361134338752,10.072271404722631
2014-06-08,2014,24,13.19646477116274,13.412691711616922,11.648620097533517,12.9955918717952,14.2987983119126,12.819433948094629,17.721970460852795,15.057114228583,14.551232178850416,12.068420924807828,15.957250231788272,16.989365261520017,14.392852326617737,12.748889117548485,10.282053900580612,16.770774598690863,13.152859733111134
2014-06-15,2014,25,10.14026791156489,11.133847957353856,8.641092627367936,10.734763449856212,11.45041405492849,10.315279966155536,15.255786481473606,12.413802327985888,12.294280949170806,8.754063959867263,13.507095724576478,15.168568130452035,11.6069170853346,10.44907746458412,7.1765462687664,14.66070345749827,10.235788982672831
2014-06-22,2014,26,12.911311563224254,12.88285499874717,11.098909294594678,13.734632586439451,14.44431042053539,13.510861455090104,16.93327566208019,15.160675366884703,15.206952830816672,11.591060001482711,15.275766187725646,16.47096129826137,14.42974840996348,11.797343413538268,10.156821360389344,16.0864908830527,12.866447643771007
2014-06-29,2014,27,10.81886777300939,10.666862752010571,8.421107583481755,13.946855988530888,12.023542632887224,13.890538914016467,15.47638960690957,14.228899784583549,15.0375620623624,9.503714998473736,13.33700677017113,14.223773086167409,12.211389534261697,8.720204550803864,8.999465514826102,13.9160329339089,10.175218835191906
2014-07-06,2014,28,10.850077076768322,12.493988176907049,10.272588923851156,12.664729689558348,11.566434213975729,12.060562227683638,15.91440062898241,13.770243825293209,13.800836095604645,9.982348703023955,14.257248988296046,15.077527894485351,11.844778357325373,11.484306782094867,8.73100009644586,14.907110874900145,11.155845874082049
2014-07-13,2014,29,10.951298465446463,11.028133174376702,8.9907599060326,11.121227276467144,12.427162942667522,11.99653393237287,15.536299275934867,13.450540213027558,13.194362294417305,9.32257845934116,13.631148486942442,14.488750423703872,12.518535300571486,9.52249336846506,7.8941179934078685,14.235353199236547,10.727102841167758
2014-07-20,2014,30,7.998922939619656,7.4880295390132146,5.546493980031999,9.743688890621776,9.462330344692148,9.412275192513585,13.435936271622996,11.663987639167091,11.8038263675518,6.3867882079160925,11.141646923544087,11.697554068423988,9.552515605241634,6.137406378854722,5.434858769860448,11.70339765940627,8.196498392084537
2014-07-27,2014,31,10.633927708273536,10.396450305544237,8.176236529422209,10.986815085368496,12.242306257864886,10.615482431274277,14.683589134549957,12.381299633422456,12.56562813037529,9.087720774558315,13.055816610344564,14.038235867441182,11.99899963982777,9.497107793655516,7.468726468700813,13.762130942596611,10.72497022087683
2014-08-03,2014,32,11.65498247293892,9.44544855770526,7.810437791836188,10.989244883968716,14.701715403711416,10.670717323762265,13.453083953078911,11.682884752347872,12.68469226173692,9.4925065728489,11.694985358333174,13.008530325645385,13.512851746846348,8.79809072086544,7.208482931964629,12.6886543770359,12.615852277233916
2014-08-10,2014,33,9.468365737983772,8.809581986495427,6.976185836301193,9.62995459103868,11.104369511787844,9.391681654419523,13.316586915675128,11.581075488870797,11.743649128015262,7.887603389298285,11.36585304045574,13.105652865052546,11.127667965691064,7.975005038368591,5.886632232831433,12.481395384570156,9.563664835418331
2014-08-17,2014,34,13.113082653767352,12.620297102785822,9.560694283685963,13.86564502829597,14.777237564612106,13.601205867536589,16.495912240476024,14.514277262006487,14.811826312145376,10.471605939725656,14.708774758210945,14.994663939000462,14.79178226776565,10.823134228321797,9.910129210771466,15.125608138142267,13.04085230698804
2014-08-24,2014,35,9.797391428143516,9.577347624848391,7.128493297808765,10.77523198085172,10.4654748141545,10.589093331664683,13.835352436099036,11.854305599881457,12.280542975069258,8.009805992363008,12.322896626707797,13.228666163519064,10.588101352043594,8.13238025872095,6.511165346877599,12.800937744036112,9.75464259067957
2014-08-31,2014,36,12.92891819780858,12.624043663935876,10.50089269077873,14.428916772206623,14.924744830495072,13.939051521944416,16.898987525406106,14.851542643262192,15.38042480558332,11.326770440263608,14.671303508808084,14.520630976581828,14.658293215004171,11.438189698058151,9.93425488546652,15.065569976537894,12.949111679493576
2014-09-07,2014,37,16.063567936036883,15.170596727176006,13.288876432386669,15.248921512138276,16.897370483855862,14.98474496303838,18.573412264053747,16.556914344886682,16.30846403909523,14.35564874288604,16.830936661427156,17.541432622308037,17.17441714592422,13.56311870517587,12.617676770994388,17.402430595950374,15.972721454589513
2014-09-14,2014,38,13.929515591919651,14.175084100857472,11.791813894617103,15.376927890947888,14.763325364390274,15.24829233751334,17.6366042534742,15.989494704209362,16.224102026795684,12.492296448708654,16.033649810361656,16.478649710066556,15.06623159688412,12.698381478483611,11.027346122583635,16.41217191998506,13.581256261733024
2014-09-21,2014,39,12.562429189988851,12.837540465123109,10.49943416131315,13.424041601164,14.002823957419237,13.450092274556594,17.307538221598364,15.200801465418431,14.822073064438284,11.349399331986437,15.40823606185583,16.05859921756138,14.130310272157883,11.62846511722696,9.43256252399556,16.05440781214466,12.198648913851326
2014-09-28,2014,40,13.199881786852115,13.282987390245712,11.490330585676055,14.71444955184346,14.630636157325952,15.187869476995877,17.131317141452268,15.27573314443811,15.64896044292562,11.996726321691334,15.145380115096186,16.38692878712862,14.545987070297183,12.708352170822693,9.961464258711816,15.91997369254872,12.921141251720831
2014-10-05,2014,41,14.740781577857769,14.55543814945831,11.894984347268132,15.730805676607858,15.937718780370751,15.810056698675169,18.60495283721835,16.881405167517727,16.692057843777533,12.874117786355978,16.586867159888858,16.546342410167274,16.02304888968302,12.4770204221773,11.711070962481772,16.854933572608665,14.382508730952631
2014-10-12,2014,42,18.395971206164266,17.931478586786593,15.853317062306848,18.045096346310206,20.194625246004207,18.09083000143829,20.755989691953964,18.98092773734749,18.545235705702275,16.821019705824966,19.585205333263843,19.736138528890685,19.81507494090607,16.768093307262642,14.77163216649007,19.76510668267476,18.46971628993669
2014-10-19,2014,43,14.334149706777918,15.001508735644537,12.648610024507214,14.716101917482556,16.22242312992528,14.86195586915182,18.58031307643078,17.123650264987695,16.21864206030411,12.949519242156878,16.959520132717117,17.091627416585013,16.0101399136326,13.678080802950689,11.241512837337604,17.23624899056093,14.401578423147894
2014-10-26,2014,44,18.1754464698114,17.84947340320677,15.28665372303554,18.610550351086115,19.39525400383397,18.37973469227284,20.065888668983398,19.17091922413219,18.714632069761272,16.401867219111782,19.351114327566965,18.591206420785333,19.767097139910845,15.69743970660386,15.038217599235136,19.068008387392048,17.81230254571714
2014-11-02,2014,45,17.125966831830784,17.771426219167484,15.622492065446613,18.194537334498907,18.093801909954266,17.92215869172046,20.707149550101494,19.04806794401887,18.55159567573532,16.217023725584735,19.376740970033588,19.666137794278704,18.352154434417667,16.498544234082217,14.25410664314191,19.654270674151217,16.78640936134318
2014-11-09,2014,46,14.76242546439938,15.389045380834323,12.597726990294436,16.078904919681097,15.746054824416854,15.960122588365078,19.146782791649287,17.644300302282556,17.347577567203174,13.138196541836612,17.488413150176342,17.652478327327017,16.089927272907097,13.788098112226336,11.457232412215571,17.847329873161538,14.449595333752285
2014-11-16,2014,47,15.559308851087415,15.692260352279078,12.93087795527508,16.425083234196617,17.25955208172011,16.571387882551786,19.288638476380108,17.856762353475993,17.61988194068118,13.67919663315549,17.49242573279839,17.113076889932636,17.427529526493267,13.698540425838384,12.397656652445509,17.602431019224998,15.16714359165202
2014-11-23,2014,48,16.992184226577347,17.747360883745305,15.21782248106908,18.129414453392936,18.43698838796552,18.12043030443032,21.51878926357792,19.652895192233,18.96927131645367,15.807511326432628,19.794869696216665,20.055574314292222,18.52149062911516,16.38293162814987,13.753574678737612,20.129406628543386,16.84515642284383
2014-11-30,2014,49,16.694632595263545,16.775420326668062,14.690361033949898,17.91839129584176,17.709020388735212,17.782482605029564,21.524462747156797,19.58331205789145,18.40418119859789,15.346268388364123,19.267278132087743,19.66114514471707,18.07911783203655,15.702282110787117,13.243955331778016,19.710158241704956,16.236846882699314
2014-12-07,2014,50,18.60400560248926,19.541690428882266,17.02972843124471,20.09153364385877,19.70699130085819,20.07720904307322,23.338382943378598,21.63007579555759,20.449056860518784,17.55418590217393,21.683051161332568,21.5829074093595,19.784969895042508,17.874134565277156,15.963657229356208,21.738051184936047,18.051010694786545
2014-12-14,2014,51,17.61495799969215,17.27502356409264,15.70381143268697,17.587470914636338,18.86030861821376,17.847535758098275,21.21956789111257,19.0468799283907,18.914430532436786,16.32360818978772,19.251888760653408,19.390434307550805,19.10861912657396,16.145196220268126,13.558790610916958,19.5530683607038,17.139613278149913
2014-12-21,2014,52,16.7623087884223,17.489798546345757,15.364522598862331,18.204525621873994,18.05332712841246,18.4889588669,21.475799933119347,19.44035677773612,18.83518398344633,15.57554439860066,19.914299387746045,20.530992662167613,18.235289390482954,16.602104817636878,13.635899492184302,20.387101934847298,16.77064665951176
2014-12-28,2014,53,17.895831259061012,19.49346007060395,16.93041638981058,20.686309642734983,18.433443281228765,20.708523081383035,22.92058934692739,21.512749204264058,21.272079004933456,17.225035041470097,21.41009045225201,22.145798552068417,18.859748934226605,17.942408094115535,16.186423590487095,21.888272623259965,17.339451167140048
2015-01-04,2015,1,19.6350668928031,19.67490560057829,17.598243208193843,20.21464790332885,20.50373647761821,20.627172888629374,23.36335424640088,21.848778222319368,21.046411154088208,18.259668548678384,21.763585451464635,22.31834740651586,20.93536325219055,18.37482610218696,16.403047564861946,22.216104906832403,19.196027411283502
2015-01-11,2015,2,18.805858720069992,19.757796334305297,17.292264888005228,22.088343522378377,19.63653118605088,22.293302432910817,23.238380721289637,22.14773352189497,22.379412380449924,17.786394820840876,21.784155590503243,22.143868304969807,19.947099054181898,18.21537093867131,17.07510722938488,22.09772560507817,18.17208578001778
2015-01-18,2015,3,17.833608945210774,18.06100208520381,16.065847062599165,18.796005741471337,18.791784167907394,19.19511729010897,21.59415435234937,19.774792239696943,19.77309716237734,16.793645067611884,20.2234337827344,20.872778370695293,19.074139186314174,16.767412490980586,14.37558737010216,20.633961720475945,17.370214783599113
2015-01-25,2015,4,17.90510120784607,18.684050114678424,16.430909758874982,20.0878998310793,18.676553987380224,20.51079248308061,22.424079806047,21.106244323036886,20.859237581316503,16.84183939771792,20.84122028763676,21.2340288393581,19.054889822558547,17.276941925534913,15.1318745262736,21.18812103047529,17.503294604807852
2015-02-01,2015,5,17.12043757911201,17.862915935292676,15.130983942043708,18.546264492330096,18.612969013075755,18.77455050666053,21.600958893667503,19.833979960850304,19.619747885052703,15.667629118577166,20.17699435015261,20.388795131621656,18.71955198210639,16.38182224753727,14.103511067305206,20.46820264693109,16.80038014447914
2015-02-08,2015,6,19.205834614570843,20.078096005453997,17.460396709966787,20.403904132899783,20.388439484828496,20.57824385580409,23.538051110314907,22.086563841584443,21.475543455135103,17.796221586662952,22.035335435082903,22.098434980346184,20.632953355671354,18.43483309525013,16.912257770950955,22.209973997799157,18.98619429249005
2015-02-15,2015,7,17.183069685711363,18.663993370812587,16.258856956580093,19.733318913550605,18.53169112978469,19.797934125902724,21.86004779915768,20.65730259288441,20.6076005788232,16.22948569736545,20.378766480978435,20.993875364730297,18.89444996399309,17.330652235051506,15.596799864248608,20.74161881336727,16.992732139289217
2015-02-22,2015,8,17.747132540669682,18.4994115849802,15.89160757140978,19.79530945136433,19.0624503665814,19.725116659775665,22.04142550476786,21.011172387259343,20.766946969900108,16.378972740623894,20.60426184666621,21.081414072340067,19.35428979129865,16.807669350881092,15.63827092215056,20.887066507059533,17.478345292597766
2015-03-01,2015,9,18.43822415301545,18.645973577174043,16.587252365982206,18.83900454214641,19.659338802165408,19.328654960622504,22.09307695060708,20.687232749245386,19.76936396600682,17.12163549923119,20.27175562639773,20.85656940583592,19.87427650363289,17.023524737990233,15.525495518491631,20.715657866864287,18.105518731145526
2015-03-08,2015,10,17.006911622664795,18.113085229259564,15.19246485768532,18.9773746359916,18.1392569086624,19.59105665926154,22.54663611987589,20.16521113705325,19.673336421906832,15.60587710282934,20.76948758410169,21.60784207778478,18.73494981246565,16.592159179910915,14.778467739843167,21.435709313170552,16.651436125171795
2015-03-15,2015,11,17.359570613699066,17.992506996655006,15.66639248882656,18.32048979827336,18.6808947203867,18.35323426284692,21.4168589400133,19.64470825145771,19.10641926095444,16.181328380335838,19.75477987182089,20.64185748652949,18.9345484534746,16.524517022718964,14.692030023075365,20.33048632000291,17.043099927773696
2015-03-22,2015,12,16.10313467445521,16.824843809802903,14.383173476306338,17.004707197348278,16.785607621018574,17.173352936213234,20.07880834796338,18.134660322511348,17.56846894210099,15.032400243327908,18.67516669731636,19.230131056752164,17.232275232845293,15.136150891477996,13.32799659445038,19.02116084612046,15.819215929411811
2015-03-29,2015,13,15.35301365109791,15.710416466442506,13.306392951464376,16.568490743637085,16.35183864977517,16.733660404593174,19.570563858521577,17.900357093811035,17.596350098776025,13.93173816099478,17.793301887842485,17.87480572805893,16.797382849063652,14.156711021335784,13.101975692780268,17.97821037083456,15.124985038752184
2015-04-05,2015,14,13.383067235369786,13.45395626518518,11.25772759548414,14.866845619110832,15.051035358674609,15.192886557511535,17.587048761351113,16.170544452914942,15.862180860075233,11.950908498635307,15.865678517230144,17.045235457767372,14.997056247644904,12.34253906797976,10.942316952110112,16.495275967741666,13.379927895461131
2015-04-12,2015,15,16.471919130941462,17.046569136414192,14.66126651476206,17.80685893978391,17.771389511582765,17.878798623496195,20.176449561605647,18.912665498906915,18.943305191928395,15.306501491533757,18.821377485035818,18.481977700544498,17.68479908387173,15.369103411699786,13.49252241854207,18.857686723981583,16.13450655140324
2015-04-19,2015,16,15.480035882505518,16.46272290235898,13.857774166904305,16.65773017775445,16.79753931569312,16.55122486320702,20.106855976338288,18.196940397287342,17.870032083731573,14.237980070210682,18.82577975880016,19.688416523432156,16.922776665926897,15.49790582422876,12.497660096769762,19.41610924371768,15.532833098079957
2015-04-26,2015,17,12.217235973903112,13.145903025608837,10.271522716388516,13.791310570069724,14.279557500566757,14.018131137047648,17.16156062857403,15.58125312656551,15.349943823543782,10.84481903028971,15.594301730729802,16.25004131132059,13.816129506784977,11.669459503726332,9.687227316116374,16.094436675368456,12.17028141985685
2015-05-03,2015,18,10.693243583963952,11.981300136936245,8.907271623717225,12.171708511099927,11.809737341038655,11.82188933236258,16.414138429714015,14.6400172704226,14.012772838663452,9.217789006313671,14.70702763842298,15.658834344293233,12.015859008295656,10.31698700765588,8.131704045042767,15.308155043017845,10.724261754606614
2015-05-10,2015,19,12.411965092790329,12.37599376015572,10.78178047181868,13.496579117718198,13.44267066260958,13.738499306343698,16.865885159017047,15.028997215419622,14.928809535480058,11.126018533288294,14.926580749445664,15.878424226755724,13.651048446714189,11.362027944195727,9.8412714142364,15.590375332916318,12.036196375792882
2015-05-17,2015,20,14.536904217193484,15.268792398957046,12.791641795540023,15.511917498849686,15.523098073122153,15.528142040453972,19.131525590190385,17.58498961213347,16.97499324197638,13.24176532103857,17.540319076141756,17.923124425173448,15.674207419502228,13.763006682446884,12.195551209666878,17.88196502693012,14.22236798137346
2015-05-24,2015,21,13.747854067091776,14.180448385444024,12.39773692868934,14.976556948962664,14.766533340550104,15.159984411266628,18.11034657169709,16.354441108703615,15.927855757117973,12.79156495629065,16.50766163945714,17.222151686881755,14.836465981476096,13.383217512122432,11.064900508991814,17.0877343194592,13.334973662850668
2015-05-31,2015,22,10.71176834425564,9.648206175263248,6.602290397105009,10.879336629595072,12.7929343171335,10.672776178657012,14.650722161673944,12.898232731757226,13.017866115047507,8.002755094835004,12.60052797309248,13.714645419159348,12.888508235165512,7.837955426924493,6.907532167158998,13.24898247242907,10.852117744417525
2015-06-07,2015,23,13.723704246020226,11.61374675109188,10.042280660864517,14.14117424473876,15.624759188411328,14.212582890744986,16.199026205101788,15.17680925641741,15.874450418113964,11.451472775606256,14.181229747425428,15.57187057633927,15.81040088458411,10.652141744646103,9.540398278945151,15.036103631185693,13.657147115131592
2015-06-14,2015,24,6.363179176930756,5.831910313446639,4.192390654609599,7.288426455287706,7.7868909553454415,7.450380954042825,10.96979798936983,9.74221218926566,9.361404080563563,4.984805428941553,9.116099525014045,11.455466835967936,7.898414322077999,5.80053920999647,3.0325050445902177,10.283850477632944,6.298895950265972
2015-06-21,2015,25,11.442235650856675,10.768577435123388,9.573477661704846,10.339136401812237,13.785936640069538,10.572444598493734,14.521345069040017,12.969375624470898,12.47893464122033,10.195387619552784,12.878855316360276,14.181664014440983,13.270109270530318,9.832303000383336,7.76745573700666,13.55637733996964,11.906284827106404
2015-06-28,2015,26,10.69552375389649,10.859871061371845,8.575378604239877,11.373995067463037,12.5718861891551,11.820140829417694,14.916435124922772,13.411736150716807,12.97941524175282,9.176130052358417,13.520889174060905,14.190979287309467,12.218479447383215,9.341060333021744,7.938307434930712,13.928763324267244,10.953423879056606
2015-07-05,2015,27,9.514987590536954,9.594796020593217,7.497495050332985,11.183675025900206,11.252839231385204,11.133524908215536,13.797112481587131,12.73959151032683,12.620733739111987,8.13257092525774,12.176972359289854,13.822772934109054,11.151909586085315,8.56408445703969,6.892215600446804,12.988305629816075,9.610046840581612
2015-07-12,2015,28,13.070534107154248,13.565690602575028,12.088595278197513,13.395430950891402,14.307834844073923,13.144228606917531,16.44565666521256,14.72918554751904,14.445608824899752,12.132974090940904,15.162010362963658,16.550844752884938,14.178518421401389,13.20317140076535,10.3620596747604,16.00957390846805,13.20626263798408
2015-07-19,2015,29,10.37645671603916,10.806198868924367,8.268365258544339,11.436063459941318,12.338727208440345,11.754380002752082,14.98229570082951,13.311045584988284,12.83026063372244,8.938042136359671,13.4619298678972,15.158304146357946,12.202975500504484,9.989341895194409,7.415303617694297,14.310784087955604,10.786310429682306
2015-07-26,2015,30,11.746387530170969,9.87775548333044,7.39903856434437,12.670234262943268,15.242660213981532,13.089399474621434,14.549041089094068,13.562484088253663,14.22756527407995,9.073923983375456,12.91698591306612,12.502280272563512,14.625589114818792,7.253434320660414,8.099288381573322,12.761126298027262,12.43339576393446
2015-08-02,2015,31,16.390306243258244,14.15793094858686,11.955170911714474,16.26130943497022,18.386512942705924,16.524102020754626,17.628468065845723,16.462672934594092,16.89289846438951,13.821767804056773,16.0445131392706,16.437503939368977,18.62932402378804,11.061857183318294,12.330973964517474,16.14792914866468,16.103161404396324
2015-08-09,2015,32,15.945793240226838,15.381948068960387,12.01266985036889,15.49486677277656,18.509658653236688,16.004644719176618,19.300564106977365,17.798648273418475,16.685867359027004,13.22068667036342,18.051113389580795,18.399998820374275,18.468343436487853,12.549447267386672,12.270844413125063,18.16626531970477,15.857802695019869
2015-08-16,2015,33,13.154731647388354,12.6986004431873,10.20690958851084,14.362540323109856,14.861315891709175,14.91791246296356,16.662327210340138,15.31947347665762,15.24315513650032,11.22314446876234,15.063771468323546,16.284473255959483,15.189191742753431,10.302226830623251,10.020098195940982,15.491631557330228,13.171101744605524
2015-08-23,2015,34,11.87043658002463,11.42349438512249,8.955361457979564,12.787205904722216,14.472705889771728,12.869940427586226,15.063221278065493,14.098997758147004,13.9895252560916,10.188012000278093,13.699543215392469,14.5827153455215,14.104257566127997,9.678374200740915,8.42098695477702,14.15656120203246,12.139061560527976
2015-08-30,2015,35,13.469427499071513,11.68400922335033,9.626485031901362,13.05272371073564,15.38387334796784,13.305388971031707,15.451926801364552,14.109128397161308,14.186673351929846,11.194910955643628,13.88225222088042,14.8428911211677,15.373588724025888,9.891050046830957,9.26382766072074,14.31289842124088,13.67088479237415
2015-09-06,2015,36,9.620718065682832,11.167223853025355,8.15051807395737,10.89436557268103,11.7875872684531,11.1921374831574,14.837144506916012,13.469414772430024,12.616741613165974,8.597052283643738,13.51269859978647,14.452948419874248,11.303746443687718,9.23527478270725,7.437902209472151,13.948908509573592,10.125392086823997
2015-09-13,2015,37,13.804071247347531,12.716404475382904,10.204467755349842,12.601810334693818,16.040974143343796,12.625258857525765,16.469856309473688,15.168646857274044,14.000093768370828,11.33094654315234,15.163173859666434,16.11590498027133,15.865185964982022,10.82412775514812,9.637408797581838,15.538127985019267,14.043464731977313
2015-09-20,2015,38,18.853266341652493,17.464476111601158,15.56186884445962,17.523627251386642,19.359222624586035,17.711616416695495,19.684647546217672,18.525107398590485,17.62131227112563,16.820497556263742,18.857632685739755,19.412966947992537,19.976101039459344,15.545932158019925,15.093907231969796,19.00814314504425,18.433349270062305
2015-09-27,2015,39,14.268728761906177,15.145850694001613,12.60027973950174,14.09822053568704,15.460695183427134,14.438928373378522,17.755797274953768,16.143297857804733,15.030394974986637,13.135598851537544,16.930411319815235,17.746371321922364,15.530433640977131,14.079425391350805,11.606943395504809,17.340309118804637,14.300559743716708
2015-10-04,2015,40,15.011903993564838,14.835653066126776,12.608558421655363,14.336356280815034,17.179019506554706,14.67203109021966,17.40337171359938,15.737785727513298,15.137637444438298,13.125043668950772,16.329112449249664,16.93179360489961,16.843815568791396,14.029651480509823,11.125927658949491,16.696770274242542,15.3074412956392
2015-10-11,2015,41,15.158139032439989,15.588680531678676,14.034911097735565,15.434619611217864,15.72811974639102,15.52616396711293,18.038946165635355,16.59909769429789,15.903072521411277,14.491279267889308,17.19622261080391,17.77494879488675,16.058531994985337,15.24859590119036,12.314785918509406,17.59709351310058,14.943407500207904
2015-10-18,2015,42,15.73267718723842,14.801226843140526,13.521394462636223,14.353803026534264,17.180564590245154,14.641186311898544,17.50314659696974,15.839752660478863,15.332670108679451,14.278012553001547,16.27791279466637,17.083552949190782,17.151977437803644,14.047607770586938,11.824764913146796,16.721013259514436,15.760734878139033
2015-10-25,2015,43,16.673246717514374,16.12324369334971,14.627839011012078,16.930534821181073,17.999734804420275,16.997597690714834,18.80469234344216,17.49298022778003,17.284273849308143,15.03088773946258,17.736773153197714,18.517325005441343,18.24623775850392,15.293484707429656,13.178309371114723,18.165204234785765,16.299215879723068
2015-11-01,2015,44,15.769308104938522,15.299711002724004,14.226570690006096,15.431330399853843,16.516901657194847,15.590815110863254,18.11711459535204,16.2641478466678,15.965926300056294,14.63635109889628,16.91140378894228,17.706188465385743,16.94188941675724,14.774648118405931,11.9273449159823,17.382865381334156,15.401559251338004
2015-11-08,2015,45,17.329122467237397,17.299400362632934,15.61696019253058,17.9951343195779,18.37247306095239,18.315888722737625,20.3529965203288,19.00359222957066,18.50134494766564,16.22386411821346,19.316379662716027,19.762732124071555,18.518679932737903,16.375578965601072,14.693632787981542,19.562986989777148,17.04512447488276
2015-11-15,2015,46,15.63502532144004,16.4555450095805,13.967901461930431,16.955891695760545,16.385251629008444,17.13814069313432,20.00912432211829,18.309182032795697,17.89475414757626,14.401341117273166,18.625546643641087,19.349075880333416,16.75966256833905,15.596341203879025,12.542170153213275,19.081959132812266,15.417149499098889
2015-11-22,2015,47,17.81938359421346,17.211680948607196,15.70565296171403,17.74712279722804,18.744811611472013,18.07768982625836,20.46178406251068,18.62160646314745,18.262147449933853,16.542620088708148,19.07055846457873,19.699310487814028,19.02893898201725,16.52073043639074,13.8389912892238,19.494804707058723,17.387651706962895
2015-11-29,2015,48,16.566280571190088,16.32940828418935,14.549428040725314,16.949825582050142,17.6417114341109,17.299028585622974,19.355785483869106,17.886556007088004,17.56462172659409,15.306933183101489,18.303944897342035,18.70962326481657,17.929455290429843,15.249980391746554,13.242296635975352,18.53192247289968,16.114645146295388
2015-12-06,2015,49,17.075346526952323,17.962625719082634,16.177196897863812,17.495838799646922,18.289245787591604,17.59605950830526,20.607623926057062,19.052866674646157,18.213954649326155,16.13963025064114,19.59765656458867,20.208696312660155,18.36124015038538,17.26429958517107,14.42659779474897,19.93162962695157,16.77535743983287
2015-12-13,2015,50,18.60879830319909,19.06502001829493,17.079651615528693,20.0567132348106,19.58413683582817,20.41626901884337,22.180666069942728,20.946268644952152,20.523914379149737,17.431117269668324,21.026605092498645,21.697269054114656,20.034126500825625,17.885972101885574,15.96647742259247,21.33988993695104,18.204453553150927
2015-12-20,2015,51,19.71903771261758,19.92113888187449,18.38009583093259,20.286977725369592,20.728762195341503,20.506632283234072,22.430190122509835,20.897989528705548,20.61538053632016,18.60624420951268,21.41637711793313,21.90157931191581,20.89974985159502,18.86908652747531,16.82306523645852,21.677848360543152,19.36948381922637
2015-12-27,2015,52,20.186289871981707,20.7875777805792,18.86370779374266,21.06096377259209,21.142899557716483,21.728399519754657,23.798584017739703,22.21248984894195,21.68019177909,19.15660352460177,22.650099991307115,23.34387739649359,21.51420685867545,19.70966876520203,17.717263841594566,22.9977203525909,19.61316662528765
2016-01-03,2016,1,19.772219408739797,19.55273891766188,18.065787941561197,20.086115143128804,21.063698892148665,20.336230890477797,22.169967223186884,20.96898582458496,20.50680545071566,18.58077586273777,21.12857387096851,21.421869393628885,21.304942701774216,18.398095295086748,16.39020954031911,21.260103083869957,19.32672245483193
2016-01-10,2016,2,19.95379703723019,19.98309618781116,18.14693335039804,20.31703848072461,21.18428162801363,21.052091586236944,22.66464717742653,21.24007324813248,21.06961999247452,18.80527379944569,21.547677029366103,21.78496414246264,21.5658954506215,18.746268754709277,16.746222473517637,21.65391570014729,19.657349679026645
2016-01-17,2016,3,16.87673280536745,16.1694963318961,13.35868969107478,16.82825225307828,19.101430596465278,17.838621020470498,20.03688022624647,19.11015567531833,18.323422379689674,14.74554719216912,18.42721417001832,18.328628029784745,19.25304144413775,13.698415721127956,13.469988169310552,18.3867600267414,16.39534458381468
2016-01-24,2016,4,19.15255220823153,18.58394859391235,16.706473529074398,19.052822965951197,20.789073009476848,19.547971560994934,21.719068899794152,20.815352635569383,19.79238313611473,17.658430744746138,20.63505638915223,20.844387601970663,20.7462004344896,17.433449535724627,15.817561077227278,20.81976986677913,18.61086546635692
2016-01-31,2016,5,19.043499712164643,19.84472140066151,17.489622055162023,19.86001391495977,19.97178959652373,20.285949250445864,22.533919537380207,20.87123728417731,20.31947590833541,18.17228190139925,21.691408852581336,22.19983977191853,20.227318294260037,18.456980205591744,16.665463065963227,21.925080077288904,18.57903440429194
2016-02-07,2016,6,20.28819559409045,19.94813122474817,18.08719481592593,20.103330820798877,21.69497034480888,20.968186024993543,22.918223506160103,21.5497355929288,20.707212730863088,18.97010143374431,21.748340932012123,22.02824143515121,21.81901448481792,18.67017169313842,16.846741169741343,21.929558610262937,20.09783456910331
2016-02-14,2016,7,20.39825243808741,20.82947690654665,18.73409837098278,20.480003825255803,21.56503680191774,20.42213114931163,23.444433117746964,22.285261840820308,21.380165534943284,19.32528401815717,22.60193705868411,23.144356750735053,21.841183454373628,19.485484029258902,17.50637852763647,22.83590337674912,20.19446798926094
2016-02-21,2016,8,19.425836914141048,20.443843787667085,18.03989351250582,20.791927811645326,20.308789942901637,21.176215919288424,22.948685059394503,21.983662442294037,21.616011504791015,18.350049236628013,22.04223245562929,22.502773562531587,20.78463757084143,18.99653438074484,17.183684531937622,22.227700716828647,19.163253388314875
2016-02-28,2016,9,16.07660783671965,16.48496004055812,14.291285013454408,16.50781016974222,17.80063303729325,17.012684286944808,19.45383956620019,17.947015304070018,17.635388643074407,14.925204589745055,18.41192552888548,19.64556833097556,17.80840558711166,15.602273636105792,12.74302437965395,18.99543387829208,15.912429325021504
2016-03-06,2016,10,15.9568483261835,17.143864312914136,14.151206046157744,17.818930256934394,17.133400828815407,18.171895940331417,21.28914050666653,19.32988766657842,18.933511200249782,14.743821287316065,19.805434300476332,20.99074120791453,17.304168408441726,15.925525989087143,13.850624155693817,20.43844140159174,15.671611579601974
2016-03-13,2016,11,17.444494950725307,17.446151005433823,15.350746700588116,17.4799779795465,18.929189061518517,18.49365675863612,20.93142709648644,19.38426709212266,18.85144047167903,16.144824141726584,19.388276428784128,20.23430281765056,18.659655770739995,16.14772959061182,14.222263859772044,19.907451838663174,17.116941291366945
2016-03-20,2016,12,16.585924151014332,17.727696945418174,15.366652890656413,18.189738191309427,17.35976116397838,18.70620418239284,21.0751878721721,19.649027431042168,19.263723511518563,15.794673384375727,19.75732939749053,20.705135921262347,17.38622393755379,16.830016646405948,14.164093330721483,20.304765682631047,16.328458467905094
2016-03-27,2016,13,15.5225271988406,15.92777691263634,13.787293280556652,16.950853242760612,17.17336383525925,18.056254871716984,20.29042544239812,18.76674611624185,18.328757370987987,14.4462264327016,18.546534571296725,19.613982171061227,16.94250407366219,14.592506285661004,13.264323158397412,19.17703597559621,15.28642954466478
2016-04-03,2016,14,19.59244904340157,19.6242440956742,16.68565904089277,20.249222069978718,21.3080268608562,20.64444287618001,23.035673336106903,21.81582422033533,21.216438317718804,17.715087658911106,21.57386578481435,21.933333947009476,21.302362716336045,17.63529745033243,16.627328872910407,21.819530628898608,19.400180163730507
2016-04-10,2016,15,19.122343343197148,19.83832721415359,16.91403793421274,20.399541326931544,20.072320489156343,20.83379975985376,23.1333939132468,21.34398149762835,21.048625698761462,17.671562889429527,21.862733902043598,22.562305674077365,20.54626618388997,18.23316142810962,16.795741713727647,22.25880248485946,18.74419331293543
2016-04-17,2016,16,19.96858755133787,19.31582656445533,16.657923737773878,20.49467860375132,20.49047154977885,21.045371950363105,23.556183739931868,21.84531018740171,21.26167259011017,18.36885759345056,21.866365034755688,21.55047647265411,20.81915117138601,16.760482690718316,17.139264527185084,21.780268103642477,19.3335324284844
2016-04-24,2016,17,9.494997091735192,11.085861626400876,7.775702635588219,12.128785189063777,10.156672357012836,12.213132778496664,15.77129354004262,14.14437289436142,13.362140283425958,8.169239886834196,13.760931945982437,14.305679462669351,10.67457795718462,9.0398144560649,7.49491907024751,14.079084471480488,9.056251094428037
2016-05-01,2016,18,9.726587536252143,9.68743294814248,6.555397873180781,11.13482093172414,11.609109739300765,10.850014173846446,13.971650660211768,12.49497347930809,12.317353962218926,7.675491082051473,12.332652687303948,13.025454543671518,11.284598757861664,7.6688288148326,7.204567214059013,12.66205087473248,9.715184010987011
2016-05-08,2016,19,14.06500934664654,14.530451245399426,12.413126454696046,14.404208326623554,14.762480862135362,14.527540987522904,17.55462370947568,16.125310530229047,15.29177060659151,13.057324525878183,16.465434718441657,17.348407476738778,15.243808572356766,13.462878551415224,10.995443011099848,16.936033136923953,13.69524156115447
2016-05-15,2016,20,9.120217278503851,9.316985608163929,6.719806396707351,8.44347164389633,10.217568172692015,8.849871682691143,13.461082908919533,11.529060174149352,10.535245497632632,7.712097259755879,12.138209445755203,14.094802734344151,10.63725732284163,8.97800098703367,5.729232588724123,13.223513863557937,9.110442369774669
2016-05-22,2016,21,10.029310270626112,10.6378080619932,7.959504206569828,10.404821748180048,10.658615185365598,10.670251523819363,13.879715952859328,12.494291522286156,11.9426665770331,8.811212387811747,12.891278694202372,14.046786474731734,11.06720291417538,9.75515667638337,7.3745475496564605,13.533102653264534,9.773908132491403
2016-05-29,2016,22,8.901091449202411,10.147005156159146,7.213458070738081,10.894721656682943,9.717118724551932,10.823479373175818,14.274701357582916,12.810627677719314,12.327962388964316,8.014371444591655,12.932539075380795,14.584113892197932,10.151650325672046,9.582127364765856,6.642230783304919,13.979370872101905,8.454109868752667
2016-06-05,2016,23,2.670488531831916,3.4196697883705087,0.9199953898985828,4.684770201765267,4.291014644038139,5.253010791854663,8.143311902315903,6.247065524342773,6.3697110985473175,1.257622469631437,6.3948232095478925,7.72141450193693,4.3880123324318285,2.206706754883901,0.6813888537168675,7.292436264032488,2.502548109328329
2016-06-12,2016,24,7.009834757412723,5.233521748643949,3.820509769954613,6.238175586888766,8.335506488114795,5.8957750585069215,8.96332008359036,7.229966015862179,8.219729701301297,5.171994179923033,7.3519111168332945,7.657197034605238,8.737298781318323,4.021697276847184,3.7708560350112994,7.766045315858204,7.085048501944606
2016-06-19,2016,25,8.01784881692442,9.091801194493955,6.393803270918771,7.536408574808211,8.487676311827519,7.351234386019419,12.063688792570687,9.19554910957039,9.01904675871892,6.707356806010577,10.91728230967666,11.576072138917414,9.073478681470435,7.863445400578445,5.253740639894504,11.396247103256256,8.095907495188905
2016-06-26,2016,26,11.571807931288788,10.25546433524028,7.195489134953523,10.994298283542904,14.401520406467489,10.65322814055238,13.432545522906691,12.124422055033897,12.357026647448308,8.755121929439033,12.283853127120375,12.664312652500492,13.476537421863512,7.546172979277115,8.030650569743003,12.355062563125404,11.675081277150673
2016-07-03,2016,27,10.06875997313815,8.868404266358946,6.290802407497416,11.109261923247862,11.70056547013854,10.91381039306464,12.810012964743564,11.206593913165008,12.4395129808941,7.943746125805365,11.248833650944038,11.578281804879078,11.8411031749718,6.102475991539678,7.574658127814366,11.435504582063562,9.882589505528504
2016-07-10,2016,28,14.092263626776148,12.979385796640472,11.220661719075958,12.90784571000508,15.000371958395888,12.786812076544056,15.478141642867998,13.797621042078193,13.84506692671729,12.455736448043378,14.252845068101758,14.926945320036854,15.696189380520558,11.597831077334153,10.2488968509618,14.77059729738478,13.808442242704634
2016-07-17,2016,29,3.069513134361081,4.981339234533086,1.308758482746879,4.374418691421549,4.21433348306279,4.316872253841415,8.831192141719184,6.609030880680333,6.23206757251064,1.5979340183051016,7.974403122183563,8.992579843959398,4.575070844855318,3.4283202324500417,1.3733554260324667,8.500029526344717,3.3735202371752813
2016-07-24,2016,30,9.522549518133529,8.043586312707808,5.749962089118856,8.334621892443726,11.009058896565245,9.087715702781038,11.980298445454144,10.01967679655397,9.826685805610014,7.365077875596466,10.531831368326625,11.526877915441508,11.267484133739496,6.408048544375378,5.60454456888317,11.1216705652599,9.56136603512854
2016-07-31,2016,31,13.688073430742536,11.905876447397,9.676432565132282,12.031517200526736,16.089968619216027,12.343417631613242,15.370216700495506,13.575477549317595,13.36380808320764,11.168952310849631,13.876126785608598,14.466808090312783,15.777014518796705,9.994128127035816,9.231704292628198,14.320320868445467,13.6212788637115
2016-08-07,2016,32,7.813729702582537,6.9772609770298,4.405364230235488,9.401203314463295,9.480569752651528,9.756678498389638,11.003457975804633,9.913739889937563,10.616054188948556,5.70192286972254,9.284156889316838,9.847345245816316,9.620857353376143,5.053611581439692,4.95098608707813,9.674794418237912,7.810953678467847
2016-08-14,2016,33,12.09273290081834,10.609642957319329,8.712871380791583,11.445029680927597,13.864314946132977,11.300714034371392,13.52727159605777,12.192331177104602,12.777873953727829,10.1330055313518,12.288933166074546,12.842499205365655,14.00049607818191,9.739362043970225,8.39377627904603,12.80213100616246,11.94146675080302
2016-08-21,2016,34,8.898872201814,7.464274809558762,5.008782533649439,9.027113884243937,11.09903879857434,8.80185028715023,11.720444020307449,9.665120197147518,10.504484827504465,6.354333749034676,10.16642790914098,10.718827824708264,10.786571715789412,5.8306940220824135,5.56743464214892,10.5998477221935,8.982102169823452
2016-08-28,2016,35,13.233711733627812,12.733909404099878,10.850260412788224,14.433939251161757,14.006119887622347,14.60688372529765,15.93194825864742,14.326924687670424,14.802716731091998,11.976069620677404,14.589280569811404,14.966353002584205,14.64749743855598,11.1327349427287,10.444561980023956,14.881394464675694,12.606061970769876
2016-09-04,2016,36,8.766312616979139,10.615507869959384,7.26928721081396,11.73448818815606,9.769361684447656,12.448600559160976,14.164906109734805,12.33199108767819,12.66986193885542,7.735751532998744,12.852007820905548,13.26605066970352,9.937592245897273,8.541293538413974,7.431995111555974,13.160442204857992,8.458180017066452
2016-09-11,2016,37,11.24308734787017,11.902066263562835,8.267995211965971,12.157504286794437,13.295666760643,12.705580759232568,16.09896633993432,14.621743708523836,13.756103498361815,9.21957109159506,14.67816636510742,15.290528048723536,12.98731864235116,9.903826164076532,8.467130153674846,15.104759141656984,11.310556037567377
2016-09-18,2016,38,10.728747257087836,10.903069809428665,7.867238113175692,11.659488679397674,12.447503326382131,12.041123252117496,14.92254058960228,13.33389999241024,13.006968098144007,8.900000360202467,13.502780128660657,14.228701636476336,12.340016340196824,8.778768994282677,7.991166907257415,13.915302619075588,10.6050104887659
2016-09-25,2016,39,10.664164645638092,11.55844576577388,8.413554887276577,10.112660689722924,12.58039260704724,10.05566118368004,14.097684568288372,11.58344649723598,11.46687340363131,8.795370465858984,13.340761031939351,13.206375573201964,12.224443487679176,9.953143766287717,7.546911218429984,13.41589016923699,11.099920691826917
2016-10-02,2016,40,11.335482444542256,12.44063706489514,9.63769313098058,12.568795538374356,12.906571738372282,13.512573192478609,15.534138262445657,13.352715383504892,13.454623221417927,10.304587235466837,14.314898944210698,15.038866778268323,12.789887274554337,10.995853257641569,8.835423766030257,14.751250405134286,10.972082804798116
2016-10-09,2016,41,12.834014232247648,13.787942988786106,10.652343061717083,13.831280084592954,14.43901297359622,14.437896728515623,17.645427792829953,15.258432842106016,15.04391148458955,11.315292953238044,15.89839323712634,17.018269903897597,14.53864686691623,12.134181551278507,10.28084716225957,16.58082406814784,12.512968813955302
2016-10-16,2016,42,17.401320461140635,17.334372975933018,15.679081642638296,17.073052531196957,18.154340078352472,16.89001724925587,19.600292773010437,17.30399219166149,17.30981117218674,16.240406850593835,18.584473957540663,19.01334718616825,18.64615014529136,16.353799836551623,14.0511949463828,18.91454701880886,17.388630493631904
2016-10-23,2016,43,13.483078945557589,14.194505572827389,11.371292360080696,14.833840044481414,14.71362200602172,15.91011114316864,17.75573623701713,16.16292811381353,15.62212027635593,12.057676061200077,16.538433553439713,17.448855008076464,14.83982408092749,12.648800628573042,10.364595426188638,16.87835183768823,13.2018899515954
2016-10-30,2016,44,12.767065245212276,14.600429769263847,11.246443894233128,13.567121326213792,13.901717069147251,14.068961037938967,17.65336948094493,15.88921029474828,15.109104123834062,11.45937245179081,16.638784493615617,16.70965288141667,14.067532544430618,13.239055472020343,10.311260033733612,16.784935675021956,12.424613413463703
2016-11-06,2016,45,15.63117723084478,15.780822274018965,13.889390381861284,16.31003419842039,16.999467235596242,17.147383384876424,18.861684426621864,17.489088686162773,17.526529010727913,14.383095435001987,17.557852437898713,17.637436190705415,16.867668160140283,14.415411704983878,12.626583131472197,17.697380678061172,15.322234935837615
2016-11-13,2016,46,13.137590704737482,13.87070530843633,11.030021806469826,14.711241681660924,14.681828017414809,15.96910555666478,17.90653180658991,16.024100762652115,16.05060510392758,11.569548098657476,16.3357798989201,17.276815697189292,14.836725251554984,12.66554051224875,10.23079929223149,16.89564126531672,12.852483627931129
2016-11-20,2016,47,15.193456747970677,14.789511736013742,12.891343786109308,14.675793965657553,16.39582887108815,15.343655521191527,17.934737049803445,15.896244882856095,15.830644268812264,13.588764344613384,16.37452233962682,16.983644215565807,16.458509732397367,13.656410408435152,11.574457328367222,16.857126347939328,14.981849192287724
2016-11-27,2016,48,16.843622435934293,16.627065735330966,14.92521532256728,16.789173947913305,18.044166687768445,17.343672106778453,19.41879484048738,17.958634748582714,17.945681491709966,15.545592832082573,18.234570648556662,18.657065805399192,18.388220055222973,15.781036819636135,13.172990536350882,18.56580439005813,16.277978933082434
2016-12-04,2016,49,16.375706471378123,15.72780072917816,13.589061299995077,16.749872785948572,18.10113456070997,16.98452321964495,18.85063642663094,17.01908646769338,17.521530668329586,14.736532011772304,17.742513839919848,18.031397664000725,17.76732017450811,14.76234239809212,13.0133578742277,18.029287116168295,15.995167284962946
2016-12-11,2016,50,15.671239802582692,16.063204552827358,13.94734709222653,16.689698967195692,16.928879092659088,16.934385207629113,19.34985862320436,17.717539746668432,18.083909888556796,14.477574333431214,18.20162892692533,18.733165013500944,16.968956733762525,15.29714254961214,12.667493228595305,18.51493467043524,15.35037738357914
2016-12-18,2016,51,17.72723627888251,18.334752812314385,16.02415219089471,19.730961139713017,18.609475530402737,20.33609571788301,21.45457372303954,20.00452254704067,20.346419561165888,16.64724275794957,20.338596725463866,20.706056607701388,18.882038928366995,17.04431503923882,15.539855331893254,20.544871212684946,17.056572820298435
2016-12-25,2016,52,19.99364645478041,19.985564142402048,17.730247972703342,20.99317687466031,21.60435761706552,21.600960008579484,23.619278360038734,21.439361310686383,21.37366152836152,18.394873803592503,22.018478779978565,22.64695015879012,21.79676375702081,18.82715697226244,17.433417137373905,22.52557526829192,19.59662772253196
2017-01-01,2017,1,19.573420142881965,19.739134717343457,17.859637284130784,20.57411817141941,20.63962518789431,21.032889180815516,22.974764949031197,21.47592915819837,21.525497630617625,18.52951783994454,21.55350298530612,22.49217848764918,20.896164303120496,18.636410442981788,16.899862458062042,22.08238864458237,18.93420277001723
2017-01-08,2017,2,18.921286711821686,19.24130360353222,16.89127361742712,20.19189469019572,20.65662773409038,20.653345570754517,22.04642146808413,20.43541982378278,20.92515497898169,17.73220020686816,20.96486914415896,20.93749258010535,20.56093834357832,17.648868073575525,16.438877099509757,21.104733575346884,18.578193354156785
2017-01-15,2017,3,18.80918792101101,18.60688051384395,16.48501090698784,19.06710882981618,20.4158117377608,20.1648514758666,22.123514008591545,20.710168508554432,20.234603784788845,17.411752658968435,20.750756488321148,21.404599469948334,20.35514547834065,17.061339519502244,15.40878764740446,21.078804930595503,18.299841996473123
2017-01-22,2017,4,16.421389258199373,17.82632481162228,14.8926010415315,18.195847769578297,17.463341318352146,18.6591520014877,21.48475242703719,19.53489344757873,19.324035899279867,15.12873949377019,20.229063709473717,20.741471164631395,17.90219085925334,16.527058999907325,14.208538353170322,20.61574128929183,16.053581681855604
2017-01-29,2017,5,18.392491982556983,19.38160172911849,17.055563975353632,19.768503455888656,19.6308230309024,20.46051803058639,22.12466155961373,20.53526276774221,20.7176964138352,17.407944094075393,21.01435644802077,20.990517832198236,19.62324783792827,17.728441744488503,16.47088948435681,21.03996568743263,17.97120846185401
2017-02-05,2017,6,17.23325590430693,19.03254775909473,16.34535742863788,19.15812001767613,18.045777107679257,19.400391301286422,22.655357077239906,21.012656181137285,20.667795368836583,16.549455486615138,21.40357264729289,21.844612327226088,18.51177256908196,17.693333474081122,15.459527189603516,21.671235896369947,16.981153134708457
2017-02-12,2017,7,19.39701406314413,20.202239820443744,17.809336259921462,20.774952591884706,20.91355153810175,21.379451734525663,23.30814204202101,22.26359883097859,21.57150568840789,18.40253699724264,22.189472527111764,22.069534011285583,21.03095620387309,18.49378216120392,17.798276972006786,22.1722341115694,19.11732179585172
2017-02-19,2017,8,19.117395512692564,19.44292027609689,16.803544064803578,19.88282749624479,21.09252887333348,20.61023462754572,22.89969479863915,21.896868729034026,21.32951307016809,17.581277323251904,21.600589862840003,21.46864414215088,21.163442134857178,17.6323262144088,16.772059052572338,21.642975820253973,18.90144766951507
2017-02-26,2017,9,18.74834658157565,19.34575809446225,16.909155719134276,20.00384788711866,20.242499021844985,20.6264127181457,22.840748417134183,21.7250882582231,21.48950007563701,17.47452647023582,21.387688003473983,21.5087997971198,20.473361536342665,17.80481328877433,16.52644175789322,21.59867946975618,18.54033982336039
2017-03-05,2017,10,19.423214847363404,19.85902410987089,17.52065036861687,18.923566558531352,20.75886747838831,19.644704925507654,23.2502045867742,21.325249854744253,20.83137103302838,18.122750136393663,22.005686480039127,22.45069387595287,21.08920581552513,18.56991554127411,16.199561611654328,22.379886589871465,19.353904537756165
2017-03-12,2017,11,15.726149033702324,17.218740613221613,14.854856347656924,16.016323082503817,16.63663165856961,16.149781762863217,21.561483238598356,19.013110197983774,18.29700259266534,15.0724463623742,19.903481177953417,20.46761363021768,16.936910806935728,16.185995003428907,13.288098626928257,20.387659225911776,15.570143735633708
2017-03-19,2017,12,15.517697229962245,16.33301359199003,13.74671450228213,16.21381875021117,17.277773596638667,16.920718269151763,19.36267145451582,17.397651710510253,17.70673364855772,14.205729116605022,18.000122270955668,18.482044050314357,17.223507960330565,14.767356357415958,12.973028742414128,18.343440050248297,15.37048139340794
2017-03-26,2017,13,14.982513869591202,15.010145128917085,12.598164140807915,15.81029486656189,16.730660566305957,16.588044656289593,19.49476958294304,17.617339681154718,17.636989050415398,13.469143596623422,17.561291997670097,18.53735866829392,16.754312356006224,13.832361724756902,11.595772409060007,18.24043399713744,14.86974763998767
2017-04-02,2017,14,15.751200289339634,16.507845418539638,14.057867079365009,17.349982180765696,17.099499328325273,17.632877174338166,20.31896736322965,18.69150612125149,18.79750275378591,14.795992059568183,18.823957916358847,19.60506803713076,17.304526783784844,15.146025710488953,13.3699367755696,19.3337359475063,15.43429827304542
2017-04-09,2017,15,16.036031848215227,16.266604929336353,14.058503156863384,15.86468543254194,17.117645788863356,16.37772407556286,20.270345879713236,18.085634234539874,17.50816497690757,14.72977724761877,18.86966439944841,19.35437465935061,17.58165461952622,15.057890979206793,13.07312090188387,19.24261029125893,15.992718507016123
2017-04-16,2017,16,15.240931787085811,15.94892012285017,13.537234028779835,15.466778291123251,16.562754935992377,16.022221090250493,19.598831616059687,17.621370680177368,17.303445008869506,14.27375147447275,18.117806998579017,18.26945898153711,16.76160981940487,14.082403864934124,12.36479727718176,18.329056894709225,14.948475847347083
2017-04-23,2017,17,9.79048183802012,10.804970536531926,7.757803371815735,11.067122313238324,11.31105019726813,11.415048346709714,15.108390435532996,13.76271761138718,13.259199835782882,8.31609881051614,13.631311631718756,14.212019937700338,11.7654855297339,9.620027590845242,7.2834137738741775,13.997166972337638,9.81382631998499
2017-04-30,2017,18,13.115602815473402,13.3600708213188,10.869031408347167,13.22142011920611,14.77611793614069,13.39139796898939,16.608032551868316,14.968922610344825,15.093674129702574,11.559593825560183,15.51002912149801,15.79832344877752,14.92938722192551,12.400397593389163,10.196923407782306,15.853649553720734,13.033015522031448
2017-05-07,2017,19,13.55453683173181,14.163503894419556,11.16271879996678,13.850594006833576,15.101650792876498,14.323776318146304,17.919572643913963,16.336723129966042,15.887104592444611,12.0901005925156,16.861326364624553,16.608126817687825,15.203302764524365,12.27720345307302,10.784743220224293,16.838119930483824,13.729196397442058
2017-05-14,2017,20,11.82135350179488,12.644206302252408,10.041298158314762,12.991996087488674,12.93022272729768,13.746057943641144,16.378701780002253,14.482438847182634,14.708040104920151,10.715787811944402,15.148998821142948,15.886911757230118,13.106065125078768,11.35277733766943,9.52508687593942,15.489376572946746,11.47060246223388
2017-05-21,2017,21,14.772075910825986,14.804801963285596,12.87509500737093,15.583329310019812,15.901831391120645,15.62763682847778,18.2418117634409,16.82309688171783,16.812651635149454,13.5759100860364,16.919505520610066,17.34202811274567,16.06378355357638,13.616940236818095,11.72377262676058,17.130978845570187,14.949223049888714
2017-05-28,2017,22,12.467043114444923,13.568536898220524,11.47809082634595,13.638322192998158,13.2128743931243,14.04305543924084,16.648706099729843,14.55938944482184,14.800966297810325,11.751592592393855,15.279850210875145,15.981504550841295,13.828966465695949,12.607982761170206,10.111636076683425,15.794639943863782,12.075869805729292
2017-06-04,2017,23,11.981035277036474,13.297701442673771,11.15505425075355,13.412680427942956,12.382299675401452,13.64888099599222,16.50663372100964,14.506148268216617,14.51541178053839,11.50939779461302,15.14463474347994,15.72276159566689,12.968176324855408,12.285259291736043,10.11499759502452,15.613510742579422,11.44815386482326
2017-06-11,2017,24,9.432198332390117,8.509200930722486,5.5543117731571625,10.080322984073844,11.79965774259419,10.819518966871184,12.58628339878672,11.07429964300874,11.813438762190756,7.044501991186153,10.966462852222064,11.19463808067404,11.414138265558192,6.665117347009295,6.688064799312222,11.246858293996166,9.592112220683187
2017-06-18,2017,25,9.655406782832692,11.074174500731772,8.439653581079384,10.332842700538182,9.996486662230078,10.244512725827622,14.690177639441307,13.234101555068772,12.527505847339292,8.701593128849067,13.344248416619898,13.714477811540874,10.548345004039383,9.505500360208863,7.372963913547881,13.615460668291368,9.568429135408683
2017-06-25,2017,26,12.045514082202889,10.855980146922535,8.348075654089925,11.708378852832883,13.794646043586871,12.3667899693915,15.168266521598436,13.497701305042613,13.640902367589993,9.943669481942573,13.35328789417878,13.339142996024572,14.200506005968366,8.503689393819819,8.63759156015516,13.477669898777792,12.057746767033782
2017-07-02,2017,27,8.69856561503662,8.535482388442514,5.964055952818497,8.606312588566825,10.506882806251353,9.50253523761548,13.242373366397604,11.267511256081717,10.997691849673098,6.950837528075357,11.290082071147442,11.834740825740472,10.403637498041835,7.067582320261246,5.913096598963139,11.74832647327341,8.560588372364197
2017-07-09,2017,28,12.993596409585331,12.266270752400477,8.946194531543124,12.636032350006555,14.738620963474276,13.304512316042238,15.245119575856377,14.090734585601014,14.282958518735583,10.464732696020429,14.04796624534574,14.285679686101618,14.658448510188393,9.449447736940131,10.005395580159414,14.143473548665204,12.982453033287891
2017-07-16,2017,29,4.700171990207417,5.179977028354652,2.2905412437964463,7.325698528616201,5.726384860930135,6.460309931286821,9.828892344288503,8.080279315663624,8.858627327151028,3.329751342300355,8.009558538441018,9.21813432611224,5.537788115945217,4.408636755465896,2.3572551162522606,8.906082649753518,4.262349347059296
2017-07-23,2017,30,11.248995462439694,9.442642586826008,7.332300084400939,12.424091358979544,13.412484232184626,11.941918052761713,14.144691336606751,12.885104723348247,14.152368243659778,8.957345074824191,12.296460140938366,12.134355856080582,13.026506021676376,7.968734580629844,8.175407280091406,12.42415476778482,11.505983235379755
2017-07-30,2017,31,10.850566249096255,10.287570735793128,7.683188684873063,11.936750659630412,12.794107503488624,12.031479024212024,14.949147399590938,13.630210163066913,13.900621862560802,8.690115306052904,13.190943872360958,13.605666201069669,12.674841289354566,8.985261945607496,7.816679037326619,13.588236806910563,10.504003968521593
2017-08-06,2017,32,11.20595850017847,10.29803203799323,8.035301598279796,11.01961745889414,13.493329805590154,10.887482479272204,14.615895691140402,13.002009889429264,13.082410347205084,9.138931665967634,12.93689655039734,13.53667655659493,13.044498209327344,9.160139325771777,7.3680184728925235,13.469547689777531,11.354955721736918
2017-08-13,2017,33,10.961681656242185,11.83771425905004,8.878664830562384,12.206633005823408,12.403013242429312,12.539486734103052,15.326681743210328,13.750995470022223,13.889700862992768,9.637617878490142,13.954587738235276,14.90435287830322,12.482425777148096,10.415740203895162,8.888171831000944,14.52327531191234,10.877894181768209
2017-08-20,2017,34,10.46678323251707,10.273201131172527,8.34035136610825,10.908974644683656,12.363420980934915,11.472408459760356,13.289893939960802,12.097691036818864,12.679017144289968,9.02898687130957,12.042682709425558,12.546328631372786,12.578917095790038,9.725025847159124,7.566455570079424,12.522968624435991,10.28702153751471
2017-08-27,2017,35,14.509886362377742,14.317477205923115,11.987406395131122,14.349467787714232,15.65805665163708,14.635527467175342,16.31753898709578,15.373642155040397,15.726564049487475,12.888141981260045,15.716429015981172,15.99918075391867,16.01669796001037,12.746891703679244,11.595757766908347,15.773094809918485,14.486584248247173
2017-09-03,2017,36,16.082545107395955,14.300398308585192,11.638296581308929,15.453332944994884,18.07209833033609,15.327413113420995,16.93594207986103,16.119998018834497,16.642894773800545,13.398383196883314,15.96514551319601,16.240166454623655,17.825166944371226,11.746574133528426,12.797749232395793,15.85899979354351,16.057622749529116
2017-09-10,2017,37,17.359631382513843,15.732204879524865,13.94660671135971,16.485488304070063,18.28251688891566,16.69981742426849,18.10424025621776,17.15443049245066,17.130114900622583,15.58655925542619,17.468481631093212,17.73391644074268,18.602361321909545,13.693180735987736,13.91051932238177,17.43592230354503,17.173209439712075
2017-09-17,2017,38,16.012186819982343,15.967813870037542,12.835377661020434,16.034086878810612,16.913091569896277,16.207115324307594,19.111606242010264,17.132254731809937,16.9167874871868,14.020112498404607,18.059284354701187,18.458683366081463,17.20704966990644,14.19287536698082,13.05092954911315,18.26317810872296,15.9949641549041
2017-09-24,2017,39,14.98044408334268,14.914221078348058,12.589282274457766,14.797541429599129,16.6767693413001,15.605404146849882,17.916604589790367,16.13121055256237,16.01161090175233,13.493724310760154,16.793264199128913,17.12517031954948,16.758314669362367,13.384446708307845,11.645989397812166,16.939698189438673,14.85501681505188
2017-10-01,2017,40,12.701117546862156,12.094979281872828,9.82212261880724,13.735090811337743,14.577671272678783,14.53195284262894,16.611420475706762,14.502647532673624,14.84581154153305,10.852116974051812,14.617230210572613,15.311499293602385,14.387271099569256,10.677075272546157,9.916744893960164,15.151181189281369,12.487752300388408
2017-10-08,2017,41,16.318521653056298,15.944871320907492,13.838031594480364,16.38841740148408,17.574970997147524,17.35829194264062,19.397193697381645,17.05222653475675,16.876531797845768,14.784618661427794,17.70862290023209,18.186478276779702,18.13726810322765,14.544396170996183,13.18011828348798,18.159067575712257,15.966695828579184
2017-10-15,2017,42,14.620073425263511,15.628844644977592,13.454711111012877,14.79450051628408,15.828160036766112,15.619348263955333,19.058188274372423,17.024674584029558,16.0771788738945,13.71723156543899,17.524799877018125,18.07892860942131,16.14197290910257,14.185275454081516,11.912740299369132,17.91567342761911,14.293836900166102
2017-10-22,2017,43,12.37017292681808,13.913698831092576,11.041667336262533,13.679058057921273,13.522488368519316,14.527121774938571,18.402555045859117,15.812984359543046,15.2840684440038,11.364000050906254,16.595755353324858,17.54801277844411,13.722884397709231,12.586595668026614,10.215693879317042,17.218982914889164,12.114333188437389
2017-10-29,2017,44,13.473250571978753,13.925387198991103,11.518284141224049,14.127955941217284,15.068255651094224,15.01959751563643,17.370276123024635,15.777381879385416,15.617071348627022,12.033511205250557,15.669535105981868,16.147564764614053,15.230665297121616,12.54349354448458,10.690499697671228,16.12925375511035,13.319616707508771
2017-11-05,2017,45,14.51694999974667,14.363809816872896,12.58167852166488,14.994672809328351,15.883775120219152,15.61634567560223,18.240839479963565,16.371658079469356,16.057009288242885,13.357635275719538,16.58033976121382,17.56014871854345,16.1726355911682,13.352850547174622,11.113482518702694,17.198116606695542,14.201347506592532
2017-11-12,2017,46,14.887400051494977,12.992346187390243,10.887194187533254,15.010875196683974,16.30821240380638,15.758287968629425,16.97918083368863,15.193182450579355,16.062019071000428,12.639872933667744,15.214578718127626,15.855519190631464,16.427186802087146,11.52746471096321,11.364261761483617,15.675795592440553,14.83281405274116
2017-11-19,2017,47,13.619531424042496,15.67195457690306,12.38620825012701,14.663147786543483,14.6230141027692,15.21999558518752,19.159276350594123,17.10404958799288,16.02938704667959,12.47515299108353,17.807372358247832,18.052125408964336,14.742642713789774,14.420440796858529,11.556841831901108,18.156143121290118,13.523883897339235
2017-11-26,2017,48,15.239620433350789,15.903915365621732,13.874764170811677,16.21251522075562,16.502520143323967,16.89797882315735,19.171379450806374,17.851340681794404,17.305840957887956,14.359546642603837,17.818234865593187,18.189807940686165,16.607065259719906,15.034052117803986,12.664245146666628,18.09480769760221,14.961251834653458
2017-12-03,2017,49,17.324536620573344,17.836415804271255,15.79665614316817,18.07757868511336,19.127810471857323,18.470771019983477,20.67822157189728,19.192998831612723,18.801257520739117,16.41789475924789,19.42715128778896,19.81874514268737,18.886480953702595,16.3105874644658,14.920935323168877,19.56378633682042,17.104841542051165
2017-12-10,2017,50,16.20646339156299,17.413768457197175,14.30027670382184,17.226229820932662,18.636454959166304,17.723833602060836,20.66166109802424,19.08938889144303,18.30051675747985,14.716978943656349,19.434256192822478,20.04301292491409,18.023367951735565,15.60233788628044,13.946292982650531,19.706872092767703,16.07999874832174
2017-12-17,2017,51,19.026251806408897,18.81127396829601,16.98474666854398,18.74910329778989,20.41301527948048,19.346681960607896,21.66949365020841,19.32292642766779,19.134938069285717,17.713718580046443,20.41686148705421,20.791398703891318,20.652416580892435,17.756604556184445,16.134737522508463,20.782256568714597,18.801329111474544
2017-12-24,2017,52,17.80981256295969,18.50042038787403,16.801824029822633,18.74311575577373,19.14821769324697,19.25727949179278,21.370675011904524,19.489934231646647,19.32682324855528,17.08498051410585,20.088627938274698,20.85770881015335,19.185305450873948,17.667649070217433,15.582346004338127,20.56015492791999,17.96060129574367
2017-12-31,2018,1,17.402959439438433,17.862112972019577,15.477659555484262,18.50336461833545,19.48783738484301,19.110270150379783,21.08784701733825,19.46009181183654,19.08573670676543,16.13259215617743,19.758002050820885,19.995369152881388,19.18861877227842,16.27048977646943,15.272063480920314,19.97186545616493,16.98413323199331
2018-01-07,2018,2,17.251657354632247,17.595921127018393,15.706512287854093,18.30529265176682,18.63379871783479,18.70092522683752,20.897833648993043,19.17148877428724,19.02837168960422,16.210414182214553,19.50778632886482,20.020954029258046,18.945352673070317,16.606565061085394,14.741831239577632,19.86486776654268,17.009611955550163
2018-01-14,2018,3,19.132316159772444,19.69652450008433,17.65491497442589,20.14084956901414,20.131605350203557,20.71989690567076,22.649946001458797,21.036354734742797,21.05023701550209,18.11981799873378,21.52310837914933,22.190181940392343,20.51775329361551,18.61121516535298,16.655019618838242,21.86439950125558,18.83273837637066
2018-01-21,2018,4,17.998386045527116,18.29497619478433,16.315041075370537,19.206093810853503,19.511827991239944,19.19029116415763,21.30405302019925,19.702267510054945,19.82088752268812,16.96408094839519,20.12445572774648,20.43775843802809,19.514719095929703,16.949231327028205,15.735745336486184,20.27949575248763,17.904508915230274
2018-01-28,2018,5,16.69961231555718,16.78095638421553,14.576971570685991,17.607031676031294,18.64607752525392,18.180152877110466,19.990621605697942,18.60587984159395,18.42621497958607,15.404727779705963,18.770691497604567,19.634217439636068,18.490942638353037,15.390453226537064,13.595206725801283,19.208699532451,16.8785257108128
2018-02-04,2018,6,16.601178139793365,17.121692380925488,14.5756022001434,17.81642783965383,19.1001336939859,18.688003026994195,20.493424201498225,19.304175687022024,19.096948671247628,15.35615998848485,19.206929375289324,19.622351762098123,18.779824939013448,15.18772597816748,14.527889519362702,19.446072714669363,16.595521288740667
2018-02-11,2018,7,16.09120108752944,16.699060678482056,14.652652823829822,16.525201270977657,17.493692561840675,16.625013044595413,20.00008201043043,18.414318947730123,17.73019216205276,15.185377232537627,18.60754623908501,19.359052383032125,17.447125628187848,15.691410120174163,13.168361091981364,19.048990132057504,16.134760825781807
2018-02-18,2018,8,16.10457415071387,17.099931484600628,14.451805817308736,17.815425579036987,17.37761798776758,18.470087044027323,21.273293258844937,19.0323996600857,18.609681183577987,15.06631452187108,19.600929530255204,20.21443952190266,17.56447825100431,15.688079841909646,14.147738842239326,20.09592869790333,16.130284526598743
2018-02-25,2018,9,17.775565033253553,17.745596888222927,15.577179496650054,18.293702737206505,19.73151566698144,18.765146071386155,21.194142800378383,19.31920499380533,19.29313849563001,16.471256517854396,19.901242179375192,20.67646899056242,19.54534890752962,16.453822340850166,15.225649306642609,20.35009891226333,17.765791035726707
2018-03-04,2018,10,17.21080948180367,18.27216012238948,15.956774295275467,17.80868989938781,18.23576755862515,18.28256603373524,21.587189955196987,19.061443819318495,19.07323632548233,16.292087745881055,20.02380829105129,20.633157807219064,18.512718306545125,17.14312665227566,15.01871595885834,20.490672206692032,17.116272056841787
2018-03-11,2018,11,17.031250009819043,18.1861658975768,15.351883026383678,17.607872332845414,19.47474623326457,17.437847331377224,21.93952560980883,19.85625967248694,19.395171201858968,15.896786839943232,20.283007311304925,20.786793252528515,19.18261760266131,16.71111972500885,14.916530258998442,20.75374375397445,17.37674256347903
2018-03-18,2018,12,17.72932228495869,18.856486761239548,16.51292589224855,18.98262346784274,19.243654248980924,18.351209905617026,21.811935180130224,20.149358714710583,20.24858800305779,16.696378804433195,20.33451042670708,20.78839603331533,19.16072892958593,17.632704080401272,15.788334963437135,20.729351247126807,17.992936431236988
2018-03-25,2018,13,16.826174539642135,18.3629818206657,16.015013587295005,19.335281592039838,17.10255878965207,19.224005389857936,21.009831815002265,19.08893779308765,19.912918477142394,16.071941031379833,19.78180882590157,20.74012016414632,17.796635161035308,17.164996060732566,15.604469528602598,20.34279272374341,16.532281713665657
2018-04-01,2018,14,15.44857713583967,16.67501773610552,14.006679388941553,17.69521628391175,16.96593034858619,17.475102187737228,20.095173749562253,18.413650424015984,18.964136867373888,14.430200503298884,18.61900788261777,19.68373840003001,16.864153113604512,15.713515396404985,13.963095946416486,19.33159827812777,15.04932890683814
2018-04-08,2018,15,16.20416445590968,16.379244471918035,13.672073516574915,17.97688269899005,18.997504767976277,17.943271862800824,20.414398426912268,18.763245152064734,19.513950723957876,14.748437730748424,18.629832350330435,18.658103868325124,18.38253023173358,14.231409932201826,14.366907981067529,18.78621420141769,16.10115796857767
2018-04-15,2018,16,14.179068198382009,13.9723725201987,11.540657534468142,15.782325490599588,16.620671089449075,15.693025829555753,18.015497338320007,16.512028732299804,17.36478582147049,12.525872475116676,16.36582217030711,16.169950878523753,16.227851280374416,12.181239252841468,11.951157409522772,16.43084074046514,14.110690760805278
2018-04-22,2018,17,16.107725720301254,16.07378203121584,13.385663695534248,17.8151154702618,17.95498514422481,17.913201642619445,19.084661878580253,18.56662374620313,19.227411574346917,14.51539985508699,18.014856733181777,17.57260087622465,17.685675551072052,14.005616490719202,14.182773278782497,17.928483942483503,15.835137531121145
2018-04-29,2018,18,17.040830612182617,17.232417320645947,13.782847160772617,18.16840602812313,19.641753413428383,18.18337631962014,21.21304759478777,19.44983541166627,19.38482997935346,14.845790546039629,19.664416743356945,20.10743677134141,19.116821325883905,15.152650803315764,14.600700987473768,20.035746068637195,17.054208825540673
2018-05-06,2018,19,15.396905093886526,15.422654697381612,13.32330363898967,16.54428743038859,16.65558001167416,16.873045170169082,19.03537417709306,17.279048581804545,18.020543021931807,14.222519780707172,17.31540422976275,17.836016819483508,16.705014278529696,13.74778116216384,12.999764758114411,17.762714008995697,15.03186172230867
2018-05-13,2018,20,11.803662999716504,13.019048962257564,9.511433080856843,13.227741013680182,13.534928364898432,12.71453653369938,17.11034438074852,15.902641368717344,15.348779443192155,10.207292411807416,15.667072935228225,16.530204192004753,13.727740920188344,11.404772980674531,9.632312507349104,16.225950765516426,11.901994835976964
2018-05-20,2018,21,6.230046384583108,7.148336456465062,3.7478250253486127,7.831113637203262,7.930252544620494,7.997943603854382,12.174993059030427,10.410212639647645,9.88923229536665,4.840952445471112,10.28828325023899,11.59104222364503,7.357621624432936,5.558823234816997,4.149856350043399,11.023991045886524,6.325839822183079
2018-05-27,2018,22,12.915399075168134,12.78431902358781,9.96746307870616,13.091525223993122,14.743045263339818,13.105386628454102,16.072997251683002,15.312675245210723,15.456833854346826,11.166182138788418,14.851292270809024,14.174333117400218,14.43152173881825,10.189255416275344,10.71361955267296,14.620526261525612,12.869140358948002
2018-06-03,2018,23,4.979738434155782,6.069343028101586,3.154992630974635,7.823275545168491,6.879816764376942,8.012271273857223,10.636687937700366,9.42552799856508,9.694264134315596,3.736658165908101,8.706194118400672,9.978643944963933,6.742818490188554,5.112999932398946,3.2367253305825288,9.579223801245195,5.200690716344391
2018-06-10,2018,24,8.560759911819467,8.504576942496207,6.991688002710759,10.303684930716242,9.50559839365837,9.671647109120048,13.02049744163936,12.253520569615551,12.18609877761796,7.453698010492914,11.035140336437143,12.652626461738524,9.918418068453152,7.874164162344455,6.680694554260453,12.08027127437629,8.442039220400575
2018-06-17,2018,25,9.654364753413844,9.321786842620703,6.404584129721905,8.970462156548386,11.512767451679505,8.86859190479362,13.354087748958486,11.854890785217286,11.19605915840358,7.535635682943836,11.689742816578258,12.297628281894076,11.363541840816556,7.720995224649651,6.932677394021019,12.235844793151736,9.890948919433791
2018-06-24,2018,26,12.967045466105144,13.2155332799151,10.899402007447373,13.370067454519727,13.995410630475318,13.11461673955046,15.702630268241505,13.888642265517989,14.115593996066636,11.548814285190357,14.430454107177203,14.607828195525627,14.306047508615324,11.542212683077995,10.595228998036706,14.702075762291477,13.214684307735885
2018-07-01,2018,27,13.985423850276756,12.219695128611663,10.710954664868384,11.823874199674243,15.830223574098348,11.853765235444293,14.652665755491563,12.407797337073786,12.58402636933,11.726596737337058,13.544094983220615,14.283428228126382,15.9207936778492,11.281590698168218,9.70888341004462,14.0378964119928,14.505529600976288
2018-07-08,2018,28,7.0515634634626725,5.779181117378573,3.772924376147557,8.407925537654332,8.290685547801145,8.773554234891325,10.26440859953099,9.044986542850346,9.34326287235066,5.173492967344913,8.455231771634253,8.347955710161727,8.249242079994394,4.386186485616973,4.349017549870646,8.633796397487245,7.1189965409731295
2018-07-15,2018,29,13.72358020821747,11.539107844011108,9.506511540781004,13.502054366327467,16.107673223772196,14.015401162696165,15.473975109289407,13.7771820608362,14.120875483622992,11.14786691526192,13.82567645233947,13.929532659021673,15.821124503741393,9.550680315065252,10.539989954992766,14.042538496379514,13.780825882748454
2018-07-22,2018,30,11.635485140053,11.337506839969777,8.866329663394295,11.807716074089209,12.10786478083545,11.849948153072344,15.554440034026651,13.014136541044556,12.751920192908866,10.050548289704512,14.092087672592758,15.138056598262326,12.871464593760296,10.289094575743077,8.708308537475634,14.789569041033785,11.610953618574015
2018-07-29,2018,31,7.791999787744255,9.345289265550278,6.0733365120883525,10.567909218016124,8.880270044155953,9.877745855422248,13.81864203795052,11.910003651457949,11.625638434098423,6.472995238041315,12.145962269688065,13.467133866487488,9.330267353407663,8.76873550294273,6.225090865599508,13.083836103838715,7.758668369842026
2018-08-05,2018,32,5.58967721048009,7.588899847922294,3.5405709402901784,7.654113725892135,7.202199979502567,8.055587388987401,11.747382116734808,9.864801798486088,9.435328185441676,4.351516111495123,10.548222703025454,11.034738700666194,7.07856122430227,5.993040804481808,3.951704491652285,10.92416910835908,5.352386481357071
2018-08-12,2018,33,8.833211270998804,8.184518329878607,5.165329798937056,10.20771409358297,11.360215458845229,10.206547926138112,12.15316247801044,11.104520260203968,11.475199641546858,6.965025512118173,10.557326401260507,11.349285464723796,10.785409481829198,6.11005196450584,6.449161386811512,11.087126552708693,8.959807543741725
2018-08-19,2018,34,9.328268161611668,11.594505457735773,8.834697112639391,10.314794238124575,9.428500662195868,10.271965792740634,14.627632391348524,12.608735725848703,11.662689768871449,8.779316640409762,13.48445273147517,13.976820103884386,10.094281709792533,10.882596066500955,8.112539543412849,13.985552903490758,9.31691859995901
2018-08-26,2018,35,9.863810438907285,9.024289252216628,6.720694361371917,9.555659495471488,11.995601750673142,10.302502851688724,12.636137721837434,11.111906871052533,10.874265777738126,7.974263659210119,11.205901199605044,12.433326808268813,11.8926577627889,7.798741143637606,7.069403346806543,11.959910902258468,10.001951052011506
2018-09-02,2018,36,9.785592053694462,10.367212799058033,7.231789889754504,11.52753254558359,11.25547964779383,11.775215799130375,13.874502421120512,12.70133536202567,12.68720985112125,8.239621468952723,12.59787524045804,12.524336827090488,11.287878194831052,8.523466903605762,8.141107176734982,12.767870553085714,9.622047738726891
2018-09-09,2018,37,12.659252592648931,12.887645594346754,11.197262714050888,13.395662517774673,14.195312310818125,13.728840727296728,15.885614731568982,14.182873592129,14.300911160597828,11.7601983072519,14.541993723287211,14.769328144361388,14.15023981005989,12.027442975906595,10.139165615581712,14.799908014659543,12.563581057957238
2018-09-16,2018,38,13.056435685667136,13.51511007483834,10.047319955284234,15.730491622572854,15.098418473667962,15.956174821006746,17.463838524443066,15.5076619428164,16.036883070510896,11.3028265858662,16.003575565288596,16.7289636282908,14.95102581646452,11.238981490744685,11.540433852306707,16.39887864435722,12.724025635706449
2018-09-23,2018,39,16.641707357752736,17.005985618908525,14.242331800993924,17.96535381958598,18.47817841183248,18.107722255407303,19.86326114776878,18.43709679640733,18.60068615821943,15.196243989320116,18.672834767923728,18.841890053607703,18.32421882824548,15.099486704631245,14.392219226867484,18.836503607419605,16.486615502930718
2018-09-30,2018,40,13.854627724012968,15.509568964240394,13.071492461261226,15.866496784346444,14.928598633348985,15.533547958045087,18.79354864793338,16.55525666298804,16.61027590869224,13.122391680094198,17.47870723674824,18.1014085702819,15.171517021407492,14.533670550521109,12.045774912437857,17.912748696986014,14.10091370263832
2018-10-07,2018,41,15.442541984057335,15.077918763862234,13.278303363414178,16.27175215312413,17.074622286945512,16.36771752199151,18.4152510896021,17.074149005939436,17.03302883308694,14.098272287671293,16.843946555166532,17.33420317256547,16.97634013371118,13.891929033956464,12.459723491089742,17.24575400305821,15.360640776446568
2018-10-14,2018,42,14.684627287482968,14.883949744930144,13.188473788636284,15.475481004942033,16.20528602105966,15.838277738220135,17.784029123734452,16.497420231707686,16.343399443505092,13.68471825699436,16.413699060910705,17.441380467376298,16.12041288361126,14.05917592231681,12.08420194461816,16.96304825187429,14.735618986530769
2018-10-21,2018,43,14.796788495479865,15.025262476792976,13.135453962496983,15.954669687009996,16.205259584304052,15.870329511978756,18.104062172136224,16.475711666949383,16.81432654386397,13.873437781167649,16.645306263547955,17.043746923821953,16.1026402191766,13.681765044211962,12.244142963925894,17.029056829015804,14.410166426167658
2018-10-28,2018,44,14.627615059664812,15.007434857171228,12.703145062912856,15.874788698695957,15.930870849586784,16.114548108752633,18.461255093010102,16.84028766334831,16.792251785673972,13.52332795457443,16.719003629478028,16.81315233893793,15.820425765394706,13.430916774683336,12.371949698315618,16.907746637870652,14.36716244516347
2018-11-04,2018,45,14.986010026133966,14.91292386166831,12.913558035903836,16.195138013079053,16.846021650103975,16.456783514378767,18.90761976825948,16.935598351614814,17.256252102189336,13.92524190265497,16.98367884004271,17.743618737655186,16.491522778875577,13.452844233677045,12.145987741460688,17.51399084453247,14.535988777474254
2018-11-11,2018,46,16.898131223258826,18.07262426246204,15.476070591487394,18.14657891080493,18.975972334426213,18.31355586352649,21.177327631513855,19.44068221203693,19.04873327173132,15.95406806482373,19.728019174352863,20.13903645749362,18.51279144949895,16.847193404342235,14.821649695901636,20.116936220814807,16.778106958075675
2018-11-18,2018,47,15.269790316794063,16.13900217521928,13.765185572768909,16.132312733502616,16.93306073853036,16.282915602626332,19.256732515273917,17.76766581745891,17.480182767147653,14.317919555745592,17.91589661387654,18.32074275363809,16.727905224649145,14.85199143870527,12.966254434996817,18.39476014863255,15.023237864604855
2018-11-25,2018,48,16.483873000322927,16.88958482294957,14.714050991511916,17.35649796326955,18.151636679908417,17.709226912666626,20.035043449513072,17.88952711675074,18.074115743842377,15.4579913731501,18.732017046445375,19.38712680307681,17.877085599199685,15.806468399041815,14.005865907588657,19.339242242786984,16.215508327972536
2018-12-02,2018,49,11.587450250848995,13.938791273245169,9.875069412385455,13.396319180727003,14.180292343405068,13.561340294596157,18.003222693507244,16.465530569893975,15.386636324824654,10.26608021723272,16.71728390697793,17.578291907143402,13.655270701669815,12.931155427435336,9.478473489010543,17.38929326193673,11.763113557489092
2018-12-09,2018,50,18.115818832525107,17.55467767654451,15.20558872705238,18.309477103608,20.648366679622896,19.000887539395958,20.93588938865995,19.48575427513618,19.54674443060171,16.155726313725097,19.4020798893718,19.76443983088285,20.3459245348529,16.218737077656403,15.384554561664617,19.97686927705828,17.87381113957202
2018-12-16,2018,51,18.4689897490591,19.298040031624247,16.377903942524487,20.15152705425308,19.894503892041595,20.522619581283905,22.439236643710565,20.70647338916729,20.836461773590564,17.051145781011762,21.41269623727509,22.505241638245288,20.012602842912717,18.02092134976132,16.568179557881166,22.054503633084828,18.223344910176937
2018-12-23,2018,52,17.542535591616442,18.58195223279599,16.196464054121208,18.440475248155145,19.20481531325311,19.19567834886038,21.23116837437577,19.636206686837333,19.70859763300349,16.492671651700753,20.201087091289043,20.644997499059794,19.05863750303114,17.524086660106615,15.35602062807058,20.630059714419968,17.32864152196283
2018-12-30,2019,1,20.48252753033141,20.816022385920544,18.537121965701115,21.03735568835621,22.031256159705464,21.402904822252587,23.756477100161007,22.37633881061108,21.67395758768817,19.39739300349164,22.701269166294114,22.792957236503334,21.80238374872097,19.59846652181525,17.970961145250747,22.971676328177555,19.949006042069183
2019-01-06,2019,2,19.49302462230472,20.44224932554688,18.2883521399883,20.882889439662296,20.62842175379936,21.43259605446991,23.517219576821727,21.895268539825043,21.26448389042147,18.75326845428673,22.274428797800308,22.886015745507414,20.84770049091472,19.242537540742237,17.763698406260836,22.84895228779713,19.06264523418766
2019-01-13,2019,3,19.507321903911183,20.12965221242356,17.777236434983912,21.647742220333644,21.074787683437528,22.02503693088448,22.88300860657984,21.93921242156586,22.23846173706353,18.428629812963635,21.756209273565386,22.419167243566797,20.91010486757433,18.98394784599036,17.630922189306798,22.23260257295433,19.31445298104916
2019-01-20,2019,4,18.65313738377398,19.77386050437813,17.46671296731497,20.01260017071452,20.39818406263869,20.51686009170159,22.938295436670067,21.34885593265682,21.32243080568407,17.766619098736275,21.895019782260384,22.865171188292795,20.329364806068448,18.838028322815376,16.35950568347803,22.57597917679938,18.61378147402864
2019-01-27,2019,5,19.941043112422204,20.186947351833904,17.294570682105913,21.329178289288564,21.90865360093417,21.843683618376154,24.21414325258127,22.70585790956175,22.592230944250897,18.338643171655853,22.684330059233165,22.808313791321297,21.792569871114488,18.291580376438247,17.92865689580224,23.01523024228688,19.48901638252073
2019-02-03,2019,6,16.693781407183202,17.463017490118553,15.260434865739988,17.04632566798301,18.48179118638565,17.81402908850514,20.542731660448084,18.99558712055157,18.719257231561173,15.628115803640256,19.31910218573236,19.348100379470868,17.900531650049803,16.257560937924495,14.252849900845996,19.61450583500872,16.532673495156427
2019-02-10,2019,7,17.758495080425014,18.053056501376343,16.281597706101696,18.06538861422312,19.200269415323863,19.052558433748736,21.232866809945065,20.137259593319584,19.452555840262693,16.671209930703128,20.26133352420031,20.916629283576,19.059062560092528,17.35078388247322,14.977793404981906,20.714974655330533,17.63508679346254
2019-02-17,2019,8,17.35102164883411,18.2438753225656,15.753826047428545,18.47353923462686,19.023174359302534,19.440400895618254,21.70821092010587,20.163123620764,20.0229622118627,16.27170818219437,20.40089662560137,20.6584223749824,18.88452430305334,16.848519638115867,15.346059196341672,20.709791963581,17.125506296954708
2019-02-24,2019,9,15.956301096323376,18.12769313865125,15.372559043931664,17.759785731633503,17.191365131177697,18.47377675840753,21.040489613836083,19.649471519767463,19.56872963951992,15.340570143559116,19.887711700835784,20.8084389231597,17.073579341748506,16.781972414899073,14.781855078669404,20.364858233532093,15.942713362830029
2019-03-03,2019,10,17.83841086722709,18.830020431262344,16.131227238154985,19.51491478369349,19.525402454514577,20.1137174854254,22.93125820437951,21.764405001355453,21.54114220426973,16.719702006727292,21.354280953180226,21.699352079324644,19.339071731309637,16.950998384017552,15.998068428820684,21.57248993442483,17.65453531928461
2019-03-10,2019,11,17.117805704340203,18.14120139394488,15.985444674369184,18.28765515628315,18.5785328309506,18.97429591931278,21.39734255954754,19.983872189212157,19.95342481206308,16.21196117765858,20.1068974350438,20.596244637214262,18.45211511228996,17.211152169560084,14.755767153935444,20.452702442027345,17.17574576226206
2019-03-17,2019,12,15.63068540123899,17.292905840029846,14.749788902878446,16.751499313683738,17.093851210892772,17.625434254433966,20.83124596175925,19.147794813180894,18.44886737700311,14.827159846191062,19.34121147172276,19.74023386860151,16.923179365953423,16.18310441619849,13.553547062433877,19.676482840760112,15.482522592390325
2019-03-24,2019,13,14.604312551834717,16.425741076215246,13.69879054684711,15.585264577752064,16.2169722338944,15.953841473298336,20.050049879113025,18.15186242834314,17.60372138909865,13.726607017495631,18.640978880878137,18.853484460928367,16.063416094393343,15.233473066006152,12.595856396039403,18.861284771077557,14.504649677687896
2019-03-31,2019,14,17.596449780801702,17.930920723913065,15.48463129806857,18.360858075675512,18.83073655487783,19.146671539414648,20.85020164289558,19.419279044015067,19.745675902543933,16.23873702264878,19.5317724880202,19.14278911323239,19.05612757859543,16.324680343464895,15.391181352597435,19.48402831792365,17.30698775409688
2019-04-07,2019,15,15.12872613074697,15.245510947221378,13.107499477603104,15.657896845823243,16.823300910119567,16.50693277287821,18.527634117415623,17.07788293021066,17.36758119672712,13.827652733827469,17.300786144702464,17.588931948669515,16.740587555763806,13.880092477062544,12.253888475495744,17.57502497618912,15.116928793349356
2019-04-14,2019,16,15.298403138512963,15.336650093989586,12.413718769797836,16.745769011122842,17.911907523583693,17.402420744779334,19.43393489848768,18.13093674845509,18.368589041051106,13.329803736057004,17.721431880802303,17.831242899367755,17.31528505579385,13.418336234264428,12.855201782878122,17.903440936437555,15.20187510505841
2019-04-21,2019,17,17.04871784735524,17.736988800675125,15.456433483638271,17.829616286924907,17.866219171853,18.511317059186744,20.87631617621152,18.900967833283666,19.14227162135324,16.060639296125103,19.62059304291036,20.29506829613945,18.14398602445153,16.689870832463615,14.735665242317586,20.128570026614195,16.770676304387916
2019-04-28,2019,18,15.13846057415622,16.094338457213283,13.372917725115403,15.718806442760282,16.829220415308775,16.138460668664486,19.836135725238236,17.794197874688482,17.610727297116632,13.726512432634763,18.405190038474608,19.38168795860681,16.721971376522166,14.77103663264502,12.652262448288106,19.031056471300214,15.227407916215553
2019-05-05,2019,19,16.861296029011104,17.412764345913303,15.426875259988371,17.01499037089802,18.04358915855583,17.813776892584723,20.616695309519415,18.91194298880441,18.565859533336067,15.961626224496364,19.29800316121155,19.82514706326302,18.014384830320203,16.24131497631065,14.309002737400474,19.664492791879432,16.555002375111744
2019-05-12,2019,20,12.422381853965256,13.718886295615482,11.407316024682114,14.99395950848148,12.921171620366838,15.257780087347044,18.28526027835145,16.82277443328461,16.528204369218383,11.629649033294353,16.24472672350995,17.79046187696431,13.280636343716656,13.11584191365727,10.525121530318255,17.251432355369374,12.439234726512527
2019-05-19,2019,21,13.144442285810197,14.298516932326846,11.54354511665473,15.820980365787236,14.733505481971273,15.643853689559483,18.164756193800503,16.588578121631173,16.861590542205395,12.278161567027174,16.60756869378028,16.869996245659262,14.390224025976703,12.119104794282237,11.55535019716278,16.82585643835497,12.897484575963084
2019-05-26,2019,22,13.79369591316508,13.664655893596253,11.71511945189262,14.73394760418506,15.389717218524698,14.62027667081187,16.76596866196168,15.625941189357215,15.795074011248383,12.552228529622235,15.440668987092517,15.830071616365585,15.39036628730509,12.325809617452014,11.095758879911292,15.80290570044471,13.759298987465728
2019-06-02,2019,23,10.781256688607703,10.751206084609288,8.262551094434276,12.411139078793072,12.622711111756272,12.459074345027773,14.85466481645323,13.24524273017784,14.332354355231654,9.178531682933812,13.281732788746492,13.216103312140204,12.568376859182557,9.360531041779725,8.004314469532977,13.470156412068649,10.534516075550703
2019-06-09,2019,24,14.2443685605259,12.839521928636758,10.01996289594256,15.157197868540171,17.087003947892605,15.31116027905674,16.528716899215652,15.847709189080572,16.55148535185364,11.717086484649451,14.92283898473302,14.863289776516732,16.655725979897046,10.055117650328295,11.132860856296295,14.885876817945862,14.181545064777056
2019-06-16,2019,25,12.245760097159996,11.850257295535316,8.733880400763429,13.116566575708845,14.489044694173431,13.293171620583747,16.60394225662721,14.847883161074156,14.963739930300328,9.894118783712656,14.983481493037498,15.388531223461635,14.375764480428806,10.395535144873838,9.404443824184971,15.380134502269051,12.423099584013949
2019-06-23,2019,26,11.663537490015017,11.662403226915451,9.531518820650088,12.331743375176474,13.204620581569715,11.825537896064256,14.758637850903211,13.052536875984885,14.137110395207564,10.064127822560588,13.361772173101253,13.750709876859926,13.234529966553206,10.335264639746876,9.155225030831964,13.838011135093852,11.869917729794176
2019-06-30,2019,27,7.925594344140634,9.300199161015591,7.1011320861335765,9.418872531547787,8.921431167204235,8.790152262383293,13.294826410254656,10.813709109603584,11.263522076338472,7.162277821648375,11.707057833361937,12.647337871581076,9.048254986023926,8.493616059640674,5.929064424317649,12.404812480838796,8.07745938754146
2019-07-07,2019,28,7.299475824203883,4.019565958458224,2.099032821809706,8.673658880981662,10.314201347866296,7.95677676202401,8.99277200573735,8.183300809984082,10.194195722763784,4.448259280288448,6.757350964566846,6.9760556948795465,9.563169688072676,1.811933862582751,4.25443936600452,7.047835755138247,7.143839148819608
2019-07-14,2019,29,9.293089778880509,8.833943584072056,7.039209560683689,10.336389632806892,10.570195276767215,10.146343717243685,12.8180162482637,11.655952986060798,12.12623223283286,8.089531548782192,11.007035772521776,12.13155721268564,10.750007001589625,7.595050893426177,6.854782207647999,11.711423411527958,9.45069020135062
2019-07-21,2019,30,14.01033539139933,13.322405250850265,11.44735688621636,14.604818984156564,14.802627497474676,14.758561600742809,16.03461586699194,14.797598801154592,15.767283876348149,12.673171304610506,15.047017684540192,15.326312418575236,15.25277954777235,10.897178723871544,11.758961534764332,15.075874677609558,13.791723457950786
2019-07-28,2019,31,9.168482379410104,10.34080555920662,7.886906688998205,10.795085735973856,10.099120931480655,10.83184042523113,14.234412540847288,11.858780413479,12.258734460679518,8.333172377102555,12.555242332648405,13.592228980077245,10.372976935278034,8.814828109590254,7.185417628466322,13.25277942827303,8.829651924638414
2019-08-04,2019,32,10.23957863568953,8.457378493919808,6.992196486286072,11.0965575934166,11.428953126128032,11.220806672919826,13.27946466468166,12.069694113545603,12.841231057088669,8.722620280239525,11.051781584690142,12.032509163383525,11.740601082451096,6.97850989035858,7.590210501844985,11.778461258238778,9.92177011976345
2019-08-11,2019,33,7.727215089699783,8.187862119059574,5.249471808283754,8.737007765099406,8.407554178393214,8.848934723603678,13.409273182337902,11.470691025535784,11.159013879275834,6.173550867189572,11.671570732892851,13.01587051458436,8.95981387063343,7.423465156347609,4.799811788824085,12.55402745239422,7.60268541471656
2019-08-18,2019,34,8.946384990230644,9.970838443302652,7.718487049376106,8.891355101196538,9.977712828525345,8.852313977564316,13.275524181110171,11.584460980056168,10.836555803358673,8.152471019124823,11.568810439832284,11.920944449715217,10.2672280482804,8.49831161151821,6.361225271075641,11.919669971540715,9.301237204646808
2019-08-25,2019,35,12.476291359468163,12.070645952021389,10.133028110361987,12.692028804549148,14.725362592763496,12.629441461968147,15.561609090243412,14.157402272410208,14.599044012230204,11.22228911220692,14.158377450885194,14.632626867679894,14.316352674859832,10.17856214581434,9.729403452941003,14.412968714876415,12.390090007023671
2019-09-01,2019,36,9.139721550689854,10.912119873551164,9.177243411276546,9.853430270793892,10.11586466619123,9.768572382331662,13.82110862898757,12.501671871086218,11.784046942473855,8.730493820960664,12.37062425530834,12.745301468995702,10.393451402546356,9.987830361312303,7.240938694440897,12.67840783610036,9.65748793481174
2019-09-08,2019,37,17.434795061747234,15.279501736037004,14.506281207066886,16.10423074804601,18.969896120287416,15.945975093767911,16.836560588536386,15.847478333014948,16.572831348896962,15.926172824490592,16.058319623542555,16.164688506216372,19.022810709522496,14.097461388334722,14.177862416862208,16.17939727506992,17.45415216507616
2019-09-15,2019,38,15.67550601615562,15.477006883763556,14.139617224340432,14.8417135817664,16.830435702749575,14.873840699017894,17.77233984032456,16.022339627154462,15.987630019215922,14.589966551391294,16.77638801475624,17.238131246798122,17.15976142515086,14.34788022760256,12.639403887812817,17.06853109236566,16.11739705836355
2019-09-22,2019,39,10.328638918151269,11.081456724260407,8.461435612049796,11.309128932654858,12.010951804550023,10.700758187160222,14.787537836124876,12.785619903663536,13.07821359046518,9.257852358276317,13.050672119520442,14.255232784625976,11.86410107299628,9.717828173386422,7.535559107268812,13.840076750738511,10.187098082506433
2019-09-29,2019,40,16.90658495447657,15.859920518484708,13.83928968214629,16.09019967771712,19.358034387330143,16.205008098057338,18.60602409707562,17.453169796931277,17.442635149871766,15.024612473422414,17.413618253732658,17.628276729840795,18.974143368857245,14.386373768977416,13.185540204104443,17.572364226712637,16.781394867241545
2019-10-06,2019,41,15.195634511753704,14.704376867839269,12.48286507546426,15.160008758306503,17.271481132789685,15.758266517707892,17.700583524676176,15.721442876047902,16.07804325648717,13.46234346589302,16.53501902163287,16.277836239241527,17.061105331398807,13.094392884046512,12.314302244694138,16.570381500483027,15.166718479758002
2019-10-13,2019,42,17.236574575554297,16.75417659480943,14.81814540077758,17.306991172688345,18.84601757139916,17.070176165076298,19.61242631016945,17.72216934897683,17.81591813578298,15.79333087376186,18.423423530941918,19.049587085240614,18.781404880943445,15.435671119855996,14.088118131463425,18.836179190185906,17.137589840876124
2019-10-20,2019,43,13.436940306095238,14.729928173235994,12.074143429614848,14.35836331191517,14.922895490108465,14.071271264261568,18.06536966440629,15.923149304575736,15.686994105635788,12.284289950594992,16.725823140660406,16.973080036132483,15.054243951230436,14.013437073363775,10.808402164388466,17.088739854249003,13.783643342092672
2019-10-27,2019,44,17.480604020785183,17.431655419660782,15.50430560175465,17.993081423498335,18.895999084659017,18.510994723404696,20.771769209436357,18.44990389192259,18.846579971612083,16.266620684796433,19.25624438694545,19.867534584754885,18.910599971830155,16.276854523378347,14.587726444372125,19.72209308945269,17.229083680078347
2019-11-03,2019,45,17.16983207987389,17.485249913323408,15.303863307492543,17.20381727388927,19.09196309739797,17.53044642322005,20.55829841680499,18.488982853084416,18.044017969045623,15.862541810734063,19.17331815777403,19.91157783523724,19.029096208484013,16.541508800671135,14.33906361281915,19.695104147356787,17.21285824441524
2019-11-10,2019,46,15.940521108904706,16.18674019303149,13.771529991434228,17.234663130272,17.3884689915542,17.431368988606614,20.305196684234,17.71764621140121,17.786644363589946,14.605689110450188,18.42545157015582,19.443765668534848,17.623656854666336,14.859549028768718,13.073617142787812,19.11572355393561,15.626021121068783
2019-11-17,2019,47,16.881935392107284,16.442874995376002,14.111597361560406,16.79884244430633,19.671419899698368,17.015826458482977,20.138620270932037,18.185811822569217,17.764363442848342,15.122569564222887,18.412921198725183,18.775872125137205,19.219219030100408,14.930339854368354,13.783677470796054,18.775088280381052,16.65608573216955
2019-11-24,2019,48,15.2674228994696,14.536058430986872,12.714523760534115,14.991914896737962,17.259221622627987,15.361571064019907,18.28107059523246,16.697643764049975,16.326246898001653,13.770247482475735,16.5029561162511,16.749884688950612,17.052714310097418,13.529938157386916,11.330065662905096,16.86922551134561,15.211599727203904
2019-12-01,2019,49,15.3260106132144,15.522626585035184,13.269983407133116,15.230407489197596,16.563904999451317,15.583828706385392,19.367158394860805,16.97729100264512,16.329020676547533,13.935585819025544,17.758336008575572,17.910396029685707,16.882580956897222,14.406704216546864,12.03942736106676,18.02340210767175,15.16066040889915
2019-12-08,2019,50,17.083723751888005,16.846304766913214,14.571583979301147,17.15070791613488,18.163677372992435,17.45826599803517,19.83056184640779,18.683562652290643,18.54840538413091,15.570938445585783,18.583130675476863,19.01015574977083,18.80074806379075,15.232250550258382,14.175812315176952,18.838911161030804,16.507998150313963
2019-12-15,2019,51,17.40339566627218,17.74204416925719,15.825890682816189,18.010221526736306,18.02838308064696,18.47364938213098,20.824739055800368,19.32532083139791,18.993189852764928,16.616896415319967,19.52424831968365,20.06338807514736,18.514638437727704,16.715690601471152,14.71044035642528,19.86815234033096,16.871236383432972
2019-12-22,2019,52,16.60308584804854,17.912731817282086,14.501361513941715,17.671845602137704,18.70381433923186,18.07842659305881,21.8134081704276,20.103185738897945,19.08071216538461,15.12202595698954,20.41798458016796,20.496781878715577,18.72232891509892,15.864476822467012,14.377061738303931,20.53324740460241,16.38963518952424
2019-12-29,2020,1,18.804140638353896,19.230124755708903,16.872495485811818,20.19349946152596,20.65613773326182,20.16421955555409,22.744483536255952,21.526805954970325,20.9029102026833,17.534499132458883,21.176430846705586,21.27349807245712,20.53332078226745,17.61814812477936,16.80441004165653,21.30916636144112,18.60358737228373
2020-01-05,2020,2,19.25173517052885,20.05337843051089,17.45487942352904,19.60909662076405,20.805920947489252,20.44783157240623,22.94867050126412,21.52007825876212,20.891390560657776,18.020950470785998,21.72325570490453,21.5379246482952,21.121229902657763,18.43735603254021,17.181589592281405,21.737686412908324,18.683229464404985
2020-01-12,2020,3,18.366114296047844,17.92646532983922,16.13034198764371,17.693427716692288,20.060486856343392,18.22618299530893,21.15952586293568,19.81878339049104,19.24638099726399,16.99377239461154,19.61075602031889,19.863897526681903,20.1032248436254,16.696857138400876,14.71818148064573,19.90867555584693,18.219403996300507
2020-01-19,2020,4,16.730618997276828,17.010742850395154,14.659971903146843,17.62973446079663,18.89254133971332,18.43546263867824,20.60661770790033,19.021826616262462,18.5373826409506,15.397747511268332,19.07392490106228,19.25024346585544,18.8769784949461,15.732162798635096,13.914118667075044,19.316754175025658,16.489933229842272
2020-01-26,2020,5,17.474309648786274,18.434337656126857,15.159514258366936,19.125575111025857,19.45581381802732,19.53613392082421,22.35212645794838,20.575835375600047,20.34769468438136,15.846426373257543,20.98266120431743,21.27727018469428,19.467009192728167,16.907957872195258,15.260940651237693,21.227421297719097,17.36477524186723
2020-02-02,2020,6,18.25618397529828,19.30659596447243,16.892807325432546,19.48553957541784,19.974256022782967,20.666950665232147,22.763458674572647,21.004067170774785,20.715184377830788,17.340856752728182,21.205681119646343,21.601460891271216,20.069384538989272,17.953692944190415,16.429952333129133,21.60256246951228,18.17284327761504
2020-02-09,2020,7,17.203246425937962,16.872100236319273,14.997250808269024,16.863576019094104,19.23041259968925,17.70551181483913,20.711104006530935,19.101252877371653,18.38095223973642,15.940590769957636,19.164021126222814,19.142990738233788,19.29505001071797,15.009097029863725,13.940240945565616,19.277251032700512,16.972657514710956
2020-02-16,2020,8,17.3008982450959,19.34600584491738,15.683846801598726,19.441897846403577,18.734733758724506,18.89887315610201,23.019466272248472,21.386008014431248,19.94592786161867,16.214916132432403,21.80433569904013,22.233410360999503,18.79420963953821,17.713280156425775,15.80025455090719,22.0509561363265,17.170696127125513
2020-02-23,2020,9,14.62781960009915,14.764052996503269,12.443743052266822,15.473083215100424,16.431674958687196,15.587183833275676,18.404498912155105,17.23623511673568,17.23644151146398,13.438015779306436,16.8507433986251,17.284911100433845,16.134145124538524,13.354681365047464,11.977036541957393,17.15352312599376,14.74563180018628
2020-03-01,2020,10,14.57671107533969,14.93260682569638,12.237892711490472,16.724714798586707,16.921667185825033,16.755059652193477,19.017643964672924,17.688222928232957,18.028331332010765,13.262122092552742,17.3563461196371,17.585140643415425,16.49578344223582,13.35503278799476,12.61077049639506,17.674598766632972,14.613754689532792
2020-03-08,2020,11,17.53704140637372,16.87798573772536,13.585147812393988,18.095358713751747,20.62428607771257,18.488296239992827,20.27642925696192,19.69512438935119,19.620205438766927,15.156450577876432,19.008338017484327,18.23121050040356,19.780765106319,14.151928797511651,15.15084742259129,18.755227583495135,17.303715245743003
2020-03-15,2020,12,17.343279354974264,18.288229978923354,14.773002708286128,18.84545060992241,19.251441748031063,18.90669025386776,21.707797603774,20.448877710119472,20.114753350819623,15.759004045793256,20.547530701046902,20.93864099034723,19.23690745269009,16.38270762677149,15.405354976424308,20.7854078147276,17.09816421909795
2020-03-22,2020,13,15.22275790284499,15.47103500569553,12.579291389384098,16.053843019973666,17.649259812208918,16.567439328442823,19.14884453264687,18.00721483106737,18.055301469366142,13.790401426021374,17.75712486366173,18.00374727429084,16.95382410955245,13.30227197693137,12.680295070491049,17.858071515704786,15.083785341756364
2020-03-29,2020,14,15.465076666234236,16.48868096433977,13.36192272570457,17.109057095079194,17.516153404043834,17.66816418818372,20.485747734937306,19.24797332961838,18.395109756118863,14.232565749482712,19.044556744893388,20.208387002148072,16.924031589942548,14.56064346820694,13.558490989237516,19.563896722289684,15.241415993865289
2020-04-05,2020,15,9.84178638212776,11.17580380546513,7.189697575865325,11.640241053842365,12.25249586415944,12.099976770359268,15.945571537963156,14.28758331100662,13.701053541000576,8.028941748246835,14.77338889728893,17.04663146216914,11.746082362981378,9.868256935924231,7.977088114635769,15.758723025685889,10.193678074609238
2020-04-12,2020,16,9.733141665906674,10.113855336012364,7.148793431119572,11.56151530962615,11.56923653336475,12.024551848186949,14.09668215092695,13.124837279877104,13.567311257998773,8.180370888238011,12.654684710812258,14.528284236748584,11.268391868322512,8.349991690277534,7.934597170631502,13.404889463211926,9.795885493009882
2020-04-19,2020,17,12.544553722347224,12.316323284401314,9.12543258100034,12.988096494050254,15.820046885820071,13.079963750360552,16.39949962349049,15.568506005027077,15.53196213530001,10.645455108852836,15.14559943954666,16.464622025862536,14.714780113411685,10.310927291420262,10.473276009303463,15.761380089239127,12.604066688738104
2020-04-26,2020,18,14.547886952777011,14.786198980518495,11.381873227477392,15.504045888781548,17.702452834670762,15.210418347686412,19.58585554517741,18.02055034786076,17.440471074352526,12.724792605444067,17.990488805399313,19.150213655435813,16.624912434102946,12.59965549781476,12.277219684805765,18.54482044585763,14.672694549406316
2020-05-03,2020,19,8.085117347759015,8.102765470107734,5.100841327589385,10.847524271834464,9.894414394718908,10.283716770979735,13.08489437492526,12.647822772682488,12.686824702003465,6.2900800735797615,11.375425091037505,12.80989353097674,9.632945176026997,6.080443176394827,6.5446253347270495,12.03665651127317,8.157241841853468
2020-05-10,2020,20,11.013692394340056,11.033604571305869,8.341965037314576,10.995247042250066,12.857859738573689,10.755818410576389,15.2438693644354,14.386595394332687,13.428384829407335,9.256425467599495,14.163667815897888,14.982490698924927,12.575768007735029,9.60318271765654,8.538506234131557,14.619194114744776,11.184198845428918
2020-05-17,2020,21,11.673780149167722,11.434249153904824,8.861204239258008,12.336556653891291,13.714228313115685,12.118881380235829,15.855952349070558,14.730134280563949,14.667837851201485,10.09963633158612,14.262658823516976,15.205838090968582,13.153903003364915,9.458991790317857,10.109011582425348,14.800389276791924,11.53412855073127
2020-05-24,2020,22,7.167814988120335,7.084694422384315,4.09036005579907,8.700779346128305,8.837255359313648,9.07301705254858,12.25357646497276,10.471506586322535,10.758919619300828,5.579060129695588,10.217168873213067,11.755049603647295,8.552564413851293,4.673985849315582,6.024789676296369,10.935287769993224,7.042778771842586
2020-05-31,2020,23,9.159552650562125,10.625894195743715,7.689585892098503,10.626884233383905,10.51535717916877,10.009583023063923,15.052831822164553,12.933816703697303,12.346544050190548,7.708975398097988,13.23479558915803,14.57980991566599,10.552313411097728,9.750364089417843,7.2370785989694735,14.104592835599895,9.512330363863562
2020-06-07,2020,24,13.64092642368037,12.657995242681077,10.704485237122428,14.395862626177925,15.349930165345189,14.596996821645298,15.996489939119655,15.010128156984006,15.382964307314731,11.733086761661268,14.486926256320178,16.27638216738431,15.262585975948909,11.464151759085372,11.153405649694758,15.39061858742671,13.84696436153268
2020-06-14,2020,25,12.17424890771029,12.323398502904976,9.660398407858246,11.65982875369844,13.887305415003148,11.748477686939706,16.11246679545144,14.687805452718363,13.777709178495313,10.631260469606138,14.469154310020018,15.745305345386186,13.732182476051063,10.785604951124112,9.66241618030992,15.20304647397155,12.381571798151072
2020-06-21,2020,26,11.804694408001897,10.89384943081626,8.228097653008184,12.408740638622216,13.515094511602472,12.85530878678252,15.319746189840332,14.025013427486668,14.176348725177068,9.663380486490489,13.629980758980755,15.641824113069518,13.495158398933851,8.544507450485684,9.255644382841185,14.481865097165342,11.726795715623789
2020-06-28,2020,27,6.03809101578505,6.874897840943164,4.465945369973051,7.901232805990038,7.253301769958258,7.501469936610188,10.728629789269007,9.58710520360377,9.389280651413532,5.1689240107788414,9.329661830059894,10.762044616143982,7.223556885272839,5.789782961414036,3.7558957404959377,10.144407634399176,6.042765464985145
2020-07-05,2020,28,10.313385859112634,8.671045443015313,7.761953436915814,9.980265179560297,11.115619553538448,10.233411980718564,12.501676421818855,11.518406666223104,11.404317181870896,9.174405572653086,10.749216814577837,12.257245583354305,11.31774079201304,7.601679614517685,7.2464354861876785,11.605843546339209,10.434462537341364
2020-07-12,2020,29,10.325633826556508,8.77076929432751,7.053817620188553,9.069404471488228,12.807387826356246,9.043470567104286,13.136051572794122,11.074039580481392,10.459096223407528,8.358338153134316,11.708025676347477,13.426721858207106,12.188247318433518,8.368900029282822,6.4163123563064834,12.650988682375496,10.752478414468689
2020-07-19,2020,30,12.427905889091344,11.870667811904124,8.947265878438737,13.741325405381971,14.858446666172572,13.992088297005632,15.878573317569476,14.627461208987546,14.868891914763328,10.29671705801656,14.088126198244302,15.176600512789909,14.521276027539525,9.107252359862,10.50341438770409,14.55998494247168,12.396387056199046
2020-07-26,2020,31,7.642287032484547,8.381519821406936,5.904782202355927,7.856611240300395,8.927917498469265,7.692531454363691,12.64586018542854,10.411502157062678,8.939758574542703,6.404375629430412,10.881623761891287,12.937193924526,8.83254878516363,8.11339660609811,4.689876581266455,12.038305085699152,8.068766629117519
2020-08-02,2020,32,10.257084866748354,9.344376658325764,5.32134185624313,11.096117832830975,14.23151307561325,10.92679247923646,14.205368003066706,13.103600973401752,13.1922578242427,7.552478549987312,12.814545842785854,13.68224214222232,13.075527078856831,6.781546416186417,8.360165426570862,13.196266450527364,10.555489105355708
2020-08-09,2020,33,11.697897329293625,11.61695815886516,8.972830197297055,12.30016733209292,13.686187569076798,12.02580504742675,15.21817643857906,13.667795499083285,13.413673666825268,10.049938020877816,13.76335895670441,15.456684020009003,13.396722817513014,9.93441781301389,9.180637697575037,14.436282807366958,11.921296754937286
2020-08-16,2020,34,8.228072671663194,9.482431224287192,6.872206070408318,9.1480360521181,8.979800349646018,9.30034629757033,12.598324350990984,11.272603044447962,10.336887823800518,7.455326409119992,11.371236589563877,13.16952071967472,9.208136868407829,8.788285060319497,5.668519540483249,12.17315415206954,8.155301588163223
2020-08-23,2020,35,11.973956802176692,8.21986441870234,6.844547957049711,10.607306477924189,14.844643274472434,11.315723993603326,11.539258335491658,11.216362493564557,11.822986177502314,9.306324202378772,10.278420824199529,11.288427573972635,14.181023303606333,5.657761637948462,8.559919922072122,10.407829112502691,11.845845942388005
2020-08-30,2020,36,14.353531571121904,14.021714269479451,12.681514375275388,13.471878114200775,14.966445320010802,13.21824584320245,16.52891722364954,14.383745396106274,14.36435779153484,13.583547145362914,15.35858149012446,16.387408939011976,15.08131728669391,12.765615076050723,11.584105595253485,15.856029172699513,14.348075706682437
2020-09-06,2020,37,16.697335888827016,15.34281848488586,14.22053072065406,15.50322412593024,18.331259731007545,15.566840439382815,17.244537806719453,15.657746247625967,15.942189806361489,15.3638090690424,16.364931550789706,16.828462855192527,17.97108046704738,14.265496463043489,13.034641704913136,16.662181525780966,16.86308831410267
2020-09-13,2020,38,14.135115792852572,13.51211835682265,11.194523029022758,14.51654708811215,16.447088956656412,14.243603351033332,16.97976256111968,15.175704127968135,15.063665124068288,12.591252531055924,15.520842936131864,16.134261650537866,15.70222935161075,11.746546692087756,11.314524456323758,15.895376196112885,14.193191408147069
2020-09-20,2020,39,11.307866510123668,11.695061338989971,9.662059428317418,10.31318083157142,13.284533471376433,10.506485503459375,15.54465142352936,13.266831890948405,11.9025427674594,10.244135016397363,14.175266240272688,14.215151486049766,12.753668362109355,10.526819443485698,7.799255159785162,14.34036030741354,11.653299025448186
2020-09-27,2020,40,17.338939491232697,16.241311875487693,14.393171368389924,16.976889342069626,19.650024683717263,16.63241197458412,19.53726076732224,17.456645976970727,17.57034075936693,15.472879249682174,18.16406000063017,18.88047014606609,19.176464978332223,15.122127758451825,14.068103235102766,18.64160719309768,17.733852155125046
2020-10-04,2020,41,14.850755379160091,14.892071757997789,13.284515187501274,14.848820558616092,16.070882315109785,14.42551920128605,17.70136136702824,15.142170883277794,15.385084558139807,14.007033935145667,16.36552911568514,17.49027412728158,16.041258111423506,13.959266270485424,12.146852649513194,17.03939347911021,14.752742702106255
2020-10-11,2020,42,12.795329852453987,13.191796701854225,10.466521960819518,12.69994426341284,15.752348235587029,12.577550536417132,16.401925707002423,14.454478792215324,13.9270702024262,11.23309036180863,15.083741667776398,15.237346510360185,14.864407971098617,12.004484891797132,9.59086719245056,15.440670448273364,13.02004703742796
2020-10-18,2020,43,15.93647411277702,15.28617385709718,13.779412234897832,16.34728655219078,18.34591576472465,16.77003221990519,19.59787435503812,17.694115871578067,17.626658522686146,14.843231116961038,17.836165523116208,18.28144372312849,17.731263588754366,13.950657604898348,12.635410535941496,18.190291873162973,15.712244278658432
2020-10-25,2020,44,13.809490462834615,14.463923038450131,11.45990952815011,16.32319708807128,15.8414550614657,16.54427739981672,18.278694831247577,16.666646642313378,17.127823191379612,12.40673808386409,17.065187850555816,17.389882247081662,15.5307944336453,12.804338735415143,11.51227289703891,17.233906676857906,13.627755312585444
2020-11-01,2020,45,10.811737677919051,10.72324283875382,8.607201528633816,12.075418920744031,13.273276875409085,12.167261938637592,14.511942866244746,13.433362474317676,13.121972105041175,9.549004784048744,12.87555167994974,12.480449670087296,12.590027005515964,9.101626276356644,7.598615040580383,12.665726476919394,10.7360302087753
2020-11-08,2020,46,16.660792764396128,16.617450580413916,13.990506048210978,17.5052832194737,18.48949486727541,18.021616221394776,20.17487409719573,17.827135716227744,18.148433911123856,15.10273711995145,18.45987371634611,18.96674495758715,18.45466245739616,15.282132987689256,13.92435464282347,18.84624844007996,16.596963796975476
2020-11-15,2020,47,14.346794492949847,15.408395603521546,12.805318339059284,15.81732767252695,15.352738635968844,15.962208652128124,19.16389556250836,17.14544015314672,16.96475105136341,13.319714892701707,17.40341202624432,17.965610722647202,15.596008718704166,14.012343295723449,11.876594087871348,17.82526380721837,13.952554100607284
2020-11-22,2020,48,17.143400233991667,17.52417121970577,15.076763688724656,17.868451363983606,18.945313223550087,18.1333948574778,21.77650419407614,19.05692596980504,18.72230071424271,15.945545497975818,19.51171424419849,19.886317272391924,18.701022106708244,15.60264817197473,14.408463891860348,19.80121687013809,16.723677567073278
2020-11-29,2020,49,17.06523589155082,17.54735077622094,15.305029654989438,18.93951363081024,18.34930350814017,18.56222693984573,21.14365157858623,19.39521077787721,19.786613629522154,15.987055330630495,19.47644601054005,19.800458440240824,18.465317542028245,16.2453022176775,14.86351536613176,19.66070889026918,16.943990312175284
2020-12-06,2020,50,16.796611595644762,17.797861148553615,15.280021298111492,17.217583637861978,18.185616763585767,17.32432152221562,20.640203815159925,18.57986406697855,18.306880694312827,15.62433124098118,19.19818404887145,19.13378429669897,18.31086738321312,16.263341653474384,14.166968164372747,19.268969007667497,16.62211816265898
2020-12-13,2020,51,18.31061503264281,18.21497778292658,16.392053502158138,18.788195681004296,19.501659336838344,18.9953629850881,21.45630993856981,18.88440147102653,19.44255138143401,17.044958734136866,19.915180559695028,20.85518581205301,19.940484345189397,17.318144088778325,15.65146848237018,20.456348452782677,17.909530074769915
2020-12-20,2020,52,16.472239262348896,17.481428416807262,15.106727033562647,18.201659851130984,17.85545756991575,18.176460591369,21.18501430211192,18.770062802302373,19.18326600517079,15.635328896804651,19.297082207419653,19.72385736424325,17.76732497693949,15.92827645865268,14.332326940271374,19.56892784700935,16.19726339504725
2020-12-27,2020,53,17.278216945005045,18.06848149513131,16.134379783772534,18.00900274657068,18.4901414754036,18.53458703530801,21.351791782212327,19.131002750149023,19.072557965370077,16.520243079375362,19.740168351012397,20.6197613615874,18.25765488414691,16.97677380735807,14.793972762169192,20.21563023643718,17.101950391604895
2021-01-03,2021,1,17.889063544254967,18.08501248573189,16.047352437964562,18.558825708570936,18.756542744414176,18.96825140507525,21.856682285275472,19.59498150714032,19.91377702571175,16.84132230938889,20.17626296121837,20.576832061829272,19.017434120178223,16.6981107857466,15.272453792639103,20.419873692984684,17.332893077253974
2021-01-10,2021,2,19.49583392345767,19.62930307815324,17.963719356557174,19.78368582611992,20.319775453591504,20.13375500393036,23.743398894373943,20.62271934459736,20.544980665942223,18.523609183904693,21.679927591431195,22.352845554403217,20.8021600550206,18.64866524248384,16.42345565716866,22.13774049538689,19.00681695783877
2021-01-17,2021,3,17.930885222887902,18.662042996014105,16.720748029774867,18.86110612040474,18.162134935730567,18.875860842651992,21.637232093699826,19.452127227287782,19.54434969560507,17.160464622574796,20.24171984123461,20.987395366247128,18.74589814734735,17.702709928255192,15.453768017032983,20.65013337368601,17.521501307860216
2021-01-24,2021,4,18.448981143946508,19.51961985224091,17.471324057524036,20.05823598731132,18.726672044778027,20.590612615244112,22.945397357551418,20.48824028659177,20.514720661066285,17.885159760680054,21.23180104045125,21.676455181563963,19.356093555803923,18.367126295016508,16.72452488510731,21.56333966637777,17.850789862501653
2021-01-31,2021,5,16.795860270889264,18.113226992235,15.188113445926792,19.55113495815368,17.33800664431602,19.778162522972625,22.789803719034,19.984967365017187,20.452278775478295,15.80636686039722,20.714441870817375,22.07023982281955,17.967950045832335,16.521145262074743,15.272441738113042,21.46955424418888,16.46094642045363
2021-02-07,2021,6,15.341924837964228,15.673268849915788,12.861861252636643,17.424449939103354,16.623974045500063,17.514191553859632,20.0482600743152,17.836562086823697,18.65212170345209,13.982373685482784,18.183329989280537,18.88572128121101,16.73367000270534,13.77644595148821,13.20332515811208,18.49954681060552,15.030222894046505
2021-02-14,2021,7,14.773230627543525,15.178775764477532,11.788965635418151,17.046795389481954,17.429362175642872,17.04025932076355,20.23539623227133,18.3000784891302,18.605863132588784,12.930562330445504,18.18317640477961,19.519547680960187,16.994212029063107,13.669543799365233,12.893631510319867,18.940654461631105,14.585909646155054
2021-02-21,2021,8,17.706179839763863,17.551424136802332,15.684442314936614,18.665831821305414,19.593483554266896,18.90453081241446,21.2899145454429,18.83450396352,19.699276280263163,16.483591232042347,19.567664486608464,20.713624861683808,19.40600126774615,16.700965669629696,14.839277976910711,20.204776844166496,17.547177548678416
2021-02-28,2021,9,17.275739705393825,17.927923858801186,15.665393535712171,19.188243495566503,18.78519582360167,19.578668188097545,21.53649873983756,19.08791912921063,20.07824893007073,16.25112776171638,19.96453433016162,20.39225190154947,18.771403210503717,16.784781293336895,15.376967853306288,20.30133297392067,16.954745909595747
2021-03-07,2021,10,14.401395311686985,16.671217219407623,13.092709340769948,16.94601000348727,16.528511313488536,17.029093860199094,20.14678930610679,17.30187544438746,18.12574212658429,13.332038110769505,18.93095942080279,19.55475384848458,16.088450242193506,15.41946948692645,13.055615350442515,19.24533559758136,14.565574376730906
2021-03-14,2021,11,17.531974501591392,18.408030642629434,16.237113294288346,19.44660225510597,18.86203155192863,19.397461003778524,21.81008509088188,19.60164918131643,20.65695321070005,16.72033166778101,20.266602434430805,20.831090762608778,18.831372768262177,17.259749472919637,15.595285319156227,20.59691362324993,17.295710129879236
2021-03-21,2021,12,18.698398143321544,19.218179663107087,16.886313538267853,20.36510108198438,19.97622025727696,20.19531774091291,22.646980786115016,20.713259649896003,21.34773979728236,17.563777536321414,21.14727794597675,21.579160497516312,19.882688419238946,18.013036576570332,16.70428428934787,21.495410478744954,18.251313879162154
2021-03-28,2021,13,13.92957233124565,14.762777444904549,12.015264899940115,16.235910793145496,15.262960336545412,16.441208937606913,19.60858649484618,17.30089323712634,17.564412166461086,12.820329746593908,17.530858871327847,18.637365708775278,15.165444647483383,13.302886191874942,11.670878986196902,18.01670787385765,13.848420535779065
2021-04-04,2021,14,15.684379726149706,15.723225359723514,13.681358792661246,16.468995441993076,17.925976200513183,16.757371436061394,19.2663692607824,16.9116149129496,17.94632618114673,14.516085135521047,17.5896885842988,18.245182661997337,17.24680253529641,14.284876922302486,13.101858156958247,17.956497397674738,15.522510794616457
2021-04-11,2021,15,14.81514293223888,15.098721753305464,12.562431601157948,16.936896968455542,16.242369160486273,16.865183519734074,19.754424153542036,17.699358407057723,18.138487936232657,13.654420215984295,17.741736720031472,18.781322186205266,16.066253030622327,13.424912077945637,12.441925572073908,18.198373891602756,14.730677147759904
2021-04-18,2021,16,12.635005225546111,13.378106952476095,10.060856330045684,14.905412492297948,15.156194727126092,14.980913289878972,17.896596588824302,15.946444235962703,16.125727470606975,11.298065131104837,16.14422405127323,16.687406307282153,14.46757337485501,11.801857182571055,10.327265801472253,16.449190492499365,12.660639682548709
2021-04-25,2021,17,9.842273855147983,10.450996546348785,6.965554025073757,11.782890268024945,11.6168207169285,11.610506349855717,16.254448490309645,13.598764756190311,13.759385236788637,8.482196712654808,14.050097296248268,15.789129850999364,11.445039950742686,9.06068395417247,7.639449858889467,14.97883356620654,9.819363491554466
2021-05-02,2021,18,12.050862301884164,12.684442287569109,10.131197333441651,13.132012349863848,14.239844177141617,12.603746230998096,17.133705923230586,14.59905026671174,14.976053917711264,11.023852075715167,15.304852473684202,16.42594818413418,13.785547329652264,10.95602418247022,9.866921395285967,15.850376978312456,12.059103113943031
2021-05-09,2021,19,9.888805150065185,10.613538123905531,8.194925666701613,10.185340701469352,11.847136356317057,9.619027873263857,14.849752253763183,11.489645924753958,11.45216567548987,8.950258322588102,12.93625741232009,14.848024476249265,11.394366220617846,9.542905925053308,7.525704851669737,13.884623686161529,10.053277214903718
2021-05-16,2021,20,10.302187638546664,9.845074289007735,6.419876062351724,10.788818717712449,13.580871510735095,10.56797046428175,15.696904741292792,12.060274755056804,12.266201533916648,8.229465636949572,13.51813646663319,16.128051615146934,12.461547285433442,7.837885467818381,7.687868549461338,14.58413961955479,10.114123701567276
2021-05-23,2021,21,8.898553181185532,8.090347999893524,5.782542438028973,9.111911157057396,12.026825546247707,9.03420173707616,13.082929436041386,10.787086963096222,10.682893641540916,7.37820331975231,10.861649394964244,12.986692626521272,11.07525034300609,6.300360776852562,6.141902923009621,11.8229238935646,8.951996075496519
2021-05-30,2021,22,10.998501088475017,12.07841504967289,8.797621218948738,10.22451975161121,13.104683499085644,9.768997231045285,15.9426958428875,12.951717461672697,11.96933869326418,9.53698182132837,14.465857085521089,16.053693559291872,12.690516420773095,11.059234258163386,8.081602448642872,15.282978419921635,11.208954179383351
2021-06-06,2021,23,11.932915440243953,11.94372515764826,9.967616966792516,13.128673809624852,13.148011351231732,13.21862422054492,16.26454291329787,13.75482017789568,13.879115990230016,10.678712250947685,14.25790315211077,15.610776086380538,13.306478628780852,10.957044948265398,9.086995328486438,15.00935263176487,11.813237168557562
2021-06-13,2021,24,7.646714708826563,7.647915385679395,5.083483265899617,8.919899680075192,9.131302975090586,8.695371529310368,12.068876858702902,9.420892652040951,10.16140836185672,6.435354123769917,10.133574262841954,11.911897254440024,8.940077832306674,6.393385071314793,5.114852754560271,11.022288582796218,7.591670289836482
2021-06-20,2021,25,10.799911681289377,11.154405973867568,9.2795792479587,11.245880769122214,11.955851666756155,11.537247592724734,14.832691415058278,11.19892481345635,11.806534008970466,10.015453736613116,13.364184467926686,14.245915893595814,11.938717627617384,10.840849076706194,7.771094368383472,14.086857775186136,10.8171457890873
2021-06-27,2021,26,4.147391842215525,5.384121762918256,2.7730558120051416,7.005382294012677,4.70848836164665,7.407865325763264,10.454243810114288,8.144951863598514,8.316826670662063,3.6322656916150633,8.22391912710099,9.950872608914851,4.97619695570248,3.840156167686623,2.870179165130464,9.026123074402784,3.515156748079547
2021-07-04,2021,27,8.416318576154868,8.462045283841173,5.386183362252541,8.786259261979943,11.2926125462897,9.272861855370657,12.8092528501683,9.810008682275749,10.18362686032185,6.59868689328935,10.849538824155731,12.28891916287877,10.571681059005178,6.955957897953898,6.131510753052632,11.814407174134674,8.063490855404629
2021-07-11,2021,28,11.235725666105056,9.743463522971055,7.347875042837495,11.981850799350513,13.605491074167473,12.438161652981083,14.78689682518428,11.946767043076552,12.941957209674811,9.327625746131613,12.265869365626084,13.818451673194083,13.227056079849774,8.045347433294003,8.538041443171142,13.135826704320143,10.896092102534046
2021-07-18,2021,29,5.582568804423015,3.930443602298368,0.8798650860151782,6.8818027804650015,8.283867538901807,7.077658854089342,9.574000366922718,7.327760184585275,8.131205580355836,3.15802019438942,6.918349987913519,8.866551197764043,7.458856786827783,1.3976711277014473,3.1951303602097783,7.783616643362548,5.255246042723282
2021-07-25,2021,30,5.367704156436209,4.404528706757499,2.2732384806728616,6.146472235864383,7.299279891610763,6.852615720363503,9.426946181945134,7.425719789405923,7.110759893359357,3.678054178391319,7.079010909769959,8.647663238395578,7.131326376413746,2.5071364744972886,2.845467342350518,7.748507478115845,5.046773115178003
2021-08-01,2021,31,8.237962661102472,8.644537505310481,5.612785154670979,9.664094835165,10.284140225783885,10.038168095560453,13.601479116056126,11.15020243149299,10.888312544374784,6.749279298315702,11.643852626503287,13.251780378208004,10.020636697993774,7.143799869260347,6.05065124191683,12.576783423787694,8.15932562457262
2021-08-08,2021,32,10.912512057536356,10.84209402995323,9.353314957157531,11.044467106461523,11.696184432215375,10.61205034627264,14.255581333060308,11.611069606558068,11.9110340673163,10.007068979726734,12.440012720859412,13.465033767036994,12.248034387021452,9.817103329316213,8.03950564616044,13.107972358770798,10.878157472353418
2021-08-15,2021,33,15.655908897576646,13.528078294766228,11.821130615478085,14.732427181232543,18.37380058618937,14.633817849472225,16.455810727600454,14.380601146499831,15.267463276297612,13.38755945091977,14.937848234795904,16.05729287525393,17.936623557654126,12.062591921070796,12.118153824802766,15.530436560599073,15.238899252164073
2021-08-22,2021,34,14.704888319263434,13.290125876347393,11.2099849710236,14.036538972031504,16.27035630040483,13.581564606233298,16.564294061577353,13.870558180623242,14.767924209396902,12.812988034249424,14.988422999856793,16.606923557034722,16.418140601007174,11.753059722144092,11.333764649793,15.987605960868343,14.184111675804836
2021-08-29,2021,35,13.451207782004024,12.434655668893097,10.69102765948982,13.2653824417364,15.278481224393245,13.684481107743704,16.29232254250752,14.08928021740604,14.375113544165504,11.961911282469638,14.5835219717645,15.964366572243826,15.24656646868437,10.821694547685654,10.34167062446486,15.223852517786794,12.944279166244756
2021-09-05,2021,36,11.91968448373802,12.546347321986136,10.110488952211078,13.50200529325576,13.822201950474197,14.231174766633808,16.93548783060413,14.390031485867189,14.62293404002479,11.03605715442696,15.208151319016626,16.417429426609665,13.426121733363532,11.919242965028744,9.797564090691084,15.932168135671,11.810652199781163
2021-09-12,2021,37,14.71516123026648,13.398422011942753,12.105872814276626,14.226091204654605,16.02048505137886,14.630113940441468,16.89556516363739,14.53278099951806,14.871656823764807,13.06467830370462,15.35138956953437,16.675793285318463,16.273147944778092,12.771678990604476,11.132048316588891,16.16908618755303,14.640436583773466
2021-09-19,2021,38,14.036782685700835,13.599813217039046,11.70705659895104,14.688850221179782,16.228651084871668,15.095424692603151,16.67633856003208,14.629601947239466,15.24514268335764,12.435215623896354,15.294007527570187,16.412531450430983,16.017183180481307,13.00794284712622,10.846356632737647,15.932488988290327,13.964149388984206
2021-09-26,2021,39,15.899633383045172,15.1277148840524,13.821965964790351,15.824981917937595,17.802708170486323,16.520435482992323,18.24765749227896,16.438138399495706,16.86079322848535,14.525372950915411,16.794358330268363,17.247354977857068,17.58457481907141,14.57269593289024,12.454676289927152,17.138306388183114,15.676360900189998
2021-10-03,2021,40,13.822265145094391,13.643407867915595,11.930606141805436,13.934496971822922,14.94791458519541,13.938662010423618,17.156237613355454,14.48060732110754,14.739621307985187,12.407162664711676,15.522856362247882,16.361905042694588,15.186233071286704,13.22252179211102,10.20856315111488,16.148762852245113,13.979459128932492
2021-10-10,2021,41,15.20006246579046,15.152758031003255,13.524592644573843,16.343270791428427,16.1455207100451,17.075748552840345,18.92333767504456,16.193290246245148,16.888853231754787,14.188030264374913,17.128533141231124,18.004586155523832,16.458329285433855,14.499891149040074,12.654435770277862,17.75180970992594,14.84832037234242
2021-10-17,2021,42,12.34792947585058,12.18219444339972,10.281821350767853,12.953537115738506,13.955810886414117,13.545771082702595,16.3983612672233,13.579019795950355,13.92156768451698,10.973167180746826,14.276287834365649,14.736273466094808,13.954845202935708,11.114321908131862,9.478262969655493,14.680742847942792,12.110406888784423
2021-10-24,2021,43,14.29784825225594,14.213753115393711,12.010598351073243,15.246351537959915,16.598960577868073,15.80284515648428,18.39470417923552,15.535576325206014,16.27090523340931,12.774268476713628,16.464267337683474,17.365629203878644,16.122000015840566,13.297616631983768,11.448443638505893,17.138544205816757,14.198352420105127
2021-10-31,2021,44,16.864120947348106,17.179380673081127,15.209099653662046,18.13569921964691,18.30698847894224,18.32126462413537,20.826982325784662,18.32268990008862,18.734491045927584,15.816250340876886,18.98947867438907,19.50997448353112,18.24541354087329,16.186691141902195,14.616071476818025,19.42824733793852,16.426632216677188
2021-11-07,2021,45,15.17663002136898,14.36984132246168,13.33100781444966,14.95796850323677,16.877332741732424,14.69208118016502,17.817585227788364,15.051997265010687,15.789933127199832,13.835220732758632,16.141829571579443,17.37407781235934,16.937027356799504,14.202820524284384,11.447223426002791,16.918188697904522,15.18489116542744
2021-11-14,2021,46,15.888274125304154,15.333208018020269,14.01651542675421,15.529343491508843,17.672888356963412,15.848201754163744,18.76279333242522,16.254695604745447,16.54976428884816,14.478711326693524,17.071786409848695,18.01024939750404,17.694840756162254,14.917852677230927,12.683338967440244,17.663675345553344,15.618069982271631
2021-11-21,2021,47,17.470555229383393,16.05208745439932,14.393934087829454,16.53150250230517,20.278782660302895,16.577533172057553,19.213771233405733,16.981072127602317,17.783051252831683,15.435734813205304,17.617757056595448,17.910813516683653,19.76339864362621,15.158377964410755,13.757605752781828,17.975786518910628,16.9770528364053
2021-11-28,2021,48,15.531509070476204,15.902653798874,13.169129737204118,17.320891976356506,16.999191546069525,16.10176318646091,20.51706670533116,17.77776972832618,19.074465571550935,13.832993608760082,18.516110082519003,19.480696715434608,17.23520123084079,15.304323203581614,13.222085034005818,19.240413520200843,14.989959402547049
2021-12-05,2021,49,15.212575595811527,15.26383156461248,13.226336375949865,16.03287050979478,17.38968088854515,15.859056051786958,18.665335257616405,16.89208414350237,17.440724321540788,13.615816233799078,17.170509467186864,18.157467367835444,17.330105178604718,14.434082144090768,12.876532159693642,17.764924667119516,14.816579023140138
2021-12-12,2021,50,19.8393290825332,19.816717308467386,18.34229909326508,20.462291931822183,20.950271373497475,19.546143379604185,22.97020949983736,20.311906619381595,21.20346072508631,18.703483739237143,21.33929809306091,22.106167284304885,21.16968261136972,19.255459376743865,17.325042842928404,21.921684123298657,19.86831823513514
2021-12-19,2021,51,16.577807044737433,16.52608408653406,14.484353611293685,17.760430310453685,19.71862717154818,17.11241427658454,19.96764114090722,18.397974078686207,19.15280608514984,14.940787023580784,18.29339549902713,18.69265369970522,18.93179821507811,15.377963849948149,14.050913228324683,18.48576411155805,16.494242804391046
2021-12-26,2021,52,17.883740498752665,17.195146021812455,15.67153478197641,18.780647941998076,19.197602135794504,18.125039303164684,21.28129462528507,18.904666087658374,19.719711408223187,16.495780634799612,19.33046137161585,19.783277489747,19.26561808494067,16.55812744326303,15.082254415533685,19.80552098522448,17.216331771763187
2022-01-02,2022,1,18.072180171117207,18.72501787600487,16.400485688220535,19.703516464857827,19.629954400899056,19.042744300233505,22.3542796654882,20.462792440141957,20.824200516344284,16.83915229052875,20.73388126092556,21.575677474554016,19.52431924186618,17.69990220200086,16.05191952818648,21.202267299659564,17.766658326043594
2022-01-09,2022,2,18.11464836361172,17.532616793728078,16.03494745921327,18.73031955957413,19.317697349254683,18.150793268260195,20.821155042064436,19.355678893250303,20.18709778552419,16.739889070341366,19.41723977043515,20.056844796131884,19.827430894476105,17.017494970034083,15.368069805658974,19.88935846265281,17.5855685976959
2022-01-16,2022,3,20.723455006858405,19.98992571088551,17.94989438086563,21.502607274623145,22.33575166127666,20.83853859330696,23.770696868006755,21.723336698854123,21.929697318552996,18.898288324525574,22.08668174743652,22.704610585523746,22.787169274215994,19.02303354741086,18.20246118753682,22.57130995002045,20.216159956795828
2022-01-23,2022,4,19.89148266864713,19.497562819198247,17.79942259623503,20.893736778270632,20.79589675604018,19.982444604851565,22.232942608980675,20.51136807528409,20.83363800459412,18.54346078694604,20.924571877846983,21.55144286477019,21.28963670583305,18.629206588346587,17.454826686962974,21.377890721225924,19.54143331699937
2022-01-30,2022,5,18.81233776735677,18.527577924830062,16.95147893993645,19.96168937285741,19.76453866683316,18.865430971830506,22.20289526736424,20.133772726678227,20.617098940795184,17.558771891856757,20.5644440077084,21.23479153203836,20.168444338912668,17.99228704103048,16.292102473697092,21.130599139487902,18.289482530557883
2022-02-06,2022,6,15.872293666216091,16.753412124698855,14.200949115677016,18.09365826561337,17.42413475776407,16.940134929720806,20.98261215943985,19.02513987305876,19.55239979394961,14.615332284847986,19.29178919441256,20.346596016074127,17.50144437105039,16.208787570888457,14.103266690731392,20.114103362051708,15.526500349096208
2022-02-13,2022,7,16.317724452515826,16.356999866489662,14.230461572479545,17.905764789808362,18.784836875695284,17.040258545059345,19.810977938571405,18.122651789281274,19.12817557590581,14.693681399921465,18.362168167576645,19.28140121650182,18.49857226762072,15.824366940497216,14.199553574231468,19.04424493420148,16.258902738679133
2022-02-20,2022,8,18.76326891139361,19.542367302786825,17.193663998208642,20.737893497660043,19.927974966347083,19.71749465652721,23.14371215219748,20.65895976326682,21.445222766898617,17.576323257656547,21.392559533717822,21.975255236150115,20.161553209812947,18.550854050787628,16.974936298047798,21.984333616880058,18.39645504116048
2022-02-27,2022,9,19.638609114147368,20.03621129745613,17.8283536834006,20.856370595239454,20.8945519075316,20.81701943681047,23.587238534198907,20.963704223632813,21.440347985045552,18.46805789205167,21.76745191797033,22.746354910241305,20.928416900192907,19.094217574780387,17.30500314873806,22.455637366337783,19.41551049250477
2022-03-06,2022,10,19.478027218557237,19.539148918347067,17.734079748101223,20.83288023017701,19.92853898952662,20.711495026351557,23.509535024882062,21.01266614294672,21.709767264162725,18.50629253247994,21.72264114148689,22.76572601236102,20.409755141578582,19.01658333588552,17.485183664127536,22.59153251125388,18.856143101206367
2022-03-13,2022,11,17.842354710651335,17.95894631038088,16.076532485322183,18.20060198363804,18.12801345554129,18.0948252954078,21.750950754905237,18.82732655166032,18.84177885410137,16.721506263595597,19.985701970517376,21.077452582490416,18.76021334931657,17.546918067056577,15.079505950506842,20.86034385098869,17.500075595398155
2022-03-20,2022,12,15.485154475944844,16.45598898310143,14.201547977241036,16.93028435252962,15.97428050842398,16.029101222024767,20.245223331729456,17.55597689195113,18.316322400378624,14.56992303721682,18.57002631431018,19.805659697704883,16.58083126535747,15.985238637950612,13.223161715997096,19.48080272263977,15.30538558188796
2022-03-27,2022,13,13.186916493694444,14.414900817342405,11.655614353008998,15.08507799960318,14.205677766962287,13.884849246404348,18.79264294649352,16.390610842023577,16.88466242101561,11.905810710952036,16.98621205086316,18.44116152071889,14.340775652741836,14.2748474586043,10.925465594943937,18.09603792813893,13.325121315341752
2022-04-03,2022,14,16.723874387900647,17.310218549740597,15.186040181868249,18.180720340637933,17.637975573451495,17.245283342849948,20.463166712324405,17.98955189246636,19.13614542190343,15.619907264902569,18.88569830114191,19.663318694441145,17.847103282751725,16.521933083860688,14.405338450013456,19.55087235295843,16.356838097790824
2022-04-10,2022,15,13.432080252290234,14.47694314746206,11.673150542571465,15.862626316291946,14.433929141938997,15.913289148068026,18.562431377155093,16.073155800212515,16.46735842820483,12.25154863460528,16.765659047411635,17.7808190741629,14.841813312534198,13.58589478184406,11.801562137817422,17.58812567492521,13.294660725040895
2022-04-17,2022,16,12.061601119612174,12.767062675724151,9.81882643720801,13.9765105673245,14.238313391859844,13.861306935510424,16.722698350689505,14.066253540237229,15.238537937694336,10.729216751285293,14.973871377226594,16.02053937886282,13.964411420711684,11.925918767609804,9.99834362049328,15.857035226318,12.077909866754576
2022-04-24,2022,17,15.803344138647445,15.401083778979173,12.87710016093216,15.349344052019577,18.45753090898696,15.367320555364149,20.38776464990555,17.13789339040781,16.839712580589403,13.997143662552462,18.0867021345989,19.541128976004465,18.21903330478889,14.617486923166448,12.56905417636457,19.12927892576692,16.01271306729381
2022-05-01,2022,18,13.085378986221176,13.42040411571958,11.36195546266984,14.627780461595172,14.00103296622976,13.927070126723756,17.583730800506327,15.25534440127286,15.878383629009443,12.098514813808274,15.870696896804878,17.057819943543716,14.139635279371932,13.044586210322558,10.341860932116049,16.811958617193593,12.945459964461726
2022-05-08,2022,19,11.217754281165517,12.206869992111796,9.382446382568276,12.289111772463436,12.431949167936311,11.66059566249872,16.547322909964073,13.783056613872578,13.918546247388988,10.142029915939435,14.71366833608388,15.849756252412206,12.501224712055162,11.41177194449663,9.16221759107365,15.672840756679468,10.981718746157028
2022-05-15,2022,20,6.896888947087979,8.078278815060028,5.15437680541041,9.555531654329528,7.735001299135955,9.45730723039831,12.73868650597664,11.42598766351675,11.696693151431074,5.768853267078593,10.856116091327747,11.158314952310526,8.04914919842164,6.774931637581318,5.729625471756561,11.206621151381045,6.526707772456733
2022-05-22,2022,21,11.18898541126472,10.6358404010852,8.396594470755229,12.313837503393492,13.446795083080548,12.340194175602386,14.932268473566795,13.18149369078797,13.482158331488442,9.473873353379918,13.02700661993646,13.159876033623584,13.315093416965144,9.598210756987228,9.06333947623962,13.4480285597874,10.981098881789617
2022-05-29,2022,22,8.915306334329848,11.18927290393854,9.022785611880384,10.094060621800876,9.284733772630783,9.405335824001709,13.954291924790809,11.818646153289004,11.50154076956956,8.540745455985396,12.622758005811022,13.650961956887874,9.90829028448083,10.716298772074463,6.611861920764548,13.439270370393816,9.738857796731985
2022-06-05,2022,23,10.762892040506754,11.992251226007305,9.541063933004398,11.808235606976917,12.272464257447831,11.731055510550393,15.363942176885576,12.705958216283229,13.154603453998227,9.536283954994753,13.684054862678826,14.82513726560896,12.348371176876157,11.119871842611152,8.140684579803525,14.533386182411778,11.06356643545981
2022-06-12,2022,24,6.261252042409536,6.203597881074653,3.5958363293226348,8.09075038436623,8.160280661085286,8.622422808078879,12.086972125417637,9.16755515389628,9.90420062213028,5.139712849403527,8.917787049446272,9.675597299462702,7.448100707475743,4.524342254635653,4.605093494894073,9.60666840813631,6.26340791068951
2022-06-19,2022,25,12.03442328194087,11.00006773159194,9.037701103363611,10.90047908538864,13.879016614683817,10.89095878048753,14.393156421427822,12.493252767587638,12.280871973345656,10.268218502083831,12.859016697128098,13.668107850211008,13.907108037628262,9.880935385994258,8.759025668270816,13.644628574236966,12.488962916993708
2022-06-26,2022,26,9.50045750162623,9.08560661580771,6.506041991784706,9.237216951946415,11.776152796784125,9.385234635462329,12.916617140478015,10.533927417730355,10.216976331404744,7.353370296539418,11.136984313205208,11.891182789584054,11.395833827353812,7.807163653611476,6.121414751180595,11.946090716438515,9.827086705242529
2022-07-03,2022,27,15.03734775184818,11.90497415025097,10.100723186423531,14.3479353033361,17.260926424530503,14.909398185700525,15.302399746530606,14.041724376926174,14.95452268716174,12.870920030016734,13.623620718588558,13.32194776226568,17.80383402040106,9.657435499447155,12.035153427689195,13.761358447737424,15.015289709574448
2022-07-10,2022,28,12.412457647164048,11.532463912262337,9.22075655149377,12.268218132002014,13.727667163690755,12.59309230716072,15.842206084693483,13.577095653236688,13.457580341984846,10.806534228630625,14.048383581070674,15.349601248203903,14.26838263811752,10.352212908431198,9.497837028914663,15.232942493461117,12.76319927989312
2022-07-17,2022,29,11.942766725940285,11.924937989666008,9.79678478331934,12.948526273171106,13.456423716400394,12.64153936562851,15.179698905166315,13.364436672260236,13.984802959016626,10.930982253280613,13.746456130139238,15.240275804565924,13.405901896907556,11.26582265673865,9.72794590993434,14.92117018429034,12.147584856359789
2022-07-24,2022,30,11.674481801544838,10.195604940086032,7.63215911568216,12.26341965014026,14.845916995112765,12.885161098212658,14.683330010394664,12.134286242274497,12.7702942732029,9.575435625688836,12.449708970181357,13.302267170337975,14.155191585364028,8.95801673909162,8.80774555083385,13.432855088183556,12.317882695609343
2022-07-31,2022,31,11.323981554505142,9.91264299568591,7.629864953319479,11.761221962315696,13.381505774886936,11.37328712053434,14.543204477160042,12.142729356443729,12.99556106177328,9.60766600033832,12.391399336067629,13.362403384437458,13.066433979737711,9.147795601800633,8.152221041339129,13.433163292020735,11.481161655441449
2022-08-07,2022,32,9.651483628433798,10.258313509192805,7.720131583941543,10.483973569813228,10.592170518738175,10.722840617215466,13.979035291310302,11.28149119265668,11.897406628687088,8.598296990947059,12.193230620297518,13.776258303470046,10.90671709145358,9.909604399865636,6.791787918376164,13.48127482315332,9.79946965429018
2022-08-14,2022,33,9.948733927353622,10.34769389357394,7.472083180481709,10.2276368185523,10.893267441819455,10.603887669521564,13.858007745214524,11.694414215645232,11.914075492062912,8.231457317237512,12.250294912119449,12.551793806315109,11.341789938193031,9.462862562793584,6.9924309263456825,12.853449637176006,9.964313414218934
2022-08-21,2022,34,10.840266215448365,10.342800314746686,7.190181087368657,10.662449130699748,13.44796694445663,10.924186636582306,14.706615025378529,12.179663961583918,12.82476826656588,8.7300809959727,12.70968364740347,13.523814957739528,12.762863012354348,9.411679130134535,7.748145248941042,13.604500125765568,11.201897886885464
2022-08-28,2022,35,8.710273221192674,8.497914708880726,6.674023333014698,8.539256878551983,9.795425132678051,8.66027848294036,12.8594410787866,10.372528323631782,10.829706103367814,7.318333706584904,10.871568378638392,11.704900701090974,9.898834921448389,8.879330650166557,4.667932596932662,11.846677572060006,9.3195041681557
2022-09-04,2022,36,10.873878433744268,11.296948164129562,8.619308341787047,11.22283680275792,11.88176350237086,11.434522184779436,14.645475078949774,12.186080270247023,12.645905535281756,9.35027274345252,13.087600397547602,13.993286873773744,12.337610411137687,10.53044950476172,7.984381485892846,14.00257132617928,11.359868881998036
2022-09-11,2022,37,10.893387056225516,10.875344712596965,9.176655311867952,10.539567884944736,11.194112712061024,11.116512871156788,14.286679148326462,11.228988595690046,11.962604999308953,9.504724566794351,12.586801417875083,13.66108408128476,11.679102662447336,10.593041741145097,7.089114002134966,13.608429994601792,11.310151182416314
2022-09-18,2022,38,10.040912555144711,10.023573443579522,8.429510014503533,10.02774178272202,10.733209837285964,10.95123373188721,13.776599989688084,10.70563059385721,10.861416604070978,8.856436615853799,11.957779620942611,12.708033144634689,11.091027461884105,9.831970137478006,6.590786753031639,13.003237642187427,10.101388137295562
2022-09-25,2022,39,12.058494415675964,11.472030799017784,9.52585097213921,11.91159776704652,13.504290036498665,12.726877207614894,14.975182213519126,11.908147710824942,12.530465049053124,10.42442590259728,13.254257321873784,14.1409704460288,13.618457975534858,10.8631826464159,8.323777875966895,14.254171121377068,12.107749614432816
2022-10-02,2022,40,11.99492800404513,12.870467726609853,10.420856222920218,12.798971852376347,12.872490582864964,12.619786865769512,15.579213706814514,13.28420502897981,13.722586974239164,10.972433263190824,14.354558128505555,15.594643998981486,13.018873024170924,12.468169965053388,9.147846536675408,15.370504300888271,12.085100301192456
2022-10-09,2022,41,13.302932402955673,13.516141971799607,11.534702688376251,13.711356859831582,13.61407524351717,13.697114196983543,16.643765438402358,13.868218247797584,14.254842937342572,12.232331086599652,15.166246667672027,16.24262265824886,13.956907038522964,13.211755814267375,10.05133311807664,16.175418250948017,13.175828649027329
2022-10-16,2022,42,14.666326748665083,15.06808010398198,12.766077195635493,16.184884576570422,16.037653599025408,16.660880755273535,18.4152549599072,15.763311784917658,16.29631490296814,13.501664795140714,16.825586323098186,17.903939912903983,15.958554474083153,14.207588558476296,12.299036855612629,17.798500777690613,14.427297606301112
2022-10-23,2022,43,14.763544956536215,15.66096646902658,12.502429620714024,15.513499340840749,16.430462189200718,16.010763867941602,19.147610644904933,16.02711156919405,15.730036836314342,13.335721504031202,17.579866018749417,18.57881399499117,16.105838961582847,14.588908860086214,11.928713432308337,18.59785301298078,14.601085655130143
2022-10-30,2022,44,9.7579548957265,11.2425513404773,7.989361394266164,11.757690401659124,11.188328979105352,11.624722437201932,14.774392934304286,12.053552827711227,12.900478338775336,8.5870872442312,13.370365952000473,14.212474365440018,11.260340021844076,9.878093957051863,7.32352422237741,14.005017353363932,9.475374072709815
2022-11-06,2022,45,12.056992203725963,11.946054051171489,9.28458500564257,12.97205890927996,14.205921928411412,13.722151430417211,15.005964910323698,12.913295043350816,13.74317623211213,10.2215060128404,14.066569323353953,14.148151832128148,13.850482767613236,10.936633799922388,8.871420194142928,14.29811937888308,12.025604380108918
2022-11-13,2022,46,14.719955324052693,13.447579597613451,10.822812355823398,15.306618311575482,15.873316545295856,15.873308205082916,17.739482234587825,14.693762606831342,16.26291501965308,12.52498914688591,15.948170501329168,15.771317753187729,15.979015925676208,12.026148010724896,11.514856029722782,16.111375877768563,14.170002039230738
2022-11-20,2022,47,15.850560643651466,16.680826952716686,14.031262816638153,16.213559853179117,16.98723532904703,16.450046277260995,19.925587367733435,17.013952189358797,16.868108095254918,14.662841414439796,18.66037250039897,19.171018037513257,17.292021262599693,15.475310178061552,12.814396587689796,19.066336419017816,15.359726365364466
2022-11-27,2022,48,16.90074078180615,18.00742216252569,15.358257613567089,18.70101727616219,18.06981029411672,19.272881288172503,21.359854472969435,18.585757122287504,18.856636353434883,15.965991714271569,19.88096117374701,20.847957194654768,18.28222915656778,16.680227888776795,14.796678824299534,20.458923377169555,16.51907651250896
2022-12-04,2022,49,19.78778424747816,19.828897973367656,17.630789593034013,19.52076808611552,21.30046048647911,19.601602517499888,21.976659880435157,19.149043643505543,19.75801787777656,18.26559632218729,21.36819928982557,21.643702052031564,21.148676603457183,18.429144893656808,16.66314223185415,21.52134252947604,19.455632738026004
2022-12-11,2022,50,16.970089310998315,17.635133543502548,15.1451046892046,17.019371989227476,18.397469641984085,17.545285313285916,20.173835821123927,17.59631284441267,17.68780542306471,15.77937244591214,19.128946907902176,19.77110002497136,18.453861556918465,16.392777613136765,13.467400468823078,19.503656292148296,16.628962597114377
2022-12-18,2022,51,15.708686703420517,16.01230166512512,13.951376614574848,16.06132619650591,17.176131031762043,17.04171206377341,18.689999294002963,16.158994866903726,16.592282949361778,14.429361132052136,17.593499957328234,18.378566457897502,16.972936131319024,14.925821693414374,12.43617848125431,18.02604626022906,15.258963201245209
2022-12-25,2022,52,16.832303892845047,16.773395150455077,14.802754832456465,17.077588810807182,19.08253665432764,17.435118829881823,19.94056691094668,17.12393441386037,17.589352059037715,15.4770100387599,18.76986253829229,19.705253410853462,18.55736171877062,15.97513300786624,13.899347049361165,19.285144624878047,16.66350795509359
2023-01-01,2023,1,16.548228670117783,16.641431402804248,13.993179181665049,17.589909069594885,18.239252821063214,18.045270281562164,20.0113620980488,17.88332439967564,18.330242004879768,14.97460350062367,18.600515062571603,19.144449061781888,18.243726091495358,15.194579943017995,13.691465784802087,18.95839312491818,16.026279119789763
2023-01-08,2023,2,17.03203182883244,17.232657031972273,15.127695178393251,18.267761502947124,18.25560372534017,18.36122567067582,20.894889959440984,19.08893204478474,19.04371660889478,15.651053844340336,19.22790182865027,19.96764657311041,18.470681270577277,16.532791975887108,14.557761401734965,19.795220261217327,16.823033170880013
2023-01-15,2023,3,18.690804139067307,19.216394030971568,17.144124166882982,19.90356756108148,19.61288541233336,19.91295328717128,22.47994925607398,21.12357925514122,20.770227805509023,17.400292249578726,21.13928476804263,22.11082251309706,20.1035877249876,18.597829340944944,16.765049059515658,21.788052851906496,18.39919698720351
2023-01-22,2023,4,18.658934299856845,17.771413210358446,15.163342171680007,20.012066081875844,21.193986923759905,20.34030896018677,21.70544815063477,19.86975643950624,20.647489944316167,16.324759442572923,20.061690535277,20.341612060115025,20.97729675373976,15.675145855334897,15.920519287056074,20.29108059056351,18.298046733491184
2023-01-29,2023,5,19.088626262610788,19.674204721633814,17.058533256838782,19.887373949800217,20.00396295373833,20.41581955962506,22.537291407237596,20.411213011803568,20.378010174999496,17.74925684312063,21.3264168462712,21.93832293353633,20.436224790153357,18.376796250292376,16.70384774223002,21.648299876024577,18.46597052905759
2023-02-05,2023,6,17.054106676747285,17.28043614318376,14.652803659227532,18.17827218629065,19.30345631139884,18.80514155821144,21.095856902898227,18.43432823726109,19.36097372581348,15.284403212024872,19.644007118852624,20.339471585667035,18.99026785946261,15.970949185427632,14.520871844988966,20.03716313162429,16.90451810366381
2023-02-12,2023,7,17.241681729197655,19.117207774221264,16.29444859021516,18.712955192441036,18.065934814055,18.72514922339637,21.72454999139636,19.83316089283337,19.81164715014792,16.519462623531826,20.87822249771713,21.011318484406587,18.3862017807353,17.241764164838955,15.347913414103472,20.856807167516063,16.596271219600563
2023-02-19,2023,8,16.062599480382264,17.076506394567268,14.923513093455872,16.664168432709715,16.795377925446438,17.139378796826612,19.749555821321447,17.445629601168942,17.489205210642805,15.32259946411184,18.774931399027505,19.774065872408308,17.133094805087822,16.194825115815235,13.551693938663568,19.238195275607172,15.453674426297292
2023-02-26,2023,9,17.631113543320193,18.72890595789912,15.983906053714025,18.977358300061457,18.700022064254163,19.31132688240041,21.21146825451197,19.40413694307401,20.061646313116743,16.479354161111253,20.4570159119445,20.80195014110473,18.93647835981892,17.121982519363385,15.65085174456702,20.523255111186707,17.119490375415978
2023-03-05,2023,10,17.740756488981702,18.81014322065341,16.182106731841284,20.054553383872623,18.77279099069817,20.531339010830244,21.141135285269076,19.909651520468973,20.630297839058358,16.811777639442678,20.269732770052823,20.92482157601822,18.829002553431685,17.114594408585518,16.15431865144425,20.48821953178152,17.06328917770694
2023-03-12,2023,11,18.7976016507339,18.563894192547178,16.649283310958744,19.51277369828452,20.035114644104954,20.671537792053616,21.44357397118393,19.40406374299681,20.259119137392585,17.270129765380755,20.39338918083158,20.46664336299639,20.121526583741527,16.930632202154477,15.71306015732374,20.40282375798533,18.308779997967005
2023-03-19,2023,12,18.836611503493067,18.763532710736243,15.942153485136531,19.39636457108316,20.9727498752642,19.98875858670189,21.445385357381294,19.56711561574564,20.261690960938218,16.92004270253219,20.8195083419998,21.11940484933776,20.65602086593746,17.333236081070897,15.93745652315732,20.99148419598544,18.63440936980543
2023-03-26,2023,13,17.194728329681826,17.508241716986777,14.882435432660866,17.621186710539316,18.38568040902839,18.056643679949,20.45284460862941,18.28371048171799,18.8403893263606,15.759650922867523,19.5510880301009,19.907234919360388,18.49430171403185,16.114864335779057,14.120069610845668,19.729828545258705,16.84371673900162
2023-04-02,2023,14,15.160969861839424,15.16397946297741,12.571440277209614,15.968508071842647,16.91901003246745,16.288476772136516,17.89920399557397,15.916724941699536,16.720956244347377,13.4458248400715,17.103391118070267,17.50811416697952,16.69728966201134,14.034477270493928,12.102559696993348,17.323976143465583,14.840473435638406
2023-04-09,2023,15,16.711617656349368,16.383993317069276,14.010573385876686,17.132127923624857,18.16796232134567,17.592326841759405,19.01025256610125,17.093488024426744,17.811428652350916,15.020094254690028,18.21359288434445,18.18559553938092,18.18159704318838,14.793910466214156,13.822171446961743,18.135976399460883,16.33139986105042
2023-04-16,2023,16,12.486330392584687,12.778643097196303,9.967647809313798,13.437730470583553,13.812266205788363,13.78736605822196,16.00843248283898,13.830902321307692,14.482208527230936,10.79397755653437,15.015669756637507,15.862355559983987,13.822000996026292,11.410233236274374,9.89558768622762,15.306588900765796,12.170323305695527
2023-04-23,2023,17,13.604792603501329,14.00662457790456,10.849777059842763,14.218506500124931,14.5746526809907,14.853048071744668,17.173772316979942,14.794341440572364,15.519762072777796,11.97496165253046,16.23040728630958,16.822479922816438,14.741230166556752,12.170914687891464,10.872337950249516,16.435223079240952,12.995979796201391
2023-04-30,2023,18,16.26222987033839,16.501965996553142,13.71577230764895,16.945557619844163,17.98408564561213,17.410215177744668,19.729821191237203,17.16081841852758,17.602529289671125,14.569005164842638,18.61724190484909,18.67425442770164,17.784023578562795,14.996284659596643,13.719853349491304,18.737937690227238,15.996264861921738
2023-05-07,2023,19,11.156170421585614,12.630713942462702,8.875466067704249,13.265332704143864,12.9052054661455,13.52859689830353,17.111464703395832,13.903451984702766,14.331142295829936,9.624265678017428,15.55354094154391,16.54124889091019,12.731496024776147,11.43886286607598,8.97150418770454,16.138313951324346,10.997174116639757
2023-05-14,2023,20,9.973780527078048,8.772391523633683,5.130743930481553,12.218513224096526,13.695857625462937,11.641296618693582,12.710395726796143,10.219381216965711,13.376515141205314,7.461393381532856,11.221375378282554,11.404179719580474,12.022915158952989,6.440495936824345,8.672176234034623,11.4013150125567,10.083697945602498
2023-05-21,2023,21,14.33418623360888,13.41956289083973,10.730896481816073,14.475536784955432,16.30472988309373,14.777946769193944,16.615007086328447,14.49194832739892,16.007011817626058,12.049632882374611,15.415389479599993,15.40553053370062,16.027478456497192,11.319146416524111,11.642939797541343,15.46378549624329,14.034310283043956
2023-05-28,2023,22,11.5480944094664,11.81731491988656,8.826274836814394,11.305731324212893,13.632613331719206,11.77260110675905,15.08478659304516,12.076212249607233,12.882133051373954,9.686543096171189,13.880208197919838,14.27614437087848,13.147980681717629,10.35279823293033,8.874853209396983,14.15319846240975,11.347645081921089
2023-06-04,2023,23,12.390500107940715,10.247403233290225,7.637410609195374,12.728250929287505,15.414951699297134,12.787638072648411,14.014171060945827,11.607552758501722,14.099265414907975,9.756176828667606,12.654599037830964,12.33077439529234,14.60867624025087,7.962315507684246,9.45870338615467,12.465511312690031,12.137292623841216
2023-06-11,2023,24,9.377957567438347,10.263096467009992,8.773169726106904,10.799955078888509,9.206147027315694,10.835666228752183,13.195709581625358,10.633577865129942,11.691305858281726,9.017103691605266,11.675774721665816,12.725596647699565,9.995092855457171,9.504800177394142,7.269253241013572,12.307730406931002,8.911887224793755
2023-06-18,2023,25,9.88968394867395,8.090810721235744,6.6748317675772455,9.81183351789202,11.973698292195047,10.197328082076064,12.282845554129374,9.722045665778124,11.141922740320403,8.01036175056303,10.428502704157976,11.757267346600637,11.588648999059522,7.5288780619138596,7.227652501841678,11.373877665301356,9.475670438249798
2023-06-25,2023,26,13.055108550279144,11.651411832014382,9.04013837727172,13.05512429419018,15.488160504666546,13.330512972872228,14.78107113740882,13.099643417952896,14.387757373649317,11.106373023128617,13.435459266596544,12.985911780611843,15.139223345458277,8.980229056773092,10.232915221108383,13.236208941838512,12.518758487508624
2023-07-02,2023,27,12.47339083145024,11.720210573058138,8.746096918513105,11.87852387626966,14.724077569211875,12.65673812660011,14.025375121536475,12.72071116880937,13.536404056325118,9.921133400484734,13.066788158581888,11.731508537122824,14.3645184260998,9.336327555625864,9.295864015164303,12.627972990099464,12.10593703911311
2023-07-09,2023,28,11.179213447460338,11.74182480370312,9.291018847247194,12.379728662470976,12.32036754857338,12.38056259541898,14.813395180438071,12.554795354867911,13.268619768073648,9.94584307654502,13.334602643917131,13.9535699179873,12.520728836188445,10.552602409137112,8.340820640576831,13.778669667103983,11.01868147123856
2023-07-16,2023,29,10.58142378953126,10.776910408219294,8.707460577972398,10.425081162935212,12.044657729450286,10.355273999455967,13.403419010840768,11.17975543356561,11.705597628352692,9.443636034149153,12.317612560899745,13.14681112734134,11.971626049763447,9.866153423805976,7.764053967107609,12.833794788838366,10.513309009955575
2023-07-23,2023,30,13.46843450870293,12.505662907923716,10.200819984197404,13.32378197958072,15.54521257377924,13.496161453205335,15.675652626304515,13.319879322299707,14.179411582750816,11.659266871461988,14.375758481128909,14.498066660528876,15.461875595181144,10.851082797101425,10.275362696655687,14.487554531507996,13.275728222816138
2023-07-30,2023,31,12.160050608169772,9.982373660815549,7.106108767857251,11.818563571643262,15.685165925523602,11.9828229103923,13.022432702623371,11.077806199309114,13.167012918485351,9.360286348716212,11.867969409727944,11.754834177680411,14.792918056134551,7.847750726121662,8.944210062771353,11.820771296663526,12.29283688749586
2023-08-06,2023,32,13.607783442758684,12.71702539285363,10.558143258200564,14.109956402154197,15.089130541380028,14.656364588817269,16.33826423455953,13.65867177641237,14.723263390610128,11.916177520869956,14.61647324665284,15.219447802983204,15.193518747233972,11.063200995343731,10.443051052047556,15.018905512740698,13.355568054872702
2023-08-13,2023,33,11.135564032055084,11.022271369057677,8.105422104473334,10.67126721640428,12.926730535367437,10.63700642426195,15.813479023146558,12.615992361043954,12.19983386060263,9.169065110729033,13.813256181163704,14.89486328932153,12.87508670289544,10.223089259652973,8.198666843038902,14.5648865615785,11.245781973847803
2023-08-20,2023,34,13.189083682984458,12.285884125654633,10.208618516507356,11.604998269606204,14.5564457397828,11.60855604537512,15.703455341105562,13.121931924696092,12.9803924490561,11.617623860978169,14.19138941579051,15.60980713142539,14.712670438538188,11.40717753960202,9.511434210664936,15.06636204878178,13.275946632871086
2023-08-27,2023,35,9.443784184130616,9.724443027586824,6.867437196602945,8.620178535935425,11.693816314001246,9.094454350158514,12.914059196894788,9.920119716347038,10.201095623979365,7.507358608886819,11.868279007709388,12.509110817048104,11.405549738858197,8.16855632404966,6.503010496637155,12.214604336688195,9.582678962589275
2023-09-03,2023,36,14.497020933772298,14.009718050580544,12.344053924242374,14.337534891707556,15.61648355705662,14.7073666647441,17.574300268301116,14.505114192962646,14.816269801320864,13.475368431099891,16.03961412173845,17.197578570270796,15.632212484205091,13.504415349050808,11.395115139799731,16.7309355409178,14.29843393426057
2023-09-10,2023,37,13.442900953759253,13.030081482711376,10.244546901576795,13.357273254720935,14.76042822958539,13.595997112905046,16.32340316383206,13.587952960249666,14.126348759796752,11.3779107430118,14.983796690243148,16.24689941457661,15.051189412021271,11.594728515607638,10.091556627243234,15.590057768700408,13.147602807640064
2023-09-17,2023,38,18.618019673508265,16.490243907676323,14.711149945551036,17.722224130516963,20.983327142756394,17.913687081257198,19.33422517915509,16.9984049110908,17.848426706870242,16.596075391608498,18.121901891138645,18.098417294957244,20.578683794235168,14.968549771416454,14.92675710787,18.19042636177078,18.491715291118364
2023-09-24,2023,39,15.788586332991317,15.117371961760368,13.282426341826024,15.03959095265184,18.17698891439939,15.271398807584548,17.77877079432629,15.303720602803416,15.464052443868262,14.101277443635851,16.677365723316804,18.160170413734456,17.677965706379716,14.779465328906433,12.119339644722237,17.435287160182888,15.933758050283652
2023-10-01,2023,40,14.968565960495011,14.53502959889898,13.400664203867196,13.6084334112349,16.421405702586704,13.682597999253634,16.967527495181248,14.290886690957205,14.392147902173305,13.946657699996896,15.9680630415549,16.845521394775886,16.363704801986575,14.674788955836416,11.411131004056882,16.506616351655783,15.336556977660187
2023-10-08,2023,41,13.421673542744404,13.866549695478572,12.502169048881363,13.4464742683229,14.492931150666523,13.857807234294013,17.42532863839375,13.947412027631486,14.029853412083217,12.797016486005925,16.12344843381411,16.967218764066054,14.63997399853003,13.788361696183657,10.532926105011288,16.708937103734325,13.287767734810348
2023-10-15,2023,42,15.28339199915509,13.89603390215811,12.56068272831806,14.770678206568672,17.34918154300715,15.161610582467056,17.203365932053106,14.380235768603038,15.284752090849755,13.69898946641937,15.835301092899208,16.70120745656304,17.12421292779989,13.504357696853232,11.220422854224791,16.387900932894294,15.07602263653696
2023-10-22,2023,43,16.44022598168411,15.755497188710455,14.19368101414475,16.18561744122278,17.974639329973808,16.675937513893942,18.6840369861258,16.12692026509867,16.671619038292572,14.986733535277429,17.423162523905436,18.124537516797005,18.084029988432484,15.113694052475452,13.243907790045023,17.848865410119824,16.032995502261137
2023-10-29,2023,44,15.259816913531091,15.823075699653703,13.659585555465007,16.496420650964694,16.566740043775667,17.07428922370901,19.137792781907688,16.588542208981206,16.9903155222331,14.305324426249792,17.829563163162828,18.789670620324475,16.46956817523853,15.033342816021117,13.063901162383011,18.429366339442783,14.95776304915909
2023-11-05,2023,45,15.706299795914187,14.334854426922831,12.171903014606148,15.494204417580647,17.844473635859174,16.017292979447845,17.403391509987525,15.290739950204824,16.330736851272288,13.253750865853675,16.05313316980998,16.478936294982375,17.89439676259015,13.155081575078176,12.228945804027097,16.37221643182863,15.493971376084891
2023-11-12,2023,46,18.744975449649218,18.70594128210153,17.0138675487454,19.175000681763603,20.0862003992788,19.491909002552006,21.331015995570592,19.07733886916916,19.470144031099142,17.48490103076896,20.12451792134867,21.433247597069755,20.023751096835927,18.381635401717844,15.992631781965644,20.964198868335345,18.849849996541067
2023-11-19,2023,47,16.332821452019296,16.35167662573776,14.345473125325755,15.687539287975858,17.84583823897943,15.91210294107366,19.305587829723297,17.051721180011697,16.805637400677526,15.021816084704062,17.9907344223617,19.32471335737532,17.783785674562786,15.73043204203018,13.30078611934481,18.7338567909196,16.304605297643864
2023-11-26,2023,48,18.360815032261836,18.335739281640123,16.28535575282817,18.04673395838056,19.91431797671371,18.53647923929811,20.64746317293484,18.54412187601065,18.736637861994616,17.036649846655177,19.835556389449483,20.26217655608596,19.80039495206708,17.612720226835815,15.415816070544691,20.139395286425685,18.031615226416573
2023-12-03,2023,49,18.49203929876576,19.29119515368171,17.2055284052479,18.76345287405309,19.5463073294221,18.722654950204504,22.00708338123021,19.66347768015676,19.32244918864301,17.5728056551501,21.10386095088281,21.999258110786705,19.53822705736492,18.661360292695093,15.845771109848188,21.46636814333921,18.333982608389015
2023-12-10,2023,50,18.16793482153265,17.909990968988904,15.672382074642098,18.603210007860547,19.72776654241352,18.956052789970407,20.678862468841817,18.765700591941933,18.82914419230183,16.71004700633887,19.512890671238758,19.784854521327265,19.752604085966425,16.680089591282556,15.4309376824824,19.69837210556299,17.604220072214172
2023-12-17,2023,51,19.232034236461192,19.43399289015259,16.93536115052326,20.134276436907907,21.07379909377024,20.246321174935797,22.86988847804834,20.554438337350824,19.788607172770043,17.619814682865037,21.51864698831137,22.261374712633,20.902080351781663,18.29275610062932,16.616583572356447,21.996759130996736,18.623425235645467
2023-12-24,2023,52,16.988469548513837,17.662662734863346,14.875590539338214,17.627029915650684,18.471473236422817,18.002521847512575,20.898847290795327,18.372270561317347,18.367764447766508,15.73242556257645,19.840335778240515,21.07370904449504,18.46182215351856,16.57183967902814,14.27922473876225,20.55693093018056,16.449537691722984
2023-12-31,2024,1,17.389232434207713,17.777359754546108,15.50543219237171,17.701201156491326,19.254560796708024,18.05094881438227,20.335314642236117,17.77707760748925,18.22734563551304,16.08075976398584,19.397833200760218,20.455365296644025,18.964784883624336,16.816895453600623,14.39102243084817,19.893198535866933,16.921533240783567
2024-01-07,2024,2,20.12629879149998,20.276851538147756,17.9730037360881,20.05339764129548,21.044962145327464,20.549884265914383,22.87556131101558,20.73269130855412,20.677938275607836,18.64955807268553,21.92669497403232,22.590588731585807,21.47400459267458,19.34255565104392,17.119389578567244,22.28024025859198,19.702740105014605
2024-01-14,2024,3,19.358526956467404,19.9943594525872,17.67621656678478,20.18647852114269,20.949754213775027,20.565759923927573,23.20993387316824,20.635846051302824,20.833737978030097,18.23357342869144,21.86622311150357,22.74784295835263,20.66294115022343,19.331371131884897,17.15739750132679,22.45729391168941,19.04405800544348
2024-01-21,2024,4,14.96863029362152,15.884119254439623,13.0677155724858,17.03907365174521,16.36990698737449,17.713896685125285,19.576598954270256,17.325875380875228,17.705943861586242,13.407635040841036,18.27501129877,19.109852583903187,16.545436841640694,15.293168617417608,12.489775386439035,18.84457082431144,14.735600453502729
2024-01-28,2024,5,17.035980371894983,17.320650450964727,14.667068864776692,17.072443591696878,18.780284845590767,17.285297034176466,20.306664174916797,17.41309321812221,17.99359500664788,15.38262079537116,19.480375411293725,20.25539626586791,18.575769436405437,16.473443662313592,13.998067627238008,19.93123906652521,16.642062625473724
2024-02-04,2024,6,19.94843181281169,20.01704818861825,17.358512096523498,21.38385509735062,20.995313188396143,21.69493146231122,23.379414689089053,21.248991807714685,21.805595332629064,18.2784961672548,22.089166375362517,22.17123686335479,21.290237566679146,18.453167257169323,17.66158711229626,22.268290241637107,19.17825085968984
2024-02-11,2024,7,19.71282500189704,19.397424178336983,17.356184521923048,19.715993675447645,21.025249637911536,20.02319094266364,21.962829511992787,20.02761852809361,19.77551299485209,18.036284077690475,21.19000841115976,21.35158007999636,20.9073720070386,18.402277903071877,16.510645333154322,21.404122682933476,19.39493878639612
2024-02-18,2024,8,18.61290078181558,19.210983161478914,16.501129556146466,19.32733017915771,19.76522419560317,19.619763892283004,22.24678657353793,19.75859220380907,20.16946985110378,17.067118585713132,20.973501451500567,21.41243153183929,19.9215273838706,18.17898156928789,15.930446919749311,21.341776357005017,18.097325480530525
2024-02-25,2024,9,19.66798142392663,20.419402544432355,18.32506793985985,20.91099148421061,20.92013902473591,21.33380379056992,23.40651712890269,20.9281953989995,21.12275977890552,18.77603085049092,22.13031446448652,22.65461820155141,20.89338720719326,19.310624051292187,17.718675634999414,22.475623405143008,19.08550492258406
2024-03-03,2024,10,18.919496094398053,18.885826199802,17.28821797188976,18.89698505401611,20.09054469285763,18.880724856598803,21.250881639931016,18.785623412689603,19.17906926896008,17.811526816660965,20.292871341457616,21.20570723644164,20.205132735742104,18.5018991206916,15.998949904408525,20.83794652412549,18.676429251133595
2024-03-10,2024,11,18.946171517537827,19.440980048576144,15.880472800111816,19.18956888005847,20.93512364266803,18.96846863048264,22.462861753413694,19.58903550333791,19.66838193919561,17.041173248376833,21.416060621913893,22.026615898564177,20.42894275216062,17.722872424984242,16.393370197354038,21.84750724538665,18.1833182820734
2024-03-17,2024,12,17.550203102435844,19.83014137658483,16.466507369263994,20.107991955110005,18.922394197663053,20.424163825723657,22.944098336356028,19.82264635259455,20.152714151692248,16.597737302125772,21.722587177557347,22.68747479960604,18.930514569448228,18.863583505884858,16.052372240440096,22.4002294409765,17.376182926954286
2024-03-24,2024,13,16.544583281341513,17.047912343987015,14.539310212461103,16.572200939768837,18.6426076867861,17.072453339280926,20.3208378883562,17.439522070946634,17.875788000931713,15.117355287678464,18.794505310058597,19.12869277218924,18.114539546856086,15.761651416894802,13.92330352256626,19.16277790629467,16.227232954894117
2024-03-31,2024,14,18.78997847533748,18.985413312403637,16.226444260885785,18.45643275834265,21.021804003429622,18.862262468080267,22.401995872964665,19.05839761312906,19.181613798943985,17.167411837454456,20.841416216103028,21.28812969084377,20.322345288103616,17.709369870009606,15.766240547720535,21.265952630985502,18.384984606359847
2024-04-07,2024,15,17.682606031842518,18.48581367057524,15.583057938789835,18.22122577116603,19.27402138586489,18.637746974154638,21.661901562971558,19.439315757256047,19.20756827221925,16.280803511998247,20.278246015903758,20.64238394559876,19.0810900047479,17.142759597862856,15.398518383574755,20.550472013171174,17.24429183507544
2024-04-14,2024,16,15.196664573296308,15.26470439520472,12.715304776325414,16.64641808044343,16.553101524787863,17.05487636310867,19.325519481136222,17.509878551681318,17.534869133376326,13.638950908680195,17.583338053814778,18.58643091078396,16.475439384637195,14.14224531134457,12.630946973466608,17.95682651329414,14.629036236323437
2024-04-21,2024,17,17.169570861482562,16.150339078801526,13.89659243742766,16.59870086965107,18.824245990778586,16.69525484627585,19.574448716188662,18.11501147480754,18.016783308376304,14.790058563477013,17.999588906094107,18.099436324240383,18.82753494531492,15.03543978224265,13.990126718012462,18.109366586763564,16.780098298167925
2024-04-28,2024,18,19.24798487757777,18.6473895080054,16.86096205453272,18.042724975517817,20.655197387796964,17.9540778740646,21.05283522536386,19.032350978603613,18.71480813371692,17.833743048196972,20.005095717194795,20.91396932524812,20.789158132545737,17.352767244270304,15.92889274054049,20.324904749771388,18.882642850721624
2024-05-05,2024,19,18.257033475731028,17.4221439727588,15.362856336050363,17.8035858245123,19.278115785713112,18.0847381324228,21.219993530139977,19.15849896814916,18.751432586789363,16.442820053400954,19.46811551758737,20.537362878855987,19.543593621161914,16.1250391912215,15.349137090022694,19.96761076604317,18.02782436008402
2024-05-12,2024,20,12.852968887932972,13.987847848233384,12.441900451731238,12.275623690159549,13.279546661433429,12.381382361648935,17.203313524451964,14.3043011966309,13.152812718178662,12.41679649639988,16.11907136760233,17.238967677011004,13.655496402136608,14.275245954832824,9.859269995885825,16.70574333243174,13.360406001623106
2024-05-19,2024,21,12.020410009332606,12.295837819449176,10.30531666737906,12.591885631283125,12.35657187482324,13.237864604174248,15.567983482738972,13.731398258456936,13.670257238959143,10.984931454213315,14.332424283543707,15.736220949743638,12.948618835924217,11.45039420963796,9.33549716512257,14.929746179897956,11.81760319127548
2024-05-26,2024,22,6.518980444781722,8.57604494430363,5.3242988534066775,8.9470106448446,7.56597262413567,9.123211675629191,12.637471724529656,10.560652238920136,10.454644810663511,5.585731360118489,11.187016675585792,11.409403342763689,7.523431313544167,6.930415847530751,5.033772152379402,11.17829711189942,6.545908575591373
2024-06-02,2024,23,13.586626378112165,11.747342236514791,9.253063976182911,12.016143074702647,15.530039916472642,12.25669365990883,15.40839278941252,13.775960836038962,13.621525919833994,10.9932120675043,13.826755722673424,14.32903396344249,15.136347340801048,9.741176362371652,9.6123014477413,14.067999169784516,13.189639120410396
2024-06-09,2024,24,16.662921216957358,13.443433019906474,10.643683198710512,15.21810348402886,18.494075968563777,16.444112220479408,17.411404865476204,16.249271713851332,16.309166379170872,13.162905261272522,15.909026221073034,16.010315523635988,18.695957518912653,9.926112559363451,12.45598200791372,15.705624587848462,15.81330542615803
2024-06-16,2024,25,15.641527121898598,15.11533770734059,12.733011108642144,16.110783425115404,16.8750390526456,16.478043105764893,17.98531030426915,16.80298850121436,16.86560394246051,14.033462922940506,16.801795909931133,16.43476770251909,17.047011658031504,12.97384397833537,12.97467505745186,16.67046077564038,15.18328229372071
2024-06-23,2024,26,10.712965624059336,10.627636911645371,8.686850621833564,10.55071205361968,11.573459580066377,10.78380832739625,14.666504092536234,12.418075996126449,11.891981620144705,9.6887933831113,12.85094259270342,14.336289494506754,11.937962791174074,9.826311704619014,7.406612634199321,13.631765225628818,10.82171744204596
2024-06-30,2024,27,9.368918066472776,7.136385965766682,5.427969450112878,7.935836335111943,10.505182919790796,7.8348244443976895,10.61165948789947,9.580546798334494,9.464661917224555,7.412065501355213,8.80011783244806,9.349052707782652,10.549920894291873,5.61280153445873,5.890999300656219,9.311080679268288,9.22242200495098
2024-07-07,2024,28,7.135219356728337,9.13090367179944,6.753182341699168,8.368683110035603,6.766511119444401,8.05850432738374,12.52848119707914,9.731957410837149,9.1979589228994,7.063719334564809,11.13308110794464,12.25700180357036,7.565404453793088,8.576575218947168,5.363610514960384,11.759829967222569,7.090788667414067
2024-07-14,2024,29,11.0711017287069,11.307010656735027,8.602920971195996,11.488532787987165,11.999526136103247,11.4407130809671,14.42194947000843,10.999079623160425,11.991363482465951,9.697499538835713,13.309595541520553,13.944869558766204,11.935724557596744,10.096631563742925,7.815605432376665,13.713722422164944,10.897790299271636
2024-07-21,2024,30,13.268314757402338,9.850910589893235,7.290271264425716,12.750866140638076,15.715203661463333,13.191818870632805,12.922149268948305,11.096285269848712,13.250089654717192,10.17842741382672,11.722781515327885,11.595060318949407,15.16406767432754,6.639197747321481,9.962905703438706,11.53199309612207,12.60939870626136
2024-07-28,2024,31,12.929304214978307,12.75638794238125,10.232890650986992,12.096307714780172,14.772673394395897,12.34961968437892,15.665955212651468,13.373382598827412,13.381352470812264,11.317045306462138,14.46131997541948,14.476392775533014,14.57607777146299,11.161334293087716,9.655167753912975,14.5846940057385,12.67159043103858
2024-08-04,2024,32,12.792537186596844,12.872862198141846,10.35726343199756,13.834642189599217,12.986381662853733,14.111711428125544,15.054793045055066,13.417334878599489,14.461533789998631,11.592151079859052,14.382128294618616,14.33087312661091,13.841498841189969,10.46887295015914,10.65945618050956,14.306301677297006,12.196541975129325
2024-08-11,2024,33,8.810509978420793,4.724720664433579,3.4700508554000824,8.198806009299698,10.168349496970611,8.211771735813626,8.542908036674078,7.068900566534563,9.401073179133018,6.142353081595911,7.215980273407775,6.8598968353514085,10.384049429166271,3.0451738917879494,4.941327731886762,7.2063314233507425,8.383870799907777
2024-08-18,2024,34,16.092690524907646,13.718338469706618,11.961376373812278,15.150509267335847,17.59185415581365,15.092536802917833,16.001469595439232,14.553210221327742,15.568866739534348,14.165646778853322,15.38532303731679,15.556629544641128,17.736773362030853,11.976921555360978,12.522384686402257,15.419068418603583,15.467550243007526
2024-08-25,2024,35,9.223552228861337,6.647978738681085,4.523834087093424,8.543437018280938,10.886951814926087,9.27894906678562,9.925957232105487,7.9914027258328035,9.508470204245087,6.257484832885429,8.83536091738449,8.881463209252473,11.072322989637788,5.025891257219273,5.720545023672554,9.073234032744764,8.882272034401522
2024-09-01,2024,36,11.631562455740674,11.996913689031786,9.245241485450157,11.926024334061712,12.524192051213376,11.392271875874876,14.868823941177943,12.14367915401211,12.898938088501035,10.225586213330718,13.930056331684064,15.155224810392063,12.634045332555145,11.016557994170014,9.39531927521158,14.49565139815299,11.669958811564586
2024-09-08,2024,37,19.46871965548247,15.773573795615482,14.479294818803709,17.178933904284523,19.730227103328637,17.42532775147388,17.86162088911318,16.586692500424075,17.35187885579298,17.195787708188067,17.3013155346825,16.951644207268068,20.49277142484216,13.959567810454102,15.75253866793477,17.162446968242847,18.52344331008726
2024-09-15,2024,38,12.545037600984909,12.858989267715256,10.848128102157853,12.43057281488464,13.706424365124818,12.9637378860778,15.361241337856816,13.062220444121918,13.454361435018638,11.31307094491373,14.23468817508582,14.796083060878948,13.854076545671148,11.888304404699149,9.51713136844364,14.57102191798141,12.205501427226311
2024-09-22,2024,39,18.10907678223638,16.016187097980527,14.314749635418856,16.80298108146304,19.296397109635222,16.653324165246044,18.44190389282849,16.00512229225852,17.059748060782592,15.3687591263092,17.28407752627418,17.890025838044778,19.8077131762928,15.083429912073507,13.877030957781876,17.7533582829216,17.61644120679069
2024-09-29,2024,40,14.919389373700744,13.580609095884538,11.862506854185089,13.548329096464885,16.766533327137957,13.801313071944383,16.98160579392236,14.147410590184196,14.673139042117125,12.71533211733815,15.229701631719417,16.353864524563686,16.65227558345868,12.960335954546126,10.655179059697875,16.00914418020827,14.87820177450977
2024-10-06,2024,41,15.712919135811706,14.928736395419024,13.494559807172369,15.400601360059918,17.275908491330885,15.85506708127958,17.430456684212643,14.977544512562936,15.899705404404791,14.204777820574286,16.11120461302918,16.972740605192364,17.14868070075871,14.167512318151102,12.479344509044804,16.644361979340854,15.449702694088302
2024-10-13,2024,42,15.058086985633487,15.479621171951294,13.57421016270012,15.245980840353738,16.413234439626788,15.47863160505258,17.845893395537885,14.823935655618644,15.651034854396212,13.828868020103808,16.39579228240174,17.519657479463564,16.56557646497336,14.73403010728758,12.182131732006988,17.05154575527064,14.635643320263556
2024-10-20,2024,43,16.910828332643252,16.950617207647127,15.008416319274229,16.97679456358864,17.80956490952204,17.683881184002303,20.01521714435722,17.329427074085583,17.380764236188913,15.399410378678173,18.58621241829612,19.894251396713877,18.25690990157109,16.088266469670888,14.113399396371165,19.20911347562786,16.329292393116297
2024-10-27,2024,44,16.064815715166286,16.268317305965464,14.127522886169624,15.765370847213836,17.60126482443312,16.19254086714147,19.152020348751854,16.15806937527347,16.02170557705157,14.46745027278218,17.66638244942669,18.506429615689097,17.60313907645384,15.031308732676234,12.906909473830892,18.080753231235214,15.70404401686635
2024-11-03,2024,45,17.206231015375987,18.05500722388977,16.020374626000585,18.236958666926338,18.31459911199608,18.721357458500016,21.044223184835804,18.113914585113527,18.049175026365457,16.19857531055154,19.65009473412584,20.764659430460146,18.314061428128984,17.387173915692454,14.894234986398285,20.282227129852235,16.712587310297472
2024-11-10,2024,46,14.57445495990866,15.045114388852232,12.928869177624517,14.229323174981843,15.83194296135892,14.765043203434889,17.81082561203759,14.544304843258548,14.182938287402784,13.179699253043658,16.750862484060843,17.716864200293855,16.089941744638686,14.644506228220148,11.288745651759749,17.358752024850265,14.18838622981326
2024-11-17,2024,47,18.146121886706258,17.60390479122398,16.112846254350448,17.154908222811564,19.661150212997335,17.702197158351982,19.832662971652287,17.568570034472973,17.40756587366302,16.746851385779536,18.53097479023459,19.374804906767974,19.625409459515428,16.86692527088668,14.768887244486226,19.057091041087173,17.722889055781607
2024-11-24,2024,48,18.000598735637492,18.091289348439624,15.69492943263625,18.91643519912447,19.582546046360783,19.37218399489708,20.17572590908573,18.287018327093744,18.798667978633876,16.347746935952767,19.34253931664801,19.546944449854024,19.65344293605407,16.478921762322265,15.699045755408871,19.428846172623903,17.25545791474314
2024-12-01,2024,49,17.732372983542188,18.053777034348773,16.48468395536096,17.250410119692486,18.72393122291141,17.39724438592427,20.662005760926892,17.833412563769844,17.428657471083845,16.77498789176898,19.43513300181467,19.853853414643485,18.96541515096274,17.451033744691244,14.835789689785654,19.69260176380553,17.469834446585725
2024-12-08,2024,50,16.534623951218457,16.01416486056883,14.523625214330476,15.946380236319134,17.719886587779666,16.237309482873947,18.66107734368772,16.030713405361425,15.871945923321867,15.029837617992149,17.56296957354525,18.24681168810698,17.86093385799511,15.437020616565336,12.991196074332995,17.87748484042293,16.085795798391665
2024-12-15,2024,51,16.413184302193777,17.06224182165508,14.612023679366024,17.647989388023102,17.49731881913214,17.68623315597593,20.29884640885512,17.212362030326545,17.420166081878303,15.029505687301688,18.465029537316525,20.176563216669543,17.61447133152641,15.77472619214075,14.056221459061806,19.21420332503645,15.835416241797477
2024-12-22,2024,52,15.913787326297244,17.35615411038592,14.872136737566242,16.501747822477704,16.81109787710149,16.15235458162914,20.147076576166175,16.888817416104402,16.699371263239016,14.93520214640786,18.46999382332806,19.65279588288053,17.24828777718268,16.53766528372242,13.611498661082615,19.15357379390769,15.585715093381324
