Semana,SE,ALTO URUGUAI CATARINENSE,ALTO VALE DO ITAJAÍ,ALTO VALE DO RIO DO PEIXE,CARBONÍFERA,EXTREMO OESTE,EXTREMO SUL CATARINENSE,FOZ DO RIO ITAJAÍ,GRANDE FLORIANÓPOLIS,LAGUNA,MEIO OESTE,MÉDIO VALE DO ITAJAÍ,NORDESTE,OESTE,PLANALTO NORTE,SERRA CATARINENSE,VALE DO ITAPOCU,XANXERÊ
2000-06-04,23,20.405172,2.3670635,6.51875,12.4375,46.403645,8.75463,0.9423077,4.0923915,8.895833,17.478516,1.9972222,2.585,33.913193,4.691489,16.656458,1.0514706,21.774038
2000-06-11,24,16.155172,18.501984,27.765625,3.4488637,11.5598955,0.7638889,25.75,7.621377,4.111111,15.777344,24.108334,11.14,9.298611,25.519947,10.204471,24.911764,7.762019
2000-06-18,25,26.974138,14.388889,30.073437,9.272727,22.010416,13.25,26.25,16.797102,13.28125,28.734375,20.230556,46.865,19.996529,32.005318,17.438742,38.514706,28.8125
2000-06-25,26,57.25431,33.06746,32.82969,49.704544,46.5,88.52778,45.221153,53.782608,53.47222,49.466797,25.566668,25.905,42.875,23.966755,57.0,24.80147,38.13221
2000-07-02,27,24.349138,6.84127,11.473437,3.7443182,22.450521,7.3009257,1.5192307,7.3423915,9.586805,19.357422,3.8916667,2.305,29.70139,6.736702,13.600993,1.3970588,19.228365
2000-07-09,28,107.36207,65.07143,76.651566,24.84091,74.19531,34.537037,30.134615,31.07971,19.288195,86.09961,32.219444,15.445,95.28125,46.97872,68.01904,27.42647,81.53125
2000-07-16,29,5.3189654,1.7857143,5.1328125,0.75,3.6119792,1.4074074,0.8269231,3.6358695,1.6736112,4.1992188,0.2638889,0.915,3.1388888,6.4109044,5.8153973,0.32352942,6.0048075
2000-07-23,30,0.0,0.14285715,0.0078125,1.5909091,1.9765625,0.0,1.7692307,0.5036232,0.0,0.140625,0.058333334,0.035,4.1944447,0.11037234,1.2574503,0.13970588,2.0072114
2000-07-30,31,1.0431035,11.1587305,10.692187,4.465909,2.5208333,6.2685184,3.7692308,5.652174,4.90625,6.578125,6.4555554,10.82,4.0277777,14.9375,4.3245034,8.1470585,2.7932692
2000-08-06,32,11.396552,1.0873016,3.634375,4.9602275,15.489583,8.916667,2.2980769,2.6413043,5.6805553,4.3691406,2.0027778,6.165,13.336805,1.6635638,5.277318,5.1985292,7.829327
2000-08-13,33,70.89655,42.974205,56.635937,8.022727,41.260418,20.578703,12.009615,21.286232,5.2881947,55.73633,29.055555,17.15,51.177082,32.14229,30.745861,18.007353,58.26202
2000-08-20,34,12.198276,1.4206349,3.8671875,17.579546,19.244791,38.89352,0.01923077,1.2427536,12.267361,9.521484,1.2194444,0.325,9.774305,2.7460105,18.071192,0.7132353,16.33173
2000-08-27,35,5.461207,4.2083335,1.41875,1.3977273,16.815104,6.990741,1.3942307,1.4855072,0.24305555,2.8359375,1.2388889,19.93,11.753472,5.3364363,5.1854305,6.242647,12.572115
2000-09-03,36,0.0,0.6666667,2.671875,0.011363637,0.5885417,0.0,0.75,1.2427536,0.034722224,0.00390625,0.9611111,8.075,0.034722224,0.68085104,0.65562916,2.6911764,0.0
2000-09-10,37,191.25,124.74802,156.71407,109.5,121.546875,124.32407,86.75961,117.603264,115.18403,177.36914,112.272224,128.0,171.3507,162.30852,163.58527,106.77206,153.57452
2000-09-17,38,100.086205,43.70238,65.85156,60.142044,43.960938,45.60648,42.41346,37.050724,58.104168,86.69336,41.525,26.78,46.177082,42.36037,58.2798,36.05147,61.670673
2000-09-24,39,11.974138,8.166667,9.7,4.7727275,8.791667,1.6574074,7.230769,15.869565,8.138889,11.855469,8.883333,17.88,15.520833,10.053191,5.660596,10.955882,13.379807
2000-10-01,40,34.08621,19.305555,24.503124,39.420456,29.96875,47.685184,14.173077,22.550724,30.024305,41.777344,11.216666,17.9,47.885418,19.545214,33.19702,14.544118,49.170673
2000-10-08,41,111.5,102.11905,96.77344,101.46023,140.81511,113.083336,57.26923,73.527176,83.364586,125.51758,89.64445,66.15,142.75,90.364365,127.7856,87.14706,117.86539
2000-10-15,42,58.668102,28.505953,46.638283,20.269886,69.98698,33.398148,36.10096,38.022644,24.217014,58.000977,29.101389,37.295,63.0625,31.778591,33.71068,39.52941,58.91827
2000-10-22,43,36.172413,26.946428,47.953125,40.982956,62.721355,56.23611,13.173077,21.75,33.99653,48.279297,17.23611,35.815,33.03472,27.337767,50.259933,31.397058,60.6875
2000-10-29,44,6.87069,2.1567461,6.1453123,0.42045453,24.023438,0.7962963,2.0288463,4.1358695,0.8055556,7.75,2.9916666,2.97,18.434029,1.206117,5.4089403,1.7794118,11.430288
2000-11-05,45,46.344826,6.9206347,22.515625,24.568182,24.036459,31.842592,11.173077,20.39855,27.04861,39.179688,16.9,31.49,41.583332,7.68883,22.400661,24.411764,44.783653
2000-11-12,46,21.465517,39.65873,20.990625,8.426136,16.382812,13.717592,20.990385,31.68116,7.642361,18.871094,52.833332,42.12,15.5,22.68351,20.568708,23.794117,13.300481
2000-11-19,47,27.506466,35.61706,23.90625,31.69034,35.096355,31.043982,18.870192,21.08605,23.564236,21.239258,23.625,51.1375,30.1875,26.984043,17.793875,31.790442,36.022835
2000-11-26,48,14.327586,22.035715,18.757812,56.8125,14.557292,42.930557,28.384615,28.536232,45.385418,16.488281,20.51389,62.7,14.350695,19.103724,25.039736,39.0,19.788462
2000-12-03,49,5.775862,9.914682,6.0203123,16.65909,7.846354,26.282408,10.548077,9.753623,12.96875,4.015625,19.941668,5.47,5.642361,7.054521,5.7392383,8.698529,6.423077
2000-12-10,50,53.03879,65.8373,71.63594,34.301136,32.15625,46.189816,52.028847,67.01993,24.114584,74.69336,53.258335,58.04,36.40972,35.636967,55.817883,38.139706,38.771633
2000-12-17,51,16.150862,15.980159,27.070312,9.664773,33.1875,23.12963,7.8846154,5.5434785,3.5173612,15.482422,7.9888887,10.8,22.774305,19.413565,21.237583,8.470589,17.146635
2000-12-24,52,53.668102,118.809525,90.89531,56.81818,99.03385,44.40278,50.076923,92.74275,40.17361,86.32422,98.99722,73.79,82.86806,111.00532,84.31291,92.94118,72.64664
2000-12-31,1,2.8534484,20.375992,19.678125,13.068182,8.386719,27.025463,11.100962,18.548008,9.251736,9.821289,9.679167,6.12,10.486111,7.3131647,19.712334,14.488971,5.5108175
2001-01-07,2,84.73707,55.73016,42.33906,49.875,59.291668,59.61111,64.75961,57.289856,61.45486,53.345703,82.388885,111.435,60.756943,84.40824,64.9553,112.882355,51.94952
2001-01-14,3,42.935345,43.535713,42.84375,80.681816,20.710938,92.541664,6.7211537,14.153986,43.447918,51.708984,30.233334,27.72,37.68403,50.914894,54.111755,15.095589,33.983173
2001-01-21,4,21.681034,11.071428,19.840626,22.818182,19.523438,46.703705,55.221153,40.5,20.239584,36.429688,20.961111,73.0,15.46875,21.013298,28.614239,58.07353,27.680288
2001-01-28,5,67.3125,48.891865,62.34922,85.599434,65.45573,96.041664,44.764423,70.20109,92.927086,87.81738,32.144444,85.0325,70.12326,48.88896,65.31664,67.55147,72.438705
2001-02-04,6,31.32974,30.643848,45.627342,74.8125,47.946613,103.263885,38.89904,60.392212,51.34028,30.53711,39.6125,95.8625,51.40625,49.87234,28.309189,35.70956,48.08654
2001-02-11,7,34.780174,43.40278,51.029686,129.91478,34.914062,85.421295,45.471153,52.856884,116.28819,37.615234,72.14445,211.41,62.541668,53.340427,38.85265,149.97794,37.048077
2001-02-18,8,91.05604,81.43254,63.135937,66.63636,89.135414,61.078705,40.58654,87.6558,59.993057,67.7793,60.23611,72.73,65.170135,69.82447,61.299667,43.05147,118.76923
2001-02-25,9,20.37069,11.273809,15.0859375,55.301136,29.083334,63.037037,39.192307,44.05616,36.52778,11.556641,32.791668,50.18,41.163193,10.216755,19.134933,42.691177,27.39423
2001-03-04,10,18.698277,48.00595,25.32578,27.65625,30.674479,80.63194,49.908653,37.663948,14.703125,16.982422,62.120834,144.1525,32.456596,20.379654,35.243378,56.77206,33.423077
2001-03-11,11,21.26724,33.86905,27.245312,42.153408,12.6796875,58.675926,29.028847,22.286232,31.416666,17.25586,39.35278,20.525,31.15625,18.547873,42.725166,16.102942,18.399038
2001-03-18,12,41.857758,22.867064,25.84375,20.09091,47.039062,27.476852,33.451923,51.730072,19.177084,41.0,28.991667,34.195,36.524307,14.441489,27.152317,23.44853,37.639423
2001-03-25,13,17.775862,15.170635,9.4609375,15.670455,13.651042,10.097222,10.355769,15.978261,17.993055,19.777344,12.586111,71.285,12.569445,24.122341,19.839403,39.816177,16.911058
2001-04-01,14,12.943966,26.480158,18.42422,28.15341,11.1536455,21.511574,25.908653,27.451992,25.333334,17.800781,14.908334,25.9875,14.21007,9.450798,14.760761,15.716911,38.277645
2001-04-08,15,65.11207,32.089287,27.54375,7.840909,32.661457,21.0,23.413462,24.440218,9.236111,74.35547,22.497223,27.55,40.916668,11.885638,32.917217,16.595589,45.853367
2001-04-15,16,34.96121,15.388889,22.025,31.255682,27.541666,17.337963,26.240385,12.742754,25.822916,23.410156,17.9,33.915,25.15625,10.614362,18.452814,32.669117,29.180288
2001-04-22,17,63.655174,27.089285,36.671875,52.738636,62.908855,63.037037,24.759615,18.900362,29.340279,54.378906,21.672222,28.785,69.923615,18.68351,43.825333,29.382353,75.86298
2001-04-29,18,61.28879,81.33929,45.792187,100.03409,37.065105,97.421295,122.61539,125.960144,114.145836,55.609375,90.76945,93.66,38.80903,31.204786,88.22102,69.42647,34.997597
2001-05-06,19,16.715517,12.206349,9.7578125,0.42613637,10.8515625,1.5092592,21.336538,6.6177535,0.6180556,9.4140625,26.313889,31.94,13.0,17.24601,4.227649,25.94853,10.552885
2001-05-13,20,16.310345,20.418652,19.898438,20.0,14.6692705,32.13426,35.0,24.778986,15.652778,19.728516,32.16111,39.645,11.298611,28.454786,22.716059,35.360294,19.709135
2001-05-20,21,79.06896,37.13889,48.820312,11.931818,49.190105,8.75,9.288462,19.061594,13.583333,67.03711,23.141666,17.13,83.25694,24.918882,40.56043,22.588236,58.033653
2001-05-27,22,29.862068,32.121033,22.2625,9.363636,28.940104,8.898149,14.269231,39.088768,14.381945,21.615234,31.097221,12.205,34.493057,30.776596,14.206126,19.544117,21.91827
2001-06-03,23,40.668102,6.2440476,22.121876,2.153409,57.65625,4.462963,17.23077,1.692029,2.4270833,31.38086,14.127778,16.45,54.072918,14.485373,7.517384,14.220589,45.673077
2001-06-10,24,2.4698277,3.6924603,0.5828125,0.09090909,30.854166,1.6157408,2.7692308,0.63949275,0.3715278,0.671875,1.8527777,10.485,18.128471,1.8204787,1.2210265,6.882353,5.9783654
2001-06-17,25,16.831896,16.281746,12.6484375,10.965909,10.0390625,12.37963,30.173077,20.137682,14.84375,13.917969,26.291666,56.6,10.84375,23.820478,12.060431,39.036766,14.163462
2001-06-24,26,56.318966,61.857143,46.721874,43.153408,16.744791,48.842594,53.91346,59.875,60.97222,48.039062,55.702778,98.795,30.0,53.80186,57.38659,72.23529,52.576923
2001-07-01,27,7.0560346,2.8244047,3.8671875,9.201705,13.446614,17.409721,7.4711537,3.6802535,8.100695,5.586914,7.4347224,10.445,14.354167,2.9973404,9.200331,6.8014708,9.610577
2001-07-08,28,37.474136,9.390873,20.1125,11.818182,44.971355,15.037037,7.0576925,6.70471,10.940972,28.396484,5.5416665,16.905,45.260418,17.605053,11.288907,14.316176,44.298077
2001-07-15,29,83.25862,37.964287,57.146873,95.0,25.760416,107.138885,25.711538,55.90942,86.13194,73.82031,24.983334,37.98,38.020832,41.082447,103.75331,33.441177,41.221153
2001-07-22,30,36.474136,35.09722,31.33125,24.806818,33.802082,33.25463,47.66346,32.119564,21.54514,35.521484,45.39722,136.125,37.375,69.1875,24.768211,87.35294,34.545673
2001-07-29,31,0.0,0.07539683,5.6484375,0.0,0.0,0.083333336,0.0,0.42391303,0.0,0.02734375,0.044444446,0.12,0.0,0.041223403,0.0,0.22058824,0.0
2001-08-05,32,0.55172414,0.7797619,1.7640625,3.1420455,0.3203125,2.898148,0.0,0.76992756,0.6354167,1.3476562,0.05,0.06,0.041666668,0.09042553,6.1721854,0.073529415,1.5456731
2001-08-12,33,0.0,0.023809524,0.0015625,0.0,0.6119792,0.0,0.50961536,0.46557972,0.0,0.0,0.027777778,0.665,0.35069445,0.0,0.014900662,0.09558824,0.0
2001-08-19,34,11.034483,12.222222,10.6375,25.738636,8.338542,25.87037,12.394231,16.085144,35.70139,16.285156,14.441667,15.015,8.069445,3.844415,24.934603,9.507353,14.485577
2001-08-26,35,29.89224,39.761906,37.025,14.164773,49.23698,16.203703,29.173077,36.175724,21.79514,28.529297,42.841667,32.19,38.805557,60.119682,33.971855,32.661766,42.122597
2001-09-02,36,6.9827585,25.043652,18.228125,28.426136,4.859375,11.023149,5.2115383,19.282608,39.42014,6.390625,22.658333,5.99,5.84375,11.231383,11.434603,10.286765,1.875
2001-09-09,37,17.926723,36.76389,15.829687,34.789772,7.018229,13.763889,49.26923,35.894928,42.069443,14.863281,44.95,46.95,10.260417,15.570478,22.510761,53.507355,11.774038
2001-09-16,38,28.185345,2.577381,11.4921875,0.27272728,19.596354,0.055555556,5.1826925,7.164855,7.545139,8.886719,5.7611113,4.56,31.559029,6.200798,1.022351,5.3235292,27.350962
2001-09-23,39,65.69396,24.192461,41.475,20.443182,94.43229,30.814816,38.60577,27.539856,25.621529,47.160156,36.055557,29.025,98.22222,33.609043,32.014072,38.22059,68.71875
2001-09-30,40,37.935345,88.980156,79.16875,73.66477,36.765625,116.166664,107.125,119.625,99.25694,87.0293,115.397224,78.835,22.899305,60.164894,148.01656,84.05882,67.0024
2001-10-07,41,76.25,26.123016,49.157814,15.4375,74.90625,12.569445,47.471153,35.554348,19.95486,46.66992,36.425,44.84,77.295135,48.93085,17.01904,40.94853,80.55048
2001-10-14,42,29.478449,15.94246,37.178123,23.02841,10.848958,18.75926,34.375,25.827898,18.15625,51.416016,19.95,36.215,14.527778,33.400265,38.15894,32.14706,16.865385
2001-10-21,43,2.25,1.0813493,1.4375,0.13636364,0.5416667,0.28703704,13.365385,1.6376811,0.114583336,4.4960938,3.3888888,6.14,0.6284722,2.581117,3.2855961,4.132353,1.3822116
2001-10-28,44,2.0517242,0.31150794,0.440625,0.17045455,5.6015625,1.3101852,0.3846154,0.21376811,0.30208334,3.7050781,0.325,2.495,2.2743056,2.2340426,0.92384106,2.1029413,0.44471154
2001-11-04,45,34.478447,14.134921,27.004688,6.3522725,20.335938,13.25,19.192308,18.496376,9.090278,24.767578,23.277779,15.1,18.73264,17.55186,12.786424,15.595589,27.134615
2001-11-11,46,8.043103,12.269841,20.40625,1.3295455,23.229166,0.35185185,3.75,3.4945652,3.7256944,15.59375,9.655556,34.89,12.451389,18.109043,7.9486756,21.17647,12.490385
2001-11-18,47,0.9741379,7.1170635,13.33125,7.4204545,1.7213541,7.023148,5.4134617,6.865942,4.7395835,9.230469,10.844444,8.68,0.59375,4.820479,12.761589,9.235294,0.8581731
2001-11-25,48,50.306034,47.238094,60.064064,65.52273,32.841145,86.361115,35.490383,66.98732,79.44444,44.498047,40.094444,43.765,43.104168,55.86835,68.5596,39.47059,60.076923
2001-12-02,49,25.280172,27.46627,20.68125,9.857955,32.60677,11.583333,23.221153,22.869566,12.322917,26.892578,34.394444,15.3,28.965279,28.075798,29.068708,27.536764,23.05048
2001-12-09,50,20.474138,19.237103,21.159374,22.25,18.414062,17.270834,22.399038,20.78895,14.25,32.04492,19.70139,13.9325,25.288195,23.280584,48.36051,9.845589,24.4375
2001-12-16,51,1.1508621,16.174603,2.9546876,4.6136365,4.4166665,3.375,21.788462,12.817029,4.9479165,1.8007812,11.313889,5.845,1.1284722,7.5851064,4.393212,12.25,3.0096154
2001-12-23,52,4.6853447,0.74206346,5.703125,4.284091,0.9791667,0.2777778,4.8653846,6.6358695,5.9270835,2.7929688,4.263889,8.975,2.8958333,2.0452127,1.803808,9.419118,7.7403846
2001-12-30,1,10.49138,18.279762,11.620313,25.227272,2.2083333,26.796297,48.846153,39.84058,28.128471,14.464844,35.044445,36.115,0.9722222,12.56782,17.403973,20.742647,5.641827
2002-01-06,2,23.137932,39.414684,46.198437,24.198864,12.203125,17.314816,50.134617,53.699276,41.961807,47.447266,76.005554,77.83,11.243055,23.62633,28.940397,61.35294,12.533654
2002-01-13,3,5.9051723,11.228174,12.260938,36.4375,0.36458334,27.671297,18.192308,34.403984,50.06597,4.908203,14.938889,18.43,0.21527778,18.99468,15.158113,20.316177,3.2860577
2002-01-20,4,8.963362,51.208332,28.229687,49.16193,28.005209,61.150463,26.26923,29.867754,34.586807,30.485352,40.708332,53.135,14.694445,39.912235,47.06664,40.308823,18.427885
2002-01-27,5,24.1875,13.100199,25.739063,8.1875,50.20573,15.19213,10.586538,7.485507,6.0815973,25.169922,9.625,12.1425,41.760418,12.87766,13.975579,10.172794,31.983173
2002-02-03,6,9.504311,20.468254,22.489063,33.301136,5.684896,14.986111,59.46154,37.182972,32.21528,13.203125,26.622223,28.025,8.506945,18.174202,20.399834,34.14706,8.019231
2002-02-10,7,21.909483,36.599205,28.035938,54.960228,16.533854,40.430557,15.288462,22.708334,32.697918,26.548828,19.841667,21.685,15.5625,22.695478,31.415564,18.536764,24.677885
2002-02-17,8,4.5215516,12.049603,5.9289064,16.21875,4.2721353,7.3958335,18.096153,14.621377,16.095486,6.4257812,12.652778,67.88,2.1527777,23.144947,12.442467,20.367647,4.704327
2002-02-24,9,17.00431,14.319445,43.24531,31.960228,0.6979167,10.296296,4.5,6.0199275,23.166666,35.376953,17.461111,8.645,8.201389,18.44149,8.594371,10.323529,7.699519
2002-03-03,10,28.50431,20.876984,10.485937,32.647728,29.361979,23.671297,38.134617,42.074276,26.95139,13.230469,31.36389,31.685,30.729166,17.599733,19.960264,17.397058,20.444712
2002-03-10,11,14.620689,25.994047,23.439062,31.517046,29.346354,22.851852,41.471153,33.355072,24.51736,18.109375,39.469444,59.15,15.645833,17.752659,37.225166,33.764706,10.177885
2002-03-17,12,4.8663793,1.9345238,5.938281,8.471591,2.1666667,21.988426,3.1346154,3.9574275,3.4340277,8.4296875,6.197222,8.1275,3.0486112,2.0039895,6.433361,3.9632354,4.46875
2002-03-24,13,17.008621,3.420635,27.279688,10.903409,2.4375,15.12037,3.6923077,3.0199275,5.6493053,23.589844,5.1805553,9.39,0.47569445,9.87766,13.437914,3.389706,3.0841346
2002-03-31,14,12.297414,48.345238,12.9875,13.710227,7.1875,8.25463,49.125,47.460144,14.9375,14.208984,63.06111,67.825,6.8333335,33.05186,25.134106,45.02941,10.230769
2002-04-07,15,4.900862,2.1111112,2.50625,7.8977275,3.1354167,6.537037,3.7115386,7.512681,5.4270835,4.0253906,2.9833333,5.795,5.045139,1.0478723,1.0761589,2.1029413,7.423077
2002-04-14,16,28.443966,72.49802,47.653126,15.857955,18.010416,11.50463,57.490383,58.596016,17.975695,38.24414,49.933334,15.535,21.302084,20.799202,54.362583,22.625,35.46154
2002-04-21,17,5.6939654,1.5813493,1.9484375,11.1875,8.34375,18.73611,5.7884617,10.358696,5.9097223,3.0800781,2.8694444,2.25,5.8159723,0.4973404,5.4528146,2.9558823,4.9663463
2002-04-28,18,6.422414,8.0337305,11.378125,14.971591,1.8294271,17.680555,17.182692,10.345109,6.7447915,8.671875,20.522223,10.5125,2.2430556,15.03125,15.256622,10.9779415,4.298077
2002-05-05,19,20.49569,7.294643,7.5914063,10.505682,43.104168,15.851851,10.721154,19.389492,11.394097,14.258789,14.75,24.2375,21.70139,12.960107,5.836507,12.323529,20.210337
2002-05-12,20,104.74569,27.051588,66.94688,41.857956,122.171875,45.657406,28.134615,31.612318,38.03472,93.39844,26.833334,29.28,93.28125,46.393616,54.603477,24.580883,113.23317
2002-05-19,21,14.931034,3.5337303,8.207812,15.971591,35.734375,25.49537,4.701923,5.728261,12.09375,11.2421875,4.927778,11.01,26.5625,6.6781917,11.323675,7.1102943,24.411058
2002-05-26,22,15.88362,3.8809524,7.9734373,15.892045,24.234375,22.532408,0.8942308,3.9547102,14.222222,13.25,2.386111,1.165,20.368055,5.418883,11.874172,2.264706,11.497596
2002-06-02,23,44.068966,1.6726191,13.276563,20.289772,73.36198,49.055557,0.0,1.7934783,7.6319447,28.013672,0.21944444,0.655,74.50694,0.5890958,29.981789,0.0882353,50.85577
2002-06-09,24,53.86207,32.40278,52.29531,91.193184,48.95052,131.73148,32.39423,30.231884,59.61111,58.82617,32.383335,23.625,49.114582,27.360373,78.26408,28.058823,46.557693
2002-06-16,25,12.297414,2.5535715,3.9765625,2.465909,15.9713545,0.7777778,3.9807692,1.9655797,2.3263888,9.265625,3.3,9.935,14.072917,2.9295213,6.930464,5.022059,7.639423
2002-06-23,26,0.0,0.17460318,0.7953125,0.0,0.1484375,0.0,0.0,0.04347826,0.0,0.009765625,0.125,1.975,0.034722224,0.2805851,0.0033112583,0.15441176,0.16826923
2002-06-30,27,12.120689,15.5079365,20.28125,41.852272,5.1145835,50.050926,4.8461537,36.231884,39.243057,23.414062,5.463889,0.755,14.875,1.1382979,55.354305,2.2941177,13.28125
2002-07-07,28,1.9956896,1.4781746,1.7890625,3.4318182,1.9453125,3.5833333,2.625,2.8786232,3.375,4.03125,1.6888889,7.435,1.0520834,2.5026596,4.25,2.8455882,3.2427886
2002-07-14,29,0.004310345,0.87103176,0.0390625,0.2215909,0.0,0.28703704,0.28846154,1.0887681,0.5173611,0.01953125,1.3472222,2.655,0.0,0.25531915,0.26986754,3.3382354,0.0024038462
2002-07-21,30,28.806034,14.7837305,13.7734375,23.142046,30.033854,49.27778,11.951923,11.242754,13.048611,22.914062,12.744445,5.065,31.690971,14.716755,24.157286,7.595588,30.841347
2002-07-28,31,53.489223,61.99107,86.603905,40.613636,48.6237,39.26389,74.91827,44.160328,39.885418,67.23535,68.55556,69.6175,45.770832,88.44016,49.969784,78.66912,61.79327
2002-08-04,32,41.573277,35.24405,29.203125,8.272727,32.403645,5.0972223,37.201923,32.326088,15.607639,38.865234,31.380556,23.315,35.93403,23.021276,25.509106,24.558823,41.045673
2002-08-11,33,18.855604,18.916666,17.35703,12.948864,9.6432295,9.939815,19.51923,30.932066,19.336805,20.177734,22.790277,9.6925,17.802084,12.719415,21.81788,15.5404415,14.741587
2002-08-18,34,55.655174,24.140873,23.603125,34.1875,36.859375,57.62963,5.644231,26.35145,27.381945,46.810547,9.797222,8.615,39.84028,12.771276,61.11341,6.8897057,40.99279
2002-08-25,35,25.89224,4.922619,11.4625,0.7613636,33.489582,0.46296296,5.576923,2.5144928,1.3506944,22.423828,6.7083335,5.84,28.48264,6.925532,9.411424,4.2132354,30.61298
2002-09-01,36,34.88793,23.00397,32.559376,46.204544,18.291666,37.38889,27.961538,30.32971,46.9375,32.001953,27.905556,34.26,31.03125,35.01729,47.566227,35.169117,28.60577
2002-09-08,37,65.11638,35.585316,50.351562,22.5625,77.41927,20.11111,47.884617,23.981884,17.371529,53.365234,46.925,51.095,68.41319,49.48271,36.09437,47.691177,70.66586
2002-09-15,38,94.05173,44.88294,62.3375,22.897728,84.65365,18.48611,55.567307,31.731884,22.190971,84.18359,58.5,85.69,104.138885,80.70346,58.707783,66.742645,93.41827
2002-09-22,39,0.0,0.0,0.246875,0.03409091,0.0,0.41666666,0.0,0.030797102,0.0,0.0,0.0,0.03,0.0,0.005319149,0.02566225,0.014705882,0.0
2002-09-29,40,76.75431,20.156746,53.407814,35.36932,79.90885,50.00926,20.5,8.434783,19.274305,73.4707,22.483334,13.875,75.78819,43.849735,45.683773,21.279411,80.38942
2002-10-06,41,41.16379,31.0,24.679688,21.414772,49.101562,43.171295,6.9711537,18.219202,12.642361,21.56836,14.611111,8.84,66.75,16.148935,37.366722,19.147058,38.747597
2002-10-13,42,12.676724,16.956348,27.190624,32.789772,17.911459,35.10648,21.153847,23.02355,24.17014,26.851562,28.247223,12.0,15.847222,14.351064,29.716887,31.75,19.86298
2002-10-20,43,97.456894,40.315475,69.140625,38.210228,94.953125,43.65278,22.836538,28.722826,32.711807,91.865234,25.805555,14.365,109.611115,34.581116,67.92136,21.102942,108.72836
2002-10-27,44,64.63362,64.39881,54.782814,83.11364,66.79427,67.30093,81.80769,79.85507,85.99653,76.44141,76.53333,68.46,69.267365,43.93085,47.362583,71.0,51.43029
2002-11-03,45,38.21552,13.511905,22.335938,34.147728,39.289062,15.106482,12.173077,22.519928,37.44097,29.371094,19.191668,16.745,31.92014,20.242022,24.687914,17.742647,34.139423
2002-11-10,46,7.538793,23.323412,19.551563,4.556818,2.4739583,4.888889,25.317308,11.940217,5.5972223,13.955078,25.494444,42.41,3.0972223,33.240692,17.502483,30.830883,5.6201925
2002-11-17,47,53.081898,64.28571,36.478127,29.994318,54.901043,22.287037,37.846153,25.697464,23.4375,45.679688,44.65278,25.69,48.899307,37.43883,37.604305,44.52206,45.021633
2002-11-24,48,87.85992,75.80258,71.197655,78.482956,69.578125,104.26852,39.009617,57.078804,64.423615,96.20117,54.71528,44.45,68.03125,68.25199,95.21399,52.867645,92.00601
2002-12-01,49,56.65948,10.81746,45.1875,31.170454,60.26823,32.217594,39.721153,17.48913,18.565971,54.285156,17.358334,33.635,49.881943,32.784573,23.97351,35.09559,46.401443
2002-12-08,50,22.133621,4.855159,20.6,10.909091,9.729167,3.6805556,17.375,16.469202,14.215278,17.75586,8.188889,16.005,13.465278,8.656915,7.9428806,15.860294,15.048077
2002-12-15,51,40.581898,25.103174,12.8671875,28.65909,79.33594,18.472221,35.701923,18.643116,21.944445,22.65625,34.769444,38.32,60.65972,19.56649,17.003311,44.02206,42.146633
2002-12-22,52,62.719826,24.656746,33.7375,54.014206,92.421875,41.907406,29.48077,31.328804,30.67361,49.41211,30.311111,28.485,71.8316,30.28524,49.907284,28.474264,59.48918
2002-12-29,1,37.48707,13.853174,36.36875,18.363636,12.9453125,28.046297,33.317307,24.311594,19.70486,42.359375,21.247223,63.425,14.805555,24.523935,18.826159,37.816177,29.701923
2003-01-05,2,29.685345,9.428572,19.948437,11.113636,4.3541665,8.638889,5.4711537,6.7608695,8.375,41.335938,2.411111,29.05,8.388889,9.81782,45.096855,6.1691175,9.576923
2003-01-12,3,14.387931,3.7063491,10.953125,12.607955,20.424479,5.375,9.413462,14.809783,4.1493053,14.990234,9.097222,20.305,23.29514,8.751329,9.287251,12.845589,15.423077
2003-01-19,4,34.71552,3.5,13.526563,10.039773,65.71094,13.74537,13.836538,9.92029,4.829861,22.507812,8.994445,38.875,47.583332,4.5332446,15.336093,16.279411,34.834133
2003-01-26,5,1.2974138,19.603174,17.695312,0.8125,0.43489584,0.6527778,43.89423,7.014493,2.1076388,4.0820312,34.77778,76.605,0.034722224,51.138298,9.6101,52.286766,1.7836539
2003-02-02,6,43.607758,19.781746,23.995312,44.028408,25.398438,64.23148,11.894231,16.047102,21.277779,35.14453,17.519444,5.935,33.03125,18.606382,41.138245,11.566176,41.122597
2003-02-09,7,22.5,33.064484,20.386719,48.196022,61.554688,57.91898,24.254808,37.173008,70.93403,22.320312,32.62361,15.25,39.897568,29.86968,20.537666,21.970589,40.97476
2003-02-16,8,71.86207,27.51389,43.634377,39.3125,84.47135,106.361115,20.567308,33.657608,26.902779,60.921875,23.327778,61.3,92.420135,34.535904,39.70199,29.911764,67.95192
2003-02-23,9,12.603448,9.0287695,10.58125,47.269886,8.389323,21.856482,3.3461537,6.4139495,39.15972,15.677734,4.0555553,10.8325,13.817708,6.736702,16.612997,6.0772057,6.860577
2003-03-02,10,59.497845,74.122025,64.34297,29.798296,44.760418,7.6134257,44.466347,20.85779,23.006945,43.453125,71.525,94.95,77.125,50.63497,28.780628,75.74632,72.47356
2003-03-09,11,22.890087,13.088294,13.038281,46.477272,16.522135,25.881945,21.778847,27.477356,30.314236,19.199219,15.777778,27.435,21.534721,7.519282,29.214403,14.2904415,23.377403
2003-03-16,12,36.267242,12.503968,19.839062,39.136364,29.9375,25.824074,7.3173075,10.769928,41.39236,25.816406,6.3638887,22.625,38.00347,7.3271275,20.88659,11.117647,33.966347
2003-03-23,13,0.31034482,2.7003968,7.6765623,7.8636365,4.403646,10.606482,9.1875,10.962862,12.739583,0.31933594,6.258333,15.46,0.6909722,3.1343086,2.3783112,7.3308825,0.39423078
2003-03-30,14,77.409485,27.823412,35.696877,36.18182,60.177082,16.157408,7.2788463,19.586956,34.270832,58.753906,10.638889,18.805,71.75347,23.021276,26.490067,10.875,58.98798
2003-04-06,15,0.31896552,0.9047619,12.659375,0.51704544,2.5911458,3.3796296,6.2403846,5.1539855,1.5277778,0.5722656,7.5916667,5.625,1.8680556,26.125,0.33443707,7.8235292,0.6875
2003-04-13,16,34.698277,17.75992,39.671875,9.119318,59.041668,5.6064816,11.701923,14.699275,12.309028,34.441406,12.802778,22.04,49.78472,23.402925,28.451986,16.44853,47.41346
2003-04-20,17,0.12068965,0.42460316,0.41875,4.2272725,0.27604166,1.9027778,2.6346154,3.4945652,6.7881947,0.171875,1.1055555,3.97,0.38541666,0.36702126,1.8609271,2.1176472,1.2211539
2003-04-27,18,29.422413,25.87103,18.65,50.676136,27.971354,44.541668,22.615385,34.889492,49.73611,38.158203,29.380556,16.045,19.847221,15.009309,65.10927,20.889706,27.08173
2003-05-04,19,2.525862,1.531746,3.025,4.25,0.14583333,1.300926,13.692307,4.896739,4.673611,4.076172,5.786111,1.935,0.6076389,1.0132979,4.90149,1.2867647,2.1346154
2003-05-11,20,0.004310345,1.8035715,0.7390625,0.0056818184,0.0,0.18518518,8.951923,5.097826,0.072916664,0.115234375,6.133333,6.42,0.0,0.55585104,0.9528146,5.845588,0.0
2003-05-18,21,28.51724,20.464285,32.921875,24.306818,17.932291,21.48611,7.076923,16.217392,19.85764,34.492188,13.3527775,6.9,25.944445,21.788565,27.95447,10.683824,30.64423
2003-05-25,22,0.012931035,0.08531746,0.040625,0.0,0.0,0.0,0.7019231,0.041666668,0.0,0.08203125,0.5777778,0.09,0.0,0.026595745,0.0041390727,0.2720588,0.0
2003-06-01,23,46.771553,45.42857,53.967186,44.636364,74.354164,46.814816,37.78846,41.697464,37.350693,55.15625,50.447224,49.265,72.9375,64.40426,37.244205,51.375,61.963943
2003-06-08,24,17.12931,17.460318,15.96875,14.363636,5.997396,22.875,11.711538,19.22826,13.677083,15.0546875,14.305555,19.425,13.621528,7.0904255,26.405628,15.382353,13.899038
2003-06-15,25,11.676724,15.240079,14.31875,26.931818,16.1875,31.875,25.576923,24.940218,28.11111,16.720703,21.722221,4.55,11.920139,12.216755,24.71523,18.147058,8.788462
2003-06-22,26,0.15517241,0.061507937,0.159375,0.2840909,0.140625,0.055555556,0.0,0.17572464,0.21180555,0.20703125,0.19722222,0.385,0.0069444445,0.069148935,0.091887414,0.029411765,0.18028846
2003-06-29,27,0.0,0.12698413,0.078125,0.22727273,0.0,0.009259259,0.0,0.2210145,0.07986111,0.1015625,0.011111111,0.145,0.0,0.034574468,0.1705298,0.014705882,0.0
2003-07-06,28,31.797413,15.490079,23.6625,29.414772,33.932293,40.74074,18.923077,5.6666665,21.059029,28.90039,20.469444,49.545,31.753471,29.50532,25.225166,22.867647,32.25721
2003-07-13,29,36.517242,31.057539,46.051563,7.4488635,36.369793,13.606482,21.721153,19.70471,5.5416665,45.75,36.15278,22.15,38.868057,38.211437,28.975166,32.316177,41.120193
2003-07-20,30,0.125,0.2361111,2.6546874,1.7414773,0.0,3.960648,0.71634614,0.7907609,1.7517362,0.9355469,0.2,2.135,0.038194444,0.16223404,2.370033,0.35661766,0.14423077
2003-07-27,31,0.0,0.72619045,0.075,0.35795453,0.015625,1.0324074,1.8269231,0.98188406,0.19097222,0.017578125,1.0166667,8.08,0.055555556,0.3430851,0.2897351,2.6911764,0.0
2003-08-03,32,13.534483,5.529762,8.573438,0.48295453,21.171875,0.1388889,5.3173075,1.2355072,0.3923611,8.470703,7.075,3.1,17.284721,12.158245,4.357616,3.9485295,15.733173
2003-08-10,33,17.827587,3.517857,10.04375,6.1875,21.229166,12.717592,1.2596154,0.9257246,2.6458333,16.78711,2.0833333,2.49,16.42361,3.4773936,9.129967,1.875,22.247597
2003-08-17,34,0.0,0.01984127,0.015625,0.19318181,0.0,0.0,0.0,0.019927537,0.12847222,0.017578125,0.06388889,0.08,0.0,0.29388297,0.0,0.11029412,0.0
2003-08-24,35,17.094828,8.767858,12.228125,15.897727,10.989583,13.847222,5.4423075,7.813406,13.211805,16.554688,3.7444444,19.265,16.17361,5.8603725,16.051325,10.345589,19.528847
2003-08-31,36,0.0,0.06746032,0.0140625,0.38636363,0.0,0.0,0.7307692,0.07971015,0.07638889,0.0,0.11388889,3.49,0.0,0.07712766,0.23013245,0.5955882,0.0
2003-09-07,37,35.86207,32.190475,22.86875,36.863636,46.197918,26.703703,45.942307,34.967392,40.59722,29.527344,45.194443,49.39,48.104168,29.898935,30.46523,50.514706,49.927883
2003-09-14,38,0.8103448,6.2579365,5.415625,2.159091,0.15104167,1.324074,11.173077,9.847826,2.2222223,1.65625,9.15,14.5,0.027777778,7.87766,2.3311257,9.6470585,1.0576923
2003-09-21,39,15.50862,11.732142,15.346875,19.761364,21.742188,22.277779,21.10577,13.09058,17.07986,14.041016,16.627777,34.38,15.940972,28.404255,15.612583,28.411764,25.254808
2003-09-28,40,4.12931,13.271826,4.1109376,25.34659,1.3463541,18.421297,10.903846,21.259058,29.878471,3.890625,8.916667,21.005,2.9965277,4.945479,9.564569,12.117647,2.6634614
2003-10-05,41,55.831898,50.63294,65.27812,44.340908,77.03125,37.962963,70.75961,54.2971,46.229168,66.26367,54.23611,35.925,74.68403,44.50399,54.394867,53.05147,61.822117
2003-10-12,42,0.0,0.2936508,0.00625,0.47727272,0.0,0.0,0.53846157,0.38405797,0.2361111,0.0,0.06666667,0.78,0.0,0.01462766,0.12582782,0.23529412,0.0
2003-10-19,43,47.46552,5.7579365,23.771875,5.5170455,63.026043,8.064815,7.8076925,7.438406,4.25,36.96875,7.072222,7.98,64.388885,10.743351,16.766556,7.5441175,40.689903
2003-10-26,44,12.676724,4.952381,9.321875,10.835227,25.359375,18.893518,8.192307,6.235507,4.5868053,15.603516,7.2305555,16.895,17.364584,6.3297873,12.027318,11.367647,21.6875
2003-11-02,45,7.4784484,2.7440476,6.3484373,12.375,1.6901041,6.7083335,86.06731,24.72826,12.923611,9.064453,10.752778,16.125,2.6840277,2.7140958,4.7061257,12.823529,11.891827
2003-11-09,46,29.663794,28.402779,29.082813,12.613636,28.361979,7.6296296,11.269231,23.960144,16.0,27.376953,27.73611,16.465,31.315971,33.636967,26.0298,17.32353,27.98798
2003-11-16,47,59.107758,19.926588,63.540627,12.460227,69.26823,5.712963,14.307693,21.26087,9.996528,62.904297,19.475,33.12,65.739586,43.74601,28.004967,21.147058,107.79808
2003-11-23,48,24.821121,15.482142,26.8375,8.329545,30.496094,9.092592,29.947115,11.006341,13.881945,24.100586,20.079166,43.7475,27.430555,27.932846,15.686672,33.672794,33.38582
2003-11-30,49,48.775864,12.589286,35.675,19.931818,3.5026042,13.337963,14.605769,21.717392,30.878471,56.566406,7.491667,27.565,8.642361,13.006649,41.553806,10.470589,9.086538
2003-12-07,50,71.55604,61.531746,72.916405,46.49432,90.01302,60.594906,40.052883,52.218296,46.62153,74.572266,62.193054,51.7775,71.93056,49.464096,73.39031,55.52206,89.88461
2003-12-14,51,54.293102,30.49008,31.469532,23.701704,67.53776,36.49537,24.552885,21.906702,13.850695,46.583984,25.508333,38.81,53.609375,29.082447,44.645283,36.82353,60.57332
2003-12-21,52,36.23707,5.1706347,19.395313,8.710227,69.96615,4.7453704,1.4903846,2.4456522,4.4375,22.539062,4.452778,31.385,55.15278,38.68351,7.4486756,6.154412,68.29808
2003-12-28,53,78.594826,36.13294,70.99219,77.08523,69.49219,52.476852,17.067308,16.471014,66.66319,67.91016,21.830555,34.435,76.920135,68.16357,42.83444,41.35294,63.91346
2004-01-04,1,11.094828,2.3888888,16.451563,6.6477275,7.21875,4.361111,9.336538,7.914855,4.2881947,21.496094,4.0416665,10.64,9.284722,5.80984,12.302153,4.4338236,19.745192
2004-01-11,2,9.314655,18.869047,16.103125,36.221592,3.7578125,41.564816,24.634615,29.525362,35.27778,24.359375,29.447222,53.33,7.1631947,11.449468,25.755795,37.786766,8.814904
2004-01-18,3,16.508621,2.0119047,3.9640625,13.465909,38.242188,8.37963,20.192308,23.112318,15.177083,3.9921875,9.730556,44.075,43.22222,5.493351,4.719371,23.352942,17.884615
2004-01-25,4,44.982758,6.156746,24.290625,10.403409,32.11198,16.143518,21.134615,53.235508,33.27778,29.876953,10.872222,31.52,42.3125,9.335107,15.096026,20.477942,30.692308
2004-02-01,5,38.926723,12.37004,16.3625,20.323864,13.8828125,34.988426,23.802885,20.269928,18.572916,32.216797,40.788887,137.095,25.16493,18.922207,22.728477,55.86397,30.338942
2004-02-08,6,11.0,3.9047618,4.990625,2.9829545,8.7369795,1.2222222,8.375,7.987319,4.298611,4.388672,8.544444,29.535,22.82986,6.0146275,2.316225,16.75,11.096154
2004-02-15,7,1.637931,11.561508,7.35625,6.9602275,0.40364584,0.33796296,12.951923,20.958334,14.684028,2.9765625,11.0222225,51.425,0.2326389,8.251329,9.484271,10.816176,2.1658654
2004-02-22,8,1.4051725,5.9146824,21.6125,7.931818,11.6015625,9.178241,23.25,18.60326,12.434028,12.444336,21.668056,21.9275,1.7361112,11.050532,11.975165,19.294117,2.7247596
2004-02-29,9,1.5344827,1.9146825,1.3484375,3.4375,6.3645835,8.023149,3.4086537,1.6847826,1.2083334,1.6083984,3.4083333,6.8175,2.4097223,0.45611703,0.4946192,3.0514705,2.1105769
2004-03-07,10,30.601294,13.077381,20.517187,9.693182,50.652344,13.055555,21.177885,25.02355,12.46875,30.106445,29.430555,35.6575,34.366318,25.960106,16.208195,25.98897,30.88702
2004-03-14,11,0.5991379,7.8650794,13.010938,31.892046,0.010416667,43.89352,17.673077,28.02174,23.413195,4.1796875,17.458334,45.78,0.5625,11.740691,11.908113,21.55147,2.1322114
2004-03-21,12,0.02586207,0.06349207,0.1796875,2.5170455,0.0,2.9074075,0.03846154,1.1666666,3.0520833,0.0234375,0.20833333,0.865,0.0,0.5718085,0.42384106,0.42647058,0.014423077
2004-03-28,13,7.797414,9.230159,18.376562,8.232955,15.911458,2.2407408,28.259615,27.313406,6.0,24.56836,5.0444446,7.985,15.777778,7.1529255,38.206127,9.404411,10.149038
2004-04-04,14,22.49569,10.698413,14.848437,42.829544,13.9088545,20.833334,12.019231,26.84058,30.038195,25.648438,17.041666,13.02,12.934028,11.553191,8.440397,8.014706,27.90625
2004-04-11,15,3.125,3.4414682,9.5078125,4.9375,6.8541665,1.9930556,23.110577,10.348732,3.0295138,11.869141,8.940278,37.8925,4.0572915,11.210107,4.0823674,16.110294,2.9399037
2004-04-18,16,92.47414,23.918652,58.10781,27.914772,118.135414,41.148148,12.807693,17.528986,15.048611,75.4668,29.955555,32.18,98.81597,43.714096,48.10265,26.764706,95.47596
2004-04-25,17,15.629311,12.789682,32.259377,8.613636,25.619791,8.055555,3.3365386,6.893116,6.28125,22.292969,4.7777777,4.725,22.715279,12.186171,10.572847,2.2720587,28.596153
2004-05-02,18,43.21552,56.329365,43.21406,172.34091,39.242188,207.76389,37.08654,62.454712,158.03125,49.882812,48.941666,63.27,49.635418,36.027927,52.25,49.75,55.951923
2004-05-09,19,33.71121,11.4087305,18.603125,14.056818,36.036457,22.689816,8.028846,6.235507,6.9791665,23.173828,10.480556,11.19,35.4375,21.368351,10.580298,10.080882,32.16346
2004-05-16,20,0.4224138,0.9047619,0.7328125,0.47727272,7.0989585,0.2037037,5.394231,2.3369565,1.8229166,0.5097656,2.2277777,7.265,5.1041665,2.4494681,0.23758279,3.5073528,9.158654
2004-05-23,21,25.284483,21.424603,25.045313,18.068182,30.039062,14.532408,12.490385,14.288043,8.923611,23.195312,17.730556,25.08,32.583332,34.856384,23.835264,20.588236,38.747597
2004-05-30,22,0.0862069,2.2281747,2.9328125,17.886364,0.23958333,13.569445,8.788462,16.632246,26.506945,1.1503906,5.338889,19.03,0.06944445,5.8550534,3.2624173,10.779411,1.0288461
2004-06-06,23,21.297413,42.732143,49.803123,14.125,34.091145,18.314816,63.48077,42.217392,12.961805,30.654297,53.244446,49.92,27.163195,59.88963,25.20778,57.338234,51.21875
2004-06-13,24,0.073275864,0.14087301,0.7484375,0.75,0.0,0.7407407,0.01923077,0.26268116,0.17708333,0.13867188,0.11111111,1.26,0.0,0.0625,0.6647351,0.5661765,0.0
2004-06-20,25,5.5,0.31944445,2.215625,0.18181819,13.1119795,0.5462963,0.63461536,0.13043478,0.097222224,4.4804688,0.39722222,1.96,8.920139,0.8803192,1.0645696,1.0441177,5.1899037
2004-06-27,26,6.706897,5.2896824,8.4765625,8.346591,5.03125,7.740741,7.0865383,11.235507,6.420139,9.628906,11.041667,12.425,4.7743053,8.087766,18.249172,16.80147,4.0600963
2004-07-04,27,49.581898,37.00794,54.42344,10.596591,19.684896,12.981482,22.048077,19.063406,10.875,55.884766,38.78611,34.005,36.479168,40.89229,48.578644,44.492645,49.48798
2004-07-11,28,50.301723,32.371033,62.217186,39.06818,56.6875,43.310184,19.653847,19.487318,30.572916,61.96875,44.291668,35.58,54.90972,46.12367,58.52566,44.89706,75.51442
2004-07-18,29,2.1551723,7.644841,4.321875,1.8579545,7.0260415,1.8194444,7.451923,4.7336955,3.2916667,2.7070312,13.083333,65.31,1.8194444,10.265958,1.4619205,27.897058,3.8774037
2004-07-25,30,17.655172,3.9603174,7.578125,8.318182,17.401041,10.097222,4.201923,3.530797,8.878472,10.697266,4.733333,1.085,20.32986,3.4095745,10.042218,1.6911764,17.516827
2004-08-01,31,4.293103,0.25396827,0.5984375,9.352273,1.8645834,5.4583335,0.53846157,0.49456522,3.3020833,2.8339844,0.0055555557,0.59,0.7743056,0.03856383,4.899007,0.16911764,1.2644231
2004-08-08,32,0.03448276,0.083333336,0.0234375,0.48863637,0.0078125,0.060185187,0.25,0.097826086,0.097222224,0.09375,0.14722222,0.775,0.0,0.24069148,0.0397351,0.42647058,0.012019231
2004-08-15,33,0.2025862,0.001984127,0.0,2.3295455,0.38541666,0.13425925,0.0,0.117753625,5.9166665,0.37109375,0.0,0.415,0.1388889,0.02925532,0.36258277,0.05882353,0.088942304
2004-08-22,34,40.426723,42.295635,44.84844,12.693182,29.552084,13.902778,47.28846,23.139492,10.875,43.722656,43.27778,37.53,35.458332,42.69149,32.567883,40.992645,40.27404
2004-08-29,35,0.1637931,0.96825397,1.403125,0.79545456,0.15625,0.5277778,1.5384616,0.23913044,0.1388889,1.03125,1.1416667,10.955,0.875,4.474734,0.6183775,4.1764708,0.28365386
2004-09-05,36,0.0,0.33333334,0.06875,15.954545,0.0,16.976852,0.5192308,0.47826087,8.319445,0.015625,0.35555556,2.49,0.0,0.17021276,1.1622517,0.7352941,0.0
2004-09-12,37,74.48276,76.64683,59.046875,89.36364,66.947914,81.32407,72.01923,84.1558,113.125,59.73047,108.611115,107.29,71.69444,60.398937,66.99338,117.0,81.36058
2004-09-19,38,16.590517,13.924603,13.720312,44.375,10.057292,41.583332,18.509615,24.498188,55.506943,18.86914,15.377778,7.1,15.576389,6.926862,52.038906,10.882353,10.533654
2004-09-26,39,55.193966,14.980159,28.30625,35.488636,46.734375,26.393518,15.067307,31.188406,49.104168,58.210938,9.105556,6.89,47.80903,9.148936,80.75993,7.1985292,27.473558
2004-10-03,40,0.06896552,0.055555556,0.1125,1.5568181,0.0,0.2037037,1.1538461,0.10326087,0.625,0.125,0.25555557,3.675,0.0,0.08909574,0.04304636,0.6911765,0.0
2004-10-10,41,68.840515,59.628967,65.90312,13.375,76.95052,6.615741,38.673077,28.17029,13.652778,57.214844,57.011112,40.37,76.62153,88.29122,32.17301,46.661766,70.54808
2004-10-17,42,32.76293,16.386906,21.107813,10.238636,25.28125,13.814815,17.846153,11.748188,6.3402777,20.441406,18.847221,28.79,22.23264,18.93218,12.805464,22.419117,35.38702
2004-10-24,43,15.629311,53.059525,48.021873,13.965909,8.421875,21.75,58.46154,23.514492,11.545139,28.050781,66.058334,28.075,14.069445,53.75266,19.708609,54.69853,24.46875
2004-10-31,44,35.844826,36.573414,39.914062,17.448864,40.091145,14.217592,23.846153,27.657608,23.850695,41.02539,20.580555,17.205,45.01389,32.720745,27.550497,20.67647,46.002403
2004-11-07,45,66.76724,38.426586,55.623436,29.755682,51.1875,39.092594,27.326923,30.48913,33.475693,62.01172,31.919445,38.475,68.604164,30.341755,39.046356,34.875,62.908653
2004-11-14,46,28.525862,6.922619,21.535938,11.198864,36.052082,14.111111,14.346154,4.353261,3.5625,23.455078,12.65,22.135,28.479166,22.918882,9.343543,14.036765,48.46875
2004-11-21,47,4.5948277,1.4702381,5.734375,26.34091,28.692709,32.337963,21.076923,15.449275,29.375,1.1269531,3.6416667,14.735,14.194445,6.1422873,3.6183774,8.698529,17.8125
2004-11-28,48,0.9439655,8.802579,4.2257814,7.7897725,1.6041666,3.648148,12.466346,9.97192,6.6458335,4.515625,12.5,24.0425,0.20833333,6.643617,2.919702,14.180147,5.0048075
2004-12-05,49,17.383621,44.18651,38.090626,57.267044,7.2552085,38.90278,41.884617,81.777176,41.51389,29.330078,34.780556,77.98,10.430555,53.057182,29.967714,57.47059,18.358173
2004-12-12,50,4.801724,9.4920635,10.970312,14.215909,4.546875,26.550926,9.865385,12.932971,12.847222,14.671875,16.13889,43.245,4.7604165,11.833776,18.283113,18.669117,13.014423
2004-12-19,51,24.801723,9.319445,23.501562,12.5625,17.492188,15.240741,13.576923,25.52355,15.690972,18.91211,11.563889,66.39,35.475693,19.284575,11.972682,37.25,31.858173
2004-12-26,52,2.8189654,0.9543651,2.6484375,2.1761363,1.3645834,13.638889,1.2307693,1.3025362,1.7222222,7.345703,0.24444444,7.565,2.8020833,1.0013298,5.9619207,1.8014706,0.8894231
2005-01-02,1,28.159483,13.637897,26.828907,10.715909,34.96875,5.5347223,33.596153,42.196556,4.361111,28.476562,47.691666,52.5,47.21875,26.40093,13.023179,55.0625,47.014423
2005-01-09,2,43.267242,22.238094,24.348438,17.47159,34.5,8.555555,26.490385,20.592392,22.652779,46.279297,31.458334,46.405,40.069443,19.143618,38.265728,49.507355,35.98077
2005-01-16,3,0.13793103,6.0079365,2.25625,0.8181818,0.45572916,0.083333336,18.76923,5.0688405,0.9618056,0.5136719,23.002777,74.74,1.7951388,25.529255,0.49586093,39.816177,5.110577
2005-01-23,4,89.07758,62.407738,74.973434,31.15909,70.05599,17.604166,30.365385,54.839672,32.65625,75.38281,54.226387,42.4275,64.44965,36.462765,48.847267,67.35662,71.04567
2005-01-30,5,0.0,2.2996032,0.071875,7.4801135,0.19140625,7.912037,3.2163463,3.3288043,3.3125,0.17285156,7.05,12.985,0.14409722,0.5950798,2.1125827,10.305147,0.051682692
2005-02-06,6,1.4784483,1.6051587,3.8515625,10.352273,0.6796875,8.291667,1.5096154,6.6721015,7.486111,5.482422,0.76111114,10.95,2.9201388,1.2606384,8.809603,0.60294116,3.3966346
2005-02-13,7,0.11637931,4.4027777,6.803125,42.948864,0.03125,15.351851,7.480769,21.641304,18.67361,0.8984375,3.613889,4.355,0.24305555,10.242022,10.192881,3.7058823,1.5360577
2005-02-20,8,9.786638,12.036706,16.559376,18.494318,21.201822,8.8125,13.403846,49.653984,34.390625,14.954102,21.458334,24.295,22.10764,15.759309,18.417633,15.555147,11.40024
2005-02-27,9,3.3189654,0.9047619,0.353125,3.4147727,0.921875,4.4074073,5.673077,4.549819,2.6753473,2.0859375,2.101389,17.05,1.03125,0.61236703,0.352649,5.6727943,6.487981
2005-03-06,10,0.10775862,1.4960318,1.890625,1.7159091,0.0,1.7361112,2.5384614,3.2789855,0.42708334,0.6660156,2.0333333,3.05,0.0034722222,2.1077127,6.9296355,2.8970587,0.5120192
2005-03-13,11,26.064655,20.62897,34.9875,43.11932,24.203125,84.24537,37.307693,38.144928,25.64236,38.07617,21.155556,36.335,23.95139,30.107714,59.687084,36.191177,29.151442
2005-03-20,12,19.538794,9.30754,27.726562,73.892044,21.054688,70.486115,10.115385,14.889493,32.82986,31.134766,8.311111,38.81,16.722221,27.912233,41.062916,22.367647,20.173077
2005-03-27,13,88.898705,30.47123,47.803123,15.619318,82.79297,35.11574,6.3798075,18.217392,7.6180553,97.99902,13.191667,13.5425,78.2934,25.76064,48.97889,22.67647,59.06971
2005-04-03,14,55.157326,51.045635,36.72422,6.2926135,42.60026,3.0023148,67.45673,29.813406,7.3472223,42.54785,79.825,59.63,53.786457,33.488697,17.5952,104.51838,43.653847
2005-04-10,15,6.2413793,0.76488096,5.7304688,17.34659,4.4726562,30.900463,16.908653,7.0625,8.826389,21.847656,4.4305553,7.06,3.6180556,0.5678192,15.883278,3.2205882,4.2103367
2005-04-17,16,18.85776,11.19246,26.603125,5.0170455,18.8125,1.8981482,19.451923,12.461957,8.125,14.259766,14.158334,31.175,27.36111,31.44282,5.9081125,19.147058,31.461538
2005-04-24,17,23.577587,19.037699,15.717188,19.40341,30.809896,22.25463,34.076923,26.25,16.972221,19.001953,28.555555,48.56,33.802082,20.953457,22.578642,39.544117,29.98077
2005-05-01,18,0.17672414,0.26984128,0.1921875,0.33522728,1.0,0.18518518,1.6826923,0.24094203,0.013888889,0.4609375,0.17222223,0.555,0.6215278,0.047872342,0.12334437,0.5147059,0.15384616
2005-05-08,19,24.056034,21.742064,26.16875,40.590908,10.760417,35.703705,21.711538,61.800724,46.9375,33.96289,15.716666,12.61,23.25,15.650266,55.8096,21.022058,22.685097
2005-05-15,20,126.844826,151.81746,182.78438,60.625,186.2448,54.898148,89.61539,92.77536,68.708336,157.78125,108.03333,50.68,174.59027,95.098404,191.80298,80.89706,166.0
2005-05-22,21,10.547414,16.311508,27.392187,6.9261365,13.1536455,5.1990743,8.913462,10.298913,9.569445,22.765625,12.047222,30.54,12.086805,32.893616,22.478477,18.94853,19.122597
2005-05-29,22,1.1551725,2.890873,1.0234375,2.2102273,1.2682291,0.8148148,1.0673077,0.85688406,4.3541665,1.03125,2.6888888,0.95,0.5173611,1.8151596,1.5985099,0.8897059,1.1778846
2005-06-05,23,0.47844827,2.9583333,0.41875,0.0056818184,0.0026041667,0.27314815,0.58653843,0.032608695,0.017361112,0.23828125,0.30277777,0.08,0.0034722222,1.4202127,0.21937086,0.22794117,0.09615385
2005-06-12,24,252.22414,67.39683,119.692184,44.840908,357.45834,39.02778,34.51923,31.68116,29.996529,167.33594,59.069443,53.27,328.17014,80.04654,91.24751,65.51471,256.7476
2005-06-19,25,0.49568966,2.0575397,0.4390625,8.454545,0.265625,2.101852,10.894231,0.8731884,1.4236112,0.7441406,7.552778,7.965,0.0,0.28856382,0.76324505,5.1764708,0.14423077
2005-06-26,26,6.793103,1.7202381,0.95625,0.36363637,6.8802085,0.8240741,4.423077,0.4039855,0.041666668,3.1621094,1.775,5.02,9.770833,4.114362,2.687914,3.8088236,4.1322117
2005-07-03,27,5.0560346,20.90873,8.173437,23.113636,2.6822917,21.88426,14.961538,29.438406,21.375,8.59375,31.322222,26.555,2.7326388,19.882978,20.451986,31.044117,2.9903846
2005-07-10,28,1.7155173,0.115079366,0.675,0.35227272,5.1145835,0.8148148,1.3365384,0.19021739,0.0,0.82421875,0.46388888,0.23,4.298611,0.22340426,0.5844371,0.18382353,1.3605769
2005-07-17,29,52.25431,41.32738,44.05781,30.863636,31.414062,29.38426,35.990383,31.835144,27.506945,50.064453,54.544445,60.49,40.618057,56.98537,52.32699,49.0,59.153847
2005-07-24,30,0.094827585,0.17261904,0.2828125,0.73295456,0.0,0.023148147,2.6923077,0.8786232,0.21180555,0.28125,0.825,6.455,0.0,1.1702127,0.5720199,3.5735295,0.024038462
2005-07-31,31,0.15517241,0.18849206,0.04375,0.0056818184,0.0,0.0,0.01923077,0.032608695,0.024305556,0.92578125,0.11111111,0.36,0.0,0.021276595,0.027317882,0.11029412,0.0072115385
2005-08-07,32,22.76724,33.289684,37.984375,153.53409,17.205729,111.12963,73.90385,72.67029,134.69444,31.632812,53.40278,72.715,15.756945,40.99335,42.45199,58.125,15.370193
2005-08-14,33,14.271552,4.178571,6.5046873,6.3238635,10.7526045,8.449074,3.375,6.070652,4.1944447,12.578125,4.825,3.255,12.645833,6.055851,8.831126,6.257353,9.745193
2005-08-21,34,35.043102,6.1349206,17.178125,3.9772727,39.557293,4.9074073,3.0865386,2.5471015,1.8055556,25.52539,2.7944446,1.65,40.336807,8.969415,15.887417,2.235294,37.572117
2005-08-28,35,115.030174,127.099205,111.13281,149.00568,44.010418,160.77315,119.17308,130.65036,143.86806,125.85742,128.58888,108.275,59.52778,113.864365,146.42633,135.23529,109.87981
2005-09-04,36,31.978449,38.569443,52.89219,7.653409,31.677084,5.5,48.701923,26.451086,12.677083,41.671875,45.675,39.355,37.48611,43.17287,29.160597,43.985294,42.677883
2005-09-11,37,32.077587,65.47817,55.79375,29.164772,38.601562,30.291666,68.28846,57.03442,38.20139,40.501953,78.630554,73.74,37.8125,74.28723,51.784767,96.661766,47.841347
2005-09-18,38,11.663794,28.738094,25.990625,37.715908,13.770833,37.24074,73.21154,75.9058,57.17361,17.328125,43.738888,40.78,14.770833,16.648935,32.2053,40.92647,12.990385
2005-09-25,39,17.780172,30.531746,27.428125,4.7670455,29.059896,2.9305556,17.35577,21.998188,4.5833335,15.537109,27.555555,34.18,20.940971,35.300533,8.421357,26.279411,29.786058
2005-10-02,40,94.12931,59.371033,76.157814,36.232956,66.42448,35.333332,38.451923,47.958332,23.340279,90.62305,44.84722,50.65,83.982635,60.73537,84.59768,52.27941,96.69711
2005-10-09,41,18.073277,9.486111,11.9453125,36.801136,14.697917,39.25463,14.096154,9.481884,18.541666,15.201172,21.347221,23.465,21.20486,9.87766,11.870861,23.139706,17.209135
2005-10-16,42,51.077587,29.198412,41.65,69.568184,51.411457,61.851852,18.115385,37.800724,61.78472,41.945312,16.405556,22.15,55.368057,27.81383,57.91556,19.367647,61.64423
2005-10-23,43,80.82758,57.396824,76.94688,50.19318,84.76302,42.62963,29.682692,56.028984,31.333334,70.01172,41.002777,76.45,74.041664,79.44149,52.384933,56.60294,101.15865
2005-10-30,44,0.5646552,21.864088,14.21875,4.340909,0.033854168,1.8935186,7.1971154,13.457428,7.763889,6.5,12.109722,13.835,0.012152778,9.734708,22.60058,12.183824,0.38942307
2005-11-06,45,5.6163793,28.53373,22.7875,67.170456,12.7421875,57.064816,24.846153,43.188404,48.895832,13.5234375,24.655556,42.21,7.982639,22.81117,24.478477,28.492647,7.5024037
2005-11-13,46,12.021552,19.664682,23.007812,30.920454,10.229167,19.851852,18.759615,18.387682,29.475695,16.003906,18.319445,26.085,9.809028,24.208776,21.387417,22.375,11.348557
2005-11-20,47,40.5,12.313492,14.7734375,8.568182,63.197918,0.5694444,22.153847,15.096014,8.53125,28.199219,22.313889,28.35,52.96528,20.714096,10.84851,23.235294,39.098557
2005-11-27,48,3.3189654,8.813492,10.846875,13.0625,3.7395833,6.608796,1.0576923,3.5326087,5.6909723,3.4003906,5.0972223,6.4425,0.625,9.3783245,1.4395696,5.716912,15.938702
2005-12-04,49,12.478448,11.859127,11.375,19.267046,38.15625,13.199074,11.865385,13.027174,16.288195,11.605469,17.788889,19.57,21.20139,7.6343083,15.158113,21.308823,10.459135
2005-12-11,50,9.068966,9.37004,13.528125,20.755682,12.4817705,12.703704,5.0048075,17.203804,17.871529,16.84961,6.913889,7.0325,9.427083,8.12234,35.192883,3.327206,4.7427883
2005-12-18,51,32.71552,34.585316,21.525,29.238636,21.973959,12.268518,31.634615,62.773552,35.39236,16.804688,44.230556,44.89,26.13889,24.86436,24.36341,28.345589,28.228365
2005-12-25,52,0.2112069,0.47420636,1.2828125,2.2045455,6.7109375,4.2916665,1.2403846,1.7789855,1.8506944,0.8144531,0.975,8.045,1.0902778,0.88164896,2.639073,5.9411764,1.1730769
2006-01-01,1,13.8922415,9.180555,13.354688,39.710228,18.622396,19.375,3.3365386,25.141304,31.253471,10.314453,5.6138887,16.365,25.038195,13.333776,19.139072,15.764706,12.985577
2006-01-08,2,24.590517,5.5793653,4.0015626,6.375,13.5286455,2.5370371,1.8557693,7.8242755,2.2326388,4.783203,5.2222223,0.285,22.034721,7.361702,5.1200333,3.139706,18.94952
2006-01-15,3,28.87069,43.984127,42.46406,65.27273,19.231771,61.1875,25.586538,27.59058,44.598957,35.288086,45.1625,26.905,29.890625,25.377659,44.384933,39.23897,20.534855
2006-01-22,4,49.105602,46.209324,35.97344,100.579544,61.454426,94.24074,46.158653,73.153076,57.605904,34.58789,50.8875,34.71,66.986115,38.029255,42.490067,31.191177,69.498795
2006-01-29,5,4.8836207,7.4761906,5.1609373,32.454544,0.0625,10.523149,0.43269232,25.67029,16.246529,2.8261719,2.0916667,1.425,8.440972,2.224734,10.113411,0.8088235,8.733173
2006-02-05,6,12.790948,24.167658,26.240625,37.982956,17.320312,19.060184,32.447117,44.088768,39.605904,15.329102,17.109722,58.4875,17.21875,21.805185,28.262003,33.10294,17.016827
2006-02-12,7,21.5,5.4781747,11.190625,21.84659,19.270834,9.324074,3.3269231,16.717392,10.493055,20.15039,5.7611113,21.265,18.53125,8.668883,18.155628,8.720589,14.375
2006-02-19,8,21.331896,18.285715,32.164062,29.960228,25.533854,61.01389,24.51923,27.929348,29.635416,34.164062,13.502778,33.04,23.5625,24.259308,17.331125,24.852942,27.545673
2006-02-26,9,26.599138,27.68353,29.25,2.5994318,24.770834,10.685185,18.538462,12.343297,1.53125,34.023438,20.523611,31.845,27.552084,21.594416,16.254967,26.764706,34.146633
2006-03-05,10,5.573276,16.289682,6.23125,9.073864,12.2786455,4.1944447,15.442307,15.563406,20.45139,1.3808594,20.447222,31.875,16.70139,7.6875,1.8336092,12.492647,14.25
2006-03-12,11,0.077586204,0.09920635,0.3171875,0.47727272,4.0104165,0.032407407,0.45192307,0.91847825,0.121527776,0.49023438,0.99444443,2.275,0.9618056,0.28590426,0.23261589,0.05147059,0.69471157
2006-03-19,12,64.35776,28.493055,48.903908,35.43182,48.190105,24.747684,17.23077,23.005434,30.350695,85.17285,29.547222,28.4775,68.28819,33.97939,39.543873,21.775736,58.36899
2006-03-26,13,33.314655,17.704365,24.296875,12.914773,26.807291,13.986111,18.298077,7.195652,6.8541665,28.978516,21.416666,50.86,26.930555,21.090425,18.637417,23.558823,27.740385
2006-04-02,14,0.7112069,1.1369047,0.35,13.806818,11.770833,10.597222,5.2884617,5.512681,11.982639,0.34570312,3.1555555,15.585,3.3333333,0.9587766,7.2061257,9.044118,1.3846154
2006-04-09,15,11.245689,9.551587,14.675,63.579544,62.369793,33.662037,15.230769,25.740942,44.211807,18.580078,9.669444,6.15,26.291666,10.011968,8.474338,7.8897057,27.09375
2006-04-16,16,16.650862,7.8055553,7.453125,6.6875,12.661458,9.444445,1.2596154,7.396739,3.6909723,14.978516,1.8027778,5.845,11.510417,4.5452127,15.528146,2.3308823,9.774038
2006-04-23,17,0.6508621,0.09920635,0.1234375,0.17613636,3.1119792,0.4861111,0.07692308,0.12137681,0.18055555,0.5488281,0.19166666,0.06,1.7361112,0.035904255,0.5629139,0.007352941,0.71153843
2006-04-30,18,0.01724138,0.0,0.0859375,0.47727272,0.020833334,0.037037037,0.34615386,0.25,0.1736111,0.1015625,0.29166666,0.8,0.7118056,0.09707447,0.4147351,0.13970588,0.4158654
2006-05-07,19,6.577586,1.3412699,5.421875,81.59659,0.2265625,68.64815,3.1923077,26.360508,85.416664,10.115234,0.68333334,2.12,1.1041666,0.60771275,12.284768,1.8602941,7.2908654
2006-05-14,20,6.676724,2.9484127,3.728125,5.2102275,11.5911455,14.407408,1.3173077,0.85144925,2.0972223,3.4453125,0.62222224,0.15,9.225695,0.7194149,6.941225,0.3382353,4.3389425
2006-05-21,21,0.31896552,4.595238,1.8640625,0.3409091,0.026041666,0.19907407,4.8846154,5.6503625,0.5729167,0.5136719,8.875,14.69,0.8506944,5.6542554,1.9014901,8.985294,0.50721157
2006-05-28,22,0.23275863,0.45238096,0.846875,1.125,0.0,4.0,0.26923078,0.6032609,0.16319445,2.1855469,0.175,0.995,0.0,0.14893617,1.2574503,0.4117647,0.0
2006-06-04,23,6.801724,1.3511904,1.078125,2.6136363,22.71875,2.8611112,0.86538464,0.7246377,2.4548612,3.125,0.7638889,4.595,13.177083,0.9946808,2.9445364,1.6691177,6.3389425
2006-06-11,24,1.7176725,2.3611112,0.58203125,11.303977,0.061197918,17.166666,1.4038461,4.875906,8.855903,3.209961,2.5958333,3.7725,0.22743055,0.54853725,8.131622,0.95955884,0.010817308
2006-06-18,25,23.185345,16.202381,13.69375,23.369318,13.791667,23.375,6.9903846,11.974638,14.288195,26.234375,9.577778,5.55,12.920139,3.1489363,28.072847,10.279411,8.637019
2006-06-25,26,32.564655,10.930555,21.7,12.085227,38.734375,10.953704,14.596154,11.407609,10.625,29.167969,9.766666,22.665,42.774307,18.783245,23.75745,13.911765,42.139423
2006-07-02,27,0.8362069,0.14087301,0.3578125,0.07386363,0.0,0.083333336,0.01923077,0.08695652,0.4861111,0.7265625,0.0055555557,0.095,0.027777778,0.05718085,0.38990065,0.022058824,0.036057692
2006-07-09,28,10.461206,5.0277777,8.2375,6.994318,0.953125,5.212963,2.7692308,3.1594203,4.9722223,11.283203,1.9527777,18.3,1.96875,12.061171,10.484271,8.044118,9.8125
2006-07-16,29,0.22413793,0.7380952,0.1703125,2.1306818,0.0,2.2685184,1.4423077,1.4148551,1.9305556,0.30664062,1.8277777,0.06,0.0,0.022606382,0.884106,1.1911764,0.0
2006-07-23,30,29.237068,28.335318,34.804688,55.045456,20.158854,63.851852,34.53846,24.655798,49.770832,35.246094,38.872223,25.57,29.784721,27.513298,67.90149,33.316177,26.461538
2006-07-30,31,0.004310345,0.06944445,0.1921875,0.0056818184,0.0,0.0,0.0,0.106884055,0.121527776,0.14453125,0.16111112,4.095,0.0069444445,0.2393617,0.1589404,0.21323529,0.0
2006-08-06,32,10.129311,0.7619048,3.5671875,3.471591,3.6901042,11.675926,0.17307693,0.39855072,1.1597222,9.2265625,0.51944447,0.59,7.701389,0.05319149,11.239239,0.8897059,7.545673
2006-08-13,33,97.76293,78.91865,94.63281,83.57386,103.953125,53.86574,47.673077,68.88587,82.701385,111.56641,50.375,31.105,97.84375,57.10372,123.3808,41.52941,113.45673
2006-08-20,34,3.3405173,0.001984127,0.015625,0.0,0.0,0.0,1.1153846,0.32246378,0.0,0.51171875,0.011111111,0.215,0.045138888,0.015957447,0.92466885,0.22058824,0.37740386
2006-08-27,35,49.98707,43.142857,54.91094,14.840909,41.729168,11.236111,32.365383,27.956522,15.003472,58.19336,41.238888,26.045,42.71875,50.106384,39.799667,31.411764,51.822117
2006-09-03,36,25.806034,4.910714,15.825,5.193182,26.664062,6.7453704,0.5,2.5416667,1.7777778,21.828125,1.125,0.575,25.253471,2.442819,14.999172,0.3897059,27.23077
2006-09-10,37,22.896551,17.706348,11.217188,10.5625,15.78125,16.50463,10.182693,9.451087,6.3333335,19.730469,14.683333,18.955,19.381945,16.597075,16.3899,18.095589,13.882212
2006-09-17,38,30.090517,8.18254,25.84375,0.8011364,37.463543,0.8796296,13.653846,5.487319,0.5868056,24.394531,10.891666,25.245,33.8125,24.723404,10.876656,16.492647,37.415867
2006-09-24,39,0.82327586,7.3849206,5.44375,5.630682,6.1458335,2.074074,5.0865383,10.84058,6.4027777,1.5761719,6.588889,20.29,3.2638888,13.485373,4.5596027,9.632353,2.0865386
2006-10-01,40,42.956898,36.587303,33.344532,34.715908,34.992188,23.078703,48.865383,37.179348,25.39757,33.353516,46.77222,58.0725,38.506943,39.75266,26.151903,49.246323,44.951923
2006-10-08,41,6.349138,20.438492,12.5,25.892046,6.653646,23.208334,27.115385,32.80616,23.54514,15.482422,24.725,24.045,2.6979167,16.603724,23.741722,28.397058,6.862981
2006-10-15,42,22.37931,19.319445,28.382812,21.71591,42.721355,17.421297,4.826923,8.182971,12.784722,29.896484,8.794444,12.84,27.48611,11.359042,20.548841,11.654411,20.213942
2006-10-22,43,0.31034482,0.6527778,0.4703125,2.1420455,1.5755209,0.23148148,6.6153846,4.344203,1.4375,1.3925781,3.5472221,1.165,0.8125,1.081117,1.6746689,1.0441177,0.40625
2006-10-29,44,11.698276,6.4206347,37.89219,45.784092,57.026043,26.407408,20.490385,23.942028,21.725695,23.201172,8.65,24.915,30.354166,26.98936,41.75331,19.897058,35.870193
2006-11-05,45,43.26293,7.049603,19.251562,15.926136,40.546875,12.337963,2.1057692,12.978261,10.618055,29.814453,6.413889,8.02,36.805557,10.69282,26.746689,6.9264708,37.016827
2006-11-12,46,46.982758,23.805555,34.01875,7.943182,35.494793,9.314815,48.884617,24.139492,9.0625,40.921875,36.233334,27.25,49.729168,5.882979,39.36755,16.772058,14.954327
2006-11-19,47,16.202587,21.958334,23.479687,75.02841,22.997396,80.388885,21.971153,39.599636,62.916668,25.18164,17.072222,29.735,16.76736,28.88564,33.411423,18.57353,19.838942
2006-11-26,48,22.469828,32.32143,31.070312,76.78977,12.8411455,56.74537,43.451923,44.085144,70.885414,22.554688,27.086111,81.545,32.48264,32.484043,35.249172,35.19853,19.447115
2006-12-03,49,36.045258,34.54861,27.782812,19.068182,17.31901,21.002316,13.105769,15.48913,18.14236,19.399414,26.470833,31.2225,22.559029,23.076464,25.67467,23.669117,34.289665
2006-12-10,50,13.163794,14.712301,8.357813,5.9602275,2.859375,4.162037,16.288462,26.969202,7.09375,5.919922,13.705556,11.525,12.642361,3.5585105,4.8369207,10.198529,14.512019
2006-12-17,51,35.07543,36.515873,60.983593,16.380682,52.454426,29.74537,22.26923,7.905797,6.1875,49.208008,30.480556,35.1875,40.529514,54.7121,59.824917,33.735294,38.14543
2006-12-24,52,26.398706,18.936508,24.939062,16.852272,50.641926,4.3333335,14.759615,15.807065,18.269096,23.62793,16.166666,16.3425,35.868057,12.50532,21.878725,9.694853,37.058895
2006-12-31,1,33.53879,26.978174,36.367188,14.113636,36.26823,16.925926,29.23077,31.044384,14.798611,40.938477,44.390278,54.61,29.404514,40.321144,19.107203,50.860294,27.116587
2007-01-07,2,8.060345,23.28373,22.59375,21.335228,17.609375,7.5925927,12.807693,20.096014,15.600695,18.84375,24.333334,31.475,9.177083,16.511969,25.485928,31.558823,11.485577
2007-01-14,3,28.818966,48.50794,37.840626,10.886364,78.45573,17.574074,10.403846,12.875,9.659722,27.300781,15.1472225,28.375,54.09028,34.582447,18.427153,17.058823,53.71154
2007-01-21,4,25.05819,11.208333,13.021875,10.684659,24.018229,4.196759,7.0240383,4.692935,5.5381947,32.299805,12.133333,17.7725,24.319445,15.763298,8.884106,12.1029415,30.292067
2007-01-28,5,40.474136,42.43849,22.20625,52.335228,13.8255205,67.703705,38.64423,17.998188,36.052082,36.904297,36.491665,65.045,23.197916,38.851063,37.83775,40.05147,20.995192
2007-02-04,6,21.978449,27.962301,11.884375,22.994318,19.638021,22.26389,28.528847,9.436594,18.86111,13.498047,31.008333,44.225,31.29861,15.981383,23.161425,24.735294,15.841346
2007-02-11,7,0.6853448,14.351191,0.9625,3.3238637,0.0390625,4.1064816,11.019231,4.6757245,4.3159723,0.4140625,9.877778,9.015,0.21527778,1.3723404,2.1506622,7.132353,0.100961536
2007-02-18,8,42.290947,82.53968,65.2961,70.298294,37.660156,93.16204,38.16827,58.009964,64.94965,54.29883,63.118057,69.1025,51.487846,78.16223,54.335266,83.41912,42.23077
2007-02-25,9,43.20043,22.179564,13.089063,45.386364,12.470052,28.483797,14.9375,29.166666,39.118057,34.98828,29.527779,8.6075,43.68403,11.84641,39.679222,8.6029415,42.31851
2007-03-04,10,8.859914,10.293651,17.307032,31.318182,11.052083,12.185185,11.283654,6.8514495,27.755209,17.269531,1.9916667,13.0475,9.282986,2.9275267,21.786425,5.4191175,11.296875
2007-03-11,11,18.45474,34.478176,24.946095,36.446022,22.279947,29.532408,40.966347,33.449276,16.315971,29.695312,18.01389,100.305,12.784722,39.125,20.62293,21.900736,25.586538
2007-03-18,12,1.9008621,2.9960318,1.7796875,12.272727,0.37760416,14.824074,2.1730769,13.865942,10.135417,2.6445312,2.4388888,3.86,0.5381944,4.6582446,7.6796355,1.7941177,0.5625
2007-03-25,13,7.6271553,7.6686506,15.209375,16.329546,0.32291666,15.358796,4.6538463,20.407608,7.0243053,6.879883,11.384722,3.635,1.2395834,15.384974,16.85058,8.172794,4.844952
2007-04-01,14,46.28448,22.190475,10.751562,60.045456,29.664062,58.837963,16.01923,20.548914,46.927082,31.509766,26.063889,17.605,28.621529,6.0452127,12.0149,25.779411,41.651443
2007-04-08,15,21.030172,4.924603,18.026562,4.494318,25.692709,0.3888889,6.6923075,5.378623,1.9027778,17.455078,4.4166665,10.22,32.274307,7.3470745,8.290563,1.9117647,27.805288
2007-04-15,16,0.05172414,0.7797619,0.871875,1.0397727,0.34114584,1.3472222,1.7788461,1.3786232,0.53125,0.49609375,2.7472222,6.735,0.14583333,2.343085,1.5703642,1.5367647,0.75240386
2007-04-22,17,84.51293,43.160713,101.18437,5.2102275,130.99219,7.939815,34.28846,9.844203,3.5694444,63.523438,36.291668,36.46,114.50347,89.28324,22.63659,37.889706,145.0673
2007-04-29,18,27.14224,1.1111112,6.8109374,11.795455,33.161457,16.662037,0.88461536,2.8677535,8.878472,15.005859,1.4055556,2.95,30.29861,2.2406914,8.192053,1.7279412,18.66827
2007-05-06,19,55.077587,42.91865,43.864063,64.09659,60.372395,57.99074,40.576923,34.565216,46.49653,47.070312,46.55,46.5,56.479168,50.56649,66.23013,47.838234,58.745193
2007-05-13,20,106.25431,83.605156,89.63594,66.30114,103.625,66.703705,66.22115,65.41123,67.40972,99.23047,81.26111,63.76,119.05903,92.00133,86.7558,77.411766,116.11539
2007-05-20,21,81.590515,54.05754,70.32031,21.34091,114.59375,4.5972223,68.49039,32.288044,17.881945,63.814453,60.747223,53.565,111.458336,87.42952,36.93129,56.205883,91.82452
2007-05-27,22,13.021552,9.553572,13.7578125,6.7727275,9.84375,5.1574073,8.923077,4.9836955,4.4305553,17.957031,12.161111,10.93,11.579861,15.871011,17.108444,8.2279415,12.709135
2007-06-03,23,5.0603447,10.4920635,5.8953123,1.1818181,2.2369792,0.18981482,12.259615,4.7608695,1.6145834,11.509766,8.725,1.27,4.9930553,2.2699468,7.6407285,1.3235294,1.0576923
2007-06-10,24,5.340517,0.8492063,1.5796875,1.25,2.046875,10.291667,0.22115384,1.298913,4.4652777,4.4453125,0.16388889,0.08,4.1527777,0.17021276,6.1572847,0.04411765,2.6995192
2007-06-17,25,0.8534483,0.15277778,0.3828125,2.4204545,0.5963542,0.7314815,0.3846154,0.5344203,2.2152777,0.9003906,0.15833333,0.455,0.7777778,0.13829787,2.6167219,0.4632353,0.7235577
2007-06-24,26,9.801724,9.236111,5.265625,11.846591,7.0859375,13.25463,4.576923,5.5923915,9.583333,9.328125,7.141667,10.325,9.003472,6.6343083,14.29139,4.272059,5.423077
2007-07-01,27,0.13793103,0.3452381,0.0703125,0.21022727,0.39583334,0.18518518,1.2403846,0.1557971,0.7708333,0.17382812,0.25833333,0.255,0.041666668,0.1143617,0.5008278,0.14705883,0.057692308
2007-07-08,28,85.75,101.59524,99.495316,78.60227,80.078125,86.65741,33.567307,84.46739,83.69097,105.947266,60.794445,14.07,92.37153,42.527927,111.00497,36.308823,96.6226
2007-07-15,29,18.043104,14.5337305,18.767187,5.7386365,24.325521,2.125,1.5,5.2427535,5.079861,26.126953,4.788889,5.955,30.82986,12.4375,16.447847,4.1764708,22.122597
2007-07-22,30,39.53448,56.49405,41.159374,39.977272,21.34375,35.148148,51.490383,58.976448,37.8125,47.410156,58.025,35.62,32.395832,53.601063,55.85596,49.72059,28.216347
2007-07-29,31,29.478449,7.4345236,10.596875,47.073864,18.591146,46.72222,6.4903846,17.36413,41.479168,32.253906,7.1361113,3.755,17.895834,4.0531917,41.938744,3.9191177,6.389423
2007-08-05,32,3.525862,7.248016,1.4515625,1.0965909,5.6822915,0.8148148,1.0384616,0.54347825,0.15277778,2.7988281,1.0388889,1.515,5.90625,0.1462766,2.0182118,1.9044118,3.0817308
2007-08-12,33,0.0,0.53373015,0.05,4.590909,0.0026041667,6.1990743,0.26923078,0.64855075,2.5729167,0.01171875,6.8638887,0.64,0.16319445,0.2805851,0.23096026,0.2720588,0.043269232
2007-08-19,34,1.262931,0.06746032,0.4,2.2556818,1.0130209,2.9675925,1.2115384,0.4728261,1.6909722,2.1601562,0.06111111,0.175,1.6041666,0.041223403,3.9850993,0.18382353,0.7043269
2007-08-26,35,45.668102,98.468254,80.995316,25.988636,27.963541,21.467592,67.90385,61.653984,30.760416,60.339844,93.76667,48.565,32.04861,43.42952,42.94454,56.794117,60.271633
2007-09-02,36,0.47844827,1.1329365,1.653125,14.920455,0.0,11.300926,3.5865386,3.4746377,11.90625,0.52734375,1.8083333,1.85,0.0,0.9175532,10.405629,1.4558823,0.46394232
2007-09-09,37,0.37068966,3.2559524,0.096875,0.0,12.651042,0.0,0.0,0.46195653,0.8715278,0.57421875,0.16111112,0.085,2.8402777,0.24734043,0.0910596,0.11029412,1.0480769
2007-09-16,38,48.327587,45.761906,35.296875,45.426136,28.091146,54.0,74.01923,53.335144,39.788193,49.283203,69.775,55.245,33.73264,47.335106,76.17632,64.90441,34.740383
2007-09-23,39,16.353449,23.285715,15.759375,32.38068,6.9739585,67.546295,12.980769,38.346016,36.31597,22.789062,8.747222,7.29,11.979167,3.5079787,36.1101,5.6838236,11.865385
2007-09-30,40,1.2327586,0.007936508,0.8953125,0.07954545,13.4453125,0.027777778,8.759615,0.17028986,0.31944445,2.0527344,7.108333,0.51,15.184028,1.3178191,1.3849338,1.8235294,9.057693
2007-10-07,41,67.93965,39.77778,76.029686,28.198864,81.92448,15.236111,28.25,21.755434,16.895834,74.9375,31.230556,12.99,84.052086,61.91622,54.593544,25.80147,72.07933
2007-10-14,42,57.642242,68.12302,63.939064,23.926136,105.875,22.546297,36.778847,44.813404,24.20486,64.677734,47.158333,36.25,86.71875,53.54122,53.770695,40.72794,90.92548
2007-10-21,43,6.75,2.2539682,6.3734374,0.375,27.375,0.032407407,5.6346154,2.972826,0.7291667,6.3867188,6.5805554,21.355,17.493055,5.8989363,0.6779801,8.588235,20.694712
2007-10-28,44,87.81035,102.77778,116.32031,65.318184,102.77604,87.85648,109.85577,79.940216,63.90625,102.984375,117.977776,72.52,86.892365,136.72873,89.07699,103.07353,83.71875
2007-11-04,45,43.74569,5.0079365,19.157812,5.090909,75.154945,8.444445,6.6586537,3.6358695,2.6458333,30.109375,4.523611,18.925,57.265625,16.24468,14.442053,9.5220585,55.86178
2007-11-11,46,77.94827,15.555555,46.229687,37.0,130.12761,37.38889,12.100962,13.727355,24.32118,67.72656,8.797222,9.67,101.02778,24.817154,32.353477,9.014706,107.59375
2007-11-18,47,10.905172,8.476191,11.6484375,18.176136,33.26302,25.444445,4.6923075,3.8713768,7.5277777,11.064453,4.297222,3.625,18.663195,15.574468,7.6051326,3.639706,17.723558
2007-11-25,48,0.20689656,2.311508,0.43125,15.931818,0.013020833,21.699074,0.086538464,1.0344203,15.045139,0.36132812,1.6638889,2.32,0.034722224,3.1023936,3.9437087,1.3455882,0.56009614
2007-12-02,49,41.00862,60.00595,67.76719,32.801136,49.778645,21.555555,78.23077,33.467392,22.524305,45.697266,90.91389,69.545,54.333332,94.46809,29.00745,97.73529,63.379807
2007-12-09,50,39.21121,17.742064,27.773438,19.77841,9.614583,37.86574,33.778847,31.661232,14.833333,27.550781,18.441668,18.69,18.875,20.417553,24.038908,15.220589,30.146635
2007-12-16,51,10.674569,21.374008,14.7890625,28.110796,9.128906,10.43287,41.0,24.343298,20.20139,19.402344,34.327778,20.2825,3.9045138,24.819149,14.703643,32.29044,19.996395
2007-12-23,52,17.965517,57.13294,42.578125,52.340908,23.638021,44.35648,16.375,27.684782,25.055555,13.974609,24.519444,8.135,20.833334,46.613033,39.77318,13.860294,15.776443
2007-12-30,1,31.290949,56.358135,48.864063,31.875,31.957031,19.916666,57.9375,48.096016,22.6875,37.128906,36.822224,34.1625,34.918404,83.70744,47.723923,29.279411,34.82452
2008-01-06,2,11.637931,13.9087305,8.935938,24.21591,4.921875,7.9675927,11.288462,19.141304,24.350695,7.3710938,13.705556,9.215,10.572917,19.555851,14.581126,12.735294,13.209135
2008-01-13,3,26.198277,30.678572,46.14375,13.607955,26.481771,7.8425927,11.134615,43.106884,29.059029,40.876953,13.269444,34.745,23.680555,47.268616,31.440397,23.360294,26.247597
2008-01-20,4,1.2758621,4.508929,1.1234375,6.8664775,0.075520836,3.101852,16.35577,13.942935,7.5815973,0.7011719,15.822222,43.8475,0.0069444445,4.2972074,2.0865066,29.180147,0.80528843
2008-01-27,5,21.090517,64.14088,37.445312,113.431816,6.7083335,86.68519,176.35577,176.05978,140.84375,40.11328,108.897224,181.975,12.142361,25.613031,55.7351,141.30882,18.841347
2008-02-03,6,0.42672414,1.1617063,1.1328125,3.9261363,6.549479,0.38425925,9.711538,4.6358695,10.03125,1.1181641,7.040278,19.57,1.4444444,1.0917553,7.7516556,14.341911,3.4519231
2008-02-10,7,15.568966,24.880953,17.354687,45.176136,15.729167,41.273148,29.365385,25.264492,40.805557,18.171875,33.416668,60.205,17.520834,25.38032,37.409767,50.044117,13.800481
2008-02-17,8,3.7284484,17.319445,19.771875,39.403408,3.7395833,35.52778,89.96154,42.483696,18.854166,9.113281,24.972221,13.76,3.8298612,20.69149,7.5827813,26.838236,4.8100963
2008-02-24,9,38.25431,32.45635,22.301563,28.238636,28.138021,24.856482,66.625,92.628624,40.5,26.654297,52.380554,97.38,46.90972,22.8125,29.736755,48.007355,44.884617
2008-03-02,10,8.556034,20.803572,7.4171877,24.9375,1.6510416,14.277778,13.346154,22.320652,26.29514,11.2109375,7.85,2.435,6.6493053,0.6263298,14.310431,4.1838236,3.6754808
2008-03-09,11,9.7952585,20.315475,20.401562,22.8125,23.90625,12.555555,19.01923,26.299818,16.126736,16.49414,27.683332,42.675,13.666667,35.11436,24.442467,24.772058,10.888221
2008-03-16,12,3.4267242,14.219246,20.609375,8.099432,1.8372396,1.9097222,9.966346,14.165761,6.204861,12.25,14.379167,31.7,0.9496528,27.778591,5.299669,19.764706,3.1598558
2008-03-23,13,1.2198275,5.6438494,4.3,48.892044,1.0494791,25.481482,14.903846,33.880436,40.626736,5.640625,9.047222,37.37,0.2795139,2.5591755,16.029387,14.349265,2.1838942
2008-03-30,14,8.051724,2.8809524,7.5078125,10.045455,2.0703125,5.9305553,9.288462,4.7699275,8.475695,5.8671875,14.077778,17.125,7.9895835,3.9906914,7.200331,12.0,10.478365
2008-04-06,15,42.323277,16.36111,27.20625,5.6022725,36.622395,8.226851,6.2884617,1.8550725,8.833333,38.08203,11.802778,10.605,59.59375,14.808511,17.30712,9.169118,38.95673
2008-04-13,16,101.56681,22.21131,50.715626,12.105114,131.95183,5.4675927,30.653847,27.421196,8.809028,76.58301,24.469444,35.275,93.55903,39.50798,40.8452,28.617647,95.875
2008-04-20,17,3.4827585,25.686508,5.15,36.5625,3.625,45.560184,57.567307,33.934784,37.166668,7.9492188,30.722221,23.785,2.375,6.617021,13.38245,33.286766,3.5600963
2008-04-27,18,70.913795,72.093254,56.775,100.28977,74.20573,104.0,68.93269,97.547104,73.64931,82.78711,66.941666,88.96,57.03472,83.44548,101.0894,67.39706,70.82692
2008-05-04,19,8.293103,0.29960316,4.86875,3.0,6.122396,5.6944447,1.5384616,1.5289855,2.7256944,7.7109375,0.26944444,1.54,6.8194447,1.0531915,2.1589403,0.7352941,7.5048075
2008-05-11,20,1.3275862,0.109126985,0.396875,1.0,0.4140625,0.046296295,0.10576923,0.9637681,0.8020833,0.421875,0.725,1.875,1.4722222,0.15824468,0.13245033,0.15441176,1.0216346
2008-05-18,21,0.10344828,0.125,0.0875,0.0,0.0,0.0,0.0,0.30253622,0.03125,0.083984375,0.38333333,0.1,0.0,0.16090426,0.06125828,0.05882353,0.0
2008-05-25,22,25.288794,12.220238,19.676563,6.2329545,33.598957,7.462963,25.846153,9.291667,5.0520835,25.882812,19.091667,15.61,29.64236,23.772606,17.669703,15.294118,26.447115
2008-06-01,23,61.11638,18.831348,37.476562,21.954546,36.8125,25.49537,12.0,20.51087,18.552084,57.6875,13.933333,22.955,56.395832,31.771276,35.657284,19.411764,45.35577
2008-06-08,24,45.87931,26.444445,38.746876,6.9772725,44.846355,4.662037,24.01923,19.485508,8.857639,44.76953,24.26389,17.675,43.239582,26.497341,28.437914,13.007353,51.0625
2008-06-15,25,2.6681035,3.7559524,4.728125,2.4261363,1.3567709,6.4259257,3.1730769,3.3695652,0.65625,5.4140625,2.6,2.855,1.7604166,3.680851,3.860927,2.7058823,3.8725963
2008-06-22,26,79.280174,25.75,33.698437,23.119318,35.346355,23.439816,18.259615,19.73913,27.48611,71.17578,18.411112,11.945,53.805557,18.69814,47.78063,19.330883,45.134617
2008-06-29,27,5.034483,5.5853176,5.765625,5.5454545,6.5989585,3.6574075,0.50961536,1.4692029,2.5347223,7.8867188,1.7583333,1.49,5.1840277,2.0385637,10.960265,2.1029413,5.0360575
2008-07-06,28,0.9741379,2.984127,2.3890624,2.8579545,0.065104164,0.2361111,0.9230769,5.0778985,3.8576388,1.9296875,0.23055555,0.675,0.4965278,0.28723404,5.6374173,0.18382353,0.20673077
2008-07-13,29,0.14224137,0.13492064,0.253125,0.022727273,0.0,0.0,0.03846154,0.07971015,0.19444445,0.22460938,0.03888889,0.345,0.010416667,0.06648936,0.04139073,0.10294118,0.10576923
2008-07-20,30,19.405172,10.853174,12.253125,1.2045455,16.385416,1.6666666,15.394231,7.436594,1.7465278,18.199219,11.680555,20.265,17.21875,17.82314,11.870033,13.139706,19.490385
2008-07-27,31,35.375,19.117064,24.478125,14.744318,25.018229,32.041668,15.461538,13.581522,10.472222,33.70703,18.172222,5.41,36.86111,15.885638,34.66308,13.0,21.408653
2008-08-03,32,6.5215516,23.11508,15.234375,10.414773,13.3619795,3.6388888,24.278847,9.858696,13.03125,17.59375,24.872223,31.74,8.447917,24.587767,22.92053,24.191177,14.127404
2008-08-10,33,34.01293,13.420635,26.075,7.193182,36.765625,5.25,33.41346,15.059783,10.885417,32.33203,23.8,45.42,30.90625,36.49867,10.744205,35.132355,53.24279
2008-08-17,34,5.275862,9.910714,5.2109375,14.573864,2.5989583,30.99074,10.701923,19.130434,7.951389,7.3632812,7.427778,4.265,2.46875,3.037234,12.11755,5.8088236,1.9158654
2008-08-24,35,8.487069,0.43452382,2.9734375,0.5,7.7135415,0.6388889,0.47115386,0.21014492,0.5555556,6.076172,0.9111111,0.565,10.229167,0.44281915,3.5910597,0.9632353,7.798077
2008-08-31,36,47.103447,25.22619,26.065624,46.68182,28.666666,76.56944,11.173077,31.498188,33.989582,45.63672,12.111111,5.2,41.04861,7.9760637,48.105133,6.9191175,34.26923
2008-09-07,37,90.02155,74.80754,70.01406,46.25,50.73177,32.148148,55.221153,62.947464,51.29514,83.75195,64.994446,44.335,59.927082,40.273937,63.9851,52.338234,63.94471
2008-09-14,38,0.077586204,0.42063493,0.203125,0.18181819,1.0572916,0.0,2.375,0.76992756,0.8611111,0.27734375,2.7444444,8.92,0.19444445,1.2992021,0.18708609,5.3382354,0.6201923
2008-09-21,39,3.387931,0.984127,4.08125,9.880682,0.328125,6.5,11.509615,16.393116,19.427084,6.7890625,4.297222,21.96,1.5694444,1.8776596,7.995861,13.073529,2.9807692
2008-09-28,40,71.19827,69.38095,48.01719,15.8125,73.16927,18.26389,93.55769,47.1721,9.524305,73.63086,90.24167,49.83,76.25,50.143616,46.997517,86.19853,92.46154
2008-10-05,41,4.784483,0.64285713,0.784375,1.2613636,18.96875,0.3611111,12.288462,5.143116,1.5625,1.1054688,5.9416666,14.585,12.826389,1.6289893,0.8029801,6.9485292,11.764423
2008-10-12,42,57.206898,101.14683,80.49375,62.897728,47.244793,55.041668,97.94231,78.945656,67.107635,86.81445,102.61389,116.405,47.3125,92.78324,94.62749,126.80147,49.13702
2008-10-19,43,58.146553,28.964285,35.690624,29.056818,43.161457,30.13426,31.10577,30.014492,29.305555,45.882812,35.758335,49.025,54.788193,31.916224,46.02235,40.882355,35.442307
2008-10-26,44,89.57327,25.781746,55.226562,29.72159,136.73438,29.351852,32.326923,24.61413,18.70486,75.63672,33.711113,29.82,123.052086,40.32713,45.870033,38.764706,109.92789
2008-11-02,45,24.99569,12.924603,16.851562,41.357956,28.325521,24.472221,26.701923,31.47645,30.815971,21.953125,22.225,43.84,33.80903,7.712766,19.907286,17.897058,26.411058
2008-11-09,46,25.24569,50.337303,62.2,53.55682,25.505209,34.296295,86.84615,85.74275,70.71528,40.453125,90.61667,171.21,28.635416,53.476063,58.118378,116.80147,38.98798
2008-11-16,47,2.8038793,29.172619,9.942187,81.10227,2.0989583,68.1875,157.13461,107.352356,94.52257,7.466797,85.56111,161.02,2.28125,13.064495,25.129139,120.04779,5.519231
2008-11-23,48,0.0,21.265873,1.471875,3.784091,0.22135417,3.2546296,89.44231,66.871376,9.975695,0.0,104.12222,122.12,0.0,5.5917554,5.857616,130.00735,0.0072115385
2008-11-30,49,11.198276,6.7400794,10.2578125,13.835227,1.4869791,12.00463,26.64423,12.753623,10.920139,16.357422,13.694445,20.395,2.1111112,4.4587765,11.860928,17.205883,4.9375
2008-12-07,50,10.870689,20.095238,17.079687,12.897727,15.723958,6.3240743,24.817308,24.280798,20.48264,18.169922,45.98611,15.76,20.95139,13.363032,19.941225,37.27941,12.725962
2008-12-14,51,33.86638,5.448413,19.390625,48.522728,33.734375,27.26389,87.17308,56.95652,41.475693,27.410156,30.369444,152.56,30.78125,13.046542,11.299669,69.83088,36.603367
2008-12-21,52,5.775862,13.634921,19.56875,18.732954,6.8020835,8.328704,32.548077,18.867754,14.798611,18.382812,17.969444,20.515,3.1666667,14.054522,14.173841,13.448529,8.305288
2008-12-28,53,52.318966,64.29961,47.94375,120.380684,52.54948,104.828705,77.43269,58.708332,106.795135,36.98242,65.941666,53.925,68.25694,40.716755,38.457783,64.411766,57.572117
2009-01-04,1,20.76724,20.972221,38.246876,17.113636,18.333334,13.875,6.8076925,12.730072,24.836805,32.378906,26.627777,8.01,16.020834,15.668883,13.599338,23.036764,17.396635
2009-01-11,2,20.021551,39.503967,26.053125,26.352272,52.921875,12.263889,48.798077,23.67029,23.614584,22.970703,46.16111,60.67,48.37847,30.11436,29.535597,44.59559,41.103367
2009-01-18,3,13.521552,16.835318,15.428125,50.073864,13.203125,40.921295,33.240383,20.130434,28.75,18.832031,38.877777,41.07,7.638889,17.55186,18.508278,42.625,6.8221154
2009-01-25,4,9.288794,9.435515,10.314844,28.400568,3.5065105,20.45139,21.375,36.46558,25.083334,11.360352,29.616667,82.7025,13.736111,18.539894,10.58361,38.555145,14.774038
2009-02-01,5,16.637932,16.57242,20.25,18.144886,15.191406,8.233796,20.475962,20.520834,17.984375,15.663086,17.804167,22.6575,13.104167,18.710106,10.737169,16.444853,18.55649
2009-02-08,6,32.959053,13.819445,12.81875,9.446023,23.204428,4.361111,33.625,13.547101,5.4270835,19.614258,18.229166,46.875,33.265625,15.12234,17.63038,14.308824,32.954327
2009-02-15,7,20.622845,40.189484,32.171093,61.002842,6.0234375,59.717594,16.591347,27.799818,20.845486,19.46289,33.06111,21.3125,14.449653,34.4621,32.27939,24.132353,14.61899
2009-02-22,8,38.05819,25.395834,42.344532,69.17898,18.451822,54.854168,15.947115,23.50634,40.53125,23.625,27.718056,57.2225,44.432293,28.720745,26.108444,24.794117,32.83053
2009-03-01,9,10.101294,12.87996,4.813281,41.829544,5.8007812,18.11111,18.326923,18.055254,39.668404,7.4628906,10.747222,17.6725,5.5520835,3.0232713,23.070364,6.9375,10.979568
2009-03-08,10,11.724138,33.246033,8.885938,83.732956,13.005208,76.50463,77.92308,69.01993,79.673615,15.011719,37.01389,128.015,12.690972,9.751329,34.682945,55.661766,18.663462
2009-03-15,11,1.0387931,2.5535715,2.2421875,12.642045,3.9492188,9.946759,6.2548075,5.3197465,6.0208335,2.9882812,2.175,22.4825,0.5989583,1.2081116,2.7980132,5.6727943,3.1754808
2009-03-22,12,7.7327585,3.8313491,7.9609375,34.920456,4.9140625,20.26389,18.298077,11.788043,13.170139,10.390625,8.302778,28.375,0.6944444,2.206117,10.033113,15.441176,4.3533654
2009-03-29,13,0.00862069,0.25396827,1.1765625,11.204545,4.044271,2.7962964,8.567307,0.8876812,7.5729165,0.5625,1.1666666,17.18,0.2534722,0.78324467,0.37417218,4.727941,1.09375
2009-04-05,14,6.3965516,5.392857,8.253125,1.2784091,4.5625,0.6342593,3.8365386,10.603261,3.34375,4.4414062,2.6916666,10.55,2.1875,7.066489,1.8824503,5.0367646,6.4759617
2009-04-12,15,0.0,0.4890873,0.63125,1.3409091,0.015625,1.4074074,4.6923075,2.8025362,4.9583335,0.029296875,7.1,4.28,0.0034722222,1.2347075,0.045115896,3.5441177,0.014423077
2009-04-19,16,32.306034,26.980158,24.14375,47.676136,35.908855,66.92593,107.875,108.240944,50.850693,24.11914,36.72222,19.89,15.65625,21.32314,17.081953,20.397058,40.942307
2009-04-26,17,0.43965518,1.4583334,0.1390625,5.9488635,0.0,2.7870371,1.7211539,1.3786232,3.7256944,0.09375,2.411111,13.275,0.013888889,0.31914893,0.5513245,6.3014708,0.16826923
2009-05-03,18,0.00862069,8.043651,1.1890625,5.056818,3.40625,1.0231482,20.586538,17.666666,8.454861,0.19726562,17.838888,12.155,0.31944445,4.2167554,3.0115893,12.904411,2.2355769
2009-05-10,19,118.159485,22.577381,59.4125,22.329546,108.546875,42.189816,12.5,12.146739,13.625,100.1875,19.019444,9.855,113.673615,37.63963,51.812084,25.705883,105.89423
2009-05-17,20,1.8189656,0.44642857,0.6421875,0.92045456,0.6302083,1.1666666,0.0,0.25,0.5555556,0.15039062,0.094444446,0.01,2.9791667,0.33643618,1.696192,0.0,1.4375
2009-05-24,21,46.681034,20.333334,35.89375,9.568182,109.84115,8.805555,19.35577,17.222826,13.111111,42.65625,13.958333,11.66,78.62847,20.954786,15.754967,9.338235,75.43029
2009-05-31,22,1.4181035,2.2083333,0.7703125,0.20454545,1.6458334,0.018518519,1.9038461,0.83514494,0.4340278,2.2597656,1.6833333,1.125,1.3958334,2.7632978,1.8385762,2.6838236,1.8293269
2009-06-07,23,2.8534484,1.0099206,1.3890625,9.426136,6.796875,11.773149,2.5576923,1.134058,7.8229165,2.1464844,2.163889,13.08,2.7534723,6.5212765,5.129139,5.727941,1.1538461
2009-06-14,24,34.41379,10.402778,31.723438,7.125,38.265625,17.86111,11.75,8.51087,7.7465277,32.666016,11.808333,11.61,33.04861,23.160904,11.509933,13.139706,39.78846
2009-06-21,25,17.14224,8.105159,10.034375,12.528409,48.153645,10.976851,7.423077,7.1539855,9.96875,13.208984,11.25,16.675,36.65972,12.836436,11.402318,11.536765,22.266827
2009-06-28,26,5.49569,9.924603,20.001562,0.9375,2.5,2.300926,4.1923075,3.3677535,0.5451389,11.082031,4.7805557,7.7,2.5208333,12.719415,7.8377485,4.6911764,14.40625
2009-07-05,27,49.418102,106.1369,71.51094,28.34091,61.473957,17.62037,42.23077,46.664856,34.96528,87.10547,76.78333,74.4,39.864582,73.34574,80.114235,75.89706,38.245193
2009-07-12,28,60.260777,32.098213,36.003124,36.491478,60.567707,40.662037,15.995193,44.361412,34.97222,62.375,21.3875,8.86,55.92361,9.858377,66.44868,6.4485292,58.884617
2009-07-19,29,19.534483,11.222222,12.50625,0.51704544,14.864583,0.7037037,18.971153,7.8985505,1.1319444,21.957031,20.144444,29.685,14.649305,28.26064,12.193708,25.088236,21.92548
2009-07-26,30,58.047413,43.085316,85.6,12.568182,21.364584,7.685185,80.73077,34.992752,14.28125,67.2168,70.058334,62.615,42.899307,73.022606,32.528145,86.25,82.55529
2009-08-02,31,16.00431,7.513889,3.978125,17.335228,13.510417,17.578703,6.4711537,12.905797,8.743055,15.453125,6.322222,5.68,16.916666,3.856383,23.649006,6.8308825,4.4086537
2009-08-09,32,8.181034,0.29761904,0.9609375,13.693182,13.541667,28.097221,0.99038464,0.8786232,7.357639,4.5117188,0.74444443,0.935,10.96875,0.087765954,9.879967,0.3897059,5.543269
2009-08-16,33,59.827587,57.462303,55.965626,61.278408,31.773438,56.680557,46.009617,48.574276,53.39236,73.447266,65.8,62.04,31.947916,56.398937,64.43212,63.882355,51.35096
2009-08-23,34,0.00862069,1.7003968,1.471875,1.2159091,1.09375,0.027777778,4.769231,6.82971,2.78125,0.08203125,2.7555556,10.09,0.097222224,2.1396277,0.92135763,7.1397057,0.46153846
2009-08-30,35,54.801723,17.019842,31.265625,41.534092,81.375,53.23148,22.25,9.666667,21.291666,42.69922,21.783333,16.25,83.34722,26.632978,33.880795,17.794117,66.82692
2009-09-06,36,155.26292,85.736115,93.064064,165.11363,144.71094,239.48148,67.32692,80.55616,127.763885,157.30273,75.96111,79.09,156.94792,97.31649,156.22516,81.992645,136.79808
2009-09-13,37,32.948277,19.732143,19.817188,26.03409,45.328125,19.541666,11.855769,19.27174,25.45486,28.908203,13.580556,28.16,41.12153,32.660904,36.911423,26.82353,44.0625
2009-09-20,38,38.948277,20.817461,28.617188,7.8579545,26.390625,11.578704,30.432692,11.121377,5.3715277,33.40625,25.594444,52.115,29.98264,43.86037,19.311258,41.09559,31.295673
2009-09-27,39,103.719826,115.27976,92.39531,112.517044,58.333332,94.97685,102.88461,106.50181,114.74653,114.31836,109.78889,69.815,81.322914,108.51729,105.7947,105.29412,85.76202
2009-10-04,40,35.081898,24.690475,15.584375,10.443182,30.822916,15.75,17.836538,18.56884,8.71875,28.117188,20.913889,13.19,25.63889,6.9667554,17.891556,16.683823,42.57452
2009-10-11,41,83.211205,74.78968,95.06875,33.613636,94.76823,23.324074,66.01923,48.115944,32.79861,93.72656,75.888885,50.295,90.670135,93.09176,64.36092,61.867645,121.53846
2009-10-18,42,28.387932,9.930555,13.953125,3.721591,28.153646,4.5694447,13.548077,6.17029,5.8819447,19.113281,13.263889,37.985,20.944445,27.384308,9.925497,30.632353,33.447117
2009-10-25,43,0.1637931,11.626985,1.4328125,6.2727275,1.8411459,4.0509257,0.71153843,1.5416666,4.90625,0.37695312,3.2833333,2.455,0.5486111,5.868351,1.3261589,1.7058823,2.1418269
2009-11-01,44,23.314655,16.130953,15.342188,9.642045,20.307291,5.3425927,16.259615,11.306159,9.208333,21.953125,18.583334,7.825,16.722221,12.785904,19.48096,16.75,18.661058
2009-11-08,45,27.987068,17.186508,21.414062,55.920456,40.651043,75.19444,9.942307,18.186594,32.649307,24.095703,8.597222,17.375,37.75347,21.152925,35.892384,10.213235,21.860577
2009-11-15,46,48.36638,27.914682,45.603127,32.863636,42.742188,42.13426,41.153847,35.005436,20.73611,56.316406,44.991665,38.455,43.22222,38.292553,55.45116,42.375,51.521633
2009-11-22,47,37.560345,28.061508,27.025,15.090909,73.32031,4.337963,29.384615,19.072464,10.694445,25.847656,40.733334,34.585,49.381943,36.321808,35.017384,45.257355,41.439903
2009-11-29,48,33.622845,19.34127,29.177343,18.616478,47.365887,19.449074,5.576923,16.32337,17.57118,26.36914,10.598611,11.7225,36.501736,22.722075,21.483444,7.257353,51.01803
2009-12-06,49,28.887932,34.449406,20.282032,26.139204,58.9362,27.770834,26.567308,37.828804,25.657986,17.42871,22.183332,22.045,44.48611,20.845745,24.669289,21.264706,57.646633
2009-12-13,50,6.948276,8.6170635,15.576563,32.46307,6.1510415,16.76389,6.894231,15.473732,25.842014,13.455078,9.381945,20.1725,15.520833,13.78125,27.16846,14.080882,8.891827
2009-12-20,51,49.301723,27.12897,29.957813,12.988636,36.692707,9.00463,13.807693,15.224638,8.854167,59.970703,18.188889,10.385,22.51389,35.832447,15.977649,9.463235,18.903847
2009-12-27,52,11.278017,11.113095,3.484375,39.730114,23.222656,20.00926,9.879807,19.35779,35.92361,11.950195,16.947222,40.6125,17.57639,13.744016,17.348097,18.327206,19.042067
2010-01-03,1,48.25431,44.521824,24.809376,77.829544,24.242188,53.13426,66.25,53.007248,75.62153,38.904297,60.127777,80.06,30.875,34.158245,55.307945,68.75,36.25721
2010-01-10,2,28.581896,54.940475,42.553123,50.625,30.617188,31.087963,80.01923,36.224636,53.850693,51.89453,119.11389,118.535,29.89236,57.99867,64.60348,100.66912,46.94952
2010-01-17,3,56.760777,59.32738,55.02422,54.017044,74.37109,25.344908,47.53846,50.046196,66.37153,86.66016,56.427776,127.415,65.454865,48.95412,74.14901,61.23897,62.89423
2010-01-24,4,21.49569,14.551587,7.5765624,56.664772,12.6692705,38.671295,18.807692,17.438406,39.80903,12.339844,31.580555,16.47,8.142361,16.853724,20.010761,23.794117,18.401442
2010-01-31,5,4.5064654,1.9583334,5.0609374,16.62216,2.485677,10.849537,2.8365386,2.9320652,5.6614585,16.360352,4.525,1.105,1.4166666,8.592421,18.011175,12.025735,3.0408654
2010-02-07,6,55.293102,37.099205,40.63125,43.4375,14.1432295,22.75463,39.701923,28.278986,29.746529,52.501953,35.644444,96.65,16.336805,38.663563,63.088577,57.558823,26.711538
2010-02-14,7,40.025864,16.789682,25.904688,36.511364,48.776043,72.77315,40.125,39.356884,36.54514,38.259766,25.244444,51.49,50.48264,11.949468,43.575333,21.75,37.771633
2010-02-21,8,31.090517,22.144842,22.3125,32.74432,20.044271,26.546297,24.846153,39.34058,23.10764,22.878906,32.269444,35.83,25.104166,42.87899,23.58692,25.25,20.20673
2010-02-28,9,5.043103,19.75397,4.878125,15.477273,1.0078125,14.939815,56.83654,57.05616,30.416666,7.015625,41.691666,152.735,3.7118056,14.63032,19.740894,66.58088,1.6201923
2010-03-07,10,1.9956896,3.2896826,3.4625,16.136364,0.03125,11.972222,8.442307,16.052536,25.715279,2.5175781,5.3166666,13.175,0.125,4.0465426,8.856788,9.161765,0.7692308
2010-03-14,11,20.189655,1.6944444,7.5171876,1.0397727,30.072916,1.8055556,2.6442308,1.2101449,0.53125,8.464844,1.9083333,3.98,27.604166,3.656915,3.0372517,2.4485295,26.829327
2010-03-21,12,76.85776,78.882935,87.54844,64.71591,113.10156,94.87963,40.192307,63.148552,54.430557,75.66211,69.005554,69.545,92.826385,89.89096,58.115067,53.35294,98.375
2010-03-28,13,3.8275862,14.1954365,9.5546875,35.448864,3.0807292,29.824074,21.39423,15.367754,30.916666,3.8515625,15.963889,28.895,0.7725694,13.96609,11.637417,26.768383,3.0564904
2010-04-04,14,8.168103,10.498015,13.917188,44.363636,8.046875,29.38889,6.3653846,12.42029,42.17014,7.1875,8.686111,15.515,5.4791665,17.821808,12.144868,6.0661764,11.03125
2010-04-11,15,0.05172414,2.2142856,0.0953125,0.19886364,0.0,0.0,7.451923,2.1721015,0.21527778,0.07421875,3.461111,2.475,0.0,0.7659575,0.7442053,9.301471,0.0
2010-04-18,16,163.81897,130.24207,160.475,45.25568,203.84375,40.925926,59.53846,48.588768,44.166668,166.24023,92.64167,51.605,179.10764,123.31649,106.76739,65.20588,163.27164
2010-04-25,17,105.87931,69.599205,73.99062,50.659092,79.67448,47.22222,82.38461,45.248188,40.680557,86.55078,79.119446,108.955,122.239586,96.62234,74.17053,112.86029,94.63702
2010-05-02,18,62.198277,68.27381,82.84688,63.113636,67.489586,44.050926,58.576923,54.842392,65.59722,80.84766,67.09167,25.72,48.177082,65.14628,56.004967,51.0,53.259617
2010-05-09,19,8.987069,38.45238,13.5703125,134.74432,0.7760417,130.62038,35.46154,79.597824,162.89236,11.212891,22.13611,17.785,3.28125,11.855053,59.486755,12.426471,7.855769
2010-05-16,20,104.49138,53.940475,53.275,63.852272,108.333336,68.111115,84.51923,109.00725,75.416664,80.81641,57.488888,40.38,116.826385,51.12234,68.62417,44.558823,111.41346
2010-05-23,21,0.14655173,6.551587,1.8875,23.375,4.703125,11.953704,20.096153,16.050724,20.67361,0.2109375,13.811111,8.62,1.6527778,3.0771277,4.0562916,15.161765,0.21153846
2010-05-30,22,45.78879,25.039682,35.98281,11.823864,24.356771,2.7314816,50.432693,36.128624,18.222221,45.38672,39.48611,66.015,27.711805,37.86702,33.323677,51.64706,39.53125
2010-06-06,23,0.021551725,0.5873016,0.4828125,11.392045,0.0859375,10.726851,4.855769,4.139493,11.142361,0.13671875,1.3305556,7.24,0.024305556,1.0079787,2.615894,2.6617646,0.08173077
2010-06-13,24,3.439655,3.0674603,1.7546875,38.051136,3.125,43.37963,2.4807692,3.527174,21.024305,4.4960938,1.1333333,0.32,6.7291665,0.14361702,32.051323,1.1764706,1.0288461
2010-06-20,25,15.905172,42.89484,50.278126,1.4261364,19.294271,0.7546296,60.778847,18.11413,2.3715277,22.251953,68.041664,47.495,14.354167,48.00665,5.95447,45.59559,33.254807
2010-06-27,26,0.04310345,0.4861111,0.196875,0.8068182,3.390625,0.35185185,0.0,0.5362319,0.6631944,0.087890625,0.5388889,0.885,0.027777778,0.12765957,0.0794702,0.8897059,0.16346154
2010-07-04,27,0.29310346,8.696428,5.75,5.215909,2.3619792,6.2453704,0.03846154,3.1847825,2.4305556,1.5527344,1.7444445,1.715,1.1388888,4.305851,6.808775,0.9852941,0.2235577
2010-07-11,28,52.78448,45.843254,44.753124,27.795454,60.296875,22.083334,69.50961,37.844204,19.79514,38.92383,70.83056,64.025,55.864582,69.727394,35.534767,70.39706,41.091347
2010-07-18,29,91.85345,27.593254,35.632812,51.346592,72.07552,63.226852,32.14423,47.570652,33.805557,70.822266,23.86389,35.7,83.802086,14.9654255,76.117546,39.808823,80.9351
2010-07-25,30,4.7327585,0.6547619,0.61875,3.8181818,3.9166667,2.1296296,0.26923078,0.26449275,1.5208334,2.3125,0.5,0.73,3.5208333,0.26861703,3.642384,0.9852941,2.8076923
2010-08-01,31,7.9353447,31.162699,21.635937,19.795454,4.8671875,12.375,36.10577,25.717392,22.902779,14.582031,38.555557,68.955,5.0659723,36.162235,19.548014,51.860294,11.764423
2010-08-08,32,20.12069,4.1349206,9.815625,4.744318,13.890625,5.5509257,0.9326923,2.030797,2.6840277,15.451172,3.525,2.75,18.26736,4.643617,13.620033,3.1029413,15.259615
2010-08-15,33,0.00862069,0.26587301,0.0,0.28977272,0.015625,0.050925925,0.07692308,0.15036231,0.25694445,0.22851562,0.16944444,0.64,0.0,0.24202128,0.19619206,0.32352942,0.2451923
2010-08-22,34,0.0,0.1904762,0.01875,0.039772727,0.0026041667,0.5833333,0.14423077,0.35326087,0.13194445,0.00390625,0.16111112,0.085,0.0,0.23670213,0.024834437,0.10294118,0.0
2010-08-29,35,0.2413793,0.065476194,0.0234375,2.034091,7.8177085,7.310185,0.875,1.3695652,0.375,0.140625,0.28055555,0.34,3.8368056,0.017287234,0.14569536,0.11764706,0.5144231
2010-09-05,36,0.18534483,0.6031746,0.071875,0.8863636,0.0052083335,1.0324074,3.7403846,1.0652174,1.3576388,0.05859375,2.4833333,6.47,0.44791666,0.6143617,0.17549668,4.1397057,0.23557693
2010-09-12,37,5.6551723,0.53174603,0.446875,4.875,18.416666,15.916667,0.028846154,1.5362319,6.65625,3.6113281,0.3861111,2.525,11.100695,0.16888298,5.9668875,1.1029412,4.5288463
2010-09-19,38,66.15086,65.91865,46.146873,58.198864,78.5599,52.24537,37.173077,58.336956,51.100693,73.07617,46.833332,40.005,74.87153,31.093084,108.75083,36.816177,28.492788
2010-09-26,39,1.2974138,28.555555,14.935938,32.210228,10.3359375,33.680557,42.192307,47.815216,33.74653,4.267578,37.41111,42.12,8.756945,25.715425,16.144867,25.669117,3.375
2010-10-03,40,31.74569,25.140873,36.47344,25.897728,62.484375,19.74537,25.596153,37.449276,24.802084,36.490234,24.077778,14.595,42.13889,25.946808,32.26076,16.80147,30.903847
2010-10-10,41,38.301723,26.0,34.73125,2.0795455,61.48698,1.5185186,21.115385,7.612319,2.5173612,34.871094,22.911112,18.8,48.447918,38.76729,16.225166,21.92647,28.07452
2010-10-17,42,5.948276,16.928572,5.821875,7.1022725,9.78125,7.814815,13.403846,10.528986,8.180555,6.4726562,15.886111,29.45,8.0,13.4375,9.407285,19.897058,4.4086537
2010-10-24,43,29.23276,51.64881,49.153126,25.767046,46.796875,13.949074,37.278847,41.69384,29.434029,45.35547,48.955555,53.085,43.197918,56.738033,37.642384,48.65441,31.257212
2010-10-31,44,6.327586,11.111111,12.584375,23.642046,7.515625,22.907408,18.028847,20.076086,16.590279,8.048828,16.866667,16.36,6.2743053,12.628989,16.216887,17.102942,7.0072117
2010-11-07,45,10.413794,4.9583335,10.559375,7.721591,29.463541,7.4166665,2.6057692,4.7155795,4.3819447,10.205078,5.825,18.25,20.145834,8.992022,6.7963576,9.360294,14.040865
2010-11-14,46,14.198276,23.652779,34.9,36.403408,7.5390625,35.060184,20.932692,18.936594,17.34375,19.753906,24.166666,24.235,13.430555,9.542553,32.1846,18.235294,17.108173
2010-11-21,47,49.926723,44.164684,29.504688,71.767044,23.53125,69.30556,25.365385,44.134056,49.26736,22.453125,31.647223,64.465,26.8125,30.424202,52.368378,42.955883,30.805288
2010-11-28,48,90.26293,39.88294,35.365623,48.551136,55.804688,42.99074,60.625,48.429348,37.13889,51.27539,54.702778,53.675,83.10069,34.73936,57.82947,51.84559,80.7476
2010-12-05,49,53.547413,18.54861,33.36094,4.8125,38.91276,3.1898148,14.336538,11.799819,2.390625,41.26953,14.338889,11.3825,69.53819,24.160904,15.740067,10.455882,80.789665
2010-12-12,50,77.38793,42.916668,64.71562,18.90909,74.36719,10.175926,32.326923,27.873188,20.527779,72.90625,37.627777,61.01,82.34722,67.49734,37.807945,36.257355,66.97836
2010-12-19,51,31.855604,34.877975,38.27422,17.34659,22.763021,17.766203,69.92308,34.776268,12.954861,39.84961,50.822224,27.67,20.375,16.51064,30.982616,34.297794,30.88702
2010-12-26,52,0.6637931,0.08730159,0.1875,6.5227275,3.0,3.0555556,2.9807692,3.8822465,9.805555,0.5917969,2.6444445,20.01,1.7222222,1.9428191,3.0927153,6.727941,1.7764423
2011-01-02,1,13.185345,6.9563494,22.504688,24.107954,24.421875,29.032408,61.240383,23.262682,15.072917,21.74414,18.436111,59.465,17.256945,6.174202,20.17798,40.580883,23.776442
2011-01-09,2,10.155172,20.803572,19.832813,57.857956,21.382812,38.425926,28.173077,27.615942,36.53125,10.6796875,19.51111,51.63,16.722221,46.210106,15.846026,42.77206,19.954327
2011-01-16,3,42.25431,76.394844,58.790627,148.54546,30.557291,105.47222,117.34615,123.57609,129.70139,41.972656,91.58056,193.135,29.708334,42.58378,77.820366,137.48529,36.69471
2011-01-23,4,30.428879,48.035713,33.785156,38.386364,23.214844,26.537037,17.663462,17.23279,33.23611,21.766602,48.345833,13.6425,49.383682,23.36436,40.075333,45.628677,41.810097
2011-01-30,5,18.202587,25.219246,19.270313,17.053978,20.108072,5.553241,13.677885,18.913044,16.810764,21.62207,36.059723,9.3625,24.532986,17.448803,33.55546,12.172794,14.508413
2011-02-06,6,63.49569,54.035713,59.81875,52.840908,48.895832,47.75463,73.88461,84.70109,48.96875,63.958984,63.47222,57.44,72.114586,67.3258,54.92798,50.97794,74.43269
2011-02-13,7,7.663793,30.434525,16.65,35.727272,9.6015625,22.231482,83.77885,52.269928,47.913193,8.8203125,80.26111,141.81,11.555555,33.70878,24.533941,108.01471,16.09375
2011-02-20,8,46.073277,39.240078,47.217186,61.198864,30.585938,62.805557,49.98077,44.748188,32.524307,58.01172,67.39445,66.54,47.98264,45.090427,59.509933,61.191177,40.403847
2011-02-27,9,2.2974138,7.248016,7.228906,18.87784,2.3671875,5.099537,10.735577,9.459239,18.20139,6.0351562,9.141666,32.8575,2.9045138,2.9109042,9.966887,19.588236,4.628606
2011-03-06,10,43.689655,20.019842,34.34375,16.3125,24.026041,12.467592,75.91346,53.77174,25.791666,47.58203,46.622223,102.07,62.31597,19.002659,23.47765,95.38971,64.29808
2011-03-13,11,4.702586,10.333333,3.1734376,21.4375,2.3203125,10.282408,29.038462,10.322464,10.895833,2.1191406,24.197222,28.82,3.2881944,6.2273936,8.923014,23.522058,3.3509614
2011-03-20,12,4.2090516,13.337301,5.6375,29.178978,4.515625,41.04861,14.302885,10.40942,13.77257,4.616211,18.204166,29.205,4.5260415,6.1708775,15.874586,20.01103,10.40625
2011-03-27,13,168.63147,71.33135,121.59453,50.883522,99.78516,53.127316,42.639423,43.180252,38.020832,156.38281,53.08889,73.0375,156.84723,84.39029,64.36341,63.11397,143.1262
2011-04-03,14,4.3038793,5.842262,4.753125,5.3039775,1.4973959,18.06713,8.600962,2.5769928,3.9878473,7.848633,5.798611,4.8875,0.6875,0.78125,13.965646,1.8161764,2.5817308
2011-04-10,15,34.706898,8.527778,12.875,17.892046,33.096355,15.907408,10.480769,14.144928,17.274305,13.095703,7.538889,15.105,41.22222,5.31516,14.143212,10.5220585,21.6875
2011-04-17,16,49.405174,17.88492,24.484375,17.943182,33.171875,41.61574,10.173077,9.612319,8.819445,28.527344,10.8527775,5.275,34.020832,15.615691,20.676325,7.529412,32.165867
2011-04-24,17,0.077586204,1.1666666,0.56875,0.6988636,3.7265625,0.16666667,6.4423075,2.0253623,1.0104166,0.08984375,3.5222223,14.63,9.128472,2.0731382,0.67466885,9.933824,1.6394231
2011-05-01,18,4.2327585,0.75793654,0.784375,0.5056818,1.8541666,0.24074075,2.8461537,0.375,2.3368056,3.0195312,0.6027778,1.055,2.1840277,0.34840426,2.25,0.32352942,2.7524037
2011-05-08,19,10.448276,25.944445,14.548437,19.613636,1.9427084,15.203704,2.5384614,21.89674,12.506945,32.158203,7.6666665,3.485,2.7083333,1.5585107,38.71275,2.0294118,0.97115386
2011-05-15,20,1.1465517,9.5,2.7171874,33.517044,0.114583336,17.768518,26.75,35.030796,33.42361,1.6621094,28.283333,18.445,0.8055556,2.12367,8.048014,18.411764,0.74759614
2011-05-22,21,3.9224138,1.3234127,1.11875,2.1704545,4.2604165,1.425926,0.5192308,0.65217394,1.4548612,2.1367188,0.45,3.935,4.576389,0.23537233,2.673841,0.8382353,8.050481
2011-05-29,22,5.6551723,0.31150794,1.565625,1.7443181,6.4583335,0.8842593,0.07692308,1.5271739,2.4340277,2.8046875,0.2638889,0.305,9.9375,0.80984044,3.0339403,0.52205884,7.1009617
2011-06-05,23,37.599136,19.960318,27.9875,16.670454,35.010418,33.564816,18.615385,18.916666,8.836805,36.57617,13.913889,17.875,35.62153,33.281914,25.46523,20.375,39.182693
2011-06-12,24,27.228449,2.8075397,27.875,1.1136364,13.4296875,2.1111112,0.10576923,0.8677536,1.6875,24.230469,1.3611112,1.23,22.961805,6.8656917,6.8874173,1.1397059,20.509615
2011-06-19,25,126.73276,39.924603,75.629684,51.227272,160.04688,79.02315,15.038462,20.570652,25.79861,88.10547,18.216667,9.135,209.07986,43.174202,58.000828,11.433824,155.49759
2011-06-26,26,82.07758,80.74405,86.46562,20.488636,53.994793,8.935185,50.33654,41.302536,19.583334,69.96875,62.39722,47.28,72.87153,84.41357,44.111755,53.860294,87.44952
2011-07-03,27,0.08189655,2.0972223,0.8875,0.18181819,0.091145836,0.037037037,12.759615,0.7826087,0.4965278,0.15820312,7.2611113,14.145,0.2048611,9.19016,0.09271523,14.330882,0.49759614
2011-07-10,28,1.7327586,15.753968,9.284375,18.78409,0.6744792,29.162037,16.721153,8.106884,12.392361,11.90625,10.902778,0.68,0.625,2.9973404,25.885761,1.632353,0.7860577
2011-07-17,29,113.39655,76.833336,83.26719,105.056816,135.29948,126.078705,34.58654,51.257248,101.55556,104.38086,46.966667,44.235,124.1875,77.35372,97.09271,51.507355,121.40385
2011-07-24,30,30.202587,40.710316,36.978127,37.454544,20.927084,31.083334,37.740383,24.73913,29.42014,43.453125,28.308332,21.585,15.236111,29.61436,42.375828,34.066177,26.576923
2011-07-31,31,36.814655,55.45635,45.94219,23.482954,36.895832,30.69676,68.56731,38.067028,24.119791,36.904297,69.08611,84.2625,42.27778,87.10372,22.880795,80.29779,41.0625
2011-08-07,32,47.232758,81.900795,56.9125,119.892044,18.421875,101.60185,95.73077,138.33696,115.03819,49.289062,88.81944,72.355,31.79514,38.468086,111.67798,80.33088,27.286058
2011-08-14,33,54.918102,25.380953,46.684376,19.630682,59.71875,41.48148,23.711538,14.813406,12.489583,51.654297,22.163889,20.765,65.326385,52.74601,25.479305,25.602942,74.30048
2011-08-21,34,37.060345,48.625,41.21406,35.659092,20.8125,35.319443,60.615383,53.43116,40.38889,44.898438,59.677776,61.445,26.815971,57.238033,40.69371,66.61029,38.28125
2011-08-28,35,73.31035,86.525795,63.76406,76.045456,45.01302,73.30093,62.721153,82.916664,100.84375,89.33008,73.172226,60.735,59.39236,54.240692,131.02731,76.15441,57.451923
2011-09-04,36,101.094826,190.29366,152.675,74.13636,90.49219,50.282406,178.0,190.61232,94.84375,151.0,197.60834,128.7,85.96875,168.25798,130.60182,165.97794,128.08173
2011-09-11,37,0.0,0.9880952,0.165625,0.78977275,0.0234375,0.027777778,3.6826923,4.9927535,0.47916666,0.00390625,5.422222,5.78,0.0069444445,0.6156915,1.0918875,6.9191175,0.01923077
2011-09-18,38,66.76293,28.291666,34.025,41.727272,63.32552,47.069443,9.817307,20.541666,29.565971,49.54297,15.944445,5.69,63.63889,16.87367,39.11424,10.779411,65.14183
2011-09-25,39,2.724138,0.009920635,0.440625,3.3977273,2.8958333,12.009259,0.5769231,0.27355072,1.1597222,1.0898438,0.9027778,0.805,7.3194447,0.24335106,1.3708609,1.5955882,0.7451923
2011-10-02,40,0.01724138,0.3015873,0.559375,0.5113636,0.14583333,0.17592593,1.9807693,1.192029,0.2326389,0.10546875,1.3194444,2.0,0.083333336,0.19148937,0.397351,2.3014705,0.03846154
2011-10-09,41,96.07327,50.878967,49.965626,24.232954,99.59896,15.722222,36.451923,26.26087,21.427084,83.54492,48.52222,73.675,95.8125,71.80718,64.3543,71.47794,66.17308
2011-10-16,42,0.0,1.7698413,0.771875,2.6761363,0.16666667,1.212963,22.682692,10.650362,1.7291666,0.30859375,5.85,14.585,0.19444445,1.0425532,2.169702,8.058824,0.033653848
2011-10-23,43,42.176723,20.12103,24.804688,36.346592,34.054688,38.675926,9.942307,12.797101,20.225695,35.16797,14.722222,6.77,47.38889,17.042553,40.38576,8.742647,36.658653
2011-10-30,44,0.038793102,0.24007936,0.0421875,2.3522727,0.0,0.18055555,2.6923077,1.8115942,3.5729167,0.16015625,1.025,4.905,0.0,0.27526596,1.1812913,1.3235294,0.13461539
2011-11-06,45,9.262931,8.926587,5.546875,5.7670455,2.4401042,6.6759257,13.538462,10.110507,11.309028,6.0683594,8.563889,6.155,4.7256947,6.8430853,9.773179,7.8235292,6.5288463
2011-11-13,46,44.135777,26.218254,33.710155,9.84375,33.95052,5.178241,39.552883,30.694746,12.628472,42.134766,32.302776,61.6,38.675346,41.300533,21.014486,39.669117,45.835335
2011-11-20,47,26.974138,22.188492,17.295313,13.363636,39.07552,12.138889,17.432692,10.536232,9.604167,24.259766,8.688889,9.685,41.45139,11.470745,18.83692,8.676471,35.35096
2011-11-27,48,2.3922415,4.769841,2.271875,8.630682,1.0755209,6.912037,11.480769,13.45471,2.4340277,2.5351562,11.486111,12.315,1.8159722,1.581117,4.687914,12.051471,4.1850963
2011-12-04,49,16.422413,18.819445,18.0125,15.926136,24.585938,17.555555,25.557692,39.365944,14.947917,25.458984,29.880556,38.95,16.5625,14.348404,23.056292,31.272058,17.34375
2011-12-11,50,6.3189654,13.664682,15.215625,31.829546,1.03125,37.601852,34.557693,55.02174,34.336807,10.425781,33.544445,35.63,1.1736112,12.796542,29.547186,39.463234,7.235577
2011-12-18,51,7.37931,2.6527777,15.6,16.889204,2.5598958,10.268518,15.028846,8.88587,7.0190973,19.123047,13.030556,3.1675,5.1944447,3.744681,5.6316223,0.7058824,8.197115
2011-12-25,52,14.038794,21.248016,17.682812,25.835228,1.5182291,38.958332,40.625,31.619566,20.760416,20.16211,24.125,39.155,4.173611,11.134309,25.038908,33.316177,8.341346
2012-01-01,1,6.047414,29.606152,16.122656,33.022728,0.8359375,16.409721,20.389423,20.123188,26.114584,19.364258,18.222221,32.545,3.1319444,11.478724,14.370447,15.150735,4.1454325
2012-01-08,2,66.282326,69.63194,50.9625,67.03125,61.10677,85.10185,88.21635,100.03623,66.01215,60.708984,89.75278,51.585,68.3125,74.676865,51.258278,61.069855,58.060097
2012-01-15,3,5.1939654,12.704365,12.035937,6.3238635,5.0078125,3.1712964,8.528846,22.460144,4.5277777,12.357422,7.2305555,41.455,2.28125,10.676862,22.194536,20.683823,6.3197117
2012-01-22,4,8.885776,32.84127,29.710938,32.28125,16.736979,21.481482,25.961538,33.136776,33.62847,22.831055,42.554165,45.1025,8.517361,34.383644,36.68957,28.702206,5.1069713
2012-01-29,5,6.7435346,1.9285715,2.3195312,1.6107955,0.0,2.2962964,0.27403846,0.8786232,0.359375,2.6367188,0.45555556,0.2375,0.8315972,2.6130319,2.0285597,0.3382353,8.361779
2012-02-05,6,6.4913793,55.57738,11.542188,43.409092,10.088542,34.060184,45.39423,46.815216,27.569445,7.5976562,51.46389,31.01,13.711805,32.969414,36.967716,37.544117,6.3822117
2012-02-12,7,1.9224138,13.152778,8.503125,6.068182,6.3203125,3.5879629,4.8365383,5.438406,1.2326388,0.8066406,10.163889,3.92,3.2638888,28.555851,4.791391,3.639706,1.3341346
2012-02-19,8,38.72629,14.089286,41.561718,23.573864,30.200521,14.226851,2.7596154,7.3858695,15.171875,41.94922,2.8958333,16.2175,37.333332,26.240692,29.62293,6.9007354,33.140625
2012-02-26,9,29.758621,7.171627,24.358593,11.696023,21.330729,2.2754629,11.0625,9.255435,9.072917,33.168945,14.458333,18.4975,27.618055,14.33843,27.589817,12.3345585,30.722355
2012-03-04,10,0.0,0.009920635,0.0375,0.03125,0.0052083335,0.0023148148,0.2596154,0.6240942,0.24305555,0.009765625,0.1,0.2875,0.13715278,0.3570479,0.033940397,0.48161766,0.33173078
2012-03-11,11,3.2543104,9.797619,5.3789062,4.846591,2.34375,3.4027777,23.35577,12.893116,5.6684027,14.244141,21.722221,9.705,1.5625,10.373671,4.486755,10.169118,1.3810096
2012-03-18,12,20.422413,9.720238,15.157812,10.1875,1.9453125,3.7453704,20.067308,23.826086,12.152778,15.8828125,15.577778,8.64,11.701389,6.618351,13.234271,9.529411,13.175481
2012-03-25,13,10.86638,2.8859127,4.7476563,0.71022725,25.054688,6.662037,6.0865383,5.5996375,0.8333333,6.6015625,2.7513888,11.2575,20.333334,3.8769946,3.0418046,4.3566175,13.155048
2012-04-01,14,10.7672415,1.9781746,4.9359374,4.1022725,20.898438,3.5787036,3.8653846,4.969203,5.2222223,10.6953125,0.59166664,8.58,16.652779,4.18617,6.615894,6.1911764,6.014423
2012-04-08,15,20.116379,17.74603,15.090625,3.471591,50.29948,7.148148,27.721153,16.389492,5.954861,17.041016,17.452778,28.395,41.10764,11.06516,10.337749,21.419117,16.009615
2012-04-15,16,5.6939654,5.982143,7.7765627,0.29545453,5.1875,1.4768518,4.0865383,1.5851449,0.7395833,8.628906,4.036111,3.9,5.611111,1.2978723,3.4933774,4.0514708,3.9134614
2012-04-22,17,48.357758,64.31746,85.160934,7.875,97.1224,1.2592592,52.115383,34.635868,15.003472,57.91992,63.90278,88.975,78.71181,114.81782,34.432945,74.52941,65.11298
2012-04-29,18,0.021551725,2.6468253,0.2828125,7.5113635,0.625,1.2083334,3.4038463,4.5326085,4.125,0.09765625,6.352778,11.13,0.2673611,1.3071809,1.4660596,8.316176,0.87259614
2012-05-06,19,3.2327585,2.015873,5.103125,5.119318,9.65625,0.912037,1.4903846,2.6394928,6.8402777,2.4550781,2.2444444,3.315,7.361111,9.785904,0.73344374,2.9485295,12.576923
2012-05-13,20,1.2758621,0.8492063,0.246875,0.78409094,0.0,1.3981482,6.5384617,2.4275362,2.4513888,0.01953125,5.4,24.34,0.0,1.8723404,0.38410595,15.470589,0.0048076925
2012-05-20,21,29.922413,59.142857,32.623436,15.880682,26.007812,4.2175927,101.18269,65.965576,31.760416,35.410156,80.102776,47.115,25.70139,53.81915,24.319536,65.161766,29.024038
2012-05-27,22,13.978448,3.8392856,7.5359373,9.142045,11.958333,9.384259,2.4711537,1.1594203,5.6493053,10.09375,3.538889,13.085,15.399305,7.4827127,8.979304,7.595588,8.230769
2012-06-03,23,21.051723,37.06349,32.59375,15.079545,17.815104,9.689815,77.74039,41.664856,19.76389,20.972656,61.052776,91.865,12.270833,82.42952,18.994205,79.286766,19.754808
2012-06-10,24,25.788794,30.150793,40.1875,9.034091,28.421875,1.4444444,18.538462,11.382246,5.625,34.953125,22.969444,38.24,43.145832,55.19016,23.412252,25.463236,21.629808
2012-06-17,25,43.63362,57.912697,37.742188,48.471592,41.619793,41.574074,55.365383,67.28623,72.21528,45.916016,50.369446,41.78,40.194443,60.26463,79.25,51.889706,35.34375
2012-06-24,26,0.31034482,0.56150794,3.575,0.20454545,0.296875,0.537037,0.2596154,0.041666668,0.024305556,1.875,0.19444445,0.495,0.104166664,0.24069148,0.6821192,0.4632353,0.052884616
2012-07-01,27,20.331896,9.394841,9.165625,19.664772,43.40625,57.63889,3.9038463,13.494565,12.836805,15.912109,7.508333,8.54,37.47222,11.662234,24.586092,5.2647057,12.786057
2012-07-08,28,4.3103447,7.4007936,2.903125,17.193182,2.5364583,14.134259,11.942307,8.315217,12.46875,6.7578125,8.466666,12.62,4.142361,8.639627,15.65149,13.404411,1.7980769
2012-07-15,29,18.693966,49.31151,34.871876,25.914772,4.7135415,20.37037,36.865383,24.268116,15.71875,29.441406,41.81389,29.86,9.149305,39.32979,22.486755,33.139706,11.278846
2012-07-22,30,56.344826,63.46627,55.914062,37.375,49.617188,29.481482,77.46154,60.03442,41.774307,55.08789,84.46111,55.915,52.34722,54.26064,55.129967,81.72794,46.415867
2012-07-29,31,71.35776,53.849205,50.3875,11.005682,58.755207,13.458333,59.64423,47.898552,15.784722,63.197266,52.894444,38.965,72.666664,33.375,34.557117,46.125,64.43269
2012-08-05,32,0.012931035,0.1984127,0.1953125,1.2215909,0.018229166,0.2037037,0.14423077,0.17934783,0.41319445,0.109375,0.03888889,0.235,0.0,0.095744684,0.16721854,0.33088234,0.024038462
2012-08-12,33,0.35344827,0.04563492,0.0203125,0.2159091,4.0208335,0.0,3.0,3.384058,0.1736111,0.056640625,0.86388886,0.65,3.7361112,0.19680852,0.15811259,1.1029412,0.21634616
2012-08-19,34,0.021551725,0.03968254,0.1671875,1.0340909,0.5,0.083333336,0.048076924,0.38768116,0.13541667,0.09375,0.008333334,0.06,0.35069445,0.054521278,0.28145695,0.022058824,0.09134615
2012-08-26,35,0.0,8.214286,2.64375,22.53409,0.6927083,42.648148,14.461538,18.126812,18.8125,0.48046875,14.805555,14.83,0.0625,3.781915,5.895695,9.235294,1.4278846
2012-09-02,36,0.0,0.051587302,0.146875,0.875,0.0,0.037037037,0.0,0.28985506,0.24305555,0.09375,0.12222222,0.87,0.0,0.45478722,0.1589404,1.5735294,0.0
2012-09-09,37,25.806034,19.255953,20.392187,95.97159,19.450521,98.38426,17.23077,38.393116,77.56597,31.27539,24.158333,17.98,16.020834,18.617022,68.06209,23.235294,11.701923
2012-09-16,38,38.12069,25.49603,25.465626,25.0625,50.3125,64.5,17.163462,19.496376,16.979166,35.847656,17.327778,14.665,45.50347,25.559841,36.95199,13.830882,42.35577
2012-09-23,39,0.11637931,2.6150794,1.6039063,5.474432,0.40625,2.0092592,6.6826925,5.5914855,4.4375,1.9746094,10.641666,9.445,0.2847222,2.4521277,2.0740893,13.419118,0.52403843
2012-09-30,40,40.482758,32.36111,35.66875,39.022728,77.1276,31.685184,10.519231,21.722826,36.46528,43.257812,13.805555,8.24,71.19444,17.921543,41.81954,6.0514708,34.072117
2012-10-07,41,24.064655,43.40278,19.095312,56.99432,29.091146,47.699074,35.625,39.516304,45.34722,22.333984,34.441666,28.77,21.993055,22.752659,32.39321,27.845589,14.057693
2012-10-14,42,5.5215516,1.4265873,2.128125,3.9772727,13.260417,0.6064815,0.3846154,1.2373189,4.9965277,4.107422,0.26666668,0.815,5.9340277,0.38164893,2.5306292,1.4117647,12.413462
2012-10-21,43,62.11207,75.97222,54.81719,26.306818,86.90104,28.606482,49.673077,46.552536,23.913195,71.81055,62.502777,61.58,69.38194,62.449467,72.97682,74.95588,76.63221
2012-10-28,44,17.991379,12.56746,14.5546875,13.357955,52.255207,21.037037,0.5480769,0.42391303,5.673611,13.404297,3.0194445,25.775,44.51389,27.835106,3.558775,13.654411,28.524038
2012-11-04,45,0.4827586,14.948413,4.5921874,1.3409091,0.5572917,0.027777778,34.33654,20.711956,3.4826388,1.7441406,30.938889,38.255,2.0590277,11.007978,3.6490066,28.772058,5.079327
2012-11-11,46,3.5560346,8.746032,4.7484374,26.681818,5.138021,12.782408,6.875,23.289856,36.55903,2.2128906,6.647222,37.765,3.9340277,9.570478,6.201159,15.705882,3.9759614
2012-11-18,47,14.073276,11.725199,5.2921877,10.784091,36.58724,13.62037,5.7836537,8.227355,5.5121527,6.9140625,5.9625,3.0225,32.217014,3.625665,6.1274834,3.6544118,20.920673
2012-11-25,48,0.9741379,8.095238,2.0921874,4.931818,3.90625,1.1064814,5.2211537,7.161232,1.5486112,2.6757812,7.5972223,13.955,5.6006947,7.4175534,10.212749,11.6029415,2.0240386
2012-12-02,49,18.103449,17.980158,18.515625,8.545455,11.0598955,4.6666665,2.9038463,5.6594205,5.2743053,14.613281,6.3638887,20.685,34.270832,9.333776,9.104304,14.580882,18.338942
2012-12-09,50,39.926723,12.718254,17.260937,14.607955,74.484375,16.48611,6.6923075,8.297101,14.892361,30.048828,7.2,8.595,68.96181,11.761968,24.728477,6.25,63.783653
2012-12-16,51,46.829742,41.265873,13.510938,34.235794,85.91927,31.82176,44.53846,30.79076,21.717014,20.966797,43.266666,47.995,86.58507,21.398935,51.949505,44.485294,55.01202
2012-12-23,52,45.189655,34.050594,34.99531,49.386364,31.231771,105.98148,20.370192,15.582428,30.229166,52.79785,31.818056,25.6725,38.269096,41.019947,39.842716,56.0625,33.1238
2012-12-30,1,21.306034,9.851191,16.623438,6.744318,30.820312,10.685185,10.336538,3.5507247,4.513889,19.4375,13.197222,29.42,20.239584,14.343085,12.524007,19.80147,22.884615
2013-01-06,2,53.564655,38.440475,43.13906,12.474432,56.78125,14.782408,9.144231,15.431159,13.74132,58.4209,10.990278,5.6725,67.520836,25.80718,45.299667,5.8382354,78.07211
2013-01-13,3,16.116379,26.21627,15.871875,17.261364,2.3671875,23.393518,77.03846,18.277174,7.111111,8.1953125,23.98611,25.195,9.5625,15.230053,22.129139,19.522058,16.377403
2013-01-20,4,0.8663793,2.8531747,1.465625,32.988636,2.421875,22.787037,6.980769,13.567029,17.79514,1.1015625,7.1222224,15.105,2.25,2.1143618,8.551325,12.580882,1.5745193
2013-01-27,5,0.112068966,0.013888889,0.1234375,4.943182,0.45833334,1.4166666,0.75,0.7789855,1.0902778,0.44921875,0.59444445,3.06,0.1736111,0.42952126,4.5877485,1.1544118,0.77884614
2013-02-03,6,14.8125,15.630953,17.38125,58.590908,6.8072915,58.791668,75.88942,66.078804,73.52951,20.922852,34.266666,82.475,5.1024303,21.007315,21.996689,60.474266,12.213943
2013-02-10,7,26.452587,36.982143,22.692188,48.50568,37.351562,37.296295,40.03846,35.320652,38.97222,27.382812,41.658333,22.65,37.979168,23.009308,40.679634,31.191177,52.641827
2013-02-17,8,59.189655,33.489086,21.542187,96.55114,28.936197,71.22454,19.60577,19.951086,46.65278,45.78711,25.601389,18.83,64.87153,26.75399,45.178394,14.742647,64.73317
2013-02-24,9,8.370689,3.5654762,7.8882813,9.579545,1.5859375,15.979167,12.879807,16.487318,13.581597,14.167969,6.975,28.57,4.2222223,10.798537,17.814156,16.095589,9.221154
2013-03-03,10,63.967674,46.359127,27.81953,83.01989,55.266926,60.444443,90.80769,80.521736,80.30035,51.55664,36.261112,43.035,66.326385,23.702793,66.65273,40.161766,56.578125
2013-03-10,11,62.46121,28.085318,37.845314,28.795454,96.9349,33.912037,23.509615,35.074276,30.246529,56.82617,16.980556,48.12,114.03819,23.009308,36.058773,25.691177,86.75961
2013-03-17,12,39.92888,29.957342,31.101562,30.116478,22.098959,43.76389,76.81731,73.753624,36.734375,41.385742,42.925,43.9225,43.70139,19.079123,41.687916,43.003677,38.10457
2013-03-24,13,7.461207,13.009921,6.3890624,12.607955,12.5,16.592592,26.658653,14.977355,15.920139,4.6640625,19.152779,35.3775,9.295139,14.710107,4.000828,23.069853,19.004808
2013-03-31,14,53.193966,43.964287,36.009377,20.136364,55.072918,18.796297,118.88461,76.759056,30.034721,50.05664,53.802776,42.395,65.50347,30.351065,40.48096,38.683823,44.959133
2013-04-07,15,52.661636,13.255953,22.95078,15.076705,62.510418,16.907408,54.927883,27.39221,13.94618,42.73535,17.280556,12.3175,67.15625,13.148272,15.418874,12.5625,49.49399
2013-04-14,16,0.0,0.39087301,0.1,0.10795455,0.18229167,0.032407407,0.115384616,0.057971016,0.2048611,0.03125,0.10277778,0.26,0.21180555,0.07712766,0.067880794,0.0,0.036057692
2013-04-21,17,0.004310345,0.59126985,0.1484375,0.20454545,0.0,0.074074075,1.5384616,0.22826087,0.0625,0.099609375,1.1777778,10.195,0.0,0.28324467,0.12748344,5.529412,0.07932692
2013-04-28,18,7.215517,0.20833333,0.334375,4.971591,15.9244795,7.787037,0.048076924,1.4836956,7.8368053,2.2890625,0.17222223,1.79,8.951389,0.22739361,3.2127483,1.3455882,6.1490383
2013-05-05,19,0.30172414,8.577381,1.45,1.4375,0.0,0.7824074,38.375,10.708333,1.4791666,0.36132812,27.813889,36.615,0.0,8.211436,1.2806292,27.095589,0.49278846
2013-05-12,20,44.232758,9.555555,30.054688,7.630682,90.73177,6.685185,5.0,3.0235507,4.1770835,35.09961,9.077778,8.085,62.67361,20.535904,13.774007,11.654411,90.61539
2013-05-19,21,15.202586,17.093254,12.984375,23.505682,5.4296875,17.375,15.307693,27.576086,22.659721,19.96289,12.688889,12.53,11.0,8.053191,40.456955,10.161765,7.9591346
2013-05-26,22,28.37931,10.517858,19.726562,3.875,12.1484375,8.157408,11.211538,7.139493,6.486111,29.0625,9.913889,18.89,12.895833,27.466755,13.311258,17.904411,22.16827
2013-06-02,23,0.09913793,0.36507937,0.2109375,0.42045453,0.010416667,0.6666667,0.5192308,0.11231884,0.0625,0.16210938,0.25277779,1.445,0.010416667,0.23271276,0.0049668876,0.5955882,0.098557696
2013-06-09,24,0.6465517,0.46031746,0.7796875,3.0568182,2.0390625,2.6898148,1.3269231,1.0688406,1.5347222,0.49609375,0.76944447,2.15,0.9131944,0.6569149,1.2996689,1.3602941,0.18028846
2013-06-16,25,86.206894,111.64286,89.67344,47.11932,96.92969,41.541668,94.04808,53.425724,42.555557,82.09766,102.236115,146.375,102.46875,159.65825,75.33858,126.963234,136.26683
2013-06-23,26,56.568966,59.38889,46.998436,34.982956,53.588543,36.84722,42.076923,39.210144,23.038195,59.48633,43.702778,37.95,59.229168,55.207447,63.43543,42.47059,55.040867
2013-06-30,27,0.02586207,2.6567461,1.1078125,0.3068182,0.015625,0.023148147,1.9711539,1.518116,0.11805555,0.203125,1.7,4.365,0.0,2.356383,0.6589404,2.3088236,0.115384616
2013-07-07,28,8.668103,3.2599206,2.203125,11.744318,18.307291,19.185184,3.2980769,3.164855,5.21875,5.359375,3.6333334,5.645,17.934029,1.1223404,10.423014,4.1397057,10.1875
2013-07-14,29,28.456896,35.497025,26.88125,32.457386,17.109375,35.988426,34.216347,22.75634,29.125,35.79492,30.913889,16.3275,20.79514,24.184175,30.088161,17.305147,18.342548
2013-07-21,30,1.6551725,27.190475,7.9703126,4.7897725,0.30729166,0.3935185,60.865383,35.041668,10.489583,2.9179688,52.244446,49.605,0.5069444,41.518616,5.437086,61.058823,1.3629807
2013-07-28,31,1.1982758,0.45238096,3.0609374,0.14204545,0.140625,0.5972222,0.1826923,0.05615942,0.038194444,0.8183594,0.06388889,0.17,1.1388888,0.18085106,0.41887417,0.34558824,1.0625
2013-08-04,32,108.00862,78.269844,87.275,90.28977,42.322918,66.50926,21.778847,48.900364,78.08681,124.2832,31.430555,14.635,71.96528,35.24867,112.427155,19.404411,93.79327
2013-08-11,33,9.978448,8.055555,5.3734374,21.448864,6.0078125,19.166666,19.51923,16.48913,16.434029,7.9648438,18.672222,18.075,5.75,14.134309,12.317881,22.94853,5.9759617
2013-08-18,34,22.974138,2.8888888,4.671875,74.556816,16.020834,78.40741,8.346154,12.945652,47.708332,17.578125,4.7777777,5.11,22.458334,0.5638298,49.24669,6.9264708,9.980769
2013-08-25,35,48.88362,58.462303,48.965626,96.818184,39.677082,81.97222,36.990383,43.559784,79.77431,51.027344,54.711113,39.805,41.76389,53.601063,65.20612,46.34559,37.665867
2013-09-01,36,13.650862,20.680555,15.784375,8.028409,14.8151045,3.4814816,7.1923075,11.626812,7.75,15.2421875,11.319445,6.555,6.625,14.460107,20.815397,7.3382354,10.923077
2013-09-08,37,2.3275862,0.08134921,3.090625,0.0,7.2760415,0.060185187,0.22115384,0.17391305,0.0069444445,1.3632812,0.08888889,0.22,9.479167,0.25398937,0.0066225166,0.4117647,3.3701923
2013-09-15,38,88.30604,140.55952,111.57344,86.556816,82.28125,85.18056,106.35577,117.48007,84.65278,120.84375,112.46389,73.385,93.35069,113.44947,128.97351,102.20588,99.46875
2013-09-22,39,30.646551,27.452381,21.028126,13.914773,27.333334,15.472222,32.028847,24.043478,23.121529,31.515625,27.425,35.005,31.760416,40.589096,21.702814,30.536764,35.471153
2013-09-29,40,51.329742,36.219246,25.766407,10.409091,27.923178,7.726852,37.697117,14.39221,9.881945,40.41797,33.90972,35.9825,37.149307,34.998005,18.912252,34.985294,52.310097
2013-10-06,41,0.5948276,0.5793651,0.475,2.5795455,2.4609375,0.018518519,2.7019231,1.2554348,1.0694444,0.037109375,1.0472223,4.18,0.6666667,0.35904256,0.46523178,3.139706,0.22596154
2013-10-13,42,9.456897,16.789682,11.354688,15.454545,9.6380205,18.601852,23.307692,11.943841,12.805555,10.5859375,22.25,17.765,9.336805,14.642287,17.172186,19.117647,17.53125
2013-10-20,43,115.63362,36.03373,55.603127,30.681818,78.46094,29.25926,34.567307,27.673914,30.472221,103.39844,27.330555,13.865,114.40278,39.490692,57.92053,20.32353,90.30529
2013-10-27,44,0.0862069,0.7480159,0.1484375,1.3125,0.15104167,0.1388889,4.6634617,3.838768,0.6770833,0.05078125,4.0805554,5.76,0.024305556,0.66356385,0.5745033,4.3088236,0.43990386
2013-11-03,45,3.1206896,10.150794,2.45625,4.681818,0.34375,2.0555556,14.028846,7.253623,4.8333335,3.7324219,15.405556,19.545,2.59375,8.765958,4.7607617,19.0,2.9927886
2013-11-10,46,46.00862,12.416667,33.270313,34.090908,32.604168,52.180557,4.3365383,15.576087,27.256945,46.69922,10.427778,5.0,37.975693,14.663564,52.607616,4.2867646,40.536057
2013-11-17,47,53.90948,10.373015,28.435938,40.227272,38.807293,24.407408,11.865385,17.755434,39.99653,40.896484,13.569445,13.4,61.99653,23.539894,32.570366,15.955882,58.504807
2013-11-24,48,12.762931,13.236111,14.771875,4.653409,37.84375,5.4953704,28.548077,21.262682,3.3611112,12.654297,27.341667,38.16,15.923611,20.950798,10.98096,31.632353,22.774038
2013-12-01,49,49.790947,32.93155,35.759377,41.863636,46.140625,26.04861,35.740383,37.954712,46.555557,52.865234,28.152779,10.5725,49.435764,19.766623,50.71813,22.867647,48.13221
2013-12-08,50,39.857758,33.426586,40.4,36.06818,20.067709,30.074074,39.78846,19.561594,29.04514,32.22461,32.02222,25.99,46.98264,25.409575,23.447847,23.19853,25.598558
2013-12-15,51,0.9784483,1.3690476,7.5453124,0.32386363,5.216146,0.9768519,8.519231,2.1467392,0.7291667,1.7109375,6.2166667,20.255,1.5520834,2.319149,0.5504967,16.345589,0.5120192
2013-12-22,52,1.7456896,12.123015,8.665625,8.857955,2.2578125,3.7453704,3.5192308,6.0960145,14.538195,2.3398438,2.4666667,6.12,3.0416667,4.3218083,5.4221854,5.9632354,2.0216346
2013-12-29,1,72.12931,58.29762,48.65625,49.465908,86.24479,66.07407,76.78846,76.94203,38.59722,62.998047,71.69444,83.985,95.010414,56.712765,65.60596,74.90441,69.42308
2014-01-05,2,46.780174,37.71627,42.571877,30.426136,10.817708,30.657408,13.942307,31.126812,31.04861,34.25,21.430555,4.925,19.086805,39.87899,34.750828,14.463235,27.71875
2014-01-12,3,19.568966,63.319443,45.2375,55.125,9.911458,55.208332,19.711538,23.699276,38.28472,28.644531,44.336113,38.15,12.628472,48.86436,32.53063,29.845589,21.129808
2014-01-19,4,2.5905173,3.1785715,3.7390625,27.147728,1.0286459,19.648148,0.7692308,7.3514495,7.6597223,4.1679688,2.85,5.23,2.3298612,2.0345745,6.040563,5.4191175,3.3701923
2014-01-26,5,10.38362,0.578373,5.596875,8.025568,2.8684895,30.895834,0.0625,0.6702899,4.9756947,11.302734,0.21805556,1.58,7.328125,3.7386968,4.2963576,0.55514705,3.6358173
2014-02-02,6,5.9676723,1.6309524,9.46875,12.002841,0.7291667,14.027778,0.057692308,2.3677535,3.6006944,10.131836,3.0875,1.2825,0.3576389,3.3078458,14.689569,1.3529412,1.8557693
2014-02-09,7,46.681034,35.705357,33.67031,70.170456,17.47526,99.166664,14.836538,31.684782,49.137154,45.905273,22.272223,18.84,39.65278,27.255983,37.481373,22.82353,44.23077
2014-02-16,8,2.3943965,13.020833,7.0734377,20.414772,7.8958335,10.62963,10.072115,13.317935,17.45139,10.457031,19.006945,28.565,4.5850697,9.030585,11.371689,16.67647,2.75
2014-02-23,9,42.176723,54.800594,38.603905,42.696022,14.639323,56.726852,50.682693,78.5308,39.682293,57.677734,61.644444,29.9675,28.137154,31.03258,75.50124,38.860294,28.860577
2014-03-02,10,60.452587,41.04762,33.284374,20.97159,63.153645,20.777779,37.548077,15.217391,8.496528,52.82617,46.605556,27.53,59.166668,32.523937,33.43957,37.889706,60.38702
2014-03-09,11,19.538794,41.22222,20.815624,31.079546,17.479166,13.481482,76.97115,39.699276,23.340279,16.78711,59.01389,55.89,35.739582,64.62766,20.732616,80.007355,30.399038
2014-03-16,12,105.403015,31.381945,55.21172,56.61932,73.37891,93.291664,39.783653,41.714672,38.93403,85.46777,41.419445,24.2025,79.236115,53.96875,52.93005,49.28309,102.6274
2014-03-23,13,0.0,1.0496032,0.2171875,14.517045,0.578125,8.416667,3.7403846,11.025362,16.190971,0.001953125,2.6694446,4.88,0.2013889,0.62101066,1.1283113,4.8161764,0.46153846
2014-03-30,14,50.65948,7.7123017,17.49375,47.335228,48.79948,24.875,29.778847,29.862318,48.118057,33.41797,21.080555,36.72,38.708332,13.203458,21.64404,28.433823,42.15625
2014-04-06,15,65.284485,15.773809,27.536718,14.732955,108.311195,28.842592,14.894231,23.434782,19.65625,41.075195,9.969444,5.0875,98.6875,14.638298,34.48179,7.3713236,50.3738
2014-04-13,16,4.5689654,2.9087303,7.8875,1.1818181,13.052083,0.6111111,7.394231,3.8913043,0.8923611,12.236328,3.3111112,5.96,11.197917,5.6555853,3.0405629,4.8382354,6.2139425
2014-04-20,17,3.247845,13.948413,9.346875,24.110796,4.2486978,13.611111,2.9903846,5.634058,19.39757,5.5947266,10.891666,22.795,6.3003473,12.772607,12.765314,16.522058,6.8689904
2014-04-27,18,168.1293,35.753967,77.185936,5.221591,159.83073,4.5925927,7.125,4.95471,4.6631947,133.85938,10.752778,5.145,179.57986,20.538565,56.187084,7.3235292,139.05289
2014-05-04,19,2.0086207,2.2242064,2.503125,12.977273,3.3307292,9.041667,1.8173077,6.9619565,11.159722,3.1914062,2.3194444,1.755,1.5798612,1.5691489,6.794702,1.3161764,0.6610577
2014-05-11,20,2.5215516,7.0575395,4.1484375,5.8636365,1.7916666,18.412037,3.6826923,5.8731885,5.079861,16.824219,6.038889,1.86,4.2708335,1.6542553,12.687086,3.4485295,4.514423
2014-05-18,21,75.280174,24.75,41.525,28.130682,61.01302,22.092592,13.663462,17.445652,26.878471,72.5293,14.955556,13.845,68.37153,14.868351,76.46109,18.139706,33.036057
2014-05-25,22,28.060345,24.0,23.528126,18.488636,37.4375,28.648148,20.942308,25.942028,27.5625,31.414062,24.477777,19.1,33.53472,30.789894,31.577814,27.75,12.942307
2014-06-01,23,21.85776,45.74206,37.304688,60.5625,16.643229,71.67593,52.75,33.335144,46.614582,33.783203,54.788887,41.56,14.072917,41.277927,56.896523,52.683823,18.836538
2014-06-08,24,29.051723,37.920635,26.040625,40.085228,28.052084,33.444443,34.067307,41.416668,33.0625,42.720703,44.261112,12.95,27.711805,6.7154255,51.307945,26.985294,26.252403
2014-06-15,25,5.9698277,16.081348,7.947656,6.3863635,6.3489585,2.976852,9.634615,9.029891,6.4270835,12.245117,14.909722,17.54,4.1475697,8.729388,6.8290563,22.547794,9.198318
2014-06-22,26,323.5905,110.27381,155.675,94.181816,253.74219,72.87963,43.634617,58.650364,75.09722,267.35938,61.08889,4.67,339.7639,37.970745,180.9048,16.772058,209.25961
2014-06-29,27,2.8275862,0.78075397,1.0757812,4.130682,0.6614583,7.414352,0.72115386,0.25543478,1.4565972,3.0449219,0.2777778,0.125,3.4305556,0.36768618,8.337749,0.14338236,2.6466346
2014-07-06,28,10.525862,4.7777777,2.5054688,26.21591,20.009115,19.57176,4.1778846,4.879529,19.34375,4.6660156,5.7930555,9.9575,16.944445,2.950133,6.576987,9.341911,13.930288
2014-07-13,29,14.672414,1.3373016,5.0289063,7.1420455,17.570312,11.891204,7.5576925,4.3097825,2.390625,9.829102,7.3125,4.9625,16.42014,6.1010637,10.273593,6.6911764,15.362981
2014-07-20,30,63.607758,29.007936,34.447655,17.329546,69.24349,14.844908,18.557692,16.227356,17.168404,53.109375,14.225,4.8725,61.914932,28.134974,38.379967,8.275735,69.18389
2014-07-27,31,21.323277,9.176587,9.559375,17.869318,5.8385415,17.171297,5.923077,6.4492755,10.107639,15.917969,9.7277775,6.78,10.184028,1.3510638,15.057119,5.132353,14.824519
2014-08-03,32,4.87931,1.2896825,1.978125,11.329545,0.94401044,8.986111,1.9230769,5.552536,8.572917,3.9160156,1.6652777,3.065,1.6215278,0.8484042,5.826159,3.5220587,1.6658654
2014-08-10,33,34.61638,35.829365,37.448437,26.539772,15.75,31.180555,47.375,19.09058,25.722221,28.333984,33.355556,37.28,29.802084,39.55585,24.798014,56.889706,23.454327
2014-08-17,34,0.012931035,0.20039682,0.1953125,0.42613637,0.018229166,0.074074075,0.125,0.26811594,0.090277776,0.24023438,0.15,0.56,0.06944445,0.2606383,0.024834437,0.16911764,0.28365386
2014-08-24,35,6.413793,12.398809,13.176562,0.53409094,10.535156,0.2962963,5.8076925,9.556159,4.9583335,7.2929688,10.938889,2.855,13.934028,12.341755,3.8961093,5.117647,11.378606
2014-08-31,36,57.87069,31.920635,36.003124,29.84091,32.690105,28.86574,36.673077,33.97826,24.538195,43.398438,34.558334,47.325,53.333332,50.609043,33.5,53.39706,42.802883
2014-09-07,37,2.862069,0.37896827,0.3125,10.755682,1.90625,28.38889,1.7403846,0.7880435,3.7916667,2.9472656,1.3527777,4.275,1.7777778,0.22207446,9.328643,4.25,0.9110577
2014-09-14,38,65.93535,33.92262,47.29375,7.284091,108.6224,2.1620371,17.846153,18.349638,5.1284723,53.32617,27.625,30.865,94.739586,47.656914,26.870861,29.852942,75.08654
2014-09-21,39,42.875,33.52381,39.96328,36.00568,44.36198,32.166668,34.53846,28.734602,28.739584,45.77539,27.641666,19.0175,38.15625,29.410904,48.526077,27.30147,40.64423
2014-09-28,40,166.86638,90.52976,113.52344,38.295456,167.625,24.976852,46.692307,67.81884,42.84722,134.28125,65.369446,29.435,179.0868,75.53324,85.540565,43.161766,156.43028
2014-10-05,41,1.7068965,0.12698413,0.0171875,0.8068182,16.851562,1.0092592,0.88461536,0.32427537,0.12847222,0.03515625,0.375,0.74,11.479167,0.054521278,0.19453642,0.8308824,4.2788463
2014-10-12,42,7.150862,42.378967,23.876562,101.03409,0.067708336,94.421295,31.336538,70.10689,85.77431,19.0,31.427778,11.84,0.7118056,18.106382,92.23427,19.5,2.1947114
2014-10-19,43,11.913794,4.888889,12.050781,2.028409,2.8177083,0.7546296,1.5192307,3.281703,1.6284722,17.173828,1.775,4.0825,9.947917,8.21609,8.227235,2.8529413,11.853365
2014-10-26,44,12.323276,11.628968,7.3671875,7.380682,14.838542,1.2731482,1.4903846,6.222826,5.3680553,4.845703,6.741667,1.5,15.149305,5.4734044,13.547186,4.25,14.992788
2014-11-02,45,87.461205,49.16865,80.10625,54.622158,86.260414,45.863426,29.307692,21.451992,28.993055,99.78418,24.276388,33.285,87.89931,53.549202,73.16391,30.169117,80.87981
2014-11-09,46,1.9568965,5.234127,2.0484376,5.619318,0.18229167,2.3425925,0.41346154,2.6902175,2.5520833,1.7578125,2.4472222,7.76,0.9166667,3.1396277,7.875828,3.0514705,0.39903846
2014-11-16,47,11.146552,13.335318,20.832813,5.8522725,21.791666,4.361111,11.423077,7.60779,4.609375,21.046875,15.111111,14.375,16.836805,24.350399,12.780215,14.8529415,14.947115
2014-11-23,48,34.323277,55.343254,50.49375,7.25,21.807291,2.226852,49.096153,32.820652,5.076389,46.99414,57.802776,26.595,26.753471,40.664894,38.626656,45.713234,40.610577
2014-11-30,49,25.87069,2.8730159,9.782812,16.636364,30.473959,6.037037,10.317307,4.7427535,14.444445,22.373047,4.6277776,14.35,17.29861,9.001329,19.661425,9.375,20.951923
2014-12-07,50,48.676723,30.100199,38.94297,68.045456,28.664062,28.93287,20.754808,25.375906,45.822918,33.933594,32.454166,39.1,54.208332,27.587101,47.875416,46.669117,48.027645
2014-12-14,51,0.8146552,16.395834,6.9132814,18.661932,0.16276042,3.4189816,7.793269,14.240942,17.987846,3.3007812,16.365278,12.6175,0.026041666,19.488697,10.180878,11.753676,0.7295673
2014-12-21,52,53.140087,90.111115,46.771095,43.292614,48.526043,28.229166,36.39423,59.31884,29.793404,60.04883,54.768055,58.235,53.494793,58.133644,66.14901,62.452206,32.460335
2014-12-28,53,121.55819,39.651787,53.952343,25.954546,203.63152,35.39352,21.274038,33.629528,21.256945,116.81738,24.4625,38.87,175.6007,49.323803,58.91639,36.691177,134.13101
2015-01-04,1,27.844828,58.599205,37.264843,51.758522,13.144531,35.46528,25.158653,28.83605,32.38889,26.05957,25.306944,17.2825,21.166666,24.319815,54.240894,19.602942,16.197115
2015-01-11,2,58.127155,43.66369,42.16875,43.897728,41.389324,21.030092,9.764423,48.071556,48.064236,44.45117,24.936111,32.1625,52.899307,21.71476,29.51697,19.702206,47.741585
2015-01-18,3,17.3125,24.94147,16.196095,65.951706,25.076822,28.45139,35.192307,47.76902,79.05035,21.108398,20.05,45.2775,27.864584,9.69016,22.974339,30.375,16.436298
2015-01-25,4,19.409483,26.801588,24.565624,27.988636,21.30599,23.796297,44.89423,24.656702,31.57986,20.88086,28.379168,35.875,27.630209,31.325798,31.482616,37.89706,23.570913
2015-02-01,5,17.448277,35.204365,30.575,35.477272,10.0625,26.935184,48.384617,28.31884,32.45139,22.03125,23.269444,67.975,21.70139,19.734043,25.490894,38.02941,16.213942
2015-02-08,6,63.142242,30.488094,39.103127,47.511364,25.151041,16.828703,70.83654,78.934784,74.013885,47.621094,40.908333,59.92,33.51736,24.05718,28.706125,52.492645,29.850962
2015-02-15,7,20.193966,17.122025,20.652344,18.6875,8.21875,37.449074,42.658653,25.879528,19.430555,20.743164,38.75,97.4725,12.861111,28.386969,20.496275,69.47059,28.832933
2015-02-22,8,45.00862,28.563492,36.683594,36.329544,17.75651,36.608795,35.14423,37.675724,35.623264,36.43164,21.7125,45.9525,24.98611,15.859708,27.302153,31.382353,24.460337
2015-03-01,9,20.04526,14.137897,13.135938,14.125,17.540365,19.363426,47.64423,24.54529,8.975695,11.441406,31.072222,40.6775,17.661459,13.829787,17.858444,23.977942,23.640625
2015-03-08,10,7.956897,10.19246,10.3625,79.045456,3.2005208,58.40278,8.211538,27.407608,104.333336,7.6210938,10.45,55.145,3.2222223,11.61968,17.338575,20.316177,3.1586537
2015-03-15,11,0.92025864,9.050595,6.7476563,2.6761363,4.4882812,1.0972222,32.466347,10.700181,4.6770835,6.107422,11.461111,36.9075,4.845486,4.43617,3.7388246,20.327206,3.1983173
2015-03-22,12,11.131466,21.758928,16.83125,15.542614,12.243489,10.12037,23.514423,24.171196,15.923611,6.2382812,33.60278,30.2725,16.76736,19.081118,9.80298,23.26103,11.302885
2015-03-29,13,13.275862,32.699406,15.296094,9.309659,6.591146,23.604166,58.110577,32.539856,7.0729165,16.269531,45.933334,38.5325,6.5243053,15.032579,26.99793,26.419117,10.923077
2015-04-05,14,11.590517,15.049603,8.75,17.818182,12.072917,17.67824,16.028847,28.570652,17.847221,16.081055,13.419444,13.5225,14.100695,3.1050532,26.73717,13.525735,10.96875
2015-04-12,15,20.532328,5.484127,7.021875,26.786932,20.847656,24.333334,21.23077,24.29529,13.482639,8.96582,12.833333,41.7675,25.010416,5.676862,10.607615,27.125,20.133413
2015-04-19,16,29.605604,32.43651,21.54453,37.201706,24.266928,55.405094,35.870193,34.656704,34.524307,32.273438,34.475,80.24,40.51736,27.664228,46.055878,61.643383,25.20673
2015-04-26,17,0.11637931,0.15674603,0.703125,8.801136,0.078125,6.8009257,5.7884617,4.137681,7.7916665,0.4453125,1.4472222,18.245,0.07986111,0.6888298,2.3046358,8.639706,0.20673077
2015-05-03,18,23.99569,11.137897,8.839844,4.8948865,38.097656,12.701389,12.322115,9.871377,3.2065973,14.004883,22.333334,12.0375,33.279514,15.664893,11.433775,14.775735,31.427885
2015-05-10,19,1.3146552,8.335318,2.825,81.92614,0.34114584,88.35185,28.798077,43.364132,64.55903,2.9902344,19.066668,30.765,2.0833333,3.7101064,9.713576,25.44853,2.2788463
2015-05-17,20,0.33620688,6.269841,0.8859375,1.875,0.0,1.0,50.9375,37.366848,5.4427085,0.8154297,27.902779,51.08,0.10763889,1.936835,2.3125,33.919117,0.7379808
2015-05-24,21,57.517242,83.230156,56.414062,79.46023,90.35156,126.30556,93.77885,81.547104,59.395832,62.503906,99.647224,84.11,73.80556,78.22607,50.7649,81.35294,73.58414
2015-05-31,22,0.038793102,0.20436507,0.18125,0.08522727,0.044270832,0.8148148,0.13461539,0.0036231885,0.017361112,0.13671875,0.46944445,0.36,0.0034722222,0.3324468,0.042218544,0.05147059,0.29807693
2015-06-07,23,28.340517,28.896826,26.904688,28.602272,28.309896,39.203705,39.25,13.505435,12.013889,23.664062,35.25,44.655,32.49653,36.914894,17.214403,40.566177,41.129807
2015-06-14,24,50.58621,50.26389,40.929688,18.943182,48.14323,21.467592,43.89423,40.10326,23.01389,51.771484,42.461113,40.015,53.350693,44.953457,38.323677,47.57353,63.860577
2015-06-21,25,2.9267242,3.6547618,4.2328124,16.869318,0.5442708,25.689816,2.9951923,2.143116,3.9791667,5.5253906,4.1986113,13.2825,0.6527778,1.3038564,6.647351,6.9411764,2.2163463
2015-06-28,26,53.771553,13.669642,22.39375,4.5511365,52.22005,3.9629629,2.0625,5.6875,4.8819447,33.021484,1.9569445,5.8525,59.84028,8.011303,17.533527,2.577206,46.765625
2015-07-05,27,76.37069,53.61111,61.8125,38.301136,103.42969,50.412037,39.807693,56.65942,42.885418,62.623047,38.93889,34.375,96.83681,61.550533,60.442055,46.125,77.00961
2015-07-12,28,173.71983,63.251984,73.63438,52.835228,161.76302,109.296295,54.75,53.77174,50.50347,128.70312,64.763885,53.175,200.6493,79.79654,108.53394,50.889706,146.61058
2015-07-19,29,72.418106,44.34722,48.027344,65.224434,56.60026,80.16435,45.942307,82.43116,86.49826,57.929688,36.508335,29.6025,66.43229,40.164894,64.242966,28.283089,58.17548
2015-07-26,30,0.01724138,0.2361111,0.175,0.09659091,0.3359375,0.14814815,0.13461539,0.22644928,0.9826389,0.1328125,0.65,1.055,0.7673611,0.21409574,0.12582782,0.25,0.7956731
2015-08-02,31,0.0,0.029761905,0.015625,2.5710227,0.20572917,8.423611,0.115384616,0.04076087,0.8003472,0.0,0.5083333,0.1475,0.048611112,0.13231383,0.16307947,0.16176471,0.23076923
2015-08-09,32,0.0,0.037698414,0.0296875,0.0,0.2265625,0.046296295,1.6057693,1.0271739,0.22222222,0.0,1.3305556,0.64,0.052083332,0.11037234,0.04304636,0.72794116,0.25480768
2015-08-16,33,8.327586,5.6329365,7.1015625,13.352273,6.6666665,15.675926,4.855769,12.288043,13.635417,7.8632812,2.9694445,1.73,5.232639,5.5984044,12.983443,1.6691177,6.855769
2015-08-23,34,32.952587,20.083334,30.695312,21.693182,29.763021,19.606482,29.211538,20.110508,24.35764,36.74414,13.658334,15.94,30.493055,28.777925,35.936256,14.029411,35.90625
2015-08-30,35,28.409483,35.386906,37.37969,13.960227,8.380208,11.986111,27.23077,12.226449,7.4305553,36.26953,23.805555,37.755,21.17361,21.486702,21.055464,25.705883,26.367788
2015-09-06,36,38.03448,41.89484,42.448437,10.369318,34.240887,10.881945,25.528847,25.066124,12.151042,52.46289,20.5,30.2475,53.024307,37.027927,38.44495,24.23897,52.932693
2015-09-13,37,8.245689,23.769842,12.921875,97.53977,0.875,113.19444,38.78846,42.594204,83.96528,19.019531,19.502777,30.18,2.2743056,8.2154255,85.79636,22.367647,1.7379807
2015-09-20,38,14.012931,21.132936,23.515625,13.210227,2.8203125,25.49537,21.288462,16.585144,11.864583,19.677734,16.808332,16.32,9.107639,24.658245,34.524006,11.742647,17.079327
2015-09-27,39,34.46552,25.662699,32.2,17.238636,31.239584,18.37963,45.846153,27.985508,19.479166,36.226562,28.061111,39.59,30.930555,32.085106,28.274834,36.117645,35.278847
2015-10-04,40,65.476295,67.655754,83.666405,76.43466,54.76172,84.083336,56.014423,45.153984,61.786457,79.94531,46.706944,46.12,65.56597,60.88963,111.647766,58.286766,54.570915
2015-10-11,41,57.081898,111.54762,76.88438,35.99432,49.880207,29.907408,83.98077,77.822464,36.89236,52.541016,81.922226,55.115,55.239582,68.368355,55.28394,59.77206,48.627403
2015-10-18,42,75.39224,127.25992,76.06563,56.676136,29.143229,51.86574,74.35577,78.66848,61.20139,95.5957,79.09167,95.885,36.291668,61.07979,109.63493,77.117645,54.596153
2015-10-25,43,18.530172,6.9543653,6.246875,13.403409,33.447918,10.00463,28.759615,34.916668,23.46875,14.787109,22.627777,42.315,26.10764,5.3603725,6.961093,34.15441,12.165865
2015-11-01,44,22.431034,56.190475,27.723438,65.41477,33.73177,59.65278,52.16346,56.016304,61.197918,29.189453,53.544445,115.73,29.506945,39.9375,47.7202,73.463234,26.132212
2015-11-08,45,76.19396,10.095238,29.970312,7.8863635,104.61719,12.226851,9.307693,3.9076087,3.4965277,37.79297,6.077778,21.15,117.11806,41.901596,19.494205,15.683824,53.536057
2015-11-15,46,52.33621,36.09722,63.428123,4.880682,52.934895,17.953703,37.71154,16.701086,3.2777777,56.92383,28.694445,61.77,49.09375,80.79654,28.006622,59.507355,48.8125
2015-11-22,47,64.64008,44.470238,63.989845,21.931818,49.472656,24.944445,29.288462,23.848732,20.99132,55.987305,30.848612,58.6775,62.532986,53.75399,14.992136,39.205883,77.51923
2015-11-29,48,64.37069,36.700397,46.43281,19.272728,61.14323,27.393518,25.057692,15.17029,12.684028,62.615234,30.022223,51.77,59.53472,40.984043,36.157284,33.02206,54.38702
2015-12-06,49,50.588364,23.90873,28.499218,13.326705,81.66276,14.916667,34.557693,21.71105,8.19618,32.7041,34.275,49.1875,82.357635,36.586437,28.216059,48.422794,78.57332
2015-12-13,50,69.081894,27.132936,34.06875,27.176136,170.59895,41.023148,16.788462,23.960144,17.177084,47.09375,15.608334,13.32,156.75348,19.962767,43.067055,15.595589,94.0
2015-12-20,51,21.547413,26.69147,23.53125,21.84091,26.433594,37.91898,51.620193,33.886776,11.465278,36.007812,31.493055,91.34,24.01736,24.757978,33.058773,49.393383,20.840145
2015-12-27,52,34.969826,40.709324,50.471874,47.440342,34.941406,21.935184,62.365383,53.17482,32.774307,44.351562,36.90972,112.56,31.63368,58.367687,46.661423,85.45221,53.17548
2016-01-03,1,15.127155,4.3085318,9.957812,5.306818,16.924479,3.3171296,13.346154,11.657609,1.8055556,13.777344,13.2125,14.2125,22.944445,7.9860373,4.013245,13.183824,15.47476
2016-01-10,2,4.4784484,42.75595,32.029686,18.31534,6.5703125,16.921297,75.03365,46.567936,11.524305,18.83789,43.018055,56.645,2.4826388,52.674866,24.146523,64.16544,11.0625
2016-01-17,3,0.0,0.8263889,0.35859376,0.26704547,0.0,0.15972222,4.144231,0.3097826,0.22743055,0.005859375,1.3694445,19.525,0.0069444445,1.5019947,0.3468543,4.8786764,0.01923077
2016-01-24,4,13.403017,20.203373,16.971874,23.863636,15.427083,40.469906,44.442307,48.175724,17.538195,23.871094,22.480556,27.02,17.788195,18.976728,18.517797,35.161766,25.001202
2016-01-31,5,112.44181,72.50595,68.78438,63.605114,108.739586,60.08102,36.115383,58.876812,68.46701,76.64453,40.229168,64.91,86.857635,58.965427,100.53767,47.422794,82.17308
2016-02-07,6,17.323277,20.396826,12.70625,4.377841,19.782553,2.3310184,9.865385,13.259964,4.8559027,15.911133,12.034722,25.985,18.371529,19.21343,6.0823674,9.966911,16.995192
2016-02-14,7,21.068966,11.849206,27.349218,36.94318,25.678385,16.502316,34.259617,14.763587,21.751736,32.532227,10.105556,35.0275,14.723958,42.55585,11.155629,16.882353,16.615385
2016-02-21,8,25.612068,35.099205,28.482813,28.931818,34.65495,16.613426,14.586538,26.961956,27.515625,24.391602,26.095833,95.3825,33.605904,40.809177,27.286425,39.952206,34.72476
2016-02-28,9,56.573277,87.02381,60.820312,62.977272,10.917969,31.157408,119.0,79.423004,65.18056,61.073242,86.61389,56.6025,27.586805,51.51064,60.85265,77.95588,32.98918
2016-03-06,10,41.84052,50.287697,45.0875,52.43182,37.523438,44.99537,54.41346,67.28623,64.208336,54.070312,35.961113,46.63,37.24653,44.49734,48.082783,34.60294,50.098557
2016-03-13,11,0.02586207,0.54960316,0.6125,0.26988637,0.0,1.412037,2.3125,0.67663044,0.6041667,0.38867188,1.3180555,8.6225,0.010416667,1.8191489,0.68543047,3.8088236,2.6778846
2016-03-20,12,86.98923,93.292656,86.92891,76.92898,126.41537,74.173615,80.97115,69.820656,56.69097,110.41797,57.21528,64.46,156.67188,78.631645,72.584435,46.38603,119.28365
2016-03-27,13,3.900862,7.892857,4.7578125,0.3409091,0.8229167,0.49074075,8.692307,20.300724,0.9340278,1.21875,11.075,10.08,1.2083334,6.7646275,1.2508278,12.882353,4.641827
2016-04-03,14,7.7715516,12.18254,3.0640626,3.1420455,2.0260417,6.912037,13.105769,11.695652,2.6840277,1.3085938,10.644444,7.6,2.9236112,4.0452127,6.2160597,6.4558825,2.9567308
2016-04-10,15,38.838364,82.18254,35.888283,37.65625,23.90625,65.78935,66.46154,41.182972,47.3125,50.164062,55.79028,48.26,25.756945,54.690823,46.831955,53.757355,30.004808
2016-04-17,16,10.461206,12.918651,9.053125,42.085228,11.1015625,27.6875,1.3028846,32.84692,46.15972,12.9609375,3.211111,4.9,7.1631947,0.6462766,40.910595,1.1875,6.277644
2016-04-24,17,47.69612,43.239086,40.439842,33.883522,56.684895,36.641205,39.307693,40.78442,37.461807,40.137695,53.829166,30.9525,51.413193,30.894947,40.728477,39.92647,62.8762
2016-05-01,18,17.931034,14.795635,18.009375,1.2386364,22.997396,1.7037038,20.913462,6.1177535,1.2986112,18.421875,16.622223,9.255,19.708334,9.070478,8.729304,5.5735292,27.141827
2016-05-08,19,24.846983,9.967262,15.425781,12.565341,19.466146,4.611111,2.2211537,6.419384,9.140625,21.243164,2.9333334,13.15,35.376736,16.892952,17.798428,5.319853,20.63702
2016-05-15,20,67.56035,71.46429,85.84141,18.985796,58.045574,16.94676,36.615383,32.102356,14.996528,59.589844,40.883335,65.0975,74.80382,74.50399,52.737167,52.97059,84.375
2016-05-22,21,11.663794,12.509921,11.815625,6.846591,2.4296875,3.1157408,21.557692,4.4438405,4.8854165,9.009766,16.055555,48.445,6.9340277,25.781916,6.326159,34.42647,15.317307
2016-05-29,22,10.719828,13.335318,13.25,10.005682,1.6588541,8.805555,15.557693,7.621377,7.0868053,14.746094,8.805555,20.595,5.0277777,17.767286,15.807119,12.198529,13.502404
2016-06-05,23,0.03448276,0.4642857,0.0578125,3.4943182,0.106770836,0.009259259,6.4711537,0.5869565,1.0277778,0.046875,2.911111,9.265,0.017361112,2.1728723,1.0968543,5.5808825,0.15865384
2016-06-12,24,29.780172,39.220238,37.982033,8.161932,28.104166,6.2152777,29.471153,18.252718,8.456597,30.958008,38.573612,17.665,33.449654,32.55253,17.876242,25.444853,42.216347
2016-06-19,25,15.2672415,14.218254,19.1375,3.8693182,7.893229,3.9675925,21.634615,9.387681,4.045139,14.580078,14.4,36.515,9.194445,31.361702,4.910596,33.838234,24.153847
2016-06-26,26,0.030172413,0.24603175,0.1765625,0.017045455,0.3046875,0.22685185,0.6442308,0.11594203,0.052083332,0.0703125,0.85833335,0.565,0.15972222,0.109042555,0.14238411,0.6838235,0.01923077
2016-07-03,27,22.48276,2.6170635,5.865625,3.1704545,25.320312,2.5648148,0.39423078,0.60144925,1.40625,12.941406,0.5138889,0.7,25.166666,3.1037233,9.15894,0.8602941,24.95673
2016-07-10,28,44.844826,72.42063,61.115623,102.32386,26.088541,96.046295,72.88461,91.38043,96.81944,55.98047,57.06111,96.85,38.270832,60.9375,108.462746,67.132355,37.54327
2016-07-17,29,0.030172413,0.06944445,0.090625,0.0056818184,0.036458332,0.050925925,0.26923078,0.067028984,0.013888889,0.30664062,0.30277777,1.04,0.1388889,0.1888298,0.15480132,0.6102941,0.47355768
2016-07-24,30,3.387931,0.6964286,2.5171876,9.96875,2.0833333,6.8125,0.125,2.4375,8.618055,5.790039,0.43888888,3.7,2.6545138,0.33909574,7.2657285,1.5588236,2.3173077
2016-07-31,31,6.12931,20.32242,22.76797,2.3039773,0.32552084,0.5185185,10.019231,7.237319,2.0086806,19.94336,13.788889,13.96,0.4513889,14.873671,12.914321,15.8125,2.0024037
2016-08-07,32,0.875,17.482143,12.128125,1.0,1.0677084,0.18055555,18.278847,8.460145,1.1805556,2.5410156,17.038889,18.485,0.8263889,17.394947,1.8716887,18.985294,3.3725963
2016-08-14,33,97.98492,86.18056,94.53125,20.644886,75.029945,24.157408,60.432693,45.979168,22.82986,82.09473,63.425,64.64,106.33507,90.24268,49.100994,71.07721,119.98077
2016-08-21,34,2.2844827,4.7420635,2.2984376,4.931818,0.34375,1.7083334,4.6346154,5.009058,4.75,1.8515625,7.2777777,5.44,0.6458333,4.31117,2.312914,6.9411764,1.0769231
2016-08-28,35,17.693966,8.815476,7.6984377,6.5454545,40.697918,6.6990743,7.4038463,7.298913,7.1527777,12.341797,7.513889,11.82,37.399307,8.473404,13.477649,10.485294,23.694712
2016-09-04,36,27.780172,27.730158,18.307812,21.113636,20.536459,21.069445,21.509615,28.342392,25.07986,20.634766,24.788889,11.77,28.34375,18.204786,22.08278,14.301471,25.889423
2016-09-11,37,15.146552,3.9900794,9.44375,2.9147727,2.8385417,1.1666666,2.25,2.1231885,0.8611111,13.855469,2.7027779,1.27,7.65625,2.1994681,14.039735,1.882353,12.242788
2016-09-18,38,19.836206,10.019841,19.126562,2.5568182,34.046875,0.4027778,4.875,3.7119565,1.9236112,16.839844,4.772222,5.49,27.26736,15.490691,6.1299667,6.0735292,36.173077
2016-09-25,39,0.0862069,0.12301587,0.05,0.8125,0.0,0.625,2.3173077,0.9836956,0.5451389,0.1171875,0.9527778,8.64,0.0,0.27792552,0.18625827,3.3455882,0.0
2016-10-02,40,30.775862,39.74405,44.921875,36.99432,14.59375,29.453703,53.201923,39.880436,36.600693,39.671875,55.069443,88.22,33.725693,39.182182,37.418873,62.161766,25.016827
2016-10-09,41,52.646553,27.585318,37.85625,4.4602275,67.09375,7.4953704,18.192308,12.40942,3.1527777,36.328125,16.247223,36.375,58.59722,33.119682,16.019867,25.757353,66.1851
2016-10-16,42,73.48707,99.440475,67.75781,87.806816,23.434896,131.89815,51.798077,65.86957,68.83681,63.671875,67.01667,50.435,33.666668,66.27393,112.10679,54.97059,34.747597
2016-10-23,43,71.27155,28.968254,59.4125,18.136364,62.997395,27.74537,100.14423,46.349636,13.003472,53.820312,38.566666,72.985,68.125,38.692818,49.29139,53.77206,47.108173
2016-10-30,44,29.439655,1.4583334,9.692187,2.0397727,58.304688,0.837963,1.2692307,1.2826087,2.2604167,15.654297,0.88055557,4.275,43.586807,4.4281917,4.021523,1.6617647,41.451923
2016-11-06,45,18.616379,26.238094,27.326563,4.0539775,15.140625,7.8009257,14.072115,9.387681,4.5902777,22.767578,22.425,24.655,22.3125,36.9375,22.733444,20.147058,25.540865
2016-11-13,46,14.853448,6.6369047,13.8671875,35.44318,7.6197915,39.98611,41.923077,36.721016,25.677084,20.736328,39.383335,32.07,15.444445,9.19282,14.787251,27.044117,15.028846
2016-11-20,47,4.625,7.2718253,10.103907,2.2585227,2.5052083,0.12037037,9.25,2.905797,1.6197916,4.682617,8.413889,7.98,0.9288194,12.382314,3.0413907,6.9485292,4.782452
2016-11-27,48,27.963362,32.176586,64.79063,8.5625,55.778645,13.930555,37.466347,19.88134,12.069445,25.11621,21.413889,30.345,42.383682,33.767952,34.0923,29.922794,36.378605
2016-12-04,49,16.077587,17.68353,18.400782,29.073864,4.565104,17.983797,12.211538,20.249094,37.696182,20.838867,12.766666,35.5,6.9149303,27.320478,9.890314,23.463236,16.66226
2016-12-11,50,5.528017,21.886906,15.714844,5.28125,2.5039062,9.555555,57.29327,29.929348,5.140625,5.536133,35.994446,20.48,2.3576388,14.344415,3.6225166,22.731617,4.7115383
2016-12-18,51,36.510777,25.881945,42.135937,30.65341,50.51953,12.613426,50.66346,27.936594,19.27257,48.22461,38.35278,45.815,39.90625,41.10771,48.31871,40.88603,37.06971
2016-12-25,52,40.46552,44.353176,43.496094,60.394886,26.669271,71.266205,35.25,75.333336,75.50521,53.02539,25.17639,7.4375,13.126736,25.372341,69.57202,6.9007354,29.653847
2017-01-01,1,39.20043,54.602184,77.35156,85.48011,30.602865,80.41204,33.076923,51.786232,72.68576,53.581055,38.077778,46.355,46.024307,75.22008,53.549667,33.838234,45.070915
2017-01-08,2,23.24569,36.09722,21.749218,27.136364,36.20052,32.560184,22.639423,26.397644,12.711805,17.798828,37.058334,41.97,37.723957,23.727394,22.164322,25.996323,24.106972
2017-01-15,3,4.31681,17.545635,4.380469,19.235796,1.5,7.002315,23.95673,13.586051,14.052083,2.4970703,20.390278,51.625,3.4201388,12.019947,6.13452,40.20956,5.4266825
2017-01-22,4,22.174568,21.190475,31.192968,55.764206,15.125,20.180555,31.365385,45.160328,52.029514,30.09961,34.506943,81.56,23.743055,45.249336,36.142384,46.205883,27.384615
2017-01-29,5,30.025862,27.25992,26.297657,44.94318,7.6666665,29.13426,112.58654,68.73189,32.180557,28.657227,67.854164,107.1825,22.128471,32.009308,37.63535,98.536766,27.280048
2017-02-05,6,16.797413,0.32539684,1.0796875,2.8210227,33.1875,0.1087963,4.019231,11.923007,9.157986,10.78418,5.822222,14.9225,32.600693,1.5053191,2.1875,2.4669118,31.870192
2017-02-12,7,49.323277,25.529762,34.84375,45.829544,36.601562,20.162037,21.711538,15.36413,9.322917,54.078125,22.38611,26.065,53.98264,47.63963,25.960264,26.794117,55.298077
2017-02-19,8,16.700432,13.430555,22.666407,11.519886,6.325521,14.898149,19.58173,11.251812,8.126736,13.318359,23.086111,39.245,12.85243,13.087766,17.58278,26.841911,18.16226
2017-02-26,9,38.767242,23.86111,47.86094,11.605114,47.55599,6.296296,12.860577,11.201087,3.7795138,49.09082,17.686111,36.6425,64.47743,37.637634,16.739239,22.955883,54.03125
2017-03-05,10,12.575431,7.282738,9.707031,40.508522,14.7369795,41.29398,31.73077,37.378624,39.916668,13.748047,14.652778,21.49,11.16493,14.81516,15.483857,21.558823,3.78125
2017-03-12,11,46.301723,11.987103,23.309376,6.0511365,48.7487,11.766204,21.735577,12.09692,7.6163197,36.364258,9.672222,26.8175,40.87847,17.77061,14.709023,23.772058,47.359375
2017-03-19,12,3.887931,17.12897,7.6765623,21.21591,0.7526042,26.99074,49.576923,37.08152,30.003471,2.2539062,33.794445,71.72,1.3854166,9.05984,9.58361,48.360294,2.1129808
2017-03-26,13,0.18965517,5.8055553,0.6953125,30.732954,0.5598958,28.314816,26.846153,20.60145,28.78125,0.78125,14.472222,62.13,0.19097222,5.7859044,10.961093,40.014706,1.3100961
2017-04-02,14,53.532326,17.632936,26.422657,29.289772,73.8151,28.11574,53.985577,33.550724,18.324654,29.570312,25.441668,36.3325,77.27257,30.613031,38.295944,34.5,45.340145
2017-04-09,15,3.5689654,1.8789682,4.7984376,0.96022725,5.8854165,2.4444444,22.721153,11.438406,2.0,6.142578,6.788889,30.495,10.489583,1.7659575,2.9693708,11.911765,5.7163463
2017-04-16,16,4.7823277,11.622024,8.842969,16.860796,4.9986978,9.488426,25.341347,17.807972,15.475695,5.28125,22.540277,42.0725,4.3663197,14.821143,7.7975993,26.503677,7.730769
2017-04-23,17,39.73707,19.994047,26.9625,24.170454,45.572918,27.805555,15.0,20.639492,19.92014,36.78711,12.966666,11.59,48.38889,19.05851,44.877483,9.617647,28.954327
2017-04-30,18,15.530172,7.589286,8.354688,4.755682,45.583332,6.125,10.096154,5.0652175,2.5034723,8.279297,6.7194443,14.675,32.42361,8.11968,6.288907,8.316176,20.117788
2017-05-07,19,0.25862068,0.23809524,0.090625,0.9943182,2.65625,0.24537037,4.230769,2.5235507,1.6180556,0.103515625,1.7083334,4.165,0.6076389,0.47606382,0.26903972,2.8088236,0.09375
2017-05-14,20,66.73707,61.19246,65.00938,20.267046,75.63021,21.055555,81.79808,53.713768,19.07986,60.259766,77.58611,136.28,79.49653,69.51994,42.032284,117.22059,81.64904
2017-05-21,21,39.98707,38.579365,33.484375,30.27841,34.3125,49.023148,38.817307,46.976448,26.222221,49.634766,40.55,18.76,47.50347,13.470745,40.3154,27.441177,42.639423
2017-05-28,22,178.27155,114.44643,96.17344,101.02841,78.78385,87.81944,87.50961,103.021736,96.27778,161.19336,93.522224,83.735,137.30208,67.05984,134.12334,90.41912,113.54567
2017-06-04,23,98.13793,88.6369,60.498436,68.40341,91.666664,53.296295,90.90385,109.74457,72.09722,126.28125,77.183334,65.22,105.83681,51.828457,102.85348,75.30882,78.71875
2017-06-11,24,0.06465517,0.15277778,0.1390625,0.35795453,0.046875,0.12037037,0.625,0.13768116,0.3472222,0.1171875,0.475,2.58,1.1944444,0.45611703,0.1134106,1.5735294,0.22596154
2017-06-18,25,10.409483,7.8373017,4.2453127,7.8295455,11.9296875,4.189815,13.596154,11.688406,5.2534723,6.96875,16.45,25.335,9.28125,9.186171,8.247517,21.647058,9.377404
2017-06-25,26,0.19827586,0.24900794,0.81171876,1.7215909,0.015625,0.75,1.2836539,0.5498188,0.8524306,1.4736328,0.33194444,1.29,0.19618055,0.19281915,3.0724337,1.4411764,0.030048076
2017-07-02,27,0.0,1.8730159,0.053125,0.42045453,0.036458332,0.018518519,5.798077,2.7663043,0.3402778,0.044921875,4.9444447,7.335,0.072916664,0.6715425,1.1986755,5.647059,0.01923077
2017-07-09,28,0.27155173,0.39880952,1.153125,0.13068181,0.098958336,0.3564815,0.24038461,0.05253623,0.114583336,0.46875,0.22222222,0.87,0.2673611,0.5359042,0.3228477,0.5735294,0.11298077
2017-07-16,29,5.711207,8.623015,3.5359375,4.8579545,7.2421875,3.0555556,8.798077,8.820652,4.8055553,5.6308594,6.602778,5.405,10.381945,5.5425534,5.99255,6.1102943,7.449519
2017-07-23,30,0.0,0.22619048,0.4125,0.022727273,0.015625,0.009259259,0.39423078,0.041666668,0.041666668,0.15625,0.6638889,0.31,0.125,0.19680852,0.55794704,0.43382353,0.016826924
2017-07-30,31,30.98276,38.81151,34.48594,56.636364,25.851562,59.560184,17.278847,41.996376,50.333332,34.80664,23.727777,18.2,25.440971,26.465425,40.84106,20.205883,33.63221
2017-08-06,32,2.724138,8.626985,5.3609376,4.6420455,1.4947916,3.4351852,16.548077,14.047101,4.2430553,3.7109375,15.061111,6.545,1.2118056,6.1476064,7.615894,17.713236,0.94471157
2017-08-13,33,12.655172,24.207342,27.04922,5.6022725,18.627604,4.6064816,15.581731,20.178442,4.53125,22.890625,17.248611,16.2725,31.119791,33.499336,27.084436,14.202206,15.02524
2017-08-20,34,4.4698277,2.7202382,1.5617187,1.8210227,2.391927,0.12962963,9.048077,4.406703,1.7638888,2.2949219,4.95,17.325,3.8489583,3.4660904,2.129553,13.768382,5.0649037
2017-08-27,35,1.4827586,1.0515873,0.14375,0.3693182,16.138021,0.18981482,1.3269231,1.0344203,0.104166664,0.111328125,1.2888889,3.92,9.965278,0.39361703,0.16059603,2.0588236,2.9447114
2017-09-03,36,0.0,0.043650795,0.0203125,0.4431818,0.010416667,1.0416666,0.09615385,0.3423913,0.052083332,0.0,0.047222223,0.165,0.013888889,0.035904255,0.10099338,0.05147059,0.0024038462
2017-09-10,37,3.2931035,0.64880955,0.078125,4.181818,25.393229,32.02778,0.84615386,0.38949275,1.1736112,0.7089844,0.11666667,1.125,25.65625,0.4587766,3.4958608,0.8308824,1.8269231
2017-09-17,38,0.14224137,1.1944444,0.3671875,3.090909,0.7005208,5.328704,0.34615386,0.8460145,1.21875,0.37109375,1.1166667,2.205,0.065972224,0.1143617,1.9519868,2.110294,0.048076924
2017-09-24,39,24.474138,51.93651,34.984375,33.56818,25.299479,36.439816,91.72115,70.52536,38.09722,23.53125,62.941666,146.79,24.090279,38.19548,36.972683,96.367645,36.076923
2017-10-01,40,43.267242,21.803572,32.815624,34.954544,43.29427,25.564816,16.346153,33.695652,32.8125,33.04492,10.211111,37.51,58.8125,31.070478,31.051325,22.080883,46.798077
2017-10-08,41,70.27586,53.636906,96.00625,53.488636,101.921875,104.35185,23.153847,34.46558,47.677082,70.52734,39.113888,51.35,91.045135,71.62367,52.831127,27.294117,91.57452
2017-10-15,42,39.400864,4.2460318,18.070312,1.0965909,93.22135,1.6666666,1.4038461,0.88586956,0.4652778,28.457031,1.575,13.47,72.298615,9.605053,5.8286424,4.9632354,62.665867
2017-10-22,43,23.961206,6.9623017,21.20625,0.64772725,47.07552,1.4212962,31.221153,12.181159,1.4166666,23.457031,9.105556,22.08,31.64236,18.98936,4.075331,15.698529,39.34375
2017-10-29,44,46.20043,15.169642,56.19375,1.5909091,124.53385,4.0509257,0.39903846,0.60688406,0.5208333,53.268555,1.55,6.685,94.1059,32.771942,13.667632,2.8198528,92.57933
2017-11-05,45,23.625,20.944445,26.771875,28.238636,25.835938,32.092594,30.557692,32.751812,25.711805,27.009766,22.36111,47.96,24.4375,16.718084,34.57616,27.235294,31.370192
2017-11-12,46,28.153017,42.40972,37.327343,30.696022,56.25,25.569445,37.942307,46.398552,32.64236,33.976562,42.406944,28.675,48.456596,54.7746,35.665977,26.779411,44.5637
2017-11-19,47,7.5,4.1319447,11.038281,16.079546,18.757812,17.085648,8.149038,1.4981884,16.473959,11.44043,9.151389,13.5825,10.675347,10.487367,5.624586,12.378676,21.203125
2017-11-26,48,8.1702585,3.3392856,2.6476562,10.227273,4.015625,5.3634257,3.3028846,12.086051,7.2083335,6.1591797,1.5416666,8.7675,5.7621527,1.012633,1.6038908,2.9044118,8.728365
2017-12-03,49,7.650862,13.843254,9.234375,26.164772,14.802083,21.041666,13.807693,34.688404,23.197916,5.578125,14.911111,6.67,16.534721,20.543882,9.800497,7.470588,21.538462
2017-12-10,50,0.3922414,2.4146826,3.275,2.8693182,0.6223958,0.5231481,2.0673077,3.1576087,4.579861,0.22460938,1.7638888,2.12,0.8958333,4.933511,2.036424,1.5,0.7644231
2017-12-17,51,7.44181,31.93353,16.847656,33.144886,21.21875,21.523148,36.634617,45.811596,26.6875,8.863281,43.95972,44.535,12.560764,24.273935,25.73717,31.235294,8.518029
2017-12-24,52,57.24569,37.53472,47.815624,34.053978,45.057293,14.594908,54.153847,47.531704,35.15625,52.85254,53.543056,111.525,55.29861,65.3258,33.723923,91.257355,65.57211
2017-12-31,1,30.467672,10.718254,19.460155,28.857954,46.652344,22.618055,15.711538,17.075182,24.184029,22.348633,8.525,9.3125,51.289932,8.967421,14.521523,6.897059,30.145433
2018-01-07,2,15.939655,75.53571,33.939064,59.534092,25.247396,37.79861,62.9375,133.19746,67.40625,22.728516,69.727776,54.9725,20.145834,52.025932,50.954884,58.856617,24.049278
2018-01-14,3,39.894398,47.86111,42.003124,45.730114,54.910156,33.319443,56.951923,38.164856,36.026043,46.421875,40.5875,119.225,74.56944,62.93484,52.471855,63.621323,67.11298
2018-01-21,4,63.478447,64.51091,54.62969,49.230114,81.39453,47.939816,45.447117,64.45652,44.348957,42.051758,38.59861,54.2,107.81771,60.902927,51.483444,55.569855,77.6875
2018-01-28,5,15.814655,3.3353174,9.509375,8.471591,2.0625,9.740741,12.615385,5.245471,8.953125,12.089844,6.138889,28.5825,4.970486,19.875,6.1995034,26.830883,12.402644
2018-02-04,6,15.700431,10.753968,11.2890625,3.7585227,19.701822,1.1828704,6.230769,10.113225,2.0034723,16.00879,9.568055,4.7225,17.86632,7.9694147,11.697847,4.904412,19.263222
2018-02-11,7,18.605604,40.4375,17.685156,25.605114,14.1171875,22.488426,27.35577,27.370472,16.390625,23.520508,39.979168,44.345,9.631945,29.946144,10.375,37.42647,15.913462
2018-02-18,8,26.653017,7.589286,8.464844,4.809659,22.136719,9.277778,14.105769,20.849638,4.4965277,18.86621,13.031944,25.245,31.19618,10.776596,12.679222,15.75,29.271635
2018-02-25,9,11.790948,27.902779,19.152344,28.477272,19.114584,14.743055,29.961538,43.177536,37.697918,21.99707,17.275,28.6075,14.998264,17.15625,19.090645,18.430147,15.735577
2018-03-04,10,0.33189654,6.6329365,7.2304688,20.099432,1.8164062,16.476852,3.4134614,18.815218,25.97743,2.3808594,4.65,29.6125,0.2482639,15.107048,8.467301,7.8125,1.5913461
2018-03-11,11,55.58621,21.889881,40.38203,11.508523,44.57552,17.12963,7.2163463,7.9085145,8.769097,37.331055,15.036111,27.085,67.62153,32.605717,20.14404,16.470589,60.784855
2018-03-18,12,20.25431,33.97619,30.599218,20.105114,30.151041,36.523148,28.389423,19.748188,14.949653,20.69629,45.7625,23.2975,23.350695,45.005318,21.391142,38.481617,42.320915
2018-03-25,13,28.532328,29.919643,19.17422,33.08807,58.721355,19.511574,100.25,72.27536,40.661457,36.1875,57.269444,53.2325,40.708332,30.523272,22.35803,49.882355,40.9375
2018-04-01,14,1.9375,5.611111,4.5976562,11.056818,0.83203125,15.185185,3.8798077,12.765399,11.796875,4.6396484,5.086111,19.7875,0.9982639,2.369016,5.0567055,7.4227943,1.8209134
2018-04-08,15,0.25646552,0.74404764,0.94921875,9.920455,0.8307292,6.076389,5.9903846,3.0842392,13.706597,0.9628906,1.7263889,5.145,0.78125,0.6343085,1.0177981,3.1911764,0.34014422
2018-04-15,16,5.43319,1.4136904,0.62890625,3.0454545,3.5872395,4.3935184,7.4615383,11.39221,2.0052083,1.8105469,3.838889,26.5775,8.100695,2.3304522,0.7789735,16.661764,9.182693
2018-04-22,17,0.6465517,0.003968254,0.9125,0.039772727,0.13802083,0.6134259,0.24038461,0.07971015,0.034722224,1.5458984,0.027777778,0.4175,0.027777778,0.13763298,0.47682118,0.113970585,0.26201922
2018-04-29,18,0.13793103,1.1041666,1.5882813,5.278409,0.078125,7.759259,14.0,7.5298915,4.4565973,0.5029297,2.4291666,67.825,0.024305556,1.5378989,1.8149835,12.033089,0.026442308
2018-05-06,19,7.9310346,1.7480159,3.225,21.142046,4.296875,13.013889,10.105769,7.9710145,9.003472,5.8183594,4.2472224,40.46,5.451389,2.962766,7.888245,14.191176,6.90625
2018-05-13,20,67.73923,34.270832,36.36875,26.068182,63.945312,41.046295,29.73077,34.557972,24.307291,54.874023,29.17361,15.23,53.19097,32.573803,37.0596,21.830883,59.165867
2018-05-20,21,0.05172414,0.35714287,0.0796875,0.03409091,0.5598958,0.027777778,0.115384616,0.1884058,0.3159722,0.060546875,0.072222225,0.29,0.0625,0.07047872,0.094370864,0.2867647,0.20673077
2018-05-27,22,18.185345,1.7301587,5.7578125,1.7329545,33.427082,4.1666665,5.2596154,3.0054348,1.7673612,10.642578,1.575,2.235,31.947916,5.93883,7.825331,1.9044118,15.086538
2018-06-03,23,12.75,13.855159,11.795313,11.0,4.4010415,9.481482,16.625,10.458333,11.461805,11.2890625,11.811111,12.38,7.7708335,8.603724,13.118378,8.044118,10.038462
2018-06-10,24,22.01724,52.14484,36.80781,30.772728,8.973958,41.24074,27.076923,39.84058,27.895834,34.115234,35.75,22.795,8.152778,46.023937,38.7798,26.132353,23.865385
2018-06-17,25,0.021551725,0.6805556,0.2328125,3.6136363,0.015625,3.5601852,1.6682693,0.6567029,1.2083334,0.46875,0.23888889,4.1225,0.109375,0.6921542,1.6974338,1.6544118,0.35216346
2018-06-24,26,59.71121,25.25,49.739063,49.50568,55.515625,71.62963,17.336538,22.335144,29.03125,56.63867,21.516666,39.84,60.01389,49.025265,60.81954,28.852942,73.87981
2018-07-01,27,6.894397,7.080357,3.4414062,27.946022,4.9648438,32.328705,4.6201925,26.01087,27.157986,15.708008,2.4597223,5.595,5.607639,1.8371011,39.88949,2.735294,1.4242789
2018-07-08,28,0.4051724,0.6220238,1.1140625,5.6477275,2.0820312,10.263889,0.6442308,0.93115944,4.8246527,0.8935547,0.24027778,3.0275,1.6041666,2.37367,2.2711093,2.6433823,3.2536058
2018-07-15,29,13.818966,0.86706346,2.0132813,35.38068,5.90625,46.75,0.67788464,14.290761,29.307291,6.5029297,0.4486111,0.685,12.487847,0.20478724,17.11548,0.5,14.813702
2018-07-22,30,19.321121,2.9494047,2.9445312,61.75,2.4036458,79.09954,11.456731,25.887682,57.140625,13.963867,6.5736113,19.12,5.8975697,2.3317819,24.91515,11.128676,6.2451925
2018-07-29,31,3.773707,2.0277777,2.165625,9.960227,0.54817706,3.0185184,12.793269,8.472826,3.6736112,2.1230469,8.9625,35.7825,1.1510416,5.160239,2.7996688,14.8529415,3.1802886
2018-08-05,32,22.603449,6.825397,14.129687,5.880682,13.526042,9.611111,3.1538463,3.9891305,3.0555556,22.597656,2.2638888,1.105,18.586805,7.8843083,21.251656,1.4485294,29.21875
2018-08-12,33,0.00862069,0.0734127,0.12265625,0.022727273,0.0052083335,0.06481481,0.17307693,0.08152174,0.052083332,0.0009765625,0.14444445,0.2325,0.11631945,0.13630319,0.08899007,0.07720588,0.036057692
2018-08-19,34,71.23707,86.56944,76.526566,50.375,68.359375,56.101852,40.548077,65.03261,60.07639,69.328125,51.269444,42.845,72.16319,65.61569,72.388245,45.69853,82.85817
2018-08-26,35,36.530174,19.402779,18.346874,23.125,27.940104,22.819445,2.0865386,22.637682,25.9375,36.40039,4.0027776,0.23,29.118055,2.8351064,49.1846,0.3602941,26.100962
2018-09-02,36,36.564655,65.894844,58.27656,58.136364,34.872395,37.912037,58.98077,65.94384,66.58681,38.88672,58.675,34.025,43.947918,57.856384,42.480133,50.32353,33.48077
2018-09-09,37,20.616379,11.394841,19.39375,21.329546,6.5,15.587963,23.307692,29.39855,14.940972,30.175781,14.836111,22.63,9.944445,11.678191,19.22765,19.191177,15.949519
2018-09-16,38,20.625,11.083333,12.3125,26.244318,21.026041,29.574074,8.432693,15.394928,14.756945,16.05664,9.111111,3.77,18.85764,6.68484,17.824503,4.720588,17.411058
2018-09-23,39,23.693966,5.6924605,13.409375,11.3125,55.86198,37.38426,8.442307,5.1992755,4.8993053,14.353516,6.961111,15.58,48.725693,22.535904,13.116722,12.463235,34.471153
2018-09-30,40,50.043102,28.761906,36.334373,88.579544,58.776043,85.76852,23.759615,24.219202,49.90278,38.623047,35.783333,59.875,69.125,71.555855,36.53311,51.0,67.48558
2018-10-07,41,71.24569,21.28869,37.633595,15.539773,58.40625,18.44676,16.336538,10.961957,12.67882,52.176758,28.483334,51.925,62.01389,36.840427,33.71399,33.371323,50.234375
2018-10-14,42,92.956894,48.954365,106.04531,0.4034091,60.927082,0.4675926,33.33654,12.237319,0.6284722,107.0625,41.275,63.43,64.010414,84.081116,22.4048,60.514706,79.70192
2018-10-21,43,26.133621,11.985119,22.514063,16.09375,27.322916,46.064816,39.754807,28.854166,8.774305,24.982422,24.458334,76.1175,28.0,27.048536,12.153146,39.838234,34.189903
2018-10-28,44,41.857758,24.88889,31.709375,22.636364,41.91276,23.537037,27.932692,26.413044,27.77257,33.49121,21.027779,20.97,36.06597,17.379654,39.91556,18.202206,36.802883
2018-11-04,45,0.0,3.9662697,1.2835938,8.536932,0.125,2.8472223,16.610577,12.846014,6.3819447,0.005859375,17.473612,41.9025,0.045138888,3.125665,1.580712,25.944853,0.63221157
2018-11-11,46,22.198277,2.704365,15.89375,3.221591,18.458334,2.175926,2.125,2.088768,0.9444444,19.680664,1.7083334,3.595,13.361111,6.0146275,9.990067,1.992647,27.036058
2018-11-18,47,24.452587,12.630953,10.421875,7.471591,30.911459,12.837963,19.903847,19.911232,5.1354165,10.7265625,13.636111,13.565,32.98611,15.171542,17.262417,10.904411,31.853365
2018-11-25,48,39.489223,30.200397,39.235157,27.289772,32.242188,23.310184,15.673077,35.533516,25.050346,37.998047,13.315278,26.3925,35.560764,28.605719,30.456125,22.522058,44.94471
2018-12-02,49,0.00862069,1.0853175,0.490625,1.4971591,0.3502604,0.03935185,0.90384614,0.79800725,0.6024306,0.032226562,0.8527778,10.635,0.0069444445,1.8324468,0.6490066,2.75,0.120192304
2018-12-09,50,0.30172414,6.673611,2.7367187,18.607954,0.64453125,8.555555,7.6201925,19.939312,34.338543,2.0429688,16.994444,4.2975,0.16319445,6.8484044,5.3903146,8.533089,0.40264422
2018-12-16,51,62.38362,44.498016,51.21328,88.517044,32.34375,55.78472,68.01923,57.482788,74.06597,59.825195,55.336113,39.09,32.751736,51.25,66.49503,38.110294,36.34375
2018-12-23,52,41.45043,5.2906747,33.27578,8.400568,11.6380205,3.3101852,10.451923,19.053442,7.6197915,35.51953,8.113889,23.945,16.972221,12.458776,15.097268,12.867647,34.195915
2018-12-30,1,22.193966,19.150793,30.561718,27.693182,43.61849,21.747684,43.1875,21.042572,22.043404,23.110352,29.170834,49.37,46.20139,54.900265,25.003311,28.150736,41.52043
2019-01-06,2,44.644398,22.073412,38.30078,35.039772,62.973957,36.006943,9.802885,14.627717,15.151042,38.737305,23.575,25.6525,63.211807,65.99468,25.38245,20.272058,55.514423
2019-01-13,3,60.672413,55.45635,87.82109,85.701706,26.096354,58.164352,84.78846,73.76359,55.946182,66.53613,81.95,69.97,32.137154,53.121677,64.50041,74.974266,36.158653
2019-01-20,4,26.077587,26.940475,32.782814,17.607954,20.65625,17.194445,49.85577,42.713768,12.392361,28.001953,15.447222,44.31,39.270832,47.86436,27.946192,22.066177,13.819712
2019-01-27,5,5.2952585,3.7896826,15.925781,50.16193,12.152344,24.902779,30.788462,37.476448,42.09375,14.655273,29.356945,30.1725,19.581596,20.505983,20.074503,48.59191,10.197115
2019-02-03,6,11.407328,21.284721,21.132812,14.335227,12.203125,7.810185,14.173077,7.2572465,12.340278,9.149414,12.177778,37.8675,9.184028,23.743351,9.788907,27.588236,9.355769
2019-02-10,7,103.76508,49.944443,74.401566,21.607954,59.971355,34.949074,36.927883,20.196558,15.203125,82.515625,42.672222,62.2025,84.13194,59.836437,44.366306,54.838234,116.55048
2019-02-17,8,14.61638,22.935516,42.953125,31.741478,6.8190103,14.622685,118.27404,84.73098,69.97222,24.606445,50.866665,105.2575,10.881945,65.09973,17.94702,85.213234,21.953125
2019-02-24,9,61.63362,40.86607,52.227345,26.417614,50.464844,26.70139,29.134615,37.106884,32.447918,40.66797,25.23889,63.115,60.255207,51.861702,32.85389,32.96691,51.33053
2019-03-03,10,55.331898,59.22222,56.825,39.18182,51.619793,64.06481,23.336538,34.273552,22.222221,43.771484,45.747223,18.79,41.131943,85.79521,49.877483,40.764706,48.44471
2019-03-10,11,81.12715,38.01488,55.707813,18.568182,20.269531,8.474537,33.067307,33.844204,13.939236,61.08203,34.106945,96.1875,24.324654,49.332447,24.278559,75.132355,42.602165
2019-03-17,12,55.702587,18.176588,35.153908,29.536932,52.286457,26.157408,20.067308,16.777174,36.210068,46.479492,13.420834,36.1,61.081596,26.431517,24.642797,32.764706,58.878605
2019-03-24,13,0.2413793,4.109127,7.203125,9.335227,1.4765625,9.384259,46.471153,16.54529,18.04514,1.1015625,17.016666,55.955,0.42708334,9.583776,3.3311257,35.786766,0.46394232
2019-03-31,14,24.202587,18.643848,30.271875,6.5795455,40.5638,4.689815,8.745193,5.7065215,5.751736,27.035156,12.156944,3.8825,25.878471,25.702793,13.138659,6.970588,48.508415
2019-04-07,15,4.3297415,13.5287695,13.341406,15.784091,1.2578125,7.8703704,38.721153,19.307066,20.70139,2.5800781,30.752777,43.18,1.1128472,43.32912,7.512831,45.819855,2.6971154
2019-04-14,16,13.2672415,9.838294,22.61172,21.056818,2.001302,21.185184,3.3942308,16.72645,24.197916,17.256836,7.348611,9.815,7.671875,19.970745,26.915564,5.9117646,11.858173
2019-04-21,17,8.189655,14.931547,20.1375,21.113636,28.604166,40.324074,21.403847,9.669384,16.793404,5.8046875,18.381945,99.935,16.317709,57.772606,10.887003,70.30882,15.566106
2019-04-28,18,10.377155,11.303572,32.1125,7.786932,14.433594,17.664352,6.610577,7.035326,5.90625,16.78125,10.395833,17.9075,6.3559027,50.882313,11.714818,10.323529,17.729567
2019-05-05,19,45.62931,7.323413,32.801563,12.011364,81.71615,16.62963,5.75,10.25,7.8472223,58.339844,6.45,18.105,64.19444,17.299202,27.418047,16.742647,52.31971
2019-05-12,20,11.36638,15.166667,11.278125,62.034092,2.1197917,43.305557,20.067308,29.972826,58.572918,16.271484,16.461111,56.555,3.2256944,24.162233,24.946192,51.382355,8.617788
2019-05-19,21,48.439655,29.920635,31.795313,125.73864,49.195312,92.013885,40.28846,36.481884,131.07986,46.38672,32.925,41.41,47.90625,39.9375,57.024834,30.772058,43.53125
2019-05-26,22,120.5,110.41468,116.22656,88.795456,55.01302,121.81944,137.42308,80.771736,72.93056,104.697266,136.04445,131.66,72.576385,167.69415,91.903145,105.55147,115.82452
2019-06-02,23,0.83189654,2.266865,0.80859375,19.914772,0.5572917,19.324074,10.677885,8.507246,20.815971,0.73046875,11.980556,35.755,0.44444445,8.821143,2.7934604,24.772058,1.2247596
2019-06-09,24,1.7715517,0.41269842,0.6375,0.70454544,1.4192709,0.3287037,0.78846157,0.3097826,0.5520833,0.8105469,0.43055555,0.33,1.8263888,0.43617022,0.6581126,0.30147058,0.65384614
2019-06-16,25,1.375,0.31349206,0.5921875,0.5056818,0.9010417,0.4861111,0.26923078,0.26086956,0.41319445,1.2128906,0.11666667,0.03,1.1319444,0.26462767,0.7831126,0.11764706,0.9543269
2019-06-23,26,30.349138,16.281746,23.751562,15.0,35.359375,14.217592,33.048077,15.918478,13.125,22.939453,26.922222,69.87,35.413193,42.025265,15.948675,51.566177,28.978365
2019-06-30,27,43.092674,23.649801,32.066406,84.48864,27.044271,53.54398,26.95673,35.125,85.88715,40.368164,32.04028,26.8475,34.32639,36.26729,70.58858,35.180145,21.733173
2019-07-07,28,0.6875,0.6001984,0.38359374,0.76420456,0.3138021,1.1967592,0.4903846,0.39764494,0.5173611,0.8027344,0.45416668,0.59,0.3871528,8.001995,0.3865894,0.38235295,0.578125
2019-07-14,29,24.508621,15.053572,13.209375,16.068182,21.074219,7.164352,16.129808,19.205616,14.78125,21.091797,20.3125,20.34,21.996529,15.460772,21.65273,19.654411,11.88101
2019-07-21,30,1.1293104,0.734127,1.034375,4.4602275,7.575521,9.625,9.557693,2.3514493,2.2222223,1.5957031,5.563889,0.9,6.1805553,1.2353723,2.5811257,1.8970588,0.68028843
2019-07-28,31,12.573276,3.6984127,14.798437,12.4375,20.684896,13.916667,5.9038463,3.161232,6.5590277,10.619141,3.2527778,8.315,18.194445,11.023936,8.854304,4.772059,9.634615
2019-08-04,32,1.8491379,0.4484127,0.403125,2.028409,1.4817709,0.22222222,0.78846157,1.3115942,0.3159722,0.7871094,1.2055556,0.99,1.1354166,0.20478724,2.1937087,0.9191176,0.68990386
2019-08-11,33,0.4698276,0.8452381,0.834375,7.0397725,0.23177083,12.472222,3.5769231,1.576087,4.96875,1.4902344,3.5611112,7.29,0.45833334,11.091755,2.8874173,6.779412,0.6682692
2019-08-18,34,8.228448,19.069445,37.71406,6.0625,2.1484375,0.3888889,11.807693,17.43116,12.159722,12.402344,17.925,29.685,4.0104165,50.67287,13.432947,24.022058,8.314904
2019-08-25,35,4.297414,2.0267856,0.8140625,4.0227275,12.604167,3.0208333,1.1634616,3.2599638,0.7465278,1.4511719,2.6152778,1.015,11.19618,0.55452126,4.371275,1.0772059,1.4795673
2019-09-01,36,3.2974138,14.353174,16.701563,12.454545,1.265625,4.1064816,21.028847,12.248188,8.423611,5.59375,20.041666,59.365,1.9826388,34.32713,14.357615,44.330883,3.1274037
2019-09-08,37,4.25,5.075397,2.9390626,5.0795455,7.1145835,1.7824074,4.8461537,3.3315217,10.913195,3.8847656,5.9305553,13.635,7.5243053,9.835107,6.6812916,14.904411,5.733173
2019-09-15,38,35.426723,57.646824,58.845314,48.090908,27.109375,50.833332,87.20192,34.976448,25.659721,36.85547,74.96389,86.84,28.96875,87.67952,39.7053,66.07353,46.103367
2019-09-22,39,3.0086207,0.8888889,0.3546875,0.97159094,0.23697917,0.3148148,1.4903846,1.1847826,0.25694445,0.296875,3.5416667,11.325,0.44791666,0.64893615,2.509106,7.279412,0.6298077
2019-09-29,40,40.051723,5.392857,6.90625,18.982954,25.882812,38.180557,4.25,3.4528985,8.270833,18.351562,3.1472223,2.105,34.166668,14.667553,14.942881,3.3382354,27.07452
2019-10-06,41,0.66810346,2.3253968,1.5953125,6.78125,0.29947916,6.3009257,14.6875,2.830616,5.4461803,1.1972656,9.7097225,54.47,0.7517361,26.543219,2.0687087,25.338236,1.3978366
2019-10-13,42,34.474136,47.31349,62.87969,88.517044,20.484375,82.916664,38.384617,45.03442,69.47569,50.40625,38.6,74.54,18.815971,79.24202,73.39073,49.183823,12.290865
2019-10-20,43,29.635777,28.5625,21.210938,8.272727,21.410156,10.212963,12.644231,12.028986,7.9965277,18.03125,17.030556,11.88,28.680555,33.8996,14.79346,15.003676,28.680288
2019-10-27,44,61.081898,42.664684,43.719532,51.440342,55.571613,41.217594,26.8125,35.01268,32.93403,57.78125,31.8,25.9775,62.935764,39.390957,65.5447,30.139706,60.695915
2019-11-03,45,57.62069,50.48611,53.540627,43.340908,33.494793,43.00463,27.057692,29.110508,36.854168,60.783203,41.108334,31.4,33.229168,30.94282,56.090233,36.507355,35.901443
2019-11-10,46,34.670258,20.387897,41.55078,40.636364,39.130207,24.50926,76.6875,52.654892,32.131943,27.607422,40.875,55.3175,37.387154,36.23338,23.019453,54.1875,46.539665
2019-11-17,47,0.48706895,1.8035715,0.3,9.25,0.20572917,11.787037,19.10577,5.0199275,3.6701388,0.37695312,20.183332,10.785,0.5347222,0.70611703,1.1059602,11.183824,2.0673077
2019-11-24,48,66.465515,22.983135,48.157032,10.338068,56.098957,2.9305556,28.403847,10.317029,8.381945,51.85254,30.377777,51.705,73.56076,64.46809,18.030628,50.507355,71.52524
2019-12-01,49,40.265087,16.39881,32.647655,3.6079545,38.927082,7.766204,13.706731,12.764493,2.9913194,21.356445,17.284721,25.6375,44.213543,41.48338,4.7798014,28.904411,28.264423
2019-12-08,50,7.450431,9.306547,35.48281,6.380682,5.6080728,10.805555,8.730769,14.486413,6.0746527,14.258789,8.215278,10.5375,4.439236,65.40093,9.470613,13.632353,18.961538
2019-12-15,51,57.838364,54.819443,59.921875,61.633522,34.328125,36.75,49.5,34.204712,48.699654,44.546875,52.75,66.2475,41.838543,144.99069,52.483856,61.6875,60.471153
2019-12-22,52,0.54956895,0.018849207,0.4265625,0.06818182,0.1015625,0.083333336,0.375,1.8786232,0.024305556,0.15820312,0.0375,8.1225,0.029513888,0.31781915,0.18543047,0.6617647,0.15024039
2019-12-29,1,8.331897,17.76389,22.88125,95.267044,21.334635,64.64815,51.0,32.920288,68.49826,8.130859,23.731945,52.0,7.4756947,39.873005,27.359686,40.95956,11.222356
2020-01-05,2,46.49138,44.455357,54.19453,49.886364,34.30078,52.993057,46.221153,39.47192,45.03472,27.551758,42.327778,36.2775,33.734375,56.34242,39.82616,22.529411,42.66226
2020-01-12,3,27.726294,19.412699,17.425,12.298295,39.03255,9.886574,11.918269,7.192935,9.08507,20.192383,22.9375,16.48,27.6875,31.189495,19.64404,15.264706,18.186298
2020-01-19,4,5.4547415,8.289682,6.7171874,54.698864,9.256511,37.01852,25.29327,33.789856,55.48264,7.6289062,21.022223,47.1175,3.734375,5.8158245,29.864239,29.944853,2.8629808
2020-01-26,5,81.20474,27.666666,53.321877,33.610794,80.21615,39.14352,26.475962,20.330616,22.618055,42.36035,28.034721,42.735,83.13715,47.276596,18.127897,54.933823,103.51683
2020-02-02,6,26.413794,24.09623,20.99375,48.920456,11.3567705,27.407408,169.42308,111.06975,40.100693,15.737305,99.173615,267.5575,13.729167,41.966755,35.808773,212.85294,28.076923
2020-02-09,7,8.786638,19.126984,17.546875,17.556818,14.677083,4.212963,28.8125,20.952898,6.6614585,12.529297,23.581944,61.565,14.527778,22.240692,13.613411,31.327206,13.594952
2020-02-16,8,10.413794,13.207341,15.489843,2.3011363,12.510417,6.7314816,6.480769,8.615942,1.6319444,16.83789,8.908334,9.12,16.237846,17.142952,9.162251,6.2058825,12.609375
2020-02-23,9,125.82974,49.261906,80.90078,25.644886,34.966145,23.42361,50.740383,26.300724,18.125,90.82031,42.005554,76.515,51.260418,80.0,48.963577,76.588234,66.116585
2020-03-01,10,5.2198277,1.5684524,1.2179687,9.247159,1.4153646,3.0879629,35.97596,13.850543,11.423611,1.5654297,12.493055,55.0375,4.9878473,7.3510637,4.7487583,37.8125,7.0625
2020-03-08,11,0.5344828,0.007936508,0.1578125,0.71022725,0.14583333,0.125,0.16826923,0.058876812,0.14409722,0.20898438,0.011111111,0.075,0.0625,0.026595745,0.4668874,0.05882353,0.17427884
2020-03-15,12,36.23707,9.769841,19.221094,19.571022,32.619793,15.106482,15.225962,11.083333,25.526041,23.708984,16.729166,21.8275,27.975695,15.706117,11.341474,14.213235,27.640625
2020-03-22,13,0.5689655,0.5297619,0.0703125,2.875,0.27864584,0.097222224,4.7884617,4.1684785,0.6284722,0.28710938,6.0111113,14.67,0.12847222,0.5930851,1.821192,7.9485292,0.33894232
2020-03-29,14,18.368534,18.46131,23.301563,32.897728,13.199219,43.42824,15.826923,8.050725,14.184028,19.57129,12.1027775,2.9825,11.717014,13.394947,17.445364,5.1875,14.180288
2020-04-05,15,36.614223,11.9454365,23.623438,12.053977,38.020832,12.800926,10.802885,8.71558,9.47743,26.02832,12.894444,10.945,38.307293,13.799202,18.802153,10.900735,29.951923
2020-04-12,16,26.489223,11.573413,20.89922,7.034091,22.471354,4.891204,2.2692308,3.3360507,4.0694447,20.435547,5.7805557,5.0225,31.567709,19.19149,20.167633,5.3713236,26.814903
2020-04-19,17,4.952586,0.051587302,0.28125,0.1875,0.29947916,0.5231481,0.88461536,0.13949275,0.1388889,1.2597656,0.17777778,3.0,0.42708334,0.2912234,0.25331125,1.1544118,1.1706731
2020-04-26,18,7.8125,1.8799603,8.3375,5.0085225,8.5,11.759259,15.418269,8.488225,5.9027777,5.2197266,11.136111,18.9925,10.607639,4.6256647,1.4921358,14.444853,6.402644
2020-05-03,19,19.047413,0.58035713,6.353125,2.6761363,27.157553,4.6875,2.1923077,2.1585145,3.6111112,9.560547,0.69027776,6.1,28.559029,9.329787,6.649007,2.8051472,20.194712
2020-05-10,20,32.58621,5.376984,32.882812,7.1761365,25.546875,9.282408,20.538462,4.094203,3.78125,26.322266,11.088889,25.69,21.253471,34.347073,10.229304,13.9779415,37.533653
2020-05-17,21,75.75,7.5972223,41.946877,8.534091,72.885414,22.199074,0.46153846,1.5163044,3.0208333,54.935547,1.3111111,0.75,86.80903,33.25133,21.81043,1.0,91.80048
2020-05-24,22,0.875,0.23809524,0.275,0.2159091,0.9375,0.4027778,0.35576922,0.16123189,0.22916667,0.7675781,0.25555557,0.265,0.7013889,0.031914894,1.8385762,0.15441176,0.4591346
2020-05-31,23,46.956898,20.195436,31.7,37.573864,52.177082,38.789352,70.04327,52.3279,25.659721,28.513672,48.92361,46.2325,46.913193,70.59708,41.245445,51.14706,37.753605
2020-06-07,24,148.34483,67.21032,125.492966,33.53693,87.14713,16.606482,50.783653,29.856884,38.875,109.50586,65.25833,41.26,141.0677,88.97872,54.057117,40.07353,133.16827
2020-06-14,25,0.9375,1.1140873,1.0617187,1.34375,4.3945312,0.25462964,6.9711537,6.057971,0.3090278,0.7470703,4.6597223,16.135,0.3559028,1.7047873,1.4768212,4.8235292,0.60697114
2020-06-21,26,25.952587,17.964285,43.030468,16.755682,11.675781,10.349537,8.548077,10.458333,15.02257,25.24414,12.8527775,32.23,19.230904,48.27992,24.901075,16.955883,28.326923
2020-06-28,27,36.900864,18.193453,20.965626,47.579544,30.93099,82.83796,15.721154,23.531702,28.447916,30.082031,19.475,13.6675,36.95139,14.441489,39.001656,22.102942,39.875
2020-07-05,28,66.57543,25.949406,27.691406,105.36648,52.395832,186.38426,19.10577,39.801632,65.32118,48.217773,24.98889,13.3625,62.734375,14.823803,92.911835,19.375,65.50721
2020-07-12,29,33.786636,29.443453,35.466408,24.144886,10.2005205,27.652779,27.591347,24.66576,20.590279,40.046875,30.94861,25.5375,21.45139,18.646942,33.314983,34.944855,15.299279
2020-07-19,30,6.87931,0.9047619,0.9078125,0.62215906,9.09375,0.6574074,0.17307693,0.33695653,1.6961806,2.3330078,0.5875,0.1175,10.302083,0.5226064,1.0041391,0.28308824,7.7572117
2020-07-26,31,37.290947,15.431547,20.760157,25.053978,21.432291,33.148148,24.975962,13.82337,22.74132,44.345703,23.751389,35.5125,26.944445,13.253989,33.02525,32.694855,30.33173
2020-08-02,32,0.0,0.6805556,0.51171875,0.42329547,0.016927084,0.7222222,0.115384616,0.33333334,0.25694445,0.24121094,0.2125,0.1175,0.0017361111,0.35638297,0.37748346,0.10294118,0.03966346
2020-08-09,33,73.98492,76.04365,66.197655,79.72727,99.64323,71.05093,47.01923,78.55616,86.125,83.83301,76.45556,45.1475,85.5191,57.061836,83.93129,63.963234,99.71154
2020-08-16,34,36.0,27.277779,28.753906,9.619318,30.367188,0.5671296,22.889423,27.291666,18.07639,37.37207,27.208334,50.2525,39.137154,23.99867,18.931292,32.9375,50.45553
2020-08-23,35,0.060344826,0.5257937,0.0609375,0.17613636,0.0,0.6712963,0.50961536,0.27445653,0.1701389,0.12109375,0.39722222,0.235,0.0,0.35039893,0.18956953,0.33088234,0.0048076925
2020-08-30,36,0.114224136,9.356151,2.703125,19.894886,0.015625,12.958333,7.048077,14.802536,19.319445,1.1308594,11.222222,17.88,0.020833334,2.4800532,7.0951986,11.941176,0.050480768
2020-09-06,37,21.931034,22.809525,14.871875,89.857956,14.395833,73.46759,17.865385,65.69203,106.52431,29.326172,18.172222,6.05,26.35764,1.4760638,70.67881,6.7132354,9.182693
2020-09-13,38,6.0689654,8.960318,7.4671874,13.056818,5.9427085,12.902778,6.951923,13.452899,16.559029,8.863281,10.5222225,2.46,7.90625,4.7672873,14.312914,6.227941,5.0600963
2020-09-20,39,0.0,0.23809524,0.1640625,0.3125,0.37239584,0.06481481,0.27884614,0.092391305,0.2673611,0.08984375,0.06666667,1.69,0.038194444,0.24734043,0.272351,0.7205882,0.1298077
2020-09-27,40,28.215517,51.50099,40.03594,40.315342,13.7161455,61.675926,19.173077,35.094204,36.45139,33.328125,36.140278,23.4525,24.98611,22.224733,46.203228,20.5,24.890625
2020-10-04,41,7.12069,12.113095,8.167188,15.681818,27.197916,7.3194447,16.75,23.876812,21.989584,6.2070312,16.777779,48.29,18.149305,19.966755,10.1399,26.970589,18.966347
2020-10-11,42,2.2198277,0.36607143,1.5984375,0.9488636,19.44401,0.17592593,0.71634614,0.73097825,0.4392361,3.5966797,0.37083334,4.0375,8.413195,1.9022607,0.5889901,2.0625,6.3185096
2020-10-18,43,0.9784483,5.9781747,0.175,13.528409,3.0859375,3.6342592,8.961538,26.375,17.82639,0.20117188,9.738889,10.73,2.5277777,1.3523936,9.409768,8.191176,1.6754807
2020-10-25,44,9.609914,14.605159,3.4679687,11.315341,4.1393228,11.233796,22.673077,27.807066,15.338542,7.524414,19.672222,28.735,6.6493053,8.75,19.125,17.665442,6.4194713
2020-11-01,45,1.9267242,16.811508,2.0515625,28.676136,0.072916664,14.893518,6.1826925,14.641304,29.01736,0.7890625,15.422222,6.175,0.5208333,4.449468,13.510761,6.0661764,0.53365386
2020-11-08,46,30.435345,41.20139,42.64922,41.951706,29.078125,13.0,44.39904,68.320656,58.083332,38.765625,40.968056,37.145,30.496529,22.511303,23.983858,33.419117,40.15745
2020-11-15,47,15.640086,48.552578,26.571875,45.90057,10.792969,45.79398,52.307693,39.278984,46.564236,24.420898,51.11111,54.05,15.598958,17.704123,28.686258,59.242645,21.223558
2020-11-22,48,7.0689654,30.373016,15.98125,42.46875,9.160156,22.92824,24.653847,23.572464,40.435764,16.125,40.134724,33.89,16.489584,8.381649,19.77235,26.441177,20.388222
2020-11-29,49,79.605606,57.83631,40.865623,30.286932,93.54818,21.430555,47.201923,76.80616,39.9375,56.783203,64.880554,37.155,109.75694,37.565823,45.221855,42.268383,95.905045
2020-12-06,50,3.088362,15.017858,21.517187,44.18182,0.7786458,43.789352,35.625,33.991848,29.26389,11.146484,22.338888,32.0875,2.4878473,9.52859,21.153559,24.893383,2.4627404
2020-12-13,51,5.3836207,80.93849,24.003124,43.607956,9.545573,51.416668,66.88461,87.085144,39.140625,10.532227,86.30139,69.27,7.467014,37.92021,28.743792,64.97059,18.423077
2020-12-20,52,10.6875,4.0396824,10.824219,9.278409,22.40625,1.6550926,8.620193,9.894928,10.105903,15.595703,4.4083333,14.79,21.260416,4.90891,8.987583,8.911765,26.600962
2020-12-27,53,48.64871,23.607143,28.782812,25.568182,19.128906,15.261574,34.427883,38.634056,27.53993,49.61914,42.494446,70.775,29.350695,20.84508,34.581955,45.441177,30.942308
2021-01-03,1,32.60129,43.728176,23.03125,43.329544,37.479168,21.773148,59.923077,38.936596,35.23611,37.063477,38.36111,68.48,26.342014,26.561834,42.159355,60.35294,34.460335
2021-01-10,2,40.22198,11.355159,16.723438,27.18466,17.88151,14.037037,41.408653,33.40308,27.394096,42.737305,20.875,72.5875,28.42014,7.649601,24.600166,47.433823,37.0012
2021-01-17,3,73.98707,129.87004,83.385155,78.30398,35.26302,35.99537,138.38942,120.683876,95.302086,82.7832,159.36945,175.36,46.668404,86.2367,105.840645,172.73161,62.1238
2021-01-24,4,82.37931,84.46429,55.965626,80.16761,132.61589,66.5625,50.745193,127.06159,104.80382,68.08496,79.69028,57.72,105.80035,30.632315,91.24669,40.367645,110.83173
2021-01-31,5,12.702586,26.35119,11.80625,33.97443,16.395834,31.842592,29.913462,26.076992,16.569445,13.782227,33.6,22.2075,13.197917,6.8171544,28.759933,24.308823,10.365385
2021-02-07,6,22.711206,9.777778,7.4015627,5.653409,1.7291666,5.4791665,20.524038,20.981884,15.012153,30.039062,28.765278,35.275,4.3680553,7.84242,8.945778,31.88603,5.4278846
2021-02-14,7,6.331897,17.734127,14.0234375,19.397728,2.5260417,15.912037,16.384615,46.282608,17.42361,12.052734,17.158333,33.43,6.4409723,17.696808,11.237583,29.411764,6.21875
2021-02-21,8,5.452586,20.271826,13.0875,41.909092,2.2916667,16.0625,58.41827,56.144928,37.03472,10.579102,44.0375,82.805,2.4756944,13.980718,20.600166,55.066177,4.8930287
2021-02-28,9,57.853447,48.704365,42.36875,70.86364,21.617188,52.912037,93.81731,123.06703,85.25347,56.214844,85.81111,116.79,32.663193,48.175533,58.24669,95.40441,38.33654
2021-03-07,10,0.0625,12.839286,0.6578125,15.78125,0.0,9.675926,19.73077,37.386776,12.394097,0.20605469,16.393055,18.6925,0.0,4.666888,5.826159,15.044118,0.08052885
2021-03-14,11,10.765086,20.635912,9.99375,21.167614,11.621094,12.333333,43.908653,16.152174,17.07986,13.272461,47.827778,45.25,7.9913197,9.235373,14.323261,40.794117,8.097356
2021-03-21,12,23.657328,100.70338,58.371876,39.93182,23.420572,41.49074,59.64423,45.65942,34.689236,49.719727,58.50139,40.4475,8.340278,36.011303,55.6577,65.775734,15.96875
2021-03-28,13,16.383621,11.649801,6.578906,23.417614,5.768229,20.664352,7.0625,16.336956,26.779514,10.34375,10.438889,24.4775,20.621529,7.286569,16.947433,13.595589,28.32452
2021-04-04,14,0.0,7.1706347,0.1359375,5.1420455,0.0,0.33564815,26.153847,25.520834,9.449653,0.0234375,13.845834,42.18,0.0,2.3164895,4.382036,25.827206,0.0048076925
2021-04-11,15,1.8232758,0.82738096,1.3023437,2.4886363,13.6744795,2.5138888,0.5769231,0.6585145,1.6440972,1.2460938,0.8388889,3.09,4.9027777,1.4847075,2.370447,2.0367646,2.7932692
2021-04-18,16,0.112068966,14.126985,0.23125,47.38068,0.0052083335,24.953703,28.10577,42.893116,59.125,0.4140625,16.325,34.05,0.0069444445,2.6742022,23.669703,23.735294,0.014423077
2021-04-25,17,0.073275864,0.5248016,0.1421875,1.5198864,0.03515625,0.6736111,0.65865386,1.1222826,1.59375,0.1171875,0.5694444,3.1675,0.0052083335,0.67021275,0.77235097,1.3308823,0.049278848
2021-05-02,18,21.336206,41.87401,20.910938,52.971592,14.9505205,44.671295,22.91827,42.3279,54.262154,24.938477,33.669445,22.0925,13.107639,14.016623,43.906044,24.625,16.542067
2021-05-09,19,16.480604,33.00794,20.696875,18.65341,4.6809897,6.9166665,37.173077,25.067028,17.921875,16.87207,44.380554,32.88,12.475695,24.026596,16.344786,44.09559,17.348558
2021-05-16,20,29.064655,28.162699,20.251562,16.886364,27.34375,37.898148,6.701923,19.547102,16.10764,27.523438,18.544445,2.69,16.902779,12.19016,27.42053,9.198529,25.850962
2021-05-23,21,16.390087,29.77877,21.823437,46.852272,5.4895835,63.25463,19.802885,32.365036,32.53125,32.819336,24.784721,2.7675,3.7951388,4.318484,42.16556,10.341911,5.9603367
2021-05-30,22,13.956897,4.2123017,9.525782,3.8125,5.8333335,0.8472222,0.4278846,1.0978261,2.828125,11.175781,1.3472222,1.9275,7.5989585,2.569149,4.441639,0.7242647,8.856971
2021-06-06,23,49.609913,65.92659,37.060158,76.806816,29.289062,74.24769,83.79327,122.070656,111.55903,48.338867,67.031944,54.325,32.116318,23.294548,65.95116,48.106617,38.08053
2021-06-13,24,10.728448,11.734127,6.2617188,7.5625,9.4088545,0.4675926,8.019231,11.548007,13.46875,4.84375,11.223611,12.6575,7.0677085,9.594415,9.971854,8.316176,13.104568
2021-06-20,25,14.7327585,7.7956347,7.415625,10.113636,8.307292,10.138889,11.163462,8.836957,12.451389,9.5546875,7.9027777,10.62,10.857639,5.4069147,13.052153,10.669118,15.415865
2021-06-27,26,41.89871,60.128967,40.992188,48.247158,11.5755205,17.79861,31.29327,60.250904,74.864586,37.26758,50.358334,15.485,26.722221,34.414894,34.79801,29.191177,43.096153
2021-07-04,27,0.060344826,2.4563491,0.228125,1.375,0.0,0.8796296,5.451923,7.860507,3.625,0.23242188,4.616667,3.475,0.0,0.2699468,1.4114238,3.0441177,0.0024038462
2021-07-11,28,20.07974,9.501985,15.049219,11.25,24.179688,7.787037,8.149038,10.125906,14.088542,20.686523,9.044444,14.3425,23.564236,9.706117,14.71399,13.356618,27.211538
2021-07-18,29,0.004310345,0.30059522,0.05859375,0.48579547,0.095052086,0.46064815,0.028846154,0.089673914,0.44270834,0.0390625,0.15833333,0.0125,0.053819444,0.19547872,0.18667218,0.113970585,0.009615385
2021-07-25,30,25.793104,14.328373,18.516407,22.332386,14.942708,22.409721,12.201923,10.3125,12.362847,22.835938,12.395833,11.125,18.128471,11.580452,26.51283,13.808824,24.570913
2021-08-01,31,0.0,4.633929,0.06796875,3.5625,0.0,1.5902778,3.375,10.259964,5.0104165,0.078125,5.4180555,2.355,0.0,0.52393615,2.6668046,2.1544118,0.0
2021-08-08,32,19.465517,19.482143,17.895313,19.732954,10.1015625,12.194445,19.201923,25.628624,26.96875,16.873047,24.677778,39.07,16.09375,23.110373,17.525661,33.191177,20.009615
2021-08-15,33,0.0,0.5,0.3625,8.363636,0.083333336,12.532408,0.59615386,1.6105072,4.2465277,0.01171875,0.425,4.765,0.0,1.5252659,2.0596027,1.882353,0.0048076925
2021-08-22,34,10.418103,4.1468253,4.78125,14.460227,14.484375,24.652779,5.7788463,5.20471,9.631945,7.888672,4.2527776,6.125,12.461805,5.493351,21.408113,5.6102943,12.716346
2021-08-29,35,0.0,3.9960318,0.1921875,1.5142045,0.049479168,0.2175926,4.4134617,9.592391,3.8159723,0.07421875,5.727778,4.795,0.0034722222,1.1276596,1.3605132,3.7058823,0.0048076925
2021-09-05,36,26.625,25.787699,22.96875,55.909092,12.9140625,76.53241,15.173077,38.400364,47.194443,28.339844,23.475,9.68,17.243055,13.069149,41.43046,9.875,25.319712
2021-09-12,37,109.909485,91.28472,101.98906,88.767044,103.01693,58.969906,54.71154,68.63859,80.0625,146.375,77.291664,61.985,98.864586,87.87633,118.13783,62.819855,114.001205
2021-09-19,38,7.6077585,22.420635,15.932813,26.068182,8.104167,26.226852,11.048077,14.336957,29.32986,6.6621094,15.036111,6.97,7.5868053,11.363032,29.0149,9.507353,9.086538
2021-09-26,39,31.051723,57.724205,51.96406,72.369316,28.463541,46.564816,54.048077,54.114132,52.6875,47.95508,87.91944,47.505,30.399305,36.921543,56.521523,31.441177,43.608173
2021-10-03,40,67.82974,42.32639,35.997658,33.903408,31.39974,23.19213,20.524038,30.748188,30.328125,42.770508,23.0875,25.7525,45.626736,38.591755,40.535183,21.522058,50.378605
2021-10-10,41,97.6875,60.287697,65.640625,38.860794,125.6875,33.671295,42.379807,65.19293,35.921875,73.99805,56.491665,39.0375,103.125,53.20412,43.749584,46.04044,101.10096
2021-10-17,42,7.2198277,18.55853,17.020313,4.002841,15.8046875,4.1597223,14.576923,18.55616,7.1440973,13.233398,15.909722,15.8275,10.628472,17.12101,7.7789736,12.264706,25.070913
2021-10-24,43,2.762931,12.003968,1.7203125,7.056818,11.989583,0.9814815,31.625,30.233696,11.923611,2.5507812,20.311111,18.98,3.1215277,2.719415,4.8799667,17.125,3.6995192
2021-10-31,44,18.038794,42.878967,23.459375,29.602272,13.5182295,28.76389,16.432692,24.70471,24.96875,18.392578,27.497223,64.9,16.069445,29.340425,28.974339,42.27941,23.192308
2021-11-07,45,0.82758623,20.182539,5.2726564,10.269886,19.455729,2.1504629,20.923077,13.507246,12.505208,1.6591797,21.290277,18.1575,5.2291665,14.932846,8.264072,21.242647,5.7608175
2021-11-14,46,43.978447,42.62599,47.95625,48.647728,26.548178,41.467594,37.85096,63.536232,53.616318,57.493164,39.04028,26.4775,27.96007,30.710106,56.094784,34.213234,37.14303
2021-11-21,47,25.831896,23.247025,15.245313,26.167614,34.546875,32.0,33.091347,27.644022,26.95139,18.992188,21.57361,18.635,24.260416,9.924202,25.292633,18.286764,27.055288
2021-11-28,48,1.0258621,3.2728174,2.7390625,2.403409,9.046875,1.1574074,7.6009617,5.005435,3.0416667,1.046875,4.616667,6.1075,5.5625,4.09242,2.6982615,5.0882354,6.9483175
2021-12-05,49,7.012931,17.595238,15.421875,26.164772,0.0625,29.574074,20.10577,21.552536,38.854168,10.359375,23.127777,40.445,1.2534722,13.25532,19.298014,34.19853,4.0408654
2021-12-12,50,12.700431,18.159721,7.4445314,16.582386,3.6015625,12.391204,16.182692,18.30616,14.395833,11.263672,21.220833,14.4425,4.1440973,15.202127,16.580297,14.507353,5.8509617
2021-12-19,51,2.2543104,18.801588,6.7773438,10.528409,5.1875,14.118055,23.903847,9.796196,9.628472,2.9707031,17.754168,21.7625,5.9253473,12.77859,22.466059,18.066177,2.671875
2021-12-26,52,10.314655,9.986111,5.9078126,0.80965906,16.375,0.32407406,12.3125,7.4175725,2.8940973,7.616211,14.447222,39.5775,16.887154,23.91024,1.406043,36.452206,19.252403
2022-01-02,1,47.594826,30.710318,17.228907,58.792614,26.641928,17.148148,55.89904,42.197464,52.94097,32.87207,28.731945,98.8075,24.10243,21.362368,32.285183,49.59559,30.389423
2022-01-09,2,8.63362,14.322421,13.0390625,0.85795456,8.821614,1.025463,97.59135,7.620471,1.7274306,8.211914,34.05,80.2225,9.197917,19.612368,9.753725,76.88971,10.441106
2022-01-16,3,14.6702585,19.624008,30.58672,26.349432,2.2760417,38.085648,6.389423,12.917572,11.532986,27.769531,18.980556,8.2825,6.498264,37.40492,32.854305,17.67647,12.686298
2022-01-23,4,33.1875,43.229168,48.847656,57.24432,56.43099,28.229166,44.365383,24.831522,55.779514,27.449219,38.080555,100.4075,34.37847,66.618355,31.259106,72.599266,35.215145
2022-01-30,5,35.34698,10.654762,43.925,11.295455,24.963541,8.543982,7.889423,15.633152,9.30382,33.16504,9.013889,26.5075,28.395834,12.339096,16.060844,10.577206,34.05529
2022-02-06,6,5.99569,3.205357,4.1023436,7.056818,0.65755206,2.8935184,1.8701923,5.4393115,1.9357638,5.114258,0.48194444,9.7325,1.8454862,0.71077126,3.7595198,1.9411764,9.777644
2022-02-13,7,4.840517,9.823413,18.959375,9.838068,0.13541667,10.710649,16.557692,18.528986,7.8559027,7.4335938,8.663889,34.2275,0.5277778,18.805185,12.844371,27.55147,2.0697114
2022-02-20,8,23.75,16.25397,20.346874,13.173295,60.1263,12.1875,14.649038,20.705616,16.07118,23.330078,17.936111,36.6,40.819443,22.031916,27.89528,37.441177,28.995192
2022-02-27,9,26.846983,26.287699,14.736719,36.727272,24.164062,20.761574,30.110577,44.250904,39.18403,19.54004,27.015278,56.8925,23.0625,43.847073,27.012417,32.48897,24.805288
2022-03-06,10,50.568966,43.401787,39.078125,88.71875,55.746094,107.576385,55.701923,57.625904,91.52257,47.152344,65.07083,69.52,45.498264,33.390957,54.089405,63.713234,48.51082
2022-03-13,11,50.32112,32.927578,78.046875,45.863636,30.639322,47.45602,43.22596,40.280796,81.85243,91.2041,36.479168,81.7525,44.210068,75.03723,43.05546,84.19118,45.353367
2022-03-20,12,93.418106,19.553572,58.241405,36.676136,130.75911,38.45602,34.85096,17.257246,31.458334,88.87012,28.765278,65.5125,125.88368,41.715427,49.269867,55.16544,123.640625
2022-03-27,13,14.375,10.833333,11.404688,22.071022,17.394531,29.594908,43.89423,25.571558,27.484375,17.55957,25.5375,80.2125,19.779514,23.696144,21.64735,55.860294,18.445913
2022-04-03,14,85.38577,17.354166,42.889843,43.522728,84.70573,62.208332,13.192307,11.759964,25.421875,71.96387,13.483334,20.385,107.798615,39.313164,57.88245,16.338236,101.342545
2022-04-10,15,48.081898,15.652778,33.0875,12.332386,77.77604,6.685185,21.461538,15.629529,19.887154,42.467773,22.018055,37.72,64.5816,32.457447,16.956125,30.621323,60.10096
2022-04-17,16,61.53448,16.142857,37.773438,1.6477273,70.75651,2.0462964,9.942307,4.6041665,1.2361112,51.246094,16.595833,27.4275,87.05729,42.335106,11.336507,24.047794,81.76923
2022-04-24,17,23.993534,4.171627,3.8507812,7.1392045,18.583334,8.048611,7.0048075,10.848732,5.3402777,16.109375,4.891667,5.6075,18.300346,0.9900266,14.067881,4.845588,13.911057
2022-05-01,18,109.52155,158.62302,155.20157,189.41193,69.74479,108.46991,125.59615,155.89131,217.46355,152.54492,129.92917,108.16,89.27604,102.727394,178.35886,114.49632,114.09736
2022-05-08,19,9.327586,4.2440476,8.498438,2.5625,11.296875,4.8333335,4.826923,3.6105072,1.6944444,10.316406,3.1722221,7.93,10.666667,6.554521,5.6134105,5.0735292,12.987981
2022-05-15,20,11.584052,0.36805555,2.671875,8.835227,1.7682291,15.280092,0.072115384,2.723732,7.279514,7.4785156,0.13055556,0.155,3.8524306,0.28723404,8.284354,0.1360294,7.081731
2022-05-22,21,33.969826,2.6666667,10.7375,1.5511364,54.338543,2.3171296,0.20673077,0.45561594,1.5625,17.017578,0.73333335,0.51,45.59722,5.043218,3.4333608,0.5,30.052885
2022-05-29,22,68.64655,95.24603,93.49141,21.829546,60.536457,21.171297,76.25,42.926632,23.387154,85.35449,95.67639,132.1675,74.52951,143.15292,59.32409,111.23897,86.93029
2022-06-05,23,25.650862,36.660713,26.053125,50.897728,29.859375,61.578705,38.125,33.560688,38.01736,27.34082,35.815277,57.04,32.444443,38.847073,50.4048,48.117645,21.491587
2022-06-12,24,42.224136,18.065475,24.314062,22.460228,39.29948,27.162037,4.5576925,10.605072,17.052084,40.39258,7.3805556,2.34,44.760418,14.56782,45.424667,5.595588,36.170673
2022-06-19,25,122.05173,63.40972,62.875,104.62784,36.78776,108.47222,27.64423,52.355072,80.045135,114.19922,33.041668,2.205,60.987846,17.432846,125.98261,8.669118,48.51202
2022-06-26,26,6.0689654,2.2311509,0.9453125,2.1051137,2.953125,3.1921296,0.033653848,0.50634056,0.9201389,4.1259766,0.46944445,0.32,5.251736,0.26396278,6.740894,0.10294118,1.7007211
2022-07-03,27,1.0474138,0.50396824,2.4726562,0.52272725,0.14322917,1.7939814,0.115384616,0.1259058,0.203125,0.47753906,0.40555555,0.1575,0.36631945,0.9780585,0.5219371,0.2867647,0.6418269
2022-07-10,28,34.45043,18.333334,30.217968,19.914772,28.625,39.381943,19.504808,22.782608,19.206596,41.9375,17.05,18.365,34.42361,20.650267,41.25952,16.158089,32.866585
2022-07-17,29,14.396552,3.4503968,10.015625,0.13636364,15.541667,0.46296296,0.47115386,0.18297102,0.1736111,13.990234,1.2555555,2.705,14.236111,11.014627,1.5902318,1.4705882,12.019231
2022-07-24,30,9.782328,4.294643,9.0390625,13.107955,5.5989585,26.162037,2.3942308,5.8405795,12.657986,13.698242,4.672222,1.4125,7.888889,5.551862,14.170943,2.3014705,9.520432
2022-07-31,31,6.512931,1.3571428,3.2445312,0.65625,7.8190103,1.162037,0.024038462,0.8405797,0.7673611,7.274414,0.25972223,1.5025,11.809028,0.75797874,4.4499173,0.94485295,9.965144
2022-08-07,32,49.22198,79.63095,80.23594,140.82387,17.205729,140.73148,90.32211,90.777176,137.1684,78.37988,95.42778,140.0675,19.027779,81.15625,58.527733,108.099266,35.384617
2022-08-14,33,75.331894,54.82044,68.876564,14.289773,89.217445,14.5,33.701923,32.604168,20.564236,75.83203,35.752777,31.7075,88.7309,45.82979,44.221855,27.080883,86.19111
2022-08-21,34,0.0,0.0,0.0,0.0,0.0,0.0,0.10576923,1.4456521,0.15277778,0.0,0.0055555557,0.0,0.0,0.0,0.0,0.0,0.0
2022-08-28,35,34.107758,7.1626983,20.86875,2.7954545,27.997396,2.2962964,8.990385,1.8351449,2.8854167,28.378906,11.280556,28.085,35.04514,21.31649,9.575331,26.191177,27.09375
2022-09-04,36,7.2284484,21.035715,27.854687,15.960227,7.013021,17.175926,41.423077,25.907608,5.9965277,18.24414,39.058334,33.785,4.25,42.80452,16.111755,40.22794,10.915865
2022-09-11,37,15.713362,45.86607,38.466408,19.97159,2.782552,17.585648,43.182693,33.00634,24.413195,30.049805,43.8125,71.0975,5.1805553,42.40359,25.510347,49.974266,14.128606
2022-09-18,38,24.674568,11.876985,15.282812,20.568182,33.729168,20.921297,8.923077,11.182065,15.199653,17.285156,11.823611,8.1125,43.229168,15.115026,16.93543,7.591912,28.509615
2022-09-25,39,29.39224,25.293652,38.146873,3.4886363,38.14323,0.7083333,16.0,13.518116,5.8645835,30.927734,20.15,26.62,37.572918,29.985373,11.311258,25.161764,45.911057
2022-10-02,40,49.060345,26.210318,27.3125,7.193182,48.4375,8.967592,13.884615,18.90942,6.5868053,50.183594,20.141666,10.705,55.881943,19.18883,27.596027,12.838235,46.139423
2022-10-09,41,141.99138,116.17857,172.4625,82.375,116.3125,56.930557,28.903847,76.85689,114.90972,200.96289,48.39722,38.48,139.30556,60.85771,127.3096,38.14706,190.48317
2022-10-16,42,52.077587,34.33135,36.79375,20.113636,42.48698,25.925926,49.778847,26.942028,28.690971,38.251953,29.163889,36.455,42.50347,37.67287,16.360928,51.639706,39.50721
2022-10-23,43,9.176724,0.16369048,2.834375,1.2244319,26.476562,0.2523148,0.4903846,3.2971015,1.515625,8.519531,1.9430555,2.6425,18.586805,1.2872341,0.6274834,3.7536764,15.377404
2022-10-30,44,17.306034,15.130953,13.038281,15.147727,28.915365,14.009259,10.740385,6.6992755,20.340279,13.527344,11.079166,27.6775,16.317709,22.87367,13.109271,20.941177,18.620192
2022-11-06,45,0.3448276,5.2083335,3.5,17.102272,0.3671875,18.787037,7.7884617,6.7608695,26.958334,1.4589844,7.983333,12.99,0.9375,2.7167554,7.2798014,11.889706,0.6754808
2022-11-13,46,14.2672415,10.69246,18.517187,1.6875,5.8177085,1.4861112,4.951923,5.620471,0.90625,17.40039,9.101389,8.6275,6.8715277,15.325798,6.8245034,3.375,19.358173
2022-11-20,47,21.096983,7.825397,14.1328125,12.872159,11.114583,4.9421296,6.4134617,11.434783,19.967014,23.749023,3.6847222,25.93,17.810764,11.860373,14.830298,13.3970585,16.692308
2022-11-27,48,21.737068,50.34722,25.351562,118.22727,29.794271,65.55556,105.24039,170.38406,139.6007,27.41211,106.92778,177.16,9.142361,41.355053,45.021523,182.16176,24.55048
2022-12-04,49,14.002155,38.960316,32.835938,29.875,6.1614585,20.05787,21.692308,34.699276,33.916668,11.998047,44.58472,68.2575,3.9427083,52.05186,21.799255,56.65441,9.59375
2022-12-11,50,10.551724,14.905754,29.1625,19.110796,12.166667,10.300926,16.346153,21.550724,20.151041,16.24414,12.404166,35.0525,17.293404,42.961437,21.929222,25.503677,22.002403
2022-12-18,51,21.877155,32.57044,20.307812,66.017044,15.0807295,30.497684,163.69711,138.53351,88.77257,26.95996,84.86806,127.1675,17.555555,14.140958,33.45654,89.41544,37.13221
2022-12-25,52,11.7952585,27.492064,35.874218,21.914772,14.911458,17.92824,50.870193,37.292572,17.501736,18.103516,21.36111,36.52,24.22743,43.615692,32.762833,35.96691,16.334135
2023-01-01,1,30.806034,30.0,26.101562,4.3863635,66.104164,11.648149,20.85577,9.748188,2.9479167,17.189453,41.958332,30.975,65.16319,35.543884,17.048841,31.338236,49.490383
2023-01-08,2,28.290949,21.693453,9.357031,14.022727,32.158855,8.631945,28.399038,15.328804,17.694445,16.296875,14.118055,20.085,22.54514,14.520612,7.5687084,28.411764,29.45673
2023-01-15,3,30.088362,32.704365,34.763283,45.40625,25.019531,16.585648,43.72596,31.027174,33.708332,29.574219,46.043056,44.5375,22.61632,49.232048,41.804634,49.40809,48.070915
2023-01-22,4,9.637931,10.2579365,8.488281,16.633522,2.109375,3.3657408,6.4663463,5.3460145,8.630208,8.774414,8.093056,19.3525,3.2638888,5.0764627,25.27773,18.047794,5.9975963
2023-01-29,5,32.49569,71.184525,53.3625,90.78409,31.429688,82.59722,57.51923,96.583336,86.166664,32.10742,67.725,65.33,34.48264,71.90292,40.17301,79.43382,29.588942
2023-02-05,6,15.75862,19.8125,15.739062,13.616477,9.102864,0.13425925,37.870193,28.008152,6.560764,16.691406,27.245832,17.0175,1.6597222,12.461436,15.807119,20.422794,12.277644
2023-02-12,7,14.88362,20.733135,20.219532,12.340909,32.803387,14.956018,28.158653,18.783514,10.501736,14.701172,28.286112,87.4275,30.555555,34.363033,15.066639,74.37132,32.621395
2023-02-19,8,31.3125,51.997025,55.53828,99.78977,39.365887,148.95602,44.716347,59.725544,65.30556,41.91992,50.368057,60.5025,44.835068,50.58577,59.562084,55.860294,37.96755
2023-02-26,9,17.510777,26.958334,35.726562,19.553978,36.783855,22.099537,15.288462,20.077898,13.755208,27.30664,47.654167,37.97,31.935764,40.995346,20.192467,43.80147,28.713942
2023-03-05,10,30.14224,79.03869,32.61094,76.732956,13.8880205,85.203705,48.884617,57.626812,42.463543,53.698242,84.42639,61.73,18.788195,44.765293,57.53394,71.632355,17.689903
2023-03-12,11,1.237069,6.4970236,2.5023437,10.477273,17.532553,3.4537036,44.125,31.774456,9.527778,0.94921875,40.538887,90.4675,4.1996527,8.52859,3.6233444,69.32353,7.0625
2023-03-19,12,3.7952585,16.681547,22.782032,28.423296,13.936198,20.26389,58.360577,53.347828,28.980904,11.166016,12.451389,11.0225,9.729167,6.49734,21.155628,8.430147,4.5853367
2023-03-26,13,3.3469827,16.680555,41.089844,6.6761365,25.924479,7.3125,15.730769,13.235507,7.296875,21.115234,20.255556,22.7425,31.788195,21.891623,18.519453,18.871323,10.064904
2023-04-02,14,50.83621,30.847221,31.196875,25.59659,47.809895,16.560184,26.221153,33.326088,23.166666,39.810547,27.98889,48.72,71.072914,20.841755,33.692055,40.735294,62.923077
2023-04-09,15,5.288793,40.988094,21.9,26.892046,0.95442706,24.67824,24.778847,20.916666,25.151041,8.185547,32.318054,53.08,1.2152778,27.567154,16.63038,37.139706,4.5865383
2023-04-16,16,44.814655,40.165676,46.447655,11.803977,36.589844,6.7800927,42.41346,20.894022,10.220486,30.55664,47.00139,63.5225,37.168404,60.2879,16.146523,58.360294,41.078125
2023-04-23,17,13.372845,3.3025794,2.2210937,2.627841,24.446615,6.7824073,15.802885,10.822464,3.4357638,9.116211,11.011111,20.3825,14.993055,1.2672873,5.2975993,20.36397,15.388221
2023-04-30,18,70.336205,19.945436,34.10781,64.92898,47.46745,84.07176,9.120193,23.600544,30.277779,58.555664,8.941667,3.4,81.12847,10.05718,47.60306,2.0588236,51.203125
2023-05-07,19,22.702587,0.5575397,8.80625,1.5284091,16.736979,0.9513889,5.4711537,0.25543478,1.3871528,20.30664,1.0222223,4.895,17.73611,2.356383,6.5231786,8.161765,17.723558
2023-05-14,20,0.0,0.0029761905,0.0,0.0,0.0,0.0,0.0048076925,0.04347826,0.0,0.034179688,0.031944446,0.145,0.050347224,0.043218084,0.00910596,0.007352941,0.0072115385
2023-05-21,21,5.3663793,0.11904762,0.053125,0.19886364,10.7838545,0.44444445,0.0,0.023550725,0.017361112,0.3046875,0.022222223,0.04,8.267361,0.01462766,0.11589404,0.0,1.7644231
2023-05-28,22,0.06896552,8.762897,5.334375,3.4147727,1.3854166,0.42592594,16.317308,9.664855,2.3402777,2.0654297,16.502777,14.125,0.4236111,8.888963,2.227235,12.599265,0.016826924
2023-06-04,23,0.0,0.0,0.0,0.2159091,0.0,0.0,0.0,0.0,0.17708333,0.0,0.025,0.585,0.0,0.027925532,0.102649,0.080882356,0.040865384
2023-06-11,24,52.55388,78.75694,68.41719,100.99716,39.509113,127.298615,89.14904,76.06341,90.0,54.21289,85.334724,149.08,47.489582,102.24069,57.4702,133.69853,51.41947
2023-06-18,25,99.344826,33.371033,60.657814,8.017045,48.317707,5.1944447,5.548077,10.48913,7.4965277,81.03711,13.319445,1.73,82.482635,16.393618,51.820366,2.889706,55.735577
2023-06-25,26,3.7586207,1.6130953,3.6125,0.4943182,1.4973959,0.5324074,0.52884614,0.375,0.28819445,4.2460938,1.0416666,1.25,2.2430556,1.406915,2.75,0.99264705,1.5096154
2023-07-02,27,9.827586,14.755953,11.707812,51.142044,2.1536458,84.828705,6.5384617,23.815218,32.836807,17.179688,8.616667,4.85,2.8194444,1.9640957,39.21275,3.1911764,2.5769231
2023-07-09,28,117.788795,85.6369,93.6875,66.068184,127.770836,79.93056,56.35577,63.494564,55.305557,100.33594,65.19444,47.155,112.62153,89.81117,73.14487,58.794117,103.15385
2023-07-16,29,0.012931035,8.298611,1.7742188,0.57102275,0.0026041667,0.0,13.043269,5.1458335,1.015625,0.08203125,11.6875,25.245,0.0,6.9574466,1.4168047,22.194853,0.025240384
2023-07-23,30,10.129311,7.9761906,14.973437,5.1363635,12.671875,8.236111,4.8846154,1.7554348,3.8003473,11.427734,3.7208333,5.04,10.154514,8.714761,8.88245,4.4338236,12.114182
2023-07-30,31,0.125,0.0,0.0015625,0.0,0.0,0.0,0.0,0.0,0.0,0.00390625,0.022222223,0.055,0.065972224,0.00930851,0.12831126,0.0,0.014423077
2023-08-06,32,81.80604,49.30754,65.682816,25.613636,106.35156,20.064816,47.35577,39.101448,29.965279,75.42383,45.322224,62.81,83.44444,72.04654,43.047184,55.205883,82.63702
2023-08-13,33,16.448277,8.297619,7.9875,8.511364,19.033854,4.4074073,12.75,16.168478,10.409722,11.515625,10.541667,12.38,17.07639,10.462766,7.7649007,7.992647,15.201923
2023-08-20,34,3.4568965,21.123016,7.928125,18.960228,0.32291666,30.74074,17.192308,15.041667,15.805555,3.4550781,18.566668,21.42,0.53125,8.7845745,10.940397,15.367647,0.9495192
2023-08-27,35,22.672413,2.7817461,14.503125,0.2215909,46.15625,0.8333333,1.9711539,1.1358696,0.1701389,16.382812,0.65,1.87,36.15278,4.8896275,7.639073,0.3382353,25.557692
2023-09-03,36,69.17242,37.603176,36.55,99.107956,82.4974,174.16667,11.846154,39.844204,36.430557,48.01758,12.369445,16.715,78.06944,40.19016,76.787254,12.205882,47.747597
2023-09-10,37,6.825431,10.208333,14.692187,5.1875,11.040364,11.222222,4.2451925,3.9365942,3.0364583,7.2460938,2.2569444,3.435,10.305555,8.285904,10.942881,3.0367646,9.002404
2023-09-17,38,21.081896,26.688492,22.44453,11.761364,6.3164062,19.106482,10.144231,15.988225,14.215278,33.586914,24.195833,14.025,14.35243,17.644947,41.646523,21.882353,13.669471
2023-09-24,39,29.784483,46.42857,48.853127,44.136364,8.614583,62.675926,50.067307,37.101448,39.03472,52.95117,53.88889,37.3,15.680555,34.840427,58.3154,38.919117,17.555288
2023-10-01,40,162.26724,123.79365,115.65938,120.63636,76.390625,114.18056,61.21154,112.55616,128.45486,170.29297,89.43889,66.75,92.416664,106.01729,115.09437,104.80147,100.89423
2023-10-08,41,58.521553,132.06548,104.60469,109.75,68.328125,98.03704,87.60577,105.74457,99.5625,86.38086,123.280556,103.3,62.711807,145.69283,81.210266,125.875,89.40385
2023-10-15,42,108.42026,39.871033,68.83984,56.8125,107.063805,60.335648,22.173077,27.901268,45.90972,84.3916,27.930555,27.9175,142.72743,46.347073,50.028973,29.694853,115.84135
2023-10-22,43,51.107758,21.549603,36.828125,3.0056818,71.58594,0.16203703,7.7788463,16.313406,4.125,52.632812,11.644444,12.21,52.024307,32.74335,21.304636,13.029411,57.05529
2023-10-29,44,138.78879,89.09722,118.55312,84.92614,165.34895,81.22222,65.57692,66.01993,96.18056,117.72266,78.275,72.8,157.9757,104.32979,95.14073,83.43382,134.31009
2023-11-05,45,24.448277,1.2619047,3.1,1.4517045,41.934895,0.3611111,1.6730769,0.86865944,1.140625,15.337891,2.3,1.55,41.489582,0.33510637,7.254139,3.1911764,25.423077
2023-11-12,46,189.6056,157.4256,161.25937,79.423294,104.791664,149.7037,47.48077,132.15851,76.083336,234.20508,78.172226,26.9025,140.30208,53.43617,178.45737,40.22059,106.967545
2023-11-19,47,23.26724,14.1537695,13.107031,23.761364,6.440104,27.685184,12.504807,11.902174,21.993055,30.257812,17.088888,15.6875,6.9322915,19.218084,33.017384,14.2279415,14.102163
2023-11-26,48,67.469826,62.79266,47.164062,56.829544,62.52474,78.83796,66.06731,86.265396,63.288193,43.460938,53.34722,32.5825,74.41146,37.63963,52.700333,55.705883,58.271633
2023-12-03,49,62.094826,29.270834,39.580467,79.94034,50.34505,64.673615,29.197115,29.222826,47.86111,50.567383,16.740278,34.7625,61.654514,23.986036,45.76076,29.621323,63.401443
2023-12-10,50,9.581897,6.082341,12.557032,13.272727,16.669271,30.689816,15.317307,11.501812,13.651042,8.628906,5.1694446,6.4725,13.090278,15.732048,6.4399834,7.2316175,14.186298
2023-12-17,51,31.413794,19.849207,28.129688,16.15341,13.3515625,23.407408,6.0384617,21.365942,17.211805,23.742188,10.719444,5.67,30.32639,14.960107,25.554636,6.4411764,39.084133
2023-12-24,52,38.780174,3.9742064,3.1,4.9602275,28.598959,1.6018518,0.43269232,0.79347825,2.4201388,7.2226562,0.98055553,5.67,36.29514,10.698138,3.6887417,5.5882354,17.211538
2023-12-31,1,8.7672415,14.774801,21.903126,31.1875,15.3828125,42.342594,76.99519,50.98098,43.086807,15.5703125,28.344444,48.63,12.21875,9.140958,24.02649,42.952206,14.84375
2024-01-07,2,11.471983,8.809524,18.83125,47.747158,15.416667,30.88889,31.240385,33.254528,29.684029,19.467773,43.12639,57.32,18.833334,15.884309,30.159355,59.180145,4.4867787
2024-01-14,3,152.77155,74.905754,77.05937,64.767044,64.64844,54.101852,23.134615,47.571556,50.640625,126.65527,46.880554,31.47,95.010414,49.176197,80.87128,57.650734,101.77524
2024-01-21,4,17.090517,38.89385,33.364063,134.25853,22.802084,67.65046,70.14423,66.43659,119.390625,23.40332,43.327778,188.24,8.60243,40.633644,25.51904,134.23529,13.221154
2024-01-28,5,18.463362,11.401786,12.50625,11.605114,4.4427085,18.752316,13.942307,16.833334,10.746528,9.527344,23.4,26.8425,5.4409723,10.369016,11.940397,16.992647,14.664663
2024-02-04,6,29.163794,8.017858,14.001562,2.6079545,9.701823,2.9953704,4.6346154,9.300725,1.9461806,12.621094,8.240278,2.465,6.8350697,10.047208,8.343543,5.9522057,13.074519
2024-02-11,7,35.68319,48.37599,33.31719,44.5625,40.239582,22.810184,18.58173,34.373188,34.21875,38.035156,39.53611,60.725,53.28125,30.205452,49.02856,42.27941,38.759617
2024-02-18,8,16.010777,23.874008,15.598437,22.886364,18.122396,6.9583335,39.485577,24.578804,37.06597,10.873047,24.577778,58.36,22.855904,23.331118,24.736341,66.463234,18.628605
2024-02-25,9,68.653015,38.87599,33.02656,40.982956,52.9987,37.203705,25.307692,45.884056,29.244791,48.623047,46.28611,147.5475,65.760414,38.34774,35.711506,102.87132,60.741585
2024-03-03,10,51.198277,46.661705,42.502342,98.94886,39.51172,60.319443,49.745193,65.07609,50.373264,43.461914,56.134724,48.0425,44.461807,58.67021,59.770283,44.702206,47.5012
2024-03-10,11,32.396553,0.96626985,2.4648438,4.5454545,23.053385,0.032407407,8.274038,3.669384,5.1493053,5.239258,4.7430553,7.185,21.79861,1.2140957,1.7288908,8.2095585,16.484375
2024-03-17,12,70.19181,15.605159,31.452343,35.159092,71.80729,16.460648,12.783654,22.123188,28.583334,40.878906,7.8472223,31.225,58.31597,17.559841,29.984272,15.419118,56.878605
2024-03-24,13,2.3577585,13.273809,4.1953125,17.460228,1.8697916,10.148149,2.75,4.606884,9.003472,4.5742188,4.797222,7.19,1.2395834,1.4082447,14.7351,5.595588,1.1418269
2024-03-31,14,5.8814654,11.365079,3.9398437,14.414773,6.1484375,5.9699073,11.480769,19.807066,13.355903,1.4238281,13.8527775,10.4175,1.7986112,10.790559,12.518212,12.9154415,3.0733173
2024-04-07,15,28.189655,10.0287695,4.985156,72.28409,63.73698,56.905094,44.932693,45.350544,50.97222,9.571289,27.822222,44.385,46.10764,11.4095745,17.553394,43.856617,24.80649
2024-04-14,16,57.290947,42.49405,63.63203,39.75568,63.690105,28.86574,81.84135,150.00453,55.99653,56.926758,67.43472,114.6675,35.70139,51.606384,53.7024,66.5,43.127403
2024-04-21,17,21.342672,7.4900794,5.2609377,4.53125,68.52604,2.9930556,6.0625,12.497283,2.4201388,13.28125,5.2875,6.7475,44.487846,4.9408245,6.4743376,6.4264708,46.04207
2024-04-28,18,178.2543,79.08532,92.35313,112.931816,100.61719,166.66203,78.65385,36.88768,56.15625,157.54492,82.31111,51.505,118.05556,77.235374,117.68129,102.161766,125.33654
2024-05-05,19,12.36638,9.391865,4.521094,42.326706,18.621094,67.56944,9.399038,10.207428,25.557291,9.519531,5.95,3.2825,17.331596,3.4906914,23.994205,5.5147057,8.376202
2024-05-12,20,49.068966,57.06151,37.675,104.90341,28.320312,162.55556,35.096153,54.197464,58.51389,38.30078,50.575,29.43,29.715279,30.384308,50.58775,52.92647,39.129807
2024-05-19,21,69.97845,111.559525,89.16563,45.88068,55.04948,30.98611,68.94231,91.04529,49.03125,75.0293,80.53333,44.665,45.850693,96.34042,65.6308,76.23529,74.01442
2024-05-26,22,10.551724,24.103174,18.803125,20.085228,6.8385415,21.041666,36.75,29.684782,22.597221,14.8671875,28.661112,44.51,6.798611,29.57314,17.333609,43.19853,8.367788
2024-06-02,23,0.19827586,2.5853174,0.5171875,3.909091,0.0,5.361111,1.5576923,1.7898551,3.03125,0.22265625,0.7583333,0.635,0.090277776,0.59175533,2.8915563,2.1911764,0.014423077
2024-06-09,24,0.0,0.41666666,0.053125,0.03409091,0.0,0.0046296297,0.8076923,0.24456522,0.017361112,0.021484375,0.5777778,0.295,0.0,2.119681,0.58195364,1.6102941,0.64903843
2024-06-16,25,123.01293,23.751984,44.178123,104.068184,83.6224,168.30092,2.7788463,24.17029,50.34375,92.31641,5.4305553,0.295,97.114586,10.768617,66.32368,1.7647059,88.75481
2024-06-23,26,55.22198,43.56349,46.43281,79.20739,32.30078,72.11574,34.9375,65.91123,64.927086,63.32715,46.95,47.7375,34.4375,50.51064,72.26987,45.4375,35.70072
2024-06-30,27,1.9461207,4.093254,2.1734376,12.048295,2.8723958,6.960648,0.7355769,4.177536,11.151042,3.7363281,1.0694444,1.0075,2.3472223,0.4680851,11.233857,0.8382353,1.4074519
2024-07-07,28,88.97414,113.84623,93.930466,91.829544,88.50912,39.75926,62.432693,127.259964,102.26215,99.38379,82.895836,77.3825,82.041664,93.66556,95.876656,74.27206,77.81851
2024-07-14,29,20.900862,39.705357,25.749218,70.46591,31.260416,81.00463,29.6875,43.73098,75.017365,18.10254,38.16528,55.78,34.088543,49.68351,28.227236,60.253677,24.048077
2024-07-21,30,0.10344828,0.40873015,0.1546875,0.042613637,2.265625,0.0,1.4038461,0.77355075,0.045138888,0.0,1.8347223,0.5375,0.3263889,0.10305851,0.4946192,0.5661765,0.56009614
2024-07-28,31,21.301723,13.718254,22.339844,14.988636,35.65495,10.509259,10.817307,11.152174,9.699653,16.953125,13.826389,16.96,30.814236,32.746677,6.7930465,24.816177,34.70673
2024-08-04,32,18.159483,5.125,6.088281,23.78125,25.28776,20.92824,3.1923077,3.9755435,17.394096,14.772461,1.9291667,3.4525,21.67361,3.0977395,19.54015,1.6691177,15.013221
2024-08-11,33,0.030172413,0.0,0.0,0.06818182,0.0,0.0625,0.22115384,0.26721016,0.012152778,0.046875,0.0,0.5475,0.0,0.0944149,0.15645695,0.011029412,0.24278846
2024-08-18,34,45.105602,18.983135,17.63125,27.264204,61.826824,33.516205,8.043269,14.058877,22.57118,34.359375,14.248611,14.305,70.08507,12.674867,27.69495,13.7720585,41.77404
2024-08-25,35,1.5409483,4.455357,2.059375,3.2272727,0.0,2.5300925,7.980769,5.2128625,3.7569444,1.4394531,8.331944,14.42,0.2986111,6.7426863,4.1589403,11.261029,0.30528846
2024-09-01,36,7.297414,5.792659,6.8578124,18.431818,2.4375,16.680555,3.3125,7.07971,11.524305,11.05957,5.45,3.5325,2.6701388,6.1422873,14.348096,3.9191177,5.5625
2024-09-08,37,17.530172,24.847221,44.00469,27.0625,21.388021,20.12037,8.230769,15.059783,17.86111,27.535156,13.063889,5.9,20.8125,34.31383,39.567883,16.411764,18.632212
2024-09-15,38,35.547413,47.125,43.9875,24.022728,68.03906,15.050926,48.990383,43.71558,23.375,38.75,56.041668,82.29,41.9375,89.40426,41.74586,72.45588,34.115383
2024-09-22,39,11.831897,3.7718253,6.1265626,8.698864,14.15625,10.657408,5.5961537,5.179348,3.9340277,12.966797,3.511111,6.28,9.59375,6.4840426,7.102649,5.5808825,13.776443
2024-09-29,40,13.435345,32.789684,29.289062,55.204544,6.221354,34.912037,19.01923,38.324276,42.95139,29.128906,22.566668,23.755,7.5833335,25.159575,55.467716,22.705883,8.40625
2024-10-06,41,81.37931,46.511906,61.79844,66.23864,94.95443,74.34722,109.88461,80.28623,55.592014,63.404297,68.227776,74.08,88.58854,54.54588,60.479305,102.213234,80.34135
2024-10-13,42,12.657328,8.0625,9.021093,3.5227273,21.692709,3.4398148,7.639423,7.6132245,4.423611,8.1796875,9.5125,8.29,16.779514,5.3590426,6.231788,7.334559,12.676682
2024-10-20,43,32.21121,11.011905,31.2375,4.6647725,32.411457,4.7824073,7.8076925,10.929348,9.635417,34.441406,10.538889,17.175,28.875,26.18351,15.627483,15.198529,47.879807
2024-10-27,44,1.8793104,1.3174603,3.0703125,1.7386364,4.765625,1.2222222,5.548077,11.572464,1.6076388,1.6074219,3.0611112,4.985,3.5034723,2.307181,1.7218543,2.6691177,5.918269
2024-11-03,45,55.37931,54.474205,53.565624,75.829544,42.8125,75.833336,85.33654,100.375,63.59722,38.57617,78.40278,71.72,41.51736,92.356384,37.379967,103.58088,46.72596
2024-11-10,46,10.980603,16.239088,13.064844,13.704545,5.84375,13.888889,27.600962,22.122282,17.208334,12.176758,20.088888,31.93,7.5520835,15.412899,15.474338,24.716911,7.094952
2024-11-17,47,21.448277,32.08135,24.855469,63.480114,24.441406,48.122684,54.66827,75.395836,70.392365,29.61914,28.706944,61.0,17.75,14.379654,42.01035,30.349264,20.657452
2024-11-24,48,21.211206,17.401785,29.739063,10.752841,40.652344,6.578704,36.71154,19.241848,14.189236,24.916016,26.536112,37.0875,34.333332,34.40625,12.404387,31.147058,39.23918
2024-12-01,49,76.41595,46.55655,64.31797,26.948864,79.86068,31.002316,25.341347,24.519928,31.618055,67.29004,27.754168,71.265,80.58507,51.977394,44.52525,56.11397,82.28125
2024-12-08,50,62.61638,79.826385,65.67344,27.241478,52.17578,19.020834,126.84135,82.19927,31.869791,53.95996,84.297226,166.4475,55.28472,86.90093,41.210266,120.375,65.94231
2024-12-15,51,12.75,12.116072,14.982813,15.698864,11.729167,28.256945,21.259615,21.09692,13.836805,14.922852,16.7,27.55,12.55382,29.503325,28.448261,29.933823,8.390625
2024-12-22,52,12.49138,23.245039,18.442188,55.153408,0.38671875,29.162037,32.98077,19.844202,29.182291,19.273438,25.758333,45.6875,1.0034722,17.866356,23.821192,45.90809,10.633413
